:020000040800F2
:10000000C8090124750400084DDF0008C9B00008C4
:1000100049DF0008E7190008552B0108000000001F
:10002000000000000000000000000000B503000810
:1000300011240008000000001104000817EF000858
:100040009304000893040008930400089304000834
:100050009304000893040008930400089304000824
:100060009304000893040008930400089304000814
:10007000930400080D1D00081D1D00082D1D00081B
:100080003D1D00084D1D0008930400089925000837
:10009000B9250008A9250008C9250008930400080F
:1000A00093040008930400089304000893040008D4
:1000B00093040008930400089304000893040008C4
:1000C00093040008930400089304000893040008B4
:1000D00099ED000893040008410201089304000808
:1000E0009304000893040008000000009304000833
:1000F0009304000893040008930400085D1D0008A1
:100100009304000893040008930400089304000873
:1001100093040008B5F50008930400089304000850
:100120006D1D00087D1D00088D1D0008930400084A
:10013000930400089304000893040008F9250008BC
:1001400000000000000000000000000000000000AF
:100150009304000893040008930400089304000823
:100160009304000893040008930400089304000813
:1001700093040008F1E10008930400080000000067
:100180009304000893040008C5F5000893040008D0
:1001900093040008930400089304000893040008E3
:1001A0009304000893040008930400080000000072
:1001B00093040008930400089304000893040008C3
:1001C00093040008930400080000000000000000F1
:1001D0000000000000000000930400080000000080
:1001E000000000000000000000000000000000000F
:1001F00000000000000000009304000893040008C1
:100200009304000893040008000000009304000811
:100210009304000893040008930400089304000862
:100220009304000800000000930400080000000090
:1002300093040008930400080000000093040008E1
:100240009304000893040008930400089304000832
:100250009304000893040008930400089304000822
:100260009304000893040008930400089304000812
:1002700093040008930400089304000800000000A1
:1002800093040008930400089304000893040008F2
:100290000000000093040008930400080000000020
:1002A0000000000093040008930400089304000871
:1002B000310201089304000893040008D9250008BE
:1002C000E9250008F5F000089304000800F002F8A2
:1002D00000F060F80AA090E8000C82448344AAF180
:1002E0000107DA4501D100F055F8AFF2090EBAE87E
:1002F0000F0013F0010F18BFFB1A43F0010318475A
:10030000A4A40100C4A401000A444FF0000C10F89A
:10031000013B13F0070408BF10F8014B1D1108BF83
:1003200010F8015B641E05D010F8016B641E01F823
:10033000016BF9D113F0080F1EBF10F8014BAD1C73
:100340000C1B09D16D1E58BF01F801CBFAD505E091
:1003500014F8016B01F8016B6D1EF9D59142D6D3EB
:10036000704700000023002400250026103A28BF13
:1003700078C1FBD8520728BF30C148BF0B60704717
:100380001FB519F02DFA9DE8030000F067FF1FBDAF
:1003900010B510BD00F0F4FF1146FFF7F1FF16F0A5
:1003A0006BF801F012F803B4FFF7F2FF03BC01F0A1
:1003B00049F800002C4B19680868B0E8F04F80F34A
:1003C0000988BFF36F8F4FF0000080F311887047EA
:1003D0000000000008480068006880F308884FF0BB
:1003E000000080F3148862B661B6BFF34F8FBFF38D
:1003F0006F8F00DF00BF00BF08ED00E0DFF80C00EA
:10040000016841F470010160704700BF88ED00E0B1
:10041000EFF30980BFF36F8F134B1A681EF0100FB4
:1004200008BF20ED108A20E9F04F106009B44FF0AA
:10043000500080F31188BFF34F8FBFF36F8F18F018
:1004400029F94FF0000080F3118809BC1968086889
:10045000B0E8F04F1EF0100F08BFB0EC108A80F328
:100460000988BFF36F8F7047A8000024EFF3058061
:10047000704700000A4880470A4880470A480047FA
:10048000FEE7FEE7FEE7FEE7FEE7FEE7FEE7FEE744
:10049000FEE7FEE705480649064A074B704700009D
:1004A00075250008E9EF0008CD020008C803012403
:1004B000C8090124C8050124C80501249FED1A1AA2
:1004C000F5EE000A40EE010ABDEEE00AF5EEC00AC4
:1004D00010EE100AF1EE10FA38BF401E00EE100ABE
:1004E0001349F7EE001AB8EEC00A30EEC00ADFED8D
:1004F0000F0A20EE200AFCEEC00A10EE900AC0F3AC
:10050000080000EE900A01EB8000F8EE600A90ED22
:10051000011A70EE600A90ED000A71EEE01A21EE09
:10052000800A00EE810A704783F9223E00000044F1
:10053000449E0108DFED190AB5EEC00A60EE200AFC
:10054000BDEEE01A11EE100AF1EE10FA38BF401EAF
:1005500000EE100A1349F7EE001AB8EEC00A30EEAA
:10056000C00ADFED0F0A60EE200ABCEEE00A10EED2
:10057000100AC0F3080000EE100A01EB8000B8EE8C
:10058000400A90ED011A70EEC00A90ED000A71EE7B
:10059000E01A21EE800A00EE810A704783F9223EBC
:1005A00000000044449E010870B405880E88446829
:1005B000D1F804C05368B54208D1408849888842C0
:1005C00001BF11888D425188884203D070BC6FF002
:1005D0000200704705FB00F1880827D094ED001A4F
:1005E000DCED000A94ED010ADCED011A31EE201A6F
:1005F000D4ED020A70EE211A9CED020A83ED001A76
:10060000C3ED011A94ED031ADCED031A30EE800AF3
:10061000401E71EE210A83ED020A04F11004C3EDBD
:10062000030A03F110030CF1100CD7D111F00300F1
:1006300030D0B0F1004F30D200282BDD211F1B1F1E
:10064000ACF1040210F0010F0AD091ED010AD2EDD5
:10065000010A091D121D30EE200A83ED010A1B1D3F
:10066000400817D091ED010AD2ED010A401E30EE8C
:10067000200A83ED010A91ED020AD2ED020A01F18E
:10068000080102F1080230EE200A83ED020A03F1AC
:100690000803E7D170BC00207047B4EC010A401E8B
:1006A000FCEC010A30EE200AA3EC010AF5D1F1E7D7
:1006B00001804280436070472DE9F34F84B0049875
:1006C00040680090486801900498B0F800E04588C0
:1006D000DFEDFE0A00200290B0EE600AAE4506D1C2
:1006E00008884988884204BF7146864504D06FF067
:1006F000020006B0BDE8F08F01985FEA010C18BF58
:10070000B7EE001A3DD000BFBEEB0C0117D0B1F11F
:10071000004F80F01F82002911DD021F11F0010F30
:100720001CBFC2ED010A121D4B1006D0C2ED010A1A
:10073000C2ED020A08325B1EF8D100EB8100BCF169
:100740000102A0EC011A19D0B2F1004F80F008822A
:10075000002A13DD031F12F0010F1CBFC3ED010AB5
:100760001B1D511008D000BFC3ED010AC3ED020AE2
:10077000491E03F10803F7D100EB8200BCF1010C24
:10078000C2D14FF000080395002D14BFB0EE602ACF
:10079000002000F0BF8100BF009908FB05F001EBCD
:1007A000800B0199DBED002A01EB80000346F0EE9F
:1007B000421AC64552D9AEEB0802ABEB850112F0E6
:1007C000010F17D001EB850191ED000AB5EEC00ACB
:1007D000F1EE10FA07DDB4EEE10AF1EE10FA09DDF0
:1007E000F0EE401A06E0B1EE400AF4EEC01AF1EE67
:1007F00010FAF5D3521031D001EB850C9CED000AB4
:10080000B5EEC00AF1EE10FA05DDB4EEE10AF1EE44
:1008100010FA09DD06E0B1EE400AF4EEC01AF1EE7E
:1008200010FA01D2F0EE401A01EBC50191ED000A79
:10083000B5EEC00AF1EE10FA05DDB4EEE10AF1EE14
:1008400010FA09DD06E0B1EE400AF4EEC01AF1EE4E
:1008500010FA01D2F0EE401A521ECDD1F5EEC01AB8
:10086000F1EE10FA00F07381F5EEC02A0126F1EEE8
:1008700010FA0099D4BFB1EE620AB0EE620AB4EE8B
:10088000610AF1EE10FA1CBFAEEB0802B2F1010CE6
:1008900047D005FB08F201EB820292ED001A00BF7F
:1008A000B0EE410A05FB06F4B5EEC00A00EB840485
:1008B000F1EE10FACCBFF0EE400AF1EE400AF4EE91
:1008C000610AF1EE10FA28D1B5EB080C11D0BCF199
:1008D000004F7DD2BCF1000F0BDD00BF92ED000A8E
:1008E000D1ED000ABCF1010CE2EC010AA1EC010A15
:1008F000F4D129000ED0B1F1004F6AD2002909DDF0
:1009000094ED000AD0ED000A491EE4EC010AA0ECC7
:10091000010AF5D1012002900BE0761CBCF1010C1C
:10092000BED10298012804D0F5EEC02AF1EE10FAEB
:100930007ED09BED000AB5EB08009A465946064664
:1009400022D0B0F1004F74D200281DDD091F10F035
:10095000010F06D0F0EE400A80EEA01A81ED011AD8
:10096000091D401010D000BFD1ED010A401E80EEDD
:10097000801A81ED011A91ED021AC1EE000AC1ED53
:10098000020A01F10801EFD1280026D0B0F1004F92
:100990007ED2002821DDAAF1040110F0010F06D05B
:1009A000D1ED010A80EE801A81ED011A091D401077
:1009B00013D000BFD1ED010A401E80EE801A81EDF8
:1009C000011AD1ED020A80EE801A81ED021A01E0CF
:1009D000CBE0D6E001F10801ECD1DDE900124FF0E7
:1009E00000095FEA0E0773D0C14504BF01EB860121
:1009F00002EB850274D091ED000ADC4650463300CC
:100A000035D01C46B6F1004F7ED2002C2FDD0B1FD7
:100A1000ABF1040C16F0010F0FD0F0EE400ADCED44
:100A2000011AB0EE601A00EEE11A83ED011A01E03E
:100A30008DE0B1E01B1D0CF1040C741015D000BF4B
:100A4000D3ED010A9CED011A40EE410AC3ED010A03
:100A5000D3ED020A9CED021A0CF1080C40EE410A9B
:100A6000C3ED020A0833641EEAD101EB86012B00B4
:100A700036D0B3F1004F72D2002B31DDA2F1040C5D
:100A8000AAF1040013F0010F0CD0DCED010A00E024
:100A90008BE090ED011A001D40EE410ACCED010AF9
:100AA0000CF1040C5C1019D0DCED010A90ED011A78
:100AB00040EE410ACCED010ADCED020A90ED021A8B
:100AC000083040EE410ACCED020A03E000000000CD
:100AD0000DE005E0641E0CF1080CE5D102EB830289
:100AE00001EB88017F1E09F101097FF47DAF0098B9
:100AF00008F10108001D00900398401E03907FF448
:100B00004BAE0299012900E058E004BF06B0BDE8F1
:100B1000F08F00BFB5EEC00AF1EE10FA7FF4E9AD38
:100B200004990EFB05F3002B4A684FF000010BD926
:100B300002EB810C9CED000AB5EEC00AF1EE10FA52
:100B400002D1491C8B42F3D88B427FF4D2AD6FF0B7
:100B50000400CEE5E0EC010A491EFBD1EFE538E0E8
:100B6000E0EC010A521EFBD108E692ED000AD1ED3D
:100B7000000ABCF1010CE2EC010AA1EC010AF4D17B
:100B8000B7E694ED000AD0ED000A491EE4EC010A34
:100B9000A0EC010AF5D1BDE6D1ED000A401E80EEC1
:100BA000801AA1EC011AF7D1EEE6D3ED000A401E3F
:100BB00080EE801AA3EC011AF7D10EE7BCEC011A03
:100BC000D1ED000A5B1E40EE410AE1EC010AF5D1CD
:100BD0004DE7B0EC011AD2ED000A5B1E40EE410A6F
:100BE000E2EC010AF5D17BE72DE9F04F82B04668CF
:100BF00053680193058847884B8800200090088837
:100C0000874201BFB2F800C06545528893421EBFBB
:100C10006FF0020002B0BDE8F08F9FED412A4FEA6D
:100C2000970EC7F3400B00BFDDE9000202EB800A1C
:100C30004A6898464FF00009B0EE420AB4465FEAAF
:100C40000E0025D092ED001ADCED001A02EB8302B3
:100C5000DCED010A01EE810A92ED001A02EB83023B
:100C6000401ED2ED001A02EB830200EE810A9CEDD9
:100C7000021ADCED030A00040CF1100C000C01EE6A
:100C8000210A92ED001A02EB830200EE810AD9D10B
:100C900017F0030026D0ACF10404A2EB830210F09D
:100CA000010F08D002EB8302D4ED010A92ED001A85
:100CB000241D00EE810A5FEA0B0013D002EB830CC7
:100CC000D4ED010A9CED001A02EBC302401E00EEB7
:100CD000810AD4ED020A92ED001A04F1080400EE34
:100CE000810AEBD109F10100AAEC010A1FFA80F98F
:100CF000486800EB8902A8F101001FFA80F8B8F1FA
:100D0000000F99D1009806EB8706184480B2009036
:100D1000681E05042D0C87D102B00020BDE8F08FBD
:100D20000000000070B405880E884468D1F804C043
:100D30005368B54208D140884988884201BF11886C
:100D40008D425188884203D070BC6FF0020070471A
:100D500005FB00F1880827D094ED001ADCED000AAD
:100D600094ED010ADCED011A31EE601AD4ED020AAD
:100D700070EE611A9CED020A83ED001AC3ED011AB0
:100D800094ED031ADCED031A30EEC00A401E71EE3A
:100D9000610A83ED020A04F11004C3ED030A03F1B2
:100DA00010030CF1100CD7D111F0030030D0B0F1CA
:100DB000004F30D200282BDD211F1B1FACF1040295
:100DC00010F0010F0AD091ED010AD2ED010A091DC0
:100DD000121D30EE600A83ED010A1B1D400817D07A
:100DE00091ED010AD2ED010A401E30EE600A83ED5A
:100DF000010A91ED020AD2ED020A01F1080102F1A5
:100E0000080230EE600A83ED020A03F10803E7D11D
:100E100070BC00207047B4EC010A401EFCEC010AD3
:100E200030EE600AA3EC010AF5D1F1E72DE9F04FAD
:100E300002884768B0F802804888D1F8049082B0F0
:100E40004FF0000A1646824207BF098888456FF0B6
:100E5000020002B018BFBDE8F08F4FEA980B02EB1A
:100E600042000190C8F34000CDF8000009EB8A0170
:100E7000BBF1000F33D0019801EB820C01EB800431
:100E80003B46E64601EBC2054FEA0B0093ED000A34
:100E9000401E81ED000A93ED010A01EB02118CED79
:100EA000000A93ED020A0CEB021C85ED000A93ED9B
:100EB000030A05EB021584ED000A04EB021403F1AA
:100EC0001003E3D10EEB820000EB820000EB820105
:100ED000ABF10100504307EB0B1701EB001118F0C9
:100EE000030C21D03B1FA1EB82011CF0010F06D0A7
:100EF00093ED010A01EB82011B1D81ED000A0098B0
:100F000080B100BF93ED010A01EB820401EBC20145
:100F100084ED000A93ED020A401E81ED000A03F100
:100F20000803EFD107EB8C070AF101001FFA80FAE2
:100F3000701E0604360C99D102B00020BDE8F08F77
:100F400070B5064600F06EF9056806F10B0020F05A
:100F50000704B4429CBF002070BD2B466A68BAB13A
:100F60001068A04210D304F1080188423CBF5068C9
:100F7000586007D35168101941601168091B01605E
:100F800058601460101D70BD13465268002AE7D1E6
:100F90002146284600F04EF90028DED170BD53EA04
:100FA000020C00F069802DE9F04B4FF00006002B99
:100FB0001FBFB3FA83F503FA05F424FA05F65E4081
:100FC00012BF1643B2FA82F502FA05F4C5F1200504
:100FD0001EBF22FA05FC44EA0C04203556EA044CF4
:100FE0004FEA144418BF641C4FF000084FF000098A
:100FF000904271EB030C39D3002919BFB1FA81F784
:1010000001FA07F6B0FA80F700FA07F6C7F12007F1
:101010001EBF20FA07FC46EA0C062037B6FBF4FC9C
:10102000A7EB0507103F07F01F0BCBF120060CFACA
:101030000BFB2CFA06F644BFB3460026202FA4BFB4
:101040005E464FF0000B5BEA060C08BF4FF0010B49
:1010500019EB0B09ABFB027C48EB0608C01B06FB37
:1010600002CC0BFB03CC71EB0C01C1E70B46024633
:1010700041464846BDE8F08B13B54FF000004FF0F5
:101080000001AFF30080BDE81C407047032A40F226
:10109000308010F0030C00F0158011F8013BBCF11A
:1010A000020F624498BF11F801CB00F8013B38BF32
:1010B00011F8013BA2F1040298BF00F801CB38BF40
:1010C00000F8013B11F0030300F02580083AC0F05E
:1010D000088051F8043B083A51F804CBA0E8081006
:1010E000F5E7121D5CBF51F8043B40F8043BAFF339
:1010F0000080D20724BF11F8013B11F801CB48BF93
:1011000011F8012B24BF00F8013B00F801CB48BFC8
:1011100000F8012B704710B5203AC0F00B80B1E801
:101120001850203AA0E81850B1E81850A0E818501C
:10113000BFF4F5AF5FEA027C24BFB1E81850A0E825
:10114000185044BF18C918C0BDE810405FEA827C3F
:1011500024BF51F8043B40F8043B08BF7047D20756
:1011600028BF31F8023B48BF11F8012B28BF20F8F7
:10117000023B48BF00F8012B704702F0FF0343EA2F
:10118000032242EA024200F002B84FF000020429B2
:10119000C0F0128010F0030C00F01B80CCF1040CA6
:1011A000BCF1020F18BF00F8012BA8BF20F8022BDA
:1011B000A1EB0C0100F00DB85FEAC17C24BF00F880
:1011C000012B00F8012B48BF00F8012B70474FF0AE
:1011D000000200B5134694469646203922BFA0E887
:1011E0000C50A0E80C50B1F12001BFF4F7AF090793
:1011F00028BFA0E80C5048BF0CC05DF804EB890084
:1012000028BF40F8042B08BF704748BF20F8022BC6
:1012100011F0804F18BF00F8012B704770477047DE
:101220007047000000487047700301247047704702
:101230007047704738B504460A4600206946AFF348
:101240000080002808BF38BD02460099204600F003
:1012500075F8012038BD012000F08AB8F8B5AFF369
:101260000080054600200C46102000BF0646A81945
:10127000A0420DD9324669460020AFF30080070036
:1012800008BF00F075F80098A04218BF0546C419C1
:10129000FFF7C8FF05600746F01D20F0070046195C
:1012A000284600F00AF8B44208BFF8BDA21B314638
:1012B0003868BDE8F84000F041B800210160C0E99D
:1012C000011070471020704770B50446051FFFF7E6
:1012D000A9FF0068002C14BF446870BD002C18BF23
:1012E000AC423CBF20466468F8D301680A18AA42A1
:1012F00018BF456003D12A6805461144016028687B
:101300004119A1421CBF6C6070BD616869602168B1
:101310000844286070BD10B500F00CF8006810BDDE
:1013200010B5044600F006F8046010BD0048704790
:10133000680301240048704768030124034640689D
:101340008C46002818BF88423CBF03464068F8D34B
:1013500018681844884207D00CF1030020F00700F9
:10136000001D411A521A0146081D0A60FFF7ACBF62
:1013700010B500F03FF8BDE8104000F02FB87047FE
:101380007546FFF7D3FFAE4605006946534620F089
:101390000700854618B020B5FFF77CF8BDE820406F
:1013A0004FF000064FF000074FF000084FF0000B21
:1013B00021F00701AC46ACE8C009ACE8C009ACE8D4
:1013C000C009ACE8C0098D46704710B50446AFF3BC
:1013D00000802046BDE81040FEF7E5BF002801D0A0
:1013E00000F030B8704710B500F064F8BDE8104068
:1013F000FFF7F4BF10B5012805D0002103A000F0CD
:101400003FF8012010BD09A1F8E7000053494752F9
:10141000544D454D3A204F7574206F6620686561C4
:1014200070206D656D6F7279000000003A2048658C
:101430006170206D656D6F727920636F7272757067
:101440007465640001491820ABBEFEE72600020067
:101450001FB584B000200A9C06AB04AA02A9009420
:10146000AFF3008018B1DDE9020108B010BD0348F8
:101470002040FFF7B8FF00200146F6E70000207C7F
:1014800070B505460C460A2000E06D1C00F068F8B7
:1014900035B128780028F8D102E0641C00F060F82B
:1014A00014B120780028F8D1BDE870400A2000F07F
:1014B00057B8000010B5022803D0410103D50DA193
:1014C00012E0002010BD010101D50FA10CE0C10008
:1014D00001D511A108E0810001D512A104E040006E
:1014E00001D513A100E0002115A0FFF7C9FF0120DD
:1014F00010BD0000496E76616C6964204F706572A2
:101500006174696F6E000000446976696465204209
:1015100079205A65726F00004F766572666C6F773E
:1015200000000000556E646572666C6F7700000005
:10153000496E657861637420526573756C74000040
:101540005349474650453A2041726974686D657445
:10155000696320657863657074696F6E3A20000076
:1015600008B569468DF800000320ABBE08BD000039
:1015700010B501221146024804F0B6FA10BD000071
:101580000008025810B500220121024804F0ACFA0C
:1015900010BD0000000802587047000010B501227D
:1015A0000821024804F0A0FA10BD0000000802580B
:1015B00010B500220821024804F096FA10BD000080
:1015C00000080258704710B5044603E04FF47A70E3
:1015D00000F006F8201EA4F101018CB2F6D110BD76
:1015E00070B5034600BF00BF0020002200BF4FF0CF
:1015F000E0267569C3EB031674014FF0E026B1696C
:1016000010E04FF0E026B06988420BD0884202D249
:101610000E1A324402E02E1A0E4432440146A2420F
:1016200000D300E0EDE700BF70BD10B50024FFF768
:10163000B3FFFFF7C7FF12F04BFA10B144F080047C
:1016400002E012F0A7F9044312F046FC10B144F096
:10165000400402E012F0C2FB0443204610BD00002B
:101660002DE9FC4105460E461746002000900190EA
:10167000FFF788FF922000F0EFF80622694612205B
:1016800000F0CAF8FFF774FF9DF80100000200B2F5
:101690009DF8001040EA010400EE104AB8EEC00ABE
:1016A0005948D0ED000A20EE200A86ED000A9DF888
:1016B0000300000200B29DF8021040EA010400EEAF
:1016C000104AB8EEC00A5048D0ED000A20EE200AB9
:1016D00086ED010A9DF80500000200B29DF8041095
:1016E00040EA010400EE104AB8EEC00A4648D0EDC8
:1016F000000A20EE200A86ED020AFFF759FF0822B1
:101700006946002000F088F8FFF748FF9DF80000C8
:101710000F283CD19DF80300000200B29DF8021092
:1017200040EA010400EE104AB8EEC00A3748D0ED96
:10173000000A20EE200A85ED000A9DF8050000024F
:1017400000B29DF8041040EA010400EE104AB8EE21
:10175000C00A2E48D0ED000A20EE200A85ED010ACD
:101760009DF80700000200B29DF8061040EA01044F
:1017700000EE104AB8EEC00A2448D0ED000A20EE70
:10178000200A85ED020A00202149087014E0204853
:101790000078401C1E490870084600780A280BDDB6
:1017A0009FED1C0A85ED000A9FED1A0A85ED010ADE
:1017B0009FED180A85ED020AFFF7E4FEA22000F073
:1017C0004BF802226946222000F026F8FFF7D0FEEF
:1017D0009DF80000C0009DF8011040EA6114B4F5C6
:1017E000806F02DBA4F5006004B200EE104AF8EE50
:1017F000C00AB4EE001AB3EE070A00EE810A87EDC4
:10180000000ABDE8FC81000090030024940300243A
:10181000BC0300240000000070B506460C461546C7
:1018200046F0800000F018F806E0552000F014F8AB
:101830002070641C681EC5B2002DF6D170BD70B555
:1018400004460D4644F0800000F006F8552000F0F4
:1018500003F8287070BD000001B582B04FF47A70B3
:10186000012301AA02A90090024807F093FD9DF808
:1018700004000EBD7C43002470B505460C46284686
:10188000FFF7EAFF2046FFF7E7FF70BDD2ED020A3F
:1018900092ED021AB6EE000A00EEC10AD2ED030A7A
:1018A00092ED031A00EEC10AD0ED000A20EE200AE4
:1018B000D2ED010A92ED021A60EE810A92ED001A51
:1018C000D2ED031A41EE610A90ED011A00EE810A91
:1018D000D2ED010A92ED031A60EE810A92ED001A30
:1018E000D2ED021A41EE210A90ED021A00EE810AB1
:1018F000F0EE000A20EE200A81ED000A92ED010AC6
:10190000D2ED020A20EE200AD2ED000A92ED031A6F
:1019100000EE810AD0ED000A60EE200A92ED011A75
:10192000D2ED011AB6EE000A01EE610AD2ED031AF9
:1019300092ED032AB0EE401A01EEC21AD0ED011A60
:10194000B0EE600A01EE210AD2ED020A92ED031A0E
:1019500060EE810A92ED001AD2ED011A41EE610AA1
:1019600090ED021A00EE810AF0EE000A20EE200A45
:1019700081ED010A92ED010AD2ED030A20EE200A60
:10198000D2ED000A92ED021A00EEC10AD0ED000A73
:1019900020EE200AD2ED020A92ED031A60EE810ACF
:1019A00092ED001AD2ED011A41EE210A90ED011AD2
:1019B00000EE810A92ED011AD2ED011AF6EE000A4C
:1019C00041EE610A92ED021AD2ED021A41EE610A6D
:1019D00090ED021A00EE810AF0EE000A20EE200AD5
:1019E00081ED020A704700BFFEE700002DE9F041DB
:1019F00004460D4616461F464FF400701149086014
:101A00000020486088600820C860200A0E490870DD
:101A10004C70280A8870CD70300A08714E71380AEF
:101A20008871CF714FF0004006490861002048617D
:101A30008861C8610862044A044802F02FFE8046AB
:101A4000BDE8F081780201242C0700243C420024E8
:101A500070B504460D464FF400701149086000202F
:101A6000486088600820C86000200E4908704870EF
:101A7000200A8870CC70280A08714D710020887186
:101A8000C8714FF000400649086100204861886134
:101A9000C8610862034A044802F000FE064670BDB1
:101AA00054020124240700249C4100242DE9F04124
:101AB00004460D4640F2FF2022490860002048609D
:101AC00088600820C86000201F4908704870280AF4
:101AD0008870CD700020087148718871C8714FF00E
:101AE000004018490861002048618861C8610862A7
:101AF000154A164802F0D2FD074640F2FF20114970
:101B000008600020486088600820C860200A0E49EC
:101B100008704C7000208870C87008714871887116
:101B2000C8714FF000400749086100204861886192
:101B3000C8610862044A064802F0B0FD0646BDE8E6
:101B4000F081000054020124240700249C41002459
:101B50003C42002470B5044640F2FF101049086072
:101B60000020486088600820C860200A0D4908707D
:101B7000200A487000208870C87008714871887108
:101B8000C8714FF000400649086100204861886133
:101B9000C8610862034A044802F080FD054670BD32
:101BA00054020124240700249C4100240346042BF2
:101BB00015D007DC7BB1012B0ED0022B0DD0032BEF
:101BC00012D10BE0202B0BD0212B0AD0222B09D0D5
:101BD000232B09D107E008E007E006E005E004E078
:101BE00003E002E001E000E000BF00BF002070471A
:101BF0000020704710B50022044905480EF0C3FDCF
:101C0000044903480EF0B0FD002010BDD458002454
:101C1000F84B0024D450002470B504460D46064904
:101C2000204616F093FA214604480EF09DFD034825
:101C30000EF066FD002070BDE4020124F84B002484
:101C400010B503460C460021084610BD2DE9F041B1
:101C500004460D4600260A48D0F8BC72D7F8140294
:101C600010B10120BDE8F0812A46214604480EF05B
:101C70008AFD03480EF03AFE06463046F2E70000C1
:101C8000F84B00240188B0F90820891A00EE101AD8
:101C9000B8EEC00B9FED181BB4EEC10BF1EE10FABD
:101CA00003DDC168491EC16011E00188B0F9082058
:101CB000891A00EE101AB8EEC00B9FED111BB4EE9E
:101CC000C10BF1EE10FA02D2C168491CC160C168B3
:101CD000C1EB4131B0F90820114400EE101AB8EE02
:101CE000C00ADFED090A20EE200AF3EE030A80EEB7
:101CF000201A80ED041A70470000000000FFAF407A
:101D00000000000000FFAFC0A005343D10B5024840
:101D100001F066FA10BD00008C44002410B50248A2
:101D200001F05EFA10BD00000445002410B5024821
:101D300001F056FA10BD0000CC49002410B502484D
:101D400001F04EFA10BD00006448002410B50248AE
:101D500001F046FA10BD0000444A002410B50248C4
:101D600001F03EFA10BD0000DC48002410B5024826
:101D700001F036FA10BD00005449002410B50248A5
:101D800001F02EFA10BD0000BC4A002410B5024834
:101D900001F026FA10BD0000344B00240146374AFA
:101DA0000868904249D0354A18320868904244D0B9
:101DB000324A3032086890423FD0304A4832086890
:101DC00090423AD02D4A60320868904235D02B4A72
:101DD00078320868904230D0284A903208689042A1
:101DE0002BD0264AA8320868904226D0244A086898
:101DF000904222D0224A1832086890421DD0204AD0
:101E000030320868904218D01D4A48320868904223
:101E100013D01B4A6032086890420ED0184A7832BC
:101E20000868904209D0164A90320868904204D05F
:101E3000134AA8320868904201D1012000E0002036
:101E4000B0B10A78103A1823B2FBF3F000F00702A1
:101E50000C4B9A5CCA65032805D90A686FF309021E
:101E6000121D8A6503E00A686FF309028A6503E0C0
:101E7000086820F0FF008865886D704710000240F8
:101E8000100402406C9C010810B502682B4C0368DA
:101E9000A34222D0294C14340368A3421DD0274CFE
:101EA00028340368A34218D0244C3C340368A3426E
:101EB00013D0224C50340368A3420ED01F4C64341C
:101EC0000368A34209D01D4C78340368A34204D0B0
:101ED0001A4C8C340368A34201D1012300E0002393
:101EE0008BB10378083B1424B3FBF4F1144B03EBE0
:101EF00081030366124B8033436601F01F04012304
:101F0000A340836618E00378103B1824B3FBF4F178
:101F10000C4B9A4204D80B4BA83B9A4200D3083191
:101F2000094B03EB81030366074B8033436601F0E3
:101F30001F040123A340836610BD0000085402580B
:101F400000580258B8040240000802400179A9B3C1
:101F5000082940D8204B02689A4222D01E4B1433E5
:101F600002689A421DD01C4B283302689A4218D04E
:101F7000194B3C3302689A4213D0174B5033026816
:101F80009A420ED0144B643302689A4209D0124B25
:101F9000783302689A4204D00F4B8C3302689A421D
:101FA00001D1012200E000224AB14A1E0B4B03EB93
:101FB0008202C266094A4032026708E00BE04A1E0C
:101FC000074B03EB8202C266054A403202674A1E93
:101FD0000123934043677047085402580059025840
:101FE00000090240014600208A69D2B98A6A32B1EA
:101FF000012A0DD0022A03D0032A10D10EE000BF1F
:10200000CA6A02F08072B2F1807F00D1012007E03D
:10201000CA6AB2F1C07F00D1012001E000E000BF38
:1020200036E08A69B2F5005F1BD18A6A32B1012AB3
:1020300007D0022A03D0032A11D10AE000BF0120F1
:102040000EE0CA6A02F08072B2F1807F00D10120F6
:1020500006E0CA6AB2F1C07F00D1012000E000BFF3
:1020600016E08A6A32B1012A05D0022A04D0032A76
:102070000CD103E000BF00BF012008E0CA6A02F0F3
:102080008072B2F1807F00D1012000E000BF00BF6C
:1020900070470000F0B5856D846D984F0668BE42AC
:1020A00070D0964F18370668BE426BD0934F3037CA
:1020B0000668BE4266D0914F48370668BE4261D07E
:1020C0008E4F60370668BE425CD08C4F783706680A
:1020D000BE4257D0894F90370668BE4252D0874FD4
:1020E000A8370668BE424DD0854F0668BE4249D02B
:1020F000834F18370668BE4244D0814F3037066898
:10210000BE423FD07E4F48370668BE423AD07C4F31
:1021100060370668BE4235D0794F78370668BE42D0
:1021200030D0774F90370668BE422BD0744FA83717
:102130000668BE4226D0734F0668BE4222D0714F59
:1021400014370668BE421DD06E4F28370668BE425F
:1021500018D06C4F3C370668BE4213D0694F5037D9
:102160000668BE420ED0674F64370668BE4209D08B
:10217000644F78370668BE4204D0624F8C370668D9
:10218000BE4201D1012600E000263EB1D0E9197619
:102190007E60C66E16B1D0E91C767E60574F066829
:1021A000BE4249D0554F18370668BE4244D0534FFF
:1021B00030370668BE423FD0504F48370668BE42AF
:1021C0003AD04E4F60370668BE4235D04B4F783715
:1021D0000668BE4230D0494F90370668BE422BD0C9
:1021E000464FA8370668BE4226D0454F0668BE4215
:1021F00022D0434F18370668BE421DD0404F3037BB
:102200000668BE4218D03E4F48370668BE4213D01B
:102210003B4F60370668BE420ED0394F78370668AC
:10222000BE4209D0364F90370668BE4204D0344FC4
:10223000A8370668BE4201D1012600E00026DEB1C3
:1022400090F85C6006F01F073F26BE40AE6006684F
:10225000366826F4802607683E60066873608668E4
:10226000402E04D10668B2600668F16044E006685A
:10227000B1600668F2603FE0224F0668BE4222D09D
:10228000204F14370668BE421DD01E4F28370668FF
:10229000BE4218D01B4F3C370668BE4213D0194FC0
:1022A00050370668BE420ED0164F64370668BE42ED
:1022B00009D0144F78370668BE4204D0114F8C37CE
:1022C0000668BE4201D1012600E00026A6B190F8C2
:1022D0005C6006F01F070126BE40666006687360FA
:1022E0008668402E04D10668B2600668F16003E09B
:1022F0000668B1600668F260F0BD000010000240A0
:10230000100402400854025808B50E480078B8B9C5
:1023100001200C4908700C48406800900B49009857
:102320000968884204D20A480068401C08490860CD
:10233000054840680549086000200249087000BF50
:1023400008BD000070030024001000E060030024BA
:102350005C03002410B52DED028B82B004460E48BC
:102360004068019020680199081A00EE100AF8EE02
:10237000400A0A4890ED000AB8EE400A80EE801A42
:10238000B0EE418A01982060FFF7BEFFB0EE480A28
:1023900002B0BDEC028B10BD001000E05003002421
:1023A00010B504461348006840F080701149086079
:1023B0000020114948600846006840F001000860AC
:1023C0000E4860430E490860084600684FF47A7171
:1023D000B0FBF1F00B490860094800680749B0FB01
:1023E000F1F009490860002008490860FFF78CFFF8
:1023F00010BD0000FCED00E0001000E040420F00C6
:102400005003002454030024580300245C030024D8
:102410007047D2ED020A92ED021AB6EE000A00EE03
:10242000C10AD2ED030A92ED031A00EEC10AD0ED03
:10243000000A20EE200AD2ED010A92ED021A60EEA7
:10244000810A92ED001AD2ED031A41EE210A90EDB5
:10245000011A00EE810AD2ED010A92ED031A60EE34
:10246000810A92ED001AD2ED021A41EE610A90ED56
:10247000021A00EE810AF0EE000A20EE200A81ED39
:10248000000A92ED010AD2ED020A20EE200AD2EDF6
:10249000000A92ED031A00EEC10AD0ED000A60EEC8
:1024A000200A92ED011AD2ED011AB6EE000A01EEF1
:1024B000610AD2ED031A92ED032AB0EE401A01EE42
:1024C000C21AD0ED011AB0EE600A01EE210AD2ED77
:1024D000020A92ED031A60EE810A92ED001AD2ED23
:1024E000011A41EE210A90ED021A00EE810AF0EE87
:1024F000000A20EE200A81ED010A92ED010AD2EDD8
:10250000030A20EE200AD2ED000A92ED021A00EE34
:10251000810AD0ED000A20EE200AD2ED020A92EDE7
:10252000031A60EE810A92ED001AD2ED011A41EE13
:10253000610A90ED011A00EE810A92ED011AD2EDC6
:10254000011AF6EE000A41EE610A92ED021AD2ED8E
:10255000021A41EE610A90ED021A00EE810AF0EED5
:10256000000A20EE200A81ED020A704772B600BF11
:10257000FEE700000748006840F0020005490860D7
:1025800000BF04480838006800F400500028F8D064
:10259000704700000C48025810B5024802F06AFA71
:1025A00010BD00009C41002410B5024802F062FA00
:1025B00010BD00009C41002410B5024802F05AFAF8
:1025C00010BD00003C42002410B5024802F052FA4F
:1025D00010BD00003C42002410B5024802F04AFA47
:1025E00010BD0000DC42002410B5024802F042FA9F
:1025F00010BD0000DC42002410B5034802F03AFA96
:10260000024802F037FA10BD9C4100243C420024ED
:1026100010B501464A6B0868D0F884004FF6FC7488
:10262000A04340EA82000C68C4F884000868D0F82F
:10263000840020F47F04088F44EA00400C68C4F84A
:102640008400886B02440868D0F888004FF6FC7458
:10265000A04340EA82000C68C4F888000868D0F8FB
:10266000880020F4FE04888F44EA00400C68C4F817
:102670008800C86B02EB40020868D0F8A0004FF653
:10268000FC74A04340EA82000C68C4F8A00008680B
:10269000D0F8A00020F4FE044020405A44EA004054
:1026A0000C68C4F8A000D1E9104004FB00220868BF
:1026B000D0F8B0004FF6FC74A04340EA82000C68EA
:1026C000C4F8B0000868D0F8B00020F4FE04B1F8F7
:1026D000480044EA00400C68C4F8B000D1E9124058
:1026E00004FB00220868D0F8AC004FF6FC74A0434D
:1026F00040EA82000C68C4F8AC00D1E9144004FB45
:1027000000220868D0F8F0004FF6FC74A04340EABD
:1027100082000C68C4F8F0000868D0F8F00020F4DB
:102720007C14B1F8580044EA00400C68C4F8F0008A
:10273000886D02EB40020868D0F8C0004FF6FC74C8
:10274000A04340EA82000C68C4F8C0000868D0F8D2
:10275000C00020F47C14B1F85C0044EA00400C682E
:10276000C4F8C0000868D0F8C00020F07C5491F88C
:10277000600044EA00600C68C4F8C0002A4C486B52
:1027800004EB8000C866CC6E886B04EB80040C6799
:102790000C6FC86B04EBC0044C67D1E910046043B4
:1027A0004C6F04EB80048C67D1E9120460438C6F9A
:1027B00004EB8004CC67D1E914046043CC6F04EBD4
:1027C0008004802044504458886D04EBC004842069
:1027D00044508C6EC86D60438424645804EB8004BC
:1027E000882044508C6E086E60438824645804EB43
:1027F00080049020445040580C4CA04209D9983194
:10280000486840F020004860032001F89809012042
:1028100010BDCB6E02E0002018601B1D90204058B8
:102820009842F8D80020F3E700AC0040FCD3004009
:102830002DE9F041054614461E46D1F804C0BCF10E
:10284000000F0AD1D1F810C0D1F808804CEA080C6A
:10285000B1F800804CEA88430BE0D1F810C04CF08E
:10286000804CD1F808804CEA080CD1F800804CEA82
:10287000080391F82080D1F81CC04CEA086CD1F80C
:1028800018804CEA080CD1F814804CEA080CB1F816
:102890000C804CEA0847D5F868C00CFB06FCD5F85C
:1028A000848008EB8C021360121D1760121D00203B
:1028B00019E000F1030C14F80CC04FEA0C6800F1A9
:1028C000020C14F80CC048EA0C4800F1010C14F892
:1028D0000CC048EA0C2C14F800804CEA080CC2F832
:1028E00000C0121D001DDFF81480D1F80CC018F8CC
:1028F0000CC08445DDD8BDE8F0810000749C01085F
:102900002DE9F04104460D4616461F46A1B20120AE
:1029100013F004FEA9B2022013F000FEB1B20320AE
:1029200013F0FCFDB9B2042013F0F8FDBDE8F0810E
:1029300070B50A480468001D0568001D0668344427
:1029400054B10822064920460AF036F90422044907
:10295000103128460AF030F970BD000000E8F11F80
:10296000660000242DE9F041044603F0C3F88046D8
:1029700014B90120BDE8F08194F83500022808D090
:102980008020606500BF002084F8340000BF012073
:10299000F0E7FE492068884249D0FC491831206898
:1029A000884244D0F9493031206888423FD0F74905
:1029B0004831206888423AD0F44960312068884222
:1029C00035D0F24978312068884230D0EF499031D3
:1029D000206888422BD0ED49A8312068884226D053
:1029E000EB492068884222D0E949183120688842A2
:1029F0001DD0E74930312068884218D0E449483179
:102A00002068884213D0E2496031206888420ED0A5
:102A1000DF4978312068884209D0DD49903120684B
:102A2000884204D0DA49A8312068884201D10120C7
:102A300000E0002068B12068006820F01E002168D6
:102A400008602068406920F080002168486125689E
:102A500006E02068006820F00E0021680860256804
:102A6000CA492068884270D0C84918312068884215
:102A70006BD0C64930312068884266D0C34948319E
:102A80002068884261D0C1496031206888425CD0AA
:102A9000BE4978312068884257D0BC4990312068BF
:102AA000884252D0B949A831206888424DD0B849EF
:102AB0002068884249D0B64918312068884244D0FD
:102AC000B3493031206888423FD0B149483120684D
:102AD00088423AD0AE4960312068884235D0AC494E
:102AE00078312068884230D0A949903120688842E6
:102AF0002BD0A749A8312068884226D0A549206854
:102B0000884222D0A3491431206888421DD0A149AF
:102B100028312068884218D09E493C31206888427C
:102B200013D09C495031206888420ED099496431B5
:102B30002068884209D0974978312068884204D0BB
:102B400094498C312068884201D1012000E00020A6
:102B500028B1206E006820F48070216E08608B49D7
:102B60002068884249D0894918312068884244D079
:102B700086493031206888423FD0844948312068F6
:102B800088423AD0814960312068884235D07F49F7
:102B900078312068884230D07C4990312068884262
:102BA0002BD07A49A8312068884226D078492068FD
:102BB000884222D076491831206888421DD0744955
:102BC00030312068884218D07149483120688842E5
:102BD00013D06F496031206888420ED06C4978313B
:102BE0002068884209D06A4990312068884204D020
:102BF0006749A8312068884206D12068006820F023
:102C000001002168086005E02068006820F00100EC
:102C10002168086011E002F06DFFA0EB08000528B4
:102C20000BD920206065032084F8350000BF002008
:102C300084F8340000BF01209CE6286800F0010001
:102C40000028E8D151492068884249D04F491831BD
:102C50002068884244D04D493031206888423FD0B6
:102C60004A494831206888423AD048496031206852
:102C7000884235D0454978312068884230D0434970
:102C80009031206888422BD04049A8312068884282
:102C900026D03F492068884222D03D49183120681B
:102CA00088421DD03A4930312068884218D03849CE
:102CB00048312068884213D0354960312068884205
:102CC0000ED0334978312068884209D0304990319C
:102CD0002068884204D02E49A8312068884201D15A
:102CE000012000E0002040B1A66D94F85C0000F0E7
:102CF0001F013F208840B06007E0A76D94F85C009A
:102D000000F01F0101208840786020492068884237
:102D100076D01E4918312068884271D01B49303165
:102D2000206888426CD0194948312068884267D0B1
:102D3000164960312068884262D014497831206891
:102D400088425DD0114990312068884258D00F499F
:102D5000A8312068884253D00D49206888424FD05E
:102D60000B491831206888424AD00949303120681F
:102D7000884245D0064948312068884240D00449FD
:102D80006031206888423BD0014905E010000240D4
:102D900010040240085402587831206888422FD02D
:102DA0002549206888422BD0234918312068884261
:102DB00026D022492068884222D020491431206838
:102DC00088421DD01D4928312068884218D01B49EF
:102DD0003C312068884213D018495031206888421D
:102DE0000ED0164964312068884209D013497831E1
:102DF0002068884204D011498C312068884201D172
:102E0000012000E0002068B1D4E919104860E06EAC
:102E100040B1E06E006820F48070E16E0860D4E993
:102E20001C104860012084F8350000BF002084F8A1
:102E3000340000BF00BF9DE5A004024008540258C2
:102E400070B504460CB9012070BD94F83500022815
:102E500003D0802060650120F6E7DC4920688842C5
:102E600049D0DA4918312068884244D0D7493031F6
:102E7000206888423FD0D5494831206888423AD0FE
:102E8000D24960312068884235D0D04978312068F5
:102E9000884230D0CD499031206888422BD0CB4930
:102EA000A8312068884226D0C9492068884222D0AB
:102EB000C7491831206888421DD0C5493031206883
:102EC000884218D0C24948312068884213D0C0498E
:102ED0006031206888420ED0BD4978312068884230
:102EE00009D0BB4990312068884204D0B849A83144
:102EF0002068884201D1012000E00020F0B30420C6
:102F000084F83500B149206888424BD0AF49183168
:102F10002068884246D0AD4930312068884241D08F
:102F2000AA494831206888423CD0A84960312068CD
:102F3000884237D0A54978312068884232D0A349E9
:102F40009031206888422DD0A049A831206888425D
:102F500028D09F492068884224D09D491831206894
:102F600088421FD09A493031206888421AD0984947
:102F700048312068884215D0954900E020E0603152
:102F8000206888420ED0924978312068884209D062
:102F90008F4990312068884204D08D49A83120683B
:102FA000884206D12068006820F00100216808608E
:102FB00009E12068006820F001002168086002E152
:102FC0002068006820F00E00216808607F492068B2
:102FD000884249D07D4918312068884244D07B49D5
:102FE0003031206888423FD0784948312068884293
:102FF0003AD0764960312068884235D073497831BB
:103000002068884230D071499031206888422BD0A6
:103010006E49A8312068884226D06D4920688842D0
:1030200022D06B491831206888421DD06849303160
:103030002068884218D0664948312068884213D0F9
:1030400063496031206888420ED061497831206838
:10305000884209D05E4990312068884204D05C499A
:10306000A8312068884206D12068006820F001005D
:103070002168086005E02068006820F001002168F0
:10308000086052492068884270D050491831206841
:1030900088426BD04D4930312068884266D04B4918
:1030A00048312068884261D04849603120688842B0
:1030B0005CD0464978312068884257D043499031E6
:1030C0002068884252D04149A831206888424DD0BA
:1030D0003F492068884249D03D49183120688842DC
:1030E00044D03B493031206888423FD0384948318C
:1030F000206888423AD0364960312068884235D00D
:10310000334978312068884230D031499031206885
:1031100088422BD02E49A8312068884226D02D49DC
:103120002068884222D02B491431206888421DD063
:10313000284928312068884218D026493C31206827
:10314000884213D023495031206888420ED021494B
:1031500064312068884209D01E497831206888424D
:1031600004D01C498C312068884201D1012000E044
:103170000020D8B1206E006820F48070216E0860B5
:10318000A56D94F85C0000F01F0101208840686084
:10319000D4E919104860E06E40B1E06E006820F498
:1031A0008070E16E0860D4E91C104860012084F84A
:1031B000350000BF002084F8340000BF206D10B13E
:1031C0002046216D884700203EE6000010000240A6
:1031D00010040240085402580146486D7047000030
:1031E0002DE9F84F044600200090FE4800684FF497
:1031F0001651B0FBF1FAA66DD4F858803768D8F8AC
:103200000090F9492068884249D0F7491831206870
:10321000884244D0F4493031206888423FD0F24996
:103220004831206888423AD0EF49603120688842AE
:1032300035D0ED4978312068884230D0EA49903164
:10324000206888422BD0E849A8312068884226D0DF
:10325000E6492068884222D0E44918312068884233
:103260001DD0E24930312068884218D0DF4948310A
:103270002068884213D0DD496031206888420ED032
:10328000DA4978312068884209D0D84990312068DD
:10329000884204D0D549A8312068884201D1012054
:1032A00000E0002000287DD094F85C0000F01F01B1
:1032B000082088403840002868D0CB4920688842E0
:1032C00049D0C94918312068884244D0C6493031B4
:1032D000206888423FD0C4494831206888423AD0AB
:1032E000C14960312068884235D0BF4978312068B3
:1032F000884230D0BC499031206888422BD0BA49EE
:10330000A8312068884226D0B8492068884222D057
:10331000B6491831206888421DD0B4493031206840
:10332000884218D0B14948312068884213D0AF494B
:103330006031206888420ED0AC49783120688842DC
:1033400009D0AA4990312068884204D0A749A83101
:103350002068884204D12068006800F0040003E07F
:103360002068006800F0080080B12068006820F044
:1033700004002168086094F85C0000F01F01082038
:103380008840B060606D40F00100606594F85C00BA
:1033900000F01F01012088403840E8B392492068BE
:1033A000884200E0B7E24BD08F491831206888424C
:1033B00046D08D4930312068884241D08A49483111
:1033C000206888423CD0884960312068884237D0E4
:1033D000854978312068884232D08349903120680D
:1033E00088422DD08049A8312068884228D07F4962
:1033F0002068884224D07D491831206888421FD037
:103400007A493031206888421AD07849483120689A
:10341000884215D0754900E026E060312068884276
:103420000ED0724978312068884209D06F499031B6
:103430002068884204D06D49A8312068884204D1B0
:103440002068406900F0800002E0206800680020E9
:1034500050B194F85C0000F01F0101208840B0607A
:10346000606D40F00200606594F85C0000F01F01A0
:10347000042088403840E8B35B49206888424BD03C
:10348000594918312068884246D057493031206860
:10349000884241D054494831206888423CD0524942
:1034A00060312068884237D04F497831206888429F
:1034B00032D04D499031206888422DD04A49A831F8
:1034C0002068884228D049492068884224D047494A
:1034D0001831206888421FD0444930312068884222
:1034E0001AD0424948312068884215D03F4960319E
:1034F000206800E024E088420ED03C497831206802
:10350000884209D0394990312068884204D037492F
:10351000A8312068884204D12068006800F00200C9
:1035200002E020680068002050B194F85C0000F0D0
:103530001F0104208840B060606D40F004006065A9
:1035400094F85C0000F01F01102088403840E8B378
:1035500025492068884251D0234918312068884283
:103560004CD0214930312068884247D01E4948312B
:103570002068884242D01C496031206888423DD092
:10358000194978312068884238D01749903120682D
:10359000884233D01449A831206888422ED013497C
:1035A000206888422AD0114918312068884225D0E5
:1035B0000E4930312068884220D00C4948312068BB
:1035C00088421BD009496031206800E04DE0884204
:1035D00014D006497831206888420FD003499031D1
:1035E000206805E0A0000024100002401004024002
:1035F000884203D0FE492068884204D120680068D0
:1036000000F0080003E02068006800F0040060B3E8
:1036100094F85C0000F01F0110208840B060206822
:10362000006800F4802080B12068006800F4002069
:1036300028B9206CC8B12046216C884715E0A06CE1
:1036400098B12046A16C88470FE02068006800F41C
:10365000807028B92068006820F0080021680860A0
:10366000206C10B12046216C884794F85C0000F073
:103670001F0120208840384000287DD0DD49206887
:10368000884249D0DB4918312068884244D0D94962
:103690003031206888423FD0D6494831206888427E
:1036A0003AD0D44960312068884235D0D149783148
:1036B0002068884230D0CF499031206888422BD092
:1036C000CC49A8312068884226D0C949A839206849
:1036D000884221D0C6499039206888421CD0C4490C
:1036E00078392068884217D0C149603920688842FB
:1036F00012D0BF494839206888420DD0BC493039C2
:103700002068884208D0BA4918392068884203D016
:10371000B7492068884204D12068006800F0100092
:1037200003E02068006800F0020028B394F85C0011
:1037300000F01F0120208840B06094F83500042874
:103740002DD12068006820F01600216808602068EC
:10375000406920F0800021684861206C08B9A06CA5
:1037600028B12068006820F008002168086094F8FB
:103770005C0000F01F0100E03FE03F208840B060A7
:10378000012084F8350000BF002084F8340000BF19
:10379000206D10B12046216D8847BDE8F88F206864
:1037A000006800F4802080B12068006800F40020E8
:1037B00028B9606C08B32046616C88471DE0E06B57
:1037C000D8B12046E16B884717E02068006800F414
:1037D000807068B92068006820F0100021680860D7
:1037E000012084F8350000BF002084F8340000BFB9
:1037F000E06B10B12046E16B8847606D00287AD0FD
:10380000606D00F00100E8B3042084F835007949C8
:10381000206888424BD0774918312068884246D0CA
:10382000744930312068884241D07249483120685B
:1038300088423CD06F4960312068884237D06D495A
:1038400078312068884232D06A49903120688842B5
:103850002DD06849A8312068884228D06449A83909
:103860002068884223D062499039206888421ED05F
:103870005F4978392068884219D05D4960392068ED
:10388000884200E040E012D0594948392068884217
:103890000DD0574930392068884208D0544918392A
:1038A0002068884203D052492068884206D12068A7
:1038B000006820F001002168086005E020680068C9
:1038C00020F001002168086000BF0098401C0090B3
:1038D000504500D905E02068006800F0010000288C
:1038E000F3D100BF2068006800F0010020B1032080
:1038F00084F8350003E00DE0012084F8350000BFB6
:10390000002084F8340000BFE06C002802D020467C
:10391000E16C8847D9E138492068884222D036498D
:103920001431206888421DD03349283120688842EC
:1039300018D031493C312068884213D02E4950318B
:10394000206888420ED02C4964312068884209D012
:10395000294978312068884204D027498C31206871
:10396000884201D1012000E000200028D2D0206848
:10397000056894F85C0000F01F010420884000EA0C
:103980000900D8B305F00400C0B394F85C0000F05F
:103990001F0104208840C8F8040005F4004080B1ED
:1039A00005F4803030B9A06C0028B3D02046A16C5B
:1039B00088478AE1206C0028ACD02046216C8847DB
:1039C00083E105F02000E8BB0A492068884253D013
:1039D00008491831206888424ED0064930312068A5
:1039E000884249D0034948312068884244D006E0E3
:1039F000B804024010000240085402584FE0B44995
:103A000060312068884237D0B149783120688842D7
:103A100032D0AF499031206888422DD0AC49A831CE
:103A20002068884228D0AB492068884224D0A94920
:103A30001831206888421FD0A6493031206888425A
:103A40001AD000E025E0A34948312068884213D00D
:103A5000A0496031206888420ED09E4978312068A4
:103A6000884209D09B4990312068884204D0994906
:103A7000A8312068884206D12068006820F008003C
:103A80002168086005E02068006820F004002168D3
:103A90000860206C10B32046216C884715E194F82B
:103AA0005C0000F01F010220884000EA0900E8B332
:103AB00005F00200D0B394F85C0000F01F01022072
:103AC0008840C8F8040005F4004070B105F4803067
:103AD00028B9606C10B12046616C8847F5E0E06B56
:103AE000F0B32046E16B8847EFE005F02000C0BB53
:103AF0007749206888424ED075491831206888423D
:103B000049D0734930312068884244D070494831E7
:103B1000206888423FD06E496031206888423AD0A0
:103B20006B4978312068884235D000E04EE0684922
:103B30009031206888422ED06549A831206888429B
:103B400029D064492068884225D06249183120680C
:103B5000884220D05F493031206888421BD001E084
:103B60006EE02DE05B4948312068884213D0594906
:103B70006031206888420ED05649783120688842EA
:103B800009D0544990312068884204D05149A83165
:103B90002068884206D12068006820F0140021685F
:103BA000086005E02068006820F00A0021680860CD
:103BB000012084F8350000BF002084F8340000BFE5
:103BC000E06BE8B32046E16B88477EE094F85C0048
:103BD00000F01F010820884000EA090080B305F0CA
:103BE000080068B33A49206888424BD038491831F8
:103BF0002068884246D0364930312068884241D01A
:103C000033494831206888423CD0314960312068CE
:103C1000884237D02E4978312068884232D02C49EA
:103C20009031206888422DD02949A83120688842E7
:103C300028D028492068884224D02649183100E03D
:103C400043E0206888421DD02249303120688842F4
:103C500018D0204948312068884213D01D4960316E
:103C6000206888420ED01B4978312068884209D0EC
:103C7000184990312068884204D01649A83120683C
:103C8000884206D12068006820F01C002168086086
:103C900005E02068006820F00E002168086094F8B4
:103CA0005C0000F01F0101208840C8F804000120DA
:103CB000606584F8350000BF002084F8340000BF40
:103CC000E06C10B12046E16C884700BF65E500005C
:103CD00010000240100402402DE9F041044601F0BA
:103CE00009FF804614B90120BDE8F081FE49206833
:103CF000884249D0FC4918312068884244D0FA49AA
:103D00003031206888423FD0F749483120688842E6
:103D10003AD0F54960312068884235D0F24978318F
:103D20002068884230D0F0499031206888422BD0FA
:103D3000ED49A8312068884226D0EC4920688842A5
:103D400022D0EA491831206888421DD0E749303135
:103D50002068884218D0E54948312068884213D04D
:103D6000E2496031206888420ED0E049783120680D
:103D7000884209D0DD4990312068884204D0DB496F
:103D8000A8312068884201D1012000E000200028ED
:103D900073D0606A00B100BF022084F8350000BF14
:103DA000002084F8340000BFCF492068884249D001
:103DB000CD4918312068884244D0CB493031206841
:103DC00088423FD0C8494831206888423AD0C64925
:103DD00060312068884235D0C349783120688842F4
:103DE00030D0C1499031206888422BD0BE49A831DB
:103DF0002068884226D0BD492068884222D0BB492D
:103E00001831206888421DD0B84930312068884276
:103E100018D0B64948312068884213D0B349603180
:103E2000206888420ED0B14978312068884209D094
:103E3000AE4990312068884204D0AC49A83120684E
:103E4000884206D12068006820F0010021680860DF
:103E500005E02068006820F00100216808600DE09E
:103E600001F048FEA0EB0800052807D92020606576
:103E7000032084F83500012036E769E020680068F7
:103E800000F001000028EBD1206805689848054043
:103E9000D4E9020108432169084361690843A16923
:103EA0000843E1690843216A08430543606A04281E
:103EB00003D1D4E90B01084305436068292802D3E4
:103EC00060682E2817D960683F2802D360684228AE
:103ED00011D96068472802D3606848280BD9606808
:103EE0004F2802D36068522805D96068742804D32B
:103EF0006068772801D8012000E0002008B145F46F
:103F00008015206805602068456925F00705606A0E
:103F10000543606A04280DD1A06A0543E06A48B1F0
:103F20002046FEF75FF828B140206065012084F844
:103F30003500D9E6206845612046FDF72FFF06468B
:103F400094F85C0000F01F013F208840B0609EE0C4
:103F500068492068884222D0664914312068884226
:103F60001DD0644928312068884218D061493C310D
:103F70002068884213D05F495031206888420ED0B3
:103F80005C4964312068884209D05A4978312068F8
:103F9000884204D057498C312068884201D10120E1
:103FA00000E00020E0B353492068884222D0514904
:103FB0001431206888421DD04E492831206888423B
:103FC00018D04C493C312068884213D049495031BF
:103FD000206888420ED0474964312068884209D061
:103FE000444978312068884204D042498C312068A5
:103FF000884201D1012000E0002000B100BF022072
:1040000084F8350000BF002084F8340000BF206829
:10401000056839480540A068402802D1102106E013
:104020002EE0A068802801D1C10100E00021E068F5
:1040300041EAD001206941EAD001606941EAD0013A
:10404000A06941EAD001E06941EAD001206A41EA71
:10405000101005432068056026492068401A142185
:10406000B0FBF1F08000E0652046FDF797FE0746C3
:1040700094F85C0000F01F0101208840786006E0A1
:1040800040206065032084F8350001202CE61649A5
:10409000206888427AD0144918312068884275D047
:1040A000114930312068884270D00F49483120686A
:1040B00088426BD00C4960312068884266D00A493A
:1040C00078312068884261D0074990312068884261
:1040D0005CD00549A8312068884257D00349206840
:1040E000884253D0014909E0100002401004024008
:1040F0003F8010FE085402580F00FEFF1831206860
:10410000884243D03749206888423FD0354918312A
:10411000206888423AD0334930312068884235D00F
:10412000304948312068884230D02E4960312068BB
:1041300088422BD02B4978312068884226D02A49E2
:104140002068884222D028491431206888421DD036
:10415000254928312068884218D023493C312068FD
:10416000884213D020495031206888420ED01E4921
:1041700064312068884209D01B4978312068884220
:1041800004D019498C312068884201D1012000E017
:10419000002000B32046FDF777FEA068802801D1FB
:1041A000002060602079216E0860D4E91910486011
:1041B000606860B16068082809D82046FDF7C6FE2F
:1041C0000020E16E0860D4E91C10486003E0002084
:1041D000E0662067606700206065012084F8350094
:1041E000002081E540040240085402582DE9F041C6
:1041F00004460D4616461F464FF0000814B901202C
:10420000BDE8F08100BF94F83400012801D10220FC
:10421000F6E7012084F8340000BF94F83500012847
:104220007ED1022084F8350000206065E4492068D2
:10423000884249D0E24918312068884244D0E04998
:104240003031206888423FD0DD49483120688842BB
:104250003AD0DB4960312068884235D0D84978317E
:104260002068884230D0D6499031206888422BD0CF
:10427000D349A8312068884226D0D2492068884294
:1042800022D0D0491831206888421DD0CD49303124
:104290002068884218D0CB4948312068884213D022
:1042A000C8496031206888420ED0C64978312068FC
:1042B000884209D0C34990312068884204D0C1495E
:1042C000A8312068884206D12068006820F00100EB
:1042D0002168086005E02068006820F0010021687E
:1042E00008603B46324629462046FDF7D3FEB449D6
:1042F000206888424BD0B24918312068884246D0A5
:10430000AF4930312068884241D0AD4948312068FA
:1043100088423CD0AA4960312068884237D000E00A
:1043200042E1A74978312068884230D0A4499031D1
:10433000206888422BD0A249A8312068884226D024
:10434000A0492068884222D09E49183120688842BE
:104350001DD09C4930312068884218D09949483195
:104360002068884213D097496031206888420ED077
:10437000944978312068884209D092499031206868
:10438000884204D08F49A8312068884201D1012099
:1043900000E0002080B12068006820F01E0040F09E
:1043A000160021680860206CB0B12068006840F0F9
:1043B0000800216808600FE02068006820F00E0007
:1043C00040F00A0021680860206C28B1206800686D
:1043D00040F004002168086079492068884270D064
:1043E00077491831206888426BD075493031206890
:1043F000884266D0724948312068884261D070494D
:104400006031206888425CD06D49783120688842EC
:1044100057D06B4990312068884252D06849A83102
:10442000206888424DD067492068884249D0654954
:1044300018312068884244D062493031206888426F
:104440003FD060494831206888423AD05D496031A8
:104450002068884235D05B4978312068884230D066
:1044600058499031206888422BD05649A83120689D
:10447000884226D054492068884222D052491431BB
:10448000206888421DD0504928312068884218D0C1
:104490004D493C312068884213D04B495031206847
:1044A00088420ED0484964312068884209D0464984
:1044B00078312068884204D043498C312068884292
:1044C00001D1012000E0002090B1206E006800F4CE
:1044D000803028B1206E006840F48070216E086042
:1044E000E06E28B1E06E006840F48070E16E086014
:1044F00033492068884249D03149183120688842C0
:1045000044D02F493031206888423FD02C4948316F
:10451000206888423AD02A4960312068884235D0E4
:10452000274978312068884230D025499031206869
:1045300088422BD02249A8312068884226D02149C0
:104540002068884222D01F491831206888421DD037
:104550001C4930312068884218D01A4948312068F7
:10456000884213D017496031206888420ED015491F
:1045700078312068884209D01249903120688842F9
:1045800004D01049A8312068884206D1206800680C
:1045900040F001002168086010E02068006840F0E9
:1045A00001002168086009E04FF40060606500BF09
:1045B000002084F8340000BF4FF0010840461FE699
:1045C00010000240100402400854025870B504461E
:1045D00001F090FA06462546681C10B104480078A0
:1045E000054400BF01F086FA801BA842FAD370BDD3
:1045F0009C00002430B5034693F89840012C01D06C
:10460000022C3ED11868806D084030B91868C06D22
:1046100040F001001D68E8650EE01868806D0840F4
:10462000884206D11868C06D40F002001D68E86538
:1046300002E003201D68E86501F4007030B11868DD
:10464000D0F8E00010431D68C5F8E00001F4806078
:1046500030B11868D0F8E40010431D68C5F8E400D4
:1046600000BF1868406D0B4D0D4028431D686865FC
:104670000948006840EA9170074D286000BF00209B
:1046800030BDD3F89C0040F00200C3F89C0001202C
:10469000F6E70000FFFFCF3F14A800402DE9F041EE
:1046A00004460E461746706800B900E000BF94F853
:1046B0009800022832D12068D0F8C00000F07C5069
:1046C00040B9D4F89C0040F02000C4F89C000120C0
:1046D000BDE8F0812068D0F8C40000F4001038B1C3
:1046E000D4F89C0040F40070C4F89C000120EFE76F
:1046F0002068D0F8C400C0F304452B463A46314642
:104700002046FEF795F80120A8402168C1F8D000A6
:104710000120A840C4F894000020D9E7D4F89C00F8
:1047200040F00800C4F89C000120D1E7704710B5A4
:10473000034601B900E000BF93F89800012824D196
:1047400051B91868D0F8F00020F07C5040EA0260BF
:104750001C68C4F8F00016E001290AD11868D0F8E6
:10476000A00020F0FE4040EA02601C68C4F8A000EF
:1047700009E01868D0F8B00020F0FE4040EA02607E
:104780001C68C4F8B000002010BDD3F89C0040F0B5
:104790000400C3F89C000120F6E7F0B5024692F849
:1047A0009860012E01D0022E43D1C868072800D19D
:1047B00000BF086818BBC868072800D000BFC868D9
:1047C00007280BD1088A4FF0605747EA0040CF69AD
:1047D00040EA07208F6940EA07040AE0087A800768
:1047E0000F7B40EAC7600F8A40EA07404F6940EA02
:1047F0000704D76E486807EB80031C6017E0C868A1
:10480000072800D000BF0F7B086940EA4774C868DA
:10481000072801D18D6903E00F7A486940EA87755E
:10482000176F486807EBC0031C601B1D1D6000204C
:10483000F0BDD2F89C0040F00200C2F89C000120BC
:10484000F6E770B50446049D94F8980001280AD153
:10485000080140EA820040EA430028432668C6F87F
:104860008000002070BDD4F89C0040F00400C4F823
:104870009C000120F6E77047704700002DE9F043E7
:1048800004460D469C46002394F89880B8F1020F28
:1048900074D1402D38D12068D0F8A00000F4FE007B
:1048A00040B9D4F89C0040F02000C4F89C000120DE
:1048B000BDE8F0832068D0F8A40000F07F0038B98C
:1048C000D4F89C0040F48070C4F89C000120EFE70D
:1048D0002068D0F8A400C0F3006040B12068D0F890
:1048E000A0004FF00109B9EBD07F00D1012320686F
:1048F000D0F8A400C0F305200344606C5843D4F8FA
:10490000749009EB80014BE0412D38D12068D0F83C
:10491000B00000F4FE0038B9D4F89C0040F020004C
:10492000C4F89C000120C3E72068D0F8B40000F070
:104930007F0038B9D4F89C0040F48070C4F89C0023
:104940000120B5E72068D0F8B400C0F3006040B1A2
:104950002068D0F8B0004FF00109B9EBD07F00D14A
:1049600001232068D0F8B400C0F305200344E06CB4
:104970005843D4F8789009EB800111E06DE0206D88
:10498000A84207D8D4F89C0040F02000C4F89C004E
:1049900001208DE7606D6843D4F87C9009EB8001BD
:1049A000086800F080405060506820B90868C0F383
:1049B0008A40106003E0086820F0604010600868DA
:1049C00000F000509060086800F000401061091D80
:1049D000088880B2D0610868C0F30340D0600868DE
:1049E00000F480105061086800F4001090610868BD
:1049F000C0F3066010620868C00F5062091D0F46C0
:104A0000002603E0B85D0CF80600761CDFF85C9029
:104A1000D06819F80000B042F4D8402D03D12068C6
:104A2000C0F8A83017E0412D03D12068C0F8B83095
:104A300011E0202D06D20120A840D4F80090C9F83A
:104A4000980008E005F01F09012000FA09F0D4F8E9
:104A50000090C9F89C0000202AE7D4F89C0040F0A0
:104A60000800C4F89C00012022E70000749C0108A3
:104A7000704700002DE9F04F8DB00446EF48006804
:104A80008707EE48001D006807EA80772068006D00
:104A900000F470482068406D00EA08082068006D46
:104AA00000F00F092068406D00EA09092068006DD8
:104AB00000F0F00A2068406D00EA0A0A2068006DE4
:104AC00000F0715B2068406D00EA0B0B2068006D00
:104AD00000F060700C902068406D0C9908400C90BC
:104AE0002068456D2068066DC5F3002070B1C6F3DF
:104AF000002058B100BF4FF4807021680865002085
:104B0000CE49086000BF2046FFF7B2FFC5F3802002
:104B1000C8B1C6F38020B0B12068D0F8DC000A909C
:104B20002068D0F8E4000A9908400A9000BF4FF4CA
:104B30008060216808650020C049086000BF2046E9
:104B40000A9900F0CCFE67B100BFBD48384021682B
:104B50000865B80FB949086000BF39462046FFF71D
:104B6000E5FDB8F1000F0ED000BFB54808EA00001F
:104B7000216808654FEA9870B049086000BF414657
:104B8000204600F0AEFEB9F1000F0ED000BFAC48D9
:104B900009EA0000216808654FEA9970A749086092
:104BA00000BF4946204600F0EFFBBAF1000F0ED0DF
:104BB00000BFA3480AEA0000216808654FEA9A701E
:104BC0009E49086000BF5146204600F067FEC5F3CD
:104BD000C02070B1C6F3C02058B100BF4FF40060D0
:104BE0002168086500209549086000BF204600F054
:104BF00079FEC5F34020C8B1C6F34020B0B12068AB
:104C0000D0F8D8000B902068D0F8E0000B9908404D
:104C10000B9000BF4FF400702168086500208749A1
:104C2000086000BF20460B9900F05AFEC5F3C04053
:104C300070B1C6F3C04058B100BF4FF400202168E6
:104C4000086500207D49086000BF204600F09AFBFF
:104C5000C5F3004070B1C6F3004058B100BF4FF437
:104C600080302168086500207449086000BF204634
:104C700000F034FEC5F3804070B1C6F3804058B1F7
:104C800000BF4FF480202168086500206B49086050
:104C900000BF204600F021FEC5F3404088B1C6F3B6
:104CA000404070B100BF4FF400302168086500201B
:104CB0006249086000BFD4F89C0040F08000C4F84E
:104CC0009C000C9870B100BF5D490C9808402168A9
:104CD00008650C98800F5949086000BF20460C9960
:104CE000FFF7CAFDBBF1000F10D000BF54480BEA1C
:104CF0000000216808654FEA9B705049086000BFBA
:104D0000D4F89C0040EA0B00C4F89C004D49206890
:104D100088427DD16068806800F00300002877D069
:104D20006068006A00F00F0009906068406A0999A5
:104D3000084009906068006A00F0300008906068E0
:104D4000406A0899084008906068006A00F4C070E2
:104D500007906068406A0799084007906068006A99
:104D600000F4FC4006906068406A0699084006908E
:104D70006068006A00F4F02005906068406A059958
:104D8000084005906068406A02906068006A01907F
:104D9000099830B10998616808622046099900F0C5
:104DA00099FD089830B10898616808622046089912
:104DB00000F092FD0298C0F38010A0B10198C0F3FA
:104DC000801080B16068C06B000C04906068C06B9C
:104DD00000F03F0003904020616808622046DDE952
:104DE000032100F078FD079830B1079861680862E8
:104DF0002046079900F06DFD069840B1069861685D
:104E00000862D4F89C0006990843C4F89C0000E0AE
:104E10000AE0059840B1059861680862D4F89C00E2
:104E200005990843C4F89C00D4F89C0010B12046B2
:104E3000FFF721FD0DB0BDE8F08F000010A8004085
:104E4000FFFFCF3F00A0004070B594B004464C2255
:104E5000B34901A8FCF75FF914B9012014B070BD83
:104E6000B0492068884203D1206800F580706060F6
:104E7000A068B0F5407F00D100BF206C00B100BF3A
:104E8000A06C00B100BF206D00B100BF206E00B16A
:104E900000BFD4E91710084400B100BF94F898008F
:104EA00028B9002084F89900204600F03DF92068D8
:104EB000806920F010002168886100F01BFE054623
:104EC0000EE000F017FE401B0A2809D998346068EC
:104ED00040F001006060032004F898090120BDE75C
:104EE0002068806900F008000828EAD020688069FE
:104EF00040F001002168886100F0FCFD05460EE0ED
:104F000000F0F8FD401B0A2809D99834606840F089
:104F100001006060032004F8980901209EE72068E2
:104F2000806900F001000028EAD02068806940F024
:104F3000020021688861207C012806D120688069F0
:104F400020F040002168886105E02068806940F019
:104F5000400021688861607C012806D12068806952
:104F600040F480402168886105E02068806920F471
:104F7000804021688861A07C012806D12068806972
:104F800020F480502168886105E02068806940F441
:104F90008050216888612068806920F44070A16891
:104FA0000843216888612068806920F0A400216896
:104FB00088612068006920F0100021680861E068BD
:104FC000012806D12068806940F0040021688861CA
:104FD00020E0E068F0B1E068022815D02068806920
:104FE00040F08000216888612068006940F010006E
:104FF00021680861E06803280CD12068806940F0CE
:1050000020002168886105E02068806940F0200068
:1050100021688861207E401E4106E069401E41EA09
:105020000020216A491E0843A18A491E40EA014026
:105030002168C861A068B0F5407F0FD1A06A401E0A
:10504000E16A491E40EA0121206B401E41EA00113D
:10505000A08C401E41EA00402168C860206E38B133
:105060002068D0F8C000616E08432168C1F8C00014
:10507000D4E91710084460B12068D0F8C80020F0C7
:10508000070001AAA16E52F8211008432168C1F857
:10509000C800206C60B12068D0F8BC0020F0070088
:1050A00001AA616C52F8211008432168C1F8BC00C4
:1050B000A06C68B12068D0F8BC0020F0700101AA93
:1050C000E06C52F8200041EA00102168C1F8BC00F1
:1050D000206D68B12068D0F8BC0020F4E06101AA1E
:1050E000606D52F8200041EA00202168C1F8BC0040
:1050F0000C492068884205D16068806820F0030070
:1051000061688860002044F8940FA060012020713D
:10511000943C2046FDF77CFA064630469EE60000A9
:10512000849C010800A0004010B5B6B004461421CC
:1051300030A8FCF74CF8B82102A8FCF748F88A49D7
:105140002068884259D14FF400410020CDE9021077
:1051500048031D9002A801F065FF08B1FDF706FAAB
:1051600082480068401C81490860084600680128A0
:105170000DD100BF7E48006840F480707C49086013
:105180000846006800F48070019000BF00BF00BFB7
:1051900077480C38006840F0080075490C39086001
:1051A0000846006800F00800019000BF00BF03201F
:1051B00030900220319000203290339009203490BA
:1051C00030A96C4800F090FB00220521132000F06C
:1051D00049FD132000F032FD00220521152000F0CA
:1051E00041FD152000F02AFD002205213F2000F09E
:1051F00039FD3F2000F022FDB3E05F49206888427E
:1052000059D14FF400410020CDE9021048031D9010
:1052100002A801F007FF08B1FDF7A8F9534800689C
:10522000401C524908600846006801280DD100BFA3
:105230004F48006840F480704D4908600846006897
:1052400000F48070019000BF00BF00BF48480C38D8
:10525000006840F0020046490C39086008460068C2
:1052600000F00200019000BF00BF602030900220DB
:1052700031900020329033900920349030A93F487B
:1052800000F032FB00220521142000F0EBFC14207A
:1052900000F0D4FC00220521162000F0E3FC1620CB
:1052A00000F0CCFC002205213F2000F0DBFC3F2079
:1052B00000F0C4FC55E032492068884251D14FF4D7
:1052C00000410020CDE9021048031D9002A801F022
:1052D000A9FE08B1FDF74AF924480068401C23499B
:1052E00008600846006801280DD100BF204800680A
:1052F00040F480701E4908600846006800F4807021
:10530000019000BF00BF00BF19480C38006840F092
:10531000080017490C3908600846006800F00800CA
:10532000019000BF00BF4FF44050309002203190F8
:105330000020329033900520349030A90D4800F0C1
:10534000D3FA002205219F2000F08CFC9F2000F062
:1053500075FC00220521A02000F084FCA02000F0B4
:105360006DFC36B010BD000000A000401C00002401
:10537000EC440258000C025800A4004000040258FB
:1053800000D400407047000030B591B004460D468F
:10539000182101A8FBF71BFF01AB07AA40212046FB
:1053A000FFF76CFAFD4884427ED140F20322079851
:1053B000811A904259D007DCFF2876D0A0F2012054
:1053C00038B1012872D12AE001297AD00629F9D111
:1053D000A0E0F348008800B2F14908819DF805007B
:1053E0009DF8041040EA0120ED4908809DF807006F
:1053F0009DF8061040EA012000B2E94948809DF876
:1054000009009DF8081040EA012000B2E4498880B4
:105410009DF80A00887101200FF0EEFBE9E0E048FA
:10542000808A01B2DE4881839DF805009DF8041052
:1054300040EA0120DA4988829DF807009DF80610AD
:1054400040EA012001B2D648C1829DF809009DF8CA
:10545000081040EA012001B2D14801839DF80A10EA
:10546000817602200FF0C8FBC3E0CD48008D01B269
:10547000CB4801869DF805009DF8041040EA012004
:10548000C74908859DF807009DF8061040EA0120ED
:1054900001B2C34841859DF809009DF8081040EA13
:1054A000012001B2BE4803E0A4E059E0A0E008E01A
:1054B00081859DF80A1080F82E1003200FF09CFBC8
:1054C00097E0B748808F01B2B548A0F844109DF826
:1054D00005009DF8041040EA0120B14988879DF835
:1054E00007009DF8061040EA012001B2AC48C187D0
:1054F0009DF809009DF8081040EA012001B2A84873
:10550000A0F840109DF80A1080F8421004200FF017
:1055100073FB6EE0A348008800B2A24908819DF8A1
:1055200005009DF8041040EA01209E4908809DF87E
:1055300007009DF8061040EA012000B29949488012
:105540009DF809009DF8081040EA012000B2954935
:1055500088809DF80A00887105200FF04DFB48E017
:1055600001A8018800EE101AB8EE400A8E4981EDBC
:10557000000A9DF805109DF8042041EA022100EE82
:10558000101AB8EEC00ADFED890A80EE201A8649AB
:1055900081ED011A9DF807109DF8062041EA0221CD
:1055A00009B200EE101AB8EEC00ADFED800A80EEF4
:1055B000201A7D4981ED021A9DF8081000EE101A9C
:1055C000B8EE400A784981ED030A9DF8091000EE13
:1055D000101AB8EE400A744981ED040A9DF80A10C9
:1055E00000EE101AB8EE400A6F4981ED050A00E09E
:1055F00000BF45E16E4884427CD10798A0F20220AA
:1056000030B101282AD0032877D0082874D14BE084
:105610006848008800B2674908819DF805009DF838
:10562000041040EA0120634908809DF807009DF8B6
:10563000061040EA012000B25E4948809DF809004A
:105640009DF8081040EA012000B25A4988809DF870
:105650000A00887108200FF0CFFAE1E05548808AEF
:1056600001B2544881839DF805009DF8041040EA7A
:105670000120504988829DF807009DF8061040EAF5
:10568000012001B24B48C1829DF809009DF8081025
:1056900040EA012001B2474801839DF80A10817653
:1056A00009200FF0A9FABBE03E48808A01B23D48CC
:1056B00081839DF805009DF8041040EA01203949D6
:1056C00088829DF807009DF8061040EA012001B28B
:1056D0003448C1829DF809009DF8081040EA012075
:1056E00001B2304801839DF80A10817606200FF040
:1056F00083FA95E095E000E091E02F48008800B241
:105700002D4908819DF805009DF8041040EA01200C
:10571000294908809DF807009DF8061040EA0120FD
:1057200000B2254948809DF809009DF8081040EA1C
:10573000012000B2204988809DF80A00887108463F
:10574000FCF7A0FA07200FF057FA1C4890ED000A6A
:1057500080ED010A1848008800EE100AB8EE400BF0
:105760009FED171B20EE010BB7EEC00B134880ED29
:10577000000A90ED000AD0ED010A30EE600ADFED7C
:10578000120AB4EEE00AF1EE10FA21DD0F480088AB
:10579000401E00B20D4908802EE000003C4200246B
:1057A00078010124C80101249C02012400007A44EC
:1057B0009C41002404020124F00101241C07002460
:1057C000BA490C022B87A63F00003443340700245B
:1057D0002C4890ED000AD0ED010A30EE600ADFEDB2
:1057E0002A0AB4EEE00AF1EE10FA05D22748008842
:1057F000401C00B225490880244800884FF4B47149
:1058000010FB01F000EE100AB8EEC00A1D48D0ED02
:10581000000A30EE200A1E4880ED000A00E000BFBA
:105820002EE01C4884422BD10A9848B30798B0F563
:10583000807F09D0B0F5007F0CD0B0F5407F10D04C
:10584000B0F5806F1BD113E0012201A912480FF0BF
:1058500071FF14E0022201A90F4810300FF06AFF17
:105860000DE0032201A90C4820300FF063FF06E091
:10587000042201A9084830300FF05CFF00BF00BFD0
:1058800011B030BD1C070024000034C334070024CD
:1058900038070024DC420024280301247047014615
:1058A00091F8980001280CD1022081F8980008682E
:1058B000806920F001000A6890610020C1F89C0016
:1058C0007047D1F89C0040F00400C1F89C00012012
:1058D000F6E77047704770477047704770477047EA
:1058E0007047704770470000F8B502460B4600212C
:1058F0006D4DD2E001278F401E6806EA0704002C98
:1059000072D01E7906F00306012E04D01E7906F02F
:105910000306022E13D190684F000326BE40B04309
:105920004F00DE68BE4030439060506801268E40D4
:10593000B0431E79C6F300168E40304350601E7986
:1059400006F00306032E09D0D0684F000326BE40A0
:10595000B0434F009E68BE403043D0601E7906F0D1
:105960000306022E13D1CF0802F1200656F82700B5
:105970004E07F70E0F26BE40B0434F07FF0E1E69BD
:10598000BE403043CF0802F1200646F827001068D9
:105990004F000326BE40B0431E7906F003064F00B9
:1059A000BE40304310605E6806F44036002E73D06F
:1059B00000BF3E4E366846F002063C4F3E603E4613
:1059C000366806F00206009600BF00BF384E8F080A
:1059D00056F827008E07370F0F26BE40B043354ECE
:1059E000B24202D1002629E056E0334EB24201D144
:1059F000012623E0314EB24201D102261EE0304E94
:105A0000B24201D1032619E02E4EB24201D1042642
:105A100014E02D4EB24201D105260FE02B4EB242CA
:105A200001D106260AE02A4EB24201D1072605E03E
:105A3000284EB24201D1092600E00A268F073F0F07
:105A4000BE4030431A4E8F0846F827004FF0B0464C
:105A50003068A0435E6806F4801606B120434FF01C
:105A6000B04630607068A0435E6806F4001606B168
:105A700020434FF0B04670606868A0435E6806F44B
:105A8000003606B1204368602868A0435E6806F4CB
:105A9000803606B120432860491C1E68CE40002E87
:105AA0007FF428AFF8BD000080000058F44402588D
:105AB0000804005800000258000402580008025868
:105AC000000C025800100258001402580018025826
:105AD000001C025800240258024613690B400BB107
:105AE000012000E0002070470AB1816101E00B0451
:105AF00083617047014800687047000094000024EB
:105B00000348006803490978084401490860704760
:105B1000940000249C00002410B5032000F0E0F85D
:105B200002F0F4FA10490968C1F303210F4A515CED
:105B300001F01F0120FA01F40B48006800F00F008B
:105B40001146085C00F01F0024FA00F008490860C4
:105B5000084804600F2000F00FF808B1012010BDC4
:105B600000F054F80020FAE718440258F89C0108A5
:105B7000A4000024A000002470B58AB00446102CB4
:105B80000AD200222146A12000F06CF8A12000F0EA
:105B900055F81948046002E001200AB070BD00BF4A
:105BA0001648006840F08070144908600846006894
:105BB00000F08070009000BF00BF01A902A802F0B1
:105BC00025FA02F091FA45000D48B5FBF0F0461EAB
:105BD0000C480D49086040F2E7310B48C16046604F
:105BE00000210161816003F081FE18B9064803F0CD
:105BF000B5FED2E70120D0E798000024EC4402581B
:105C000040420F0000E00040AC4B002408B500BF4C
:105C10000948006840F0020007490860084600682B
:105C200000F00200009000BF00BF00220F21901E74
:105C300000F018F808BD0000F44402580146084678
:105C400000280DDB00BF00BF00F01F0301229A40B7
:105C500043099B0003F1E023C3F8002100BF00BF0C
:105C600000BF70472DE9F05F80460D4616460CF0E8
:105C7000F7FF074639462A46334601F00700C0F1D0
:105C8000070ABAF1040F02D94FF0040A01E0C0F18B
:105C9000070AD14600F1040ABAF1070F02D24FF009
:105CA000000A01E0A0F1030AD4464FF0010A0AFA03
:105CB00009FAAAF1010A0AEA020A0AFA0CFA4FF0F2
:105CC000010B0BFA0CFBABF1010B0BEA030B4AEADD
:105CD0000B04214640460CF0CBFFBDE8F09F0000CE
:105CE00000BF00F00702064B19684FF6FF0319408A
:105CF000044B0B4343EA0221014B196000BF70477C
:105D00000CED00E00000FA0501460A680120C1F828
:105D1000D804002081F8CC04906940F000609061C4
:105D2000506D024B1843506500207047030000106F
:105D3000704702461068416200207047F0B5034684
:105D400015461868446A21B944EA05401E68B062E5
:105D500019E01868806A04EB1044002208E0186813
:105D600000F5827050F8220004EB1044501CC2B2BF
:105D7000481E9042F3D844EA0547186800F582703F
:105D80004E1E40F826700020F0BD10B50446D4F831
:105D9000E0040BF037FA10BD70B504460D4605EB74
:105DA000C50304F1140101EB8301CA682946D4F844
:105DB000E0040BF022F970BD70B504460D4605EB0A
:105DC000C50304F5157101EB8301CA682946D4F8AF
:105DD000E0040BF096F970BD10B50446D4F8E00469
:105DE0000BF013FA10BD2DE9F04104460D4605F005
:105DF0008000802808D105F00F0000EBC00104F1FD
:105E0000140000EB810607E005F00F0000EBC00175
:105E100004F5157000EB8106314620680CF04AFC51
:105E200007463846BDE8F08170B504460E4606F0D8
:105E3000800080280AD106F00F0000EBC00104F1B9
:105E4000140000EB81050120687009E006F00F00E6
:105E500000EBC00104F5157000EB810500206870AF
:105E600006F00F00287000BF94F89404012801D1B7
:105E7000022070BD012084F8940400BF29462068E8
:105E80000BF0AAFF00BF002084F8940400BF00BFFD
:105E9000EFE770B504460E4606F00F002179884200
:105EA00001D9012070BD06F0800080280AD106F0DB
:105EB0000F0000EBC00104F1140000EB810501208C
:105EC000687009E006F00F0000EBC00104F51570E2
:105ED00000EB8105002068700020A87006F00F001C
:105EE000287000BF94F89404012801D10220D9E75A
:105EF000012084F8940400BF294620680CF066F95C
:105F000000BF002084F8940400BF00BFCAE7024627
:105F100001F00F0000EBC00302F5157000EB8300E9
:105F2000406970472DE9F04705460E4690461F46EA
:105F30004FF0000906F0800080280AD106F00F001B
:105F400000EBC00105F1140000EB8104012060703A
:105F500009E006F00F0000EBC00105F5157000EB3D
:105F600081040020607006F00F002070C8F30A0062
:105F7000A0602771607808B120786083022F01D17A
:105F80000020607100BF95F89404012802D102201E
:105F9000BDE8F087012085F8940400BF21462868F9
:105FA0000BF024FE00BF002085F8940400BF484693
:105FB000EEE72DE9F04105460E461746984606F0F5
:105FC0000F0000EBC00105F5157000EB8104E760E0
:105FD000C4F8108000206061607006F00F0020702F
:105FE000A879012800D1E761AA79214628680CF038
:105FF00081F90020BDE8F08170B504460D4605F03A
:106000000F002179884201D9012070BD05F0800080
:1060100080280AD105F00F0000EBC00104F1140044
:1060200000EB81060120707007E005EBC50104F567
:10603000157000EB8106002070700120B07005F033
:106040000F00307000BF94F89404012801D10220A1
:10605000DBE7012084F8940400BF314620680CF08F
:10606000FCF805F00F0028B9A17904F29C422068E1
:106070000CF074F800BF002084F8940400BF00BF47
:10608000C3E72DE9F04105460E461746984606F04F
:106090000F0000EBC00105F1140000EB8104E76084
:1060A000C4F81080002060610120607006F00F00CD
:1060B0002070A879012800D1E761AA7921462868D3
:1060C0000CF018F90020BDE8F0812DE9FE4F0446E0
:1060D000D4F800B05E4620680CF0CEFB002874D1E6
:1060E00020680CF008FC08B9BDE8FE8F40F60800F7
:1060F0008059C0F30D20C4F8D40420680CF0FBFBD9
:1061000000F00200022805D12068406900F002007A
:106110002168486120680CF0EEFB00F010001028A8
:1061200045D12068806920F0100021688861DBF883
:10613000209009F00F0000EBC00104F5157000EB92
:10614000810AC9F3434002281AD147F6F07009EAE0
:10615000000030B3C9F30A125846DAF80C100CF0FC
:10616000CFFBC9F30A11DAF80C000844CAF80C0096
:10617000C9F30A11DAF814000844CAF8140010E050
:10618000C9F3434006280CD1082204F29C4158462A
:106190000CF0B6FBC9F30A11DAF814000844CAF887
:1061A00014002068806940F0100021688861206830
:1061B0000CF0A1FB00F40020B0F5002F7BD10025EE
:1061C00020680CF068FB029072E003E3029800F094
:1061D0000100002868D0E9B220680CF07FFB8046FF
:1061E00008F0010048B1012106F5306000EB4510D0
:1061F00081602946204608F035F808F00800082894
:1062000009D1082106F5306000EB45108160294670
:10621000204607F0F5FF08F01000102805D11021E6
:1062200006F5306000EB4510816008F0020002289E
:1062300024D1DBF8140000F08000802807D140F65C
:106240000400805940F4806140F60400815105EB60
:10625000C50104F5157000EB810A9AF803000128C6
:1062600006D100208AF80300E9B2204600F0BDFA0A
:10627000022106F5306000EB4510816008F0200037
:10628000202805D1202106F5306000EB4510816003
:1062900008F40050B0F5005F06D14FF4005106F548
:1062A000306000EB451081606D1C02984008029040
:1062B000029800288AD120680CF01DFB00F4802091
:1062C000B0F5802F7DD120680CF0DBFA029000251C
:1062D0009AE0029800F00100002873D0E9B220682B
:1062E0000CF0E3FA804608F00100F0B305F00F016E
:1062F00001208840019040F634008159019821EA3C
:10630000000040F634018851012106F5106000EBD1
:1063100045108160A079012824D105EBC50104F165
:10632000140000EB810005EBC502C16804F1140004
:1063300000EB82008068014405EBC50204F1140003
:1063400000EB8200C1606DB905EBC50104F11400DA
:1063500000EB8100006928B904F29C420121206809
:106360000BF0FCFEE9B2204600E001E0FFF714FD6F
:1063700008F00800082805D1082106F5106000EB98
:106380004510816008F01000102805D1102106F595
:10639000106000EB4510816008F04000402805D1F6
:1063A000402106F5106000EB4510816008F0020006
:1063B00002281DD1294658460CF021FA05EBC501EB
:1063C00001E025E01CE004F1140000EB810A9AF8DA
:1063D0000300012806D100208AF80300E9B2204614
:1063E00000F0FAF9022106F5106000EB451081601B
:1063F00008F08000802803D12946204607F0D4FF0A
:106400006D1C029840080290029800287FF461AF4A
:1064100020680CF070FA00F00040B0F1004F1CD181
:1064200040F60400805920F0010140F6040081513B
:1064300094F8CC04012807D1002084F8CC04002172
:106440002046FFF775FC02E0204600F0FDFA2068C8
:10645000406900F000402168486120680CF04BFA68
:1064600000F40060B0F5006F0ED140F608008059CE
:1064700000F0010010B1204600F03EFB20684069AA
:1064800000F400602168486120680CF034FA00F0E4
:106490000060B0F1006F19D12068406900F0006021
:1064A0002168486194F8CC0468B9012084F8CC04D0
:1064B0002068406DC0F38300C4F8D0040121204659
:1064C000FFF736FC02E0204600F016FB20680CF0D7
:1064D00012FA00F48050B0F5805F7ED140F60400DF
:1064E000805920F0010140F60400815110212068FC
:1064F0000CF085F9002732E04FF67F3106F5106089
:1065000000EB4710816006F5106000EB4710006853
:1065100020F4001106F5106000EB471001604FF603
:106520007F3106F5306000EB4710816006F5306082
:1065300000EB4710006820F4001106F5306000EB16
:106540004710016006F5306000EB4710006840F02E
:10655000006106F5306000EB471001607F1C207978
:10656000B842C9D840F61C00805940F0011140F6ED
:106570001C008151E07B70B1D6F8840840F00B011B
:10658000C6F8841840F64400805940F00B0140F6EC
:10659000440081510FE040F61400805942F22B0173
:1065A000084340F614018851081F805940F00B0140
:1065B0004FF401608151D6F8000820F4FE60C6F85F
:1065C0000008A17904F29C4220680BF0C7FD206806
:1065D000406900F48050216800E000E048612068D4
:1065E0000CF089F900F40050B0F5005F17D1206875
:1065F0000BF064FB20680CF02CF9E07101F03CFD1D
:106600000090E279206800990CF0FCF9204600F037
:1066100003FA2068406900F400502168486120684E
:106620000CF069F900F00800082808D1204600F0B5
:1066300012FA2068406900F008002168486120686B
:106640000CF059F900F08000802818D1DBF8180010
:1066500020F08000CBF8180001250DE005EBC50106
:1066600004F5157000EB8100C078012803D1E9B270
:106670002046FFF7B8FB6D1C2079A842EED82068B1
:106680000CF039F900F48010B0F5801F2DD10125F0
:1066900022E006F5106000EB4510D0F8009005EB05
:1066A000C50104F1140000EB81000079012812D12A
:1066B00009F00040B0F1004F0DD1012105EBC502FA
:1066C00004F1140000EB8200C170E8B240F08001D8
:1066D0002046FFF788FB6D1C2079A842D9D8206896
:1066E000406900F480102168486120680CF003F9CB
:1066F00000F40010B0F5001F44D1012538E006F584
:10670000306000EB4510D0F8009005EBC50104F5B2
:10671000157000EB81000079012828D109F00040B4
:10672000B0F1004F23D194F8D40400F00100C9F374
:10673000004188421BD1012105EBC50204F515700B
:1067400000EB8200C170DBF8180040F08000CBF84D
:106750001800DBF8140000F0800040B940F6040097
:10676000805940F4007140F60400815103E06D1C33
:106770002079A842C3D800BF2068406900F4001007
:106780002168486120680CF0B6F800F08040B0F154
:10679000804F08D12046FFF7F8FA2068406900F0E2
:1067A00080402168486120680CF0A5F800F00400E2
:1067B00004280FD12068D0F8049009F004000428C0
:1067C00002D12046FFF708FB2068406840EA090034
:1067D0002168486000BF87E470B504460D4629462D
:1067E000D4F8E0040AF082FD70BD70B504460D4691
:1067F0002946D4F8E0040AF09DFD70BD38B5044682
:106800000CB9012038BD94F8950428B9002084F80B
:106810009404204600F0A2F8032084F89504206830
:106820000BF094FC207C8DF8000094E80F000BF036
:1068300059FA20B1022084F895040120E2E70021F2
:1068400020680CF08DF820B1022084F89504012016
:10685000D8E7002531E0012105EBC50204F1140061
:1068600000EB8200417005EBC50104F1140000F853
:10687000215005EBC50100EB81004583002105EBAC
:10688000C50204F1140000EB8200017105EBC502A2
:1068900004F1140000EB8200816005EBC50204F1F5
:1068A000140000EB8200C16005EBC50204F1140086
:1068B00000EB82000161681CC5B22079A842CADCE5
:1068C00000252AE0002105EBC50204F5157000EB58
:1068D0008200417005EBC50104F5157000F82150E8
:1068E000002105EBC50200EB8200017105EBC5023A
:1068F00004F5157000EB8200816005EBC50204F51C
:10690000157000EB8200C16005EBC50204F515703F
:1069100000EB82000161681CC5B22079A842D1DC7D
:10692000207C8DF8000094E80F000BF01FFB20B1D5
:10693000022084F89504012064E70020607401209F
:1069400084F89504207B012802D12046FFF7DCF96A
:1069500020680BF0F9FA002054E7000010B5B4B03D
:106960000446B82106A8FAF732FC28492068884274
:106970004AD100BF2648006840F001002449086061
:106980000846006800F00100009000BF00BF14211D
:1069900001A8FAF71CFC4FF48050019001200290EE
:1069A000022003900020049001A91A48FEF79CFFE2
:1069B0000520FDF70BFE4FF480210020CDE90610E5
:1069C0004FF44010279006A800F02CFB08B1FBF70D
:1069D000CDFD00F0DBF800BF0D480838006840F03E
:1069E00000700B49083908600846006800F0007024
:1069F000009000BF00BF002205214D20FFF732F9B3
:106A00004D20FFF71BF900BF34B010BD000004405B
:106A1000E04402580000025870B504460125E079B0
:106A200008B9002506E0E079022801D1012501E03E
:106A3000FBF79CFD2946D4F8E0040AF024FDD4F8C5
:106A4000E0040AF0CBFC70BD10B50446D4F8E004B5
:106A50000AF0FAFC10BD10B50446D4F8E0040AF0C0
:106A6000FEFC10BD70B504460D4600BF94F89404BA
:106A7000012801D1022070BD012084F8940400BFD8
:106A80006574294620680BF09FFF00BF002084F842
:106A9000940400BF00BFEEE710B5044604F29C4129
:106AA000D4F8E0040AF006FD10BD70B50446256870
:106AB00000BF94F89404012801D1022070BD012088
:106AC00084F8940400BFE86800F0400030B1607BB7
:106AD000012803D1A86B40F48030A86320680BF034
:106AE0005FFE20680BF01EFA00BF002084F89404BB
:106AF00000BF00BFE2E7000010B50446D4F8E00490
:106B00000AF035FD2068D0F8000E40F00100216841
:106B1000C1F8000EE07A28B10348006840F0060092
:106B20000149086010BD000010ED00E070B504469A
:106B300015480068C0F3800048B91348006800F0A9
:106B40000700A04201D0012070BD0020FCE70E48E4
:106B5000006820F0070020430B490860FEF7CAFFD9
:106B6000054607E0FEF7C6FF401BB0F57A7F01D966
:106B70000120E9E7044808380068C0F340300028E5
:106B8000F0D00020E0E700000C48025803480068FD
:106B900040F0807001490860704700000C480258BE
:106BA00010B501F069FA05490968C1F30211044AF8
:106BB000515C01F01F01C84010BD00002044025884
:106BC000F89C010870B50146844D2D6805F003035B
:106BD000824D2D68C5F30530804D2D1D2D68C5F300
:106BE00000147E4D14352D68C5F3CC0515FB04F556
:106BF00001EE105AB8EE411AF0EE410A00286FD0AB
:106C000023B1012B4ED0022B6BD16BE0734D283D8D
:106C10002D68C5F340153DB3704D283D2D68C5F373
:106C2000C1066F4D25FA06F201EE102AF8EE411A60
:106C300001EE100AB8EE411A81EE812A9FED691A21
:106C4000C0EE811A654D10352D68C5F3080501EEBB
:106C5000105AB8EE411A31EE811AF7EE001A31EEF1
:106C6000211A22EE010A1CE001EE100AB8EE411AC8
:106C7000DFED5D1A81EE812A9FED5A1AC0EE811A6E
:106C8000564D10352D68C5F3080501EE105AB8EEC3
:106C9000411A31EE811AF7EE001A31EE211A22EE76
:106CA000010A5BE001EE100AB8EE411ADFED4F1A5F
:106CB00081EE812A9FED4B1AC0EE811A474D1035A7
:106CC0002D68C5F3080501EE105AB8EE411A31EEF1
:106CD000811AF7EE001A31EE211A22EE010A3DE088
:106CE00077E01DE001EE100AB8EE411A9FED402A50
:106CF000C2EE011A9FED3B1A80EE812A374D103506
:106D00002D68C5F3080501EE105AB8EE411A32EEAF
:106D1000011AB7EE002A31EE021A21EE810A1DE0B7
:106D200001EE100AB8EE411ADFED301A81EE812A29
:106D30009FED2C1AC0EE811A284D10352D68C5F331
:106D4000080501EE105AB8EE411A31EE811AF7EE3D
:106D5000001A31EE211A22EE010A00BF00BF1F4DBA
:106D600010352D68C5F3462501EE105AB8EE411ACC
:106D7000F7EE001A31EE211AC0EE011ABCEEE11A4C
:106D800081ED001A154D10352D68C5F3064501EE4D
:106D9000105AB8EE411AF7EE001A31EE211AC0EE81
:106DA000011ABCEEE11A81ED011A0C4D10352D6867
:106DB000C5F3066501EE105AB8EE411AF7EE001A57
:106DC00031EE211AC0EE011ABCEEE11A81ED021A71
:106DD00003E000250D604D608D6070BD28440258B1
:106DE0000090D003000000460024744C0024744A34
:106DF000001BB74B70B50146844D2D6805F00303A9
:106E0000824D2D68C5F30550804D2D1D2D68C5F3AD
:106E100000247E4D1C352D68C5F3CC0515FB04F50B
:106E200001EE105AB8EE411AF0EE410A00286FD078
:106E300023B1012B4ED0022B6BD16BE0734D283D5B
:106E40002D68C5F340153DB3704D283D2D68C5F341
:106E5000C1066F4D25FA06F201EE102AF8EE411A2E
:106E600001EE100AB8EE411A81EE812A9FED691AEF
:106E7000C0EE811A654D18352D68C5F3080501EE81
:106E8000105AB8EE411A31EE811AF7EE001A31EEBF
:106E9000211A22EE010A1CE001EE100AB8EE411A96
:106EA000DFED5D1A81EE812A9FED5A1AC0EE811A3C
:106EB000564D18352D68C5F3080501EE105AB8EE89
:106EC000411A31EE811AF7EE001A31EE211A22EE44
:106ED000010A5BE001EE100AB8EE411ADFED4F1A2D
:106EE00081EE812A9FED4B1AC0EE811A474D18356D
:106EF0002D68C5F3080501EE105AB8EE411A31EEBF
:106F0000811AF7EE001A31EE211A22EE010A3DE055
:106F100077E01DE001EE100AB8EE411A9FED402A1D
:106F2000C2EE011A9FED3B1A80EE812A374D1835CB
:106F30002D68C5F3080501EE105AB8EE411A32EE7D
:106F4000011AB7EE002A31EE021A21EE810A1DE085
:106F500001EE100AB8EE411ADFED301A81EE812AF7
:106F60009FED2C1AC0EE811A284D18352D68C5F3F7
:106F7000080501EE105AB8EE411A31EE811AF7EE0B
:106F8000001A31EE211A22EE010A00BF00BF1F4D88
:106F900018352D68C5F3462501EE105AB8EE411A92
:106FA000F7EE001A31EE211AC0EE011ABCEEE11A1A
:106FB00081ED001A154D18352D68C5F3064501EE13
:106FC000105AB8EE411AF7EE001A31EE211AC0EE4F
:106FD000011ABCEEE11A81ED011A0C4D18352D682D
:106FE000C5F3066501EE105AB8EE411AF7EE001A25
:106FF00031EE211AC0EE011ABCEEE11A81ED021A3F
:1070000003E000250D604D608D6070BD284402587E
:107010000090D003000000460024744C0024744A01
:10702000001BB74B2DE9F04104460025A8464FF060
:107030000062D4E90010114000201346594040403E
:10704000014331D1606E48B1B0F5801F0DD0B0F56D
:10705000001F11D0B0F5401F16D114E0FE480068A3
:1070600040F40030FC49086010E0022104F10800FF
:1070700007F02EFD054609E0022104F1280007F083
:10708000D9FD054602E001E0012500BF00BF55B96A
:10709000F1482430006820F44010616E0843EE4946
:1070A0002431086000E0A8464FF48072D4E9001053
:1070B0001140002013465940404001432ED1A06D9D
:1070C00005281BD2DFE800F0030A11181900E24876
:1070D000006840F40030E049086011E0002104F14C
:1070E000080007F0F5FC05460AE0002104F128003D
:1070F00007F0A0FD054603E002E001E0012500BF26
:1071000000BF55B9D4482430006820F00700A16DB5
:107110000843D1492431086000E0A8464FF480625A
:10712000D4E900101140002013465940404001436B
:107130003DD1D4F8A400B0F5C00F24D007DC68B16D
:10714000B0F5001F11D0B0F5800F1FD114E0B0F5DD
:10715000000F19D0B0F5200F18D116E0BE48006816
:1071600040F40030BC49086012E0002104F108003E
:1071700007F0AEFC05460BE0002104F1280007F003
:1071800059FD054604E003E002E001E0012500BFEF
:1071900000BF5DB9B0482C30006820F46000D4F81E
:1071A000A4100843AC492C31086000E0A8464FF415
:1071B0000062D4E9000110400021134658404940C4
:1071C00008433DD1D4F8A800B0F1407F24D007DCBB
:1071D00068B1B0F1807F11D0B0F1007F1FD114E011
:1071E000B0F1806F19D0B0F1A06F18D116E09A48B5
:1071F000006840F400309849086012E0002104F172
:10720000080007F065FC05460BE0002104F12800AA
:1072100007F010FD054604E003E002E001E001256F
:1072200000BF00BF5DB98C482C30006820F0E060E2
:10723000D4F8A810084388492C31086000E0A8461B
:107240004FF00073D4E9001019400020594040402D
:10725000014328D1E06CA8B1102804D0202809D01F
:10726000302810D10DE07C48006840F400307A49A5
:1072700008600AE0022104F1080007F029FC054635
:1072800003E002E001E0012500BF00BF55B97248EC
:107290002030006820F03000E16C08436E49203156
:1072A000086000E0A8464FF48053D4E9001019406C
:1072B000002059404040014337D1E06DB0F5005FF8
:1072C0001AD004DC50B1B0F5805F1ED10DE0B0F5EE
:1072D000405F18D0B0F5804F17D115E05E480068C8
:1072E00040F400305C49086011E0002104F108001E
:1072F00007F0EEFB05460AE0002104F1280007F044
:1073000099FC054603E002E001E0012500BF00BF53
:1073100055B951482430006820F4E040E16D08433D
:107320004D492431086000E0A8464FF40053D4E9E9
:1073300000101940002059404040014335D1206ED3
:10734000B0F5403F1ED007DC68B1B0F5803F0BD0F0
:10735000B0F5003F19D10EE0B0F5802F13D0B0F595
:10736000A02F12D110E012E0012104F1080007F073
:10737000AFFB05460BE0012104F1280007F05AFCA1
:10738000054604E003E002E001E0012500BF00BF84
:1073900055B931482430006820F4E020216E0843BC
:1073A0002D492431086000E0A8464FF48042D4E91A
:1073B000000110400021134658404940084337D18E
:1073C000D4F8AC00B0F1405F1ED007DC68B1B0F17A
:1073D000805F0BD0B0F1005F19D10EE0B0F1804FAB
:1073E00013D0B0F1A04F12D110E012E0012104F14E
:1073F000080007F06DFB05460BE0012104F12800B1
:1074000007F018FC054604E003E002E001E0012576
:1074100000BF00BF5DB910482C30006820F0E0408C
:10742000D4F8AC1008430C492C31086000E0A846A1
:107430004FF40043D4E9000118400021584049406E
:1074400008432AD1E06EB8B1B0F1805F06D0B0F148
:10745000005F12D109E000002C440258F94800688E
:1074600040F40030F749086009E0012104F1080008
:1074700007F02EFB054602E001E0012500BF00BF3A
:1074800055B9F0482430006820F04050E16E0843C0
:10749000EC492431086000E0A8464FF08073D4E93D
:1074A00000101940002059404040014328D1A06CF1
:1074B000A8B1012804D0022809D0032810D10DE07A
:1074C000E048006840F40030DE4908600AE002212C
:1074D00004F1080007F0FCFA054603E002E001E0D1
:1074E000012500BF00BF55B9D6482030006820F004
:1074F0000300A16C0843D3492031086000E0A8468E
:107500004FF48003D4E90010194000205940404056
:1075100001437DD1CC48006840F48070CA490860BE
:10752000FEF7E8FA064606E0FEF7E4FA801B642858
:1075300001D9032505E0C448006800F480700028E4
:10754000F2D000BF85BBBF484430006800F44070F3
:10755000B4F8B01001F44071884213D0B9484430F7
:10756000006820F44077B7484430006840F4803029
:10757000B449443108600846006820F4803008604F
:1075800008460760D4F8B000B0F5807F15D1FEF74B
:10759000B1FA064609E0FEF7ADFA801B41F28831E8
:1075A000884202D9032507E038E0A6484430006845
:1075B000C0F340000028EED000BF55BB00BFB4F8B8
:1075C000B00000F44070B0F5407F0ED19D481C38EB
:1075D000006820F47C519D4AD4F8B000104041EA84
:1075E000101098491C39086007E096481C3800685C
:1075F00020F47C5093491C3908609248443000685C
:10760000B4F8B010C1F30B0108438E49443101E0D6
:1076100005E001E0086002E0A84600E0A84601227B
:10762000D4E9000110400021134658404940084366
:1076300030D1A06F18281AD005DC48B1082808D02E
:10764000102817D10CE0202812D0282812D110E0E1
:1076500012E0012104F1080007F03AFA05460BE0B8
:10766000012104F1280007F0E5FA054604E003E0F3
:1076700002E001E0012500BF00BF55B97148283084
:10768000006820F03800A16F08436E492831086077
:1076900000E0A8460223D4E9001019400020594018
:1076A0004040014329D1606F062816D2DFE800F080
:1076B00003040B12131412E0012104F1080007F077
:1076C00007FA05460BE0012104F1280007F0B2FAA1
:1076D000054604E003E002E001E0012500BF00BF31
:1076E00055B958482830006820F00700616F0843FA
:1076F00054492831086000E0A8460422D4E900106B
:107700001140002013465940404001432BD1D4F88A
:107710009000062816D2DFE800F003040B121314C1
:1077200012E0012104F1080007F0D2F905460BE050
:10773000012104F1280007F07DFA054604E003E08A
:1077400002E001E0012500BF00BF5DB93D482C30DB
:10775000006820F00700D4F89010084339492C3114
:10776000086000E0A8462023D4E900011840002169
:1077700058404940084337D1D4F88C00B0F1405FFD
:107780001ED007DC68B1B0F1805F0BD0B0F1005FB4
:1077900019D10EE0B0F1804F13D0B0F1A04F12D14B
:1077A00010E012E0002104F1080007F091F905460D
:1077B0000BE0022104F1280007F03CFA054604E042
:1077C00003E002E001E0012500BF00BF5DB91D48F4
:1077D0002830006820F0E040D4F88C1008431949A4
:1077E0002831086000E0A8464023D4E90010194081
:1077F00000205940404001433CD1D4F89800B0F5F6
:10780000406F25D007DC68B1B0F5806F0BD0B0F5C4
:10781000006F20D10EE0B0F5805F1AD0B0F5A05F08
:1078200019D117E019E0002104F1080007F050F920
:10783000054612E0022104F1280007F0FBF9054695
:107840000BE000002C44025800480258FFFCFF0FD8
:1078500003E002E001E0012500BF00BF4DB9FE4892
:10786000006820F4E050D4F898100843FA49086002
:1078700000E0A8468023D4E90010194000205940B8
:107880004040014335D1D4F89C00B0F5C04F1ED024
:1078900007DC68B1B0F5005F0BD0B0F5804F19D1AF
:1078A0000EE0B0F5004F13D0B0F5204F12D110E02C
:1078B00012E0002104F1080007F00AF905460BE088
:1078C000022104F1280007F0B5F9054604E003E0C1
:1078D00002E001E0012500BF00BF4DB9DE480068AD
:1078E00020F46040D4F89C100843DB49086000E0B5
:1078F000A8460823D4E90001184000215840494017
:10790000084317D1D4F88000B0F5805F07D1022179
:1079100004F1280007F08EF908B14FF00108CE48B5
:10792000001F006820F44050D4F880100843CA4972
:10793000091F08601023D4E90001184000215840B5
:107940004940084315D1D4F89400B0F5807F07D1A1
:10795000022104F1280007F06DF908B14FF0010889
:10796000BD48006820F44070D4F894100843BA4928
:1079700008604FF40023D4E900011840002158406A
:107980004940084327D1D4F8A00030B1B0F5803F7A
:107990000AD0B0F5003F0FD10DE0002104F108003E
:1079A00007F096F8054609E0022104F1280007F0E7
:1079B00041F9054602E001E0012500BF00BF4DB9D5
:1079C000A548006820F44030D4F8A0100843A2492C
:1079D000086000E0A8464FF48023D4E90001184075
:1079E00000215840494008432DD1D4F88400B0F517
:1079F000801F06D0B0F5001F0CD0B0F5401F11D18C
:107A00000FE095482C38006840F4003092492C393A
:107A1000086009E0012104F1280007F00BF9054690
:107A200002E001E0012500BF00BF5DB98A48001FE8
:107A3000006820F44010D4F8841008438649091FD8
:107A4000086000E0A8464FF48032D4E900011040FD
:107A50000021134658404940084325D1206D18B1F4
:107A6000B0F5803F10D108E07B482C38006840F426
:107A7000003079492C39086008E0022104F108003F
:107A800007F026F8054601E0012500BF00BF55B903
:107A900071480C38006820F48030216D08436E492D
:107AA0000C39086000E0A8464FF00053D4E90010FC
:107AB0001940002059404040014307D1022104F100
:107AC000280007F0B7F808B14FF001084FF4003272
:107AD000D4E90001104000211346584049400843B2
:107AE00027D1E06FA0B1B0F5807F06D0B0F5007F60
:107AF0000CD0B0F5407F0CD109E057482C38006815
:107B000040F4003054492C39086004E003E002E0FE
:107B100001E0012500BF00BF55B94F48001F0068B4
:107B200020F44070E16F08434B49091F086000E0F2
:107B3000A8464FF48012D4E90010114000201346EB
:107B400059404040014309D143480838006820F0BB
:107B50000040216F08434049083908604FF4001382
:107B6000D4E900011840002158404940084309D198
:107B700039480838006820F08070A16E0843364903
:107B8000083908604FF08043D4E900101940002004
:107B900059404040014311D100BF2F484838006888
:107BA00020F400402C494839086008460068D4F8A1
:107BB000B410084328494839086000BF4FF000421C
:107BC000D4E90001104000211346584049400843C1
:107BD00009D121480C38006820F04050616D0843FD
:107BE0001D490C3908604FF40002D4E9001011401F
:107BF000002013465940404001430AD11648001F57
:107C0000006820F44000D4F8881008431249091F86
:107C10000860012200216068104049405040014343
:107C200006D104F1080006F053FF054605B1A84649
:107C3000022200216068104049405040014307D1B2
:107C4000012104F1080006F043FF054605B1A846EE
:107C500004230020616801E05844025819400422BE
:107C600040405140084307D1022104F1080006F0CA
:107C70002FFF054605B1A84608230020616819407A
:107C8000082240405140084307D1002104F1280058
:107C900006F0D0FF054605B1A84610230020616814
:107CA0001940102240405140084307D1012104F1FE
:107CB000280006F0BFFF054605B1A8462022002196
:107CC0006068104049405040014307D1022104F14F
:107CD000280006F0AFFF054605B1A846B8F1000F31
:107CE00002D10020BDE8F0810120FBE72DE9F04141
:107CF00004460D4614B90120BDE8F081BD48006876
:107D000000F00F00A8420ED2BA48006820F00F0021
:107D10002843B84908600846006800F00F00A842F0
:107D200001D00120E8E7207800F0040004280ED1FB
:107D3000B1492069096801F07001884207D9AE484D
:107D4000006820F0700021690843AB490860207882
:107D500000F00800082811D1A749091D60690968C9
:107D600001F07001884209D9A348001D006820F085
:107D7000700061690843A049091D0860207800F07F
:107D80001000102811D19C49091DA069096801F44F
:107D9000E061884209D99848001D006820F4E0603D
:107DA000A16908439449091D0860207800F020006B
:107DB000202811D190490831E069096801F070016B
:107DC000884209D98C480830006820F07000E169C9
:107DD0000843894908310860207800F00200022831
:107DE0000ED18549E068096801F00F01884207D982
:107DF0008148006820F00F00E16808437E49086070
:107E0000207800F00100002850D07B48006820F462
:107E10007060A1680843784908606068022807D14B
:107E2000754818380068C0F34040F8B9012063E78E
:107E30006068032807D1704818380068C0F34060B4
:107E4000A0B9012058E76068012807D16A481838AE
:107E50000068C0F3002048B901204DE76648183893
:107E60000068C0F3800008B9012045E7624808387F
:107E7000006820F00700616808435F49083908601E
:107E8000FDF738FE064608E0FDF734FE801B41F2A0
:107E90008831884201D903202EE757480838006806
:107EA00000F038006168B0EBC10FEDD1207800F030
:107EB000020002280ED15049E068096801F00F0164
:107EC000884207D24C48006820F00F00E168084360
:107ED000494908604748006800F00F00A8420ED9E1
:107EE0004448006820F00F002843424908600846D3
:107EF000006800F00F00A84201D00120FCE62078C5
:107F000000F0040004280ED13B492069096801F003
:107F10007001884207D23848006820F0700021695B
:107F2000084335490860207800F00800082811D17E
:107F30003149091D6069096801F07001884209D260
:107F40002D48001D006820F07000616908432A492F
:107F5000091D0860207800F01000102811D1264972
:107F6000091DA069096801F4E061884209D222482C
:107F7000001D006820F4E060A16908431E49091D46
:107F80000860207800F02000202811D11A4908311B
:107F9000E069096801F07001884209D2164808308A
:107FA000006820F07000E169084313490831086057
:107FB00000F0ACF810490968C1F303210F4A515C85
:107FC00001F01F0120FA01F70B48006800F00F00D4
:107FD0001146085C00F01F0027FA00F0084908600D
:107FE0000848076008480068FDF7C6FD804640461F
:107FF00082E600000020005218440258F89C010854
:10800000A4000024A0000024980000243F22026065
:10801000174A126802F007024260154A08321268D5
:1080200002F470628260124A0832126802F00F0293
:10803000C2600F4A0832126802F0700202610C4AF4
:108040000C32126802F070024261094A0C32126866
:1080500002F4E0628261064A1032126802F0700295
:10806000C261044A126802F00F020A607047000001
:10807000104402580020005210B500F047F80D4996
:108080000968C1F303210C4A515C01F01F0120FA79
:1080900001F40848006800F00F001146085C00F089
:1080A0001F0024FA00F005490860054804600846EE
:1080B000006810BD18440258F89C0108A400002470
:1080C000A000002400B5FFF7D7FF05490968C1F3F8
:1080D0000211044A515C01F01F01C84000BD0000BC
:1080E0001C440258F89C010800B5FFF7C5FF05497C
:1080F0000968C1F30221044A515C01F01F01C84024
:1081000000BD00001C440258F89C0108F0B5824EE6
:10811000366806F0380636B1082E15D0102E15D068
:10812000182E7DD114E07C4E103E3668C6F3401602
:1081300046B1794E103E3668C6F3C107774E26FA2F
:1081400007F000E07548E5E07548E3E07548E1E0D8
:10815000714E1836366806F003046F4E18363668CE
:10816000C6F305116C4E1C36366806F001056A4EE2
:1081700024363668C6F3CC0616FB05F601EE106A07
:10818000B8EE410A002971D024B1012C50D0022C44
:108190006DD16DE0604E103E3668C6F340163EB3BA
:1081A0005D4E103E3668C6F3C1075C4E26FA07F3F3
:1081B00001EE103AF8EE411A01EE101AB8EE411A2B
:1081C00081EE812A9FED581AC0EE011A524E2036D8
:1081D0003668C6F3080601EE106AB8EE411A31EEB1
:1081E000811AF7EE001A31EE211A62EE010A1EE042
:1081F00001EE101AB8EE411ADFED4C1A81EE812A19
:108200009FED491AC0EE011A434E20363668C6F378
:10821000080601EE106AB8EE411A31EE811A00E04C
:1082200076E0F7EE001A31EE211A62EE010A5BE009
:1082300001EE101AB8EE411A9FED3D2AC2EE011A66
:108240009FED391A80EE012A334E20363668C6F388
:10825000080601EE106AB8EE411A32EE011AB7EEC6
:10826000002A31EE021A61EE810A3DE04EE01DE087
:1082700001EE101AB8EE411ADFED2E1A81EE812AB6
:108280009FED291AC0EE011A234E20363668C6F338
:10829000080601EE106AB8EE411A31EE811AF7EEC7
:1082A000001A31EE211A62EE010A1DE001EE101AE9
:1082B000B8EE411A9FED1E2AC2EE011A9FED1A1A5E
:1082C00080EE012A144E20363668C6F3080601EE09
:1082D000106AB8EE411A32EE011AB7EE002A31EEFA
:1082E000021A61EE810A00BF00BF0B4E20363668CD
:1082F000C6F34626721C01EE102AB8EE411AC0EEF3
:10830000811ABCEEE11A11EE100A00E0002001E033
:10831000034800BF00BFF0BD104402580090D003D6
:1083200000093D0000366E01000000460024744C38
:108330000024744A001BB74B2DE9F047044614B9DA
:108340000120BDE8F087207800F00100002870D0FF
:10835000F948006800F03808F7481830D0F8009065
:10836000B8F1100F06D0B8F1180F0FD109F00300C3
:1083700002280BD1F04810380068C0F340400028B4
:108380006AD06068002867D10120DAE700BF606822
:10839000B0F5803F08D1E8481038006840F48030DC
:1083A000E549103908602EE0606868B9E248103885
:1083B000006820F48030E049103908600846006801
:1083C00020F4802008601EE06068B0F5A02F0DD179
:1083D000D9481038006840F48020D7491039086027
:1083E0000846006840F4803008600CE0D24810383D
:1083F000006820F48030D0491039086008460068D1
:1084000020F48020086000BF606898B1FDF772FB1F
:10841000054606E0FDF76EFB401B642801D90320EA
:108420008FE7C54810380068C0F340400028F1D0FD
:1084300012E012E0FDF75EFB054606E0FDF75AFB91
:10844000401B642801D903207BE7BB481038006833
:10845000C0F340400028F1D100BF207800F00200B6
:10846000022879D1B448006800F03808B2481830C2
:10847000D0F80090B8F1000F05D0B8F1180F35D141
:1084800009F0030088BBAC4810380068C0F38000D6
:1084900018B1E06808B9012053E7A7481038006810
:1084A00020F01900E1680843A34910390860FDF77E
:1084B00021FB054606E0FDF71DFB401B022801D904
:1084C00003203EE79C4810380068C0F38000002875
:1084D000F1D099480C38006820F0FE40217C40EA39
:1084E000016095490C39086045E0FFE7E06838B362
:1084F00091481038006820F01900E16808438E495F
:1085000010390860FDF7F6FA054606E0FDF7F2FAC5
:10851000401B022801D9032013E787481038006860
:10852000C0F380000028F1D083480C38006820F0A8
:10853000FE40217C40EA01607F490C3908601AE066
:108540007D481038006820F001007B491039086030
:10855000FDF7D0FA054607E00EE0FDF7CBFA401B29
:10856000022801D90320ECE6734810380068C0F3F4
:1085700080000028F1D100BF207800F01000102802
:108580006FD16D48006800F038086B481830D0F89B
:108590000090B8F1080F06D0B8F1180F1CD109F0FF
:1085A0000300012818D1644810380068C0F3002087
:1085B00020B1E069802801D00120C2E600BF5E48FA
:1085C000001F006820F07C5094F8201040EA016001
:1085D0005949091F086043E0E06938B3564810382C
:1085E000006840F08000544910390860FDF782FAB5
:1085F000054606E0FDF77EFA401B022801D903205C
:108600009FE64D4810380068C0F300200028F1D0E4
:1086100000BF4948001F006820F07C5094F82010EB
:1086200040EA01604449091F086019E042481038D7
:10863000006820F08000404910390860FDF75AFAC0
:10864000054606E0FDF756FA401B022801D9032033
:1086500077E6394810380068C0F300200028F1D1CF
:1086600000BF207800F00800082836D16069D0B13A
:1086700031486430006840F001002F4964310860DF
:10868000FDF738FA054606E0FDF734FA401B0228EC
:1086900001D9032055E6284864300068C0F3400043
:1086A0000028F1D019E024486430006820F001006F
:1086B000214964310860FDF71DFA054606E0FDF723
:1086C00019FA401B022801D903203AE61A486430FF
:1086D0000068C0F340000028F1D1207800F02000AD
:1086E000202838D1A069D0B113481038006840F470
:1086F0008050114910390860FDF7FCF9054606E085
:10870000FDF7F8F9401B022801D9032019E60A48B1
:1087100010380068C0F340300028F1D01BE0064854
:108720001038006820F48050034910390860FDF7C4
:10873000E1F9054609E0000010440258FDF7DAF9B6
:10874000401B022801D90320FBE5D0480068C0F394
:1087500040300028F2D1207800F0040004287DD1B8
:10876000CB48006840F48070C9490860FDF7C2F941
:10877000054606E0FDF7BEF9401B642801D9032039
:10878000DFE5C348006800F480700028F2D000BF25
:10879000A068012808D1BD487030006840F0010091
:1087A000BA49703108602DE0A06868B9B7487030E8
:1087B000006820F00100B549703108600846006883
:1087C00020F0040008601DE0A06805280DD1AF4826
:1087D0007030006840F00400AC4970310860084611
:1087E000006840F0010008600CE0A84870300068A4
:1087F00020F00100A549703108600846006820F0AB
:108800000400086000BFA068A0B1FDF773F9054639
:1088100008E0FDF76FF9401B41F28831884201D929
:1088200003208EE5994870300068C0F340000028AE
:10883000EFD013E0FDF75EF9054608E0FDF75AF9C1
:10884000401B41F28831884201D9032079E58F48E5
:1088500070300068C0F340000028EFD1606A002843
:108860007DD08A481030006800F03800182877D092
:10887000606A022875D18548006820F080708349BD
:108880000860FDF737F9054606E0FDF733F9401BB0
:10889000022801D9032054E57C480068C0F34060F9
:1088A0000028F2D100BFD4E90A1041EA001077494C
:1088B0002831096840F2F332914308437349283163
:1088C0000860208E401EC0F30800616B491E4FF403
:1088D0007E4202EA41210843218F491ED20102EA69
:1088E000014108433C21095D491E120202EA01616F
:1088F000084366493031086000BF081F006820F057
:108900000100091F08606148343000684FF6F871B3
:108910008843A16C40EAC1005C49343108605B487F
:108920002C30006820F00C00216C084357492C3192
:1089300008600846006820F00200616C0843534953
:108940002C3108600846006840F480300860084612
:10895000006840F4003008600846006802E092E0D9
:1089600038E01FE040F4802008600846006840F0CE
:10897000010008604548006840F080704349086085
:10898000FDF7B8F8054606E0FDF7B4F8401B0228ED
:1089900001D90320D5E43D480068C0F340600028B9
:1089A000F2D070E03948006820F0807037490860E4
:1089B000FDF7A0F8054606E0FDF79CF8401B0228ED
:1089C00001D90320BDE431480068C0F340600028AD
:1089D000F2D158E02D48283007682C48303006681E
:1089E000606A012821D007F00301A06A81421CD1EE
:1089F000C7F30511E06A884217D1C6F30801206B5E
:108A0000401E814211D1606B401EC6F34621884250
:108A10000BD1A06B401EC6F30641884205D1E06B26
:108A2000401EC6F30661884201D0012089E4174840
:108A300034300068C0F3CC07A06CB84223D0134890
:108A40002C30006820F0010010492C310860FDF73F
:108A500051F8054600BFFDF74DF8401BFBD00B4811
:108A6000343000684FF6F8718843A16C40EAC100C9
:108A700006493431086005482C30006840F0010098
:108A800002492C31086000205BE4000000440258D9
:108A900000480258704700002DE9F05F0446206846
:108AA00007692068D0F8148007EA08052068D0F824
:108AB00008904FF0000A94F88160206800F1300BB4
:108AC00008F40060B0F5006F0ED107F00800082828
:108AD0000AD12068806940F40060216888612046DE
:108AE00000F0FDFABDE8F09F05F0400070B905F018
:108AF000200058B905F00400042807D12046616F12
:108B000088472046216F88474FF0010A05F0400052
:108B100050B905F0010038B105F0040020B9204635
:108B2000216F88474FF0010A05F0200058B905F081
:108B30000200022807D105F0040020B92046616F29
:108B400088474FF0010ABAF1000F00D0CAE705F0DC
:108B50000800082863D12068806940F00800216877
:108B600088612068806940F0100021688861206871
:108B7000806940F40060216888612068006920F005
:108B80000800216808612068806800F4404038BB14
:108B900022E0E0680F2807D92068006B616E08604A
:108BA000606E001D606612E0E068072807D9BBF818
:108BB0000000616E0880606E801C606607E02068BF
:108BC00090F83000616E0870606E401C6066B4F80A
:108BD0006A00401EA4F86A00B4F86A000028D8D1E0
:108BE000204606F0E1F8012084F88100D4F88400E2
:108BF00018B12046FFF74EFF74E7052E03D120463B
:108C000000F0F3FD0AE0042E03D1204600F066FADE
:108C100004E0032E02D1204600F0E6FD62E705F4F1
:108C2000587000287DD005F0400058B1D4F8840079
:108C300040F00400C4F884002068806940F04000DF
:108C40002168886105F4007058B1D4F8840040F0C0
:108C50000100C4F884002068806940F40070216835
:108C6000886105F4807058B1D4F8840040F00800A1
:108C7000C4F884002068806940F4807021688861AD
:108C800005F0200058B1D4F8840040F08000C4F80A
:108C900084002068806940F0200021688861D4F851
:108CA0008400A8B32068006820F0010021680860F3
:108CB0002068006940F26B3188432168086109F43B
:108CC0004040B0F5404F25D12068806820F44040F6
:108CD00021688860E06F60B11348E16F0865E06F5C
:108CE000FAF7AEF828B1D4F8840040F04000C4F898
:108CF0008400A06F60B10C48A16F0865A06FFAF7FF
:108D00009FF828B1D4F8840040F04000C4F88400F3
:108D100006E006E0012084F881002046FFF7BAFE55
:108D2000E0E600BFDEE600007FEE000870B5044616
:108D30000CB9012070BD606A00B900BF0021A162BA
:108D40006349206888420CD062492068884208D074
:108D500061492068884204D0E0680F2801D90120C9
:108D6000E8E7204606F099F8054659492068884208
:108D700009D058492068884205D057492068884260
:108D800001D0082D0DD852492068884207D051499A
:108D90002068884203D050492068884203D1102DB2
:108DA00001D90120C6E794F8810028B9002084F891
:108DB0008000204600F092F8022084F881002068AC
:108DC000006820F00100216808602068806800F4D5
:108DD000F816A069B0F1806F11D16068B0F5800F0E
:108DE00001D1A06B28B1606848B9A06BB0F1805F79
:108DF00005D12068006840F48050216808606068F0
:108E000000F48000B0F5800F0BD1E068072808D38C
:108E10002068006820F48070216D08432168086094
:108E200005E02068006820F4807021680860A16A6D
:108E3000E06908433043E16B0843E1680843216877
:108E40008860616A606B0843A16B0843A1690843AD
:108E50002169084361690843216A0843616808433E
:108E6000E16C0843A1680843A16C0843A16D084365
:108E70002168C860606878B92068806820F4C050B4
:108E800040F40060216888602068806820F4C06039
:108E900040F48060216888602068006D20F0010047
:108EA00021680865606800F48000B0F5800F07D184
:108EB0002068C06820F00040616D08432168C860E8
:108EC0000020C4F88400012084F88100002031E7EC
:108ED0000030014000380040003C004010B5B6B002
:108EE0000446142130A8F8F772F9B82102A8F8F75F
:108EF0006EF97149206888427ED181140020CDE945
:108F00000210199002A8FEF78DF808B1F9F72EFBB0
:108F100000BF6A48006840F480406849086008461D
:108F2000006800F48040019000BF00BF00BF6348AC
:108F30000838006840F004006049083908600846B5
:108F4000006800F00400019000BF00BF00BF0846A9
:108F5000006840F0020008600846006800F0020067
:108F6000019000BF00BF0620309002203190002009
:108F7000329033900520349030A95148FCF7B4FC6E
:108F80004FF4005030900220319000203290339006
:108F90000520349030A94B48FCF7A6FC4A484B49C1
:108FA000086027204860002148488160C1604FF474
:108FB00080610161002141618161C1614FF44031F3
:108FC000016200214162FAF787FE08B1F9F7CEFA93
:108FD00000BF3E48E067846300BF3B4818303C490F
:108FE0000860282048604021394881600021C16024
:108FF0004FF48061016100E01BE00021416181616B
:10900000C1614FF40031016200214162FAF764FE50
:1090100008B1F9F7ABFA00BF2D48A067846300BF21
:10902000002205212420FCF71DFE2420FCF706FE6B
:109030003FE02849206888423BD14FF4804100201E
:10904000CDE902104FF0A0402D9002A8FDF7EAFFF5
:1090500008B1F9F78BFA00BF18480C30006840F0EF
:10906000200016490C3108600846006800F0200016
:10907000019000BF00BF00BF10480838006840F0F2
:1090800001000E49083908600846006800F0010038
:10909000019000BF00BFA02030900220319000203E
:1090A0003290032033900820349030A90A48FCF70E
:1090B0001BFC36B010BD000000380040E8440258E8
:1090C0000008025800040258400002408C4400246A
:1090D00004450024001400580000025870477047EF
:1090E0002DE9F8430446884616461D46206800F1DF
:1090F0002009FCF7FFFC074694F88100012802D004
:109100000220BDE8F883B8F1000F00D00EB90120AD
:10911000F7E700BF94F88000012801D10220F0E7B2
:10912000012084F8800000BF03205C3484F825000F
:109130000020A062C4F80080A680E680A060A08124
:10914000E081A06160615C3CA068B0F5C02F06D1F1
:109150002068006840F400602168086007E020682B
:10916000C06820F4C02040F400302168C860206846
:1091700040686FF30F003043216848602068006842
:1091800040F00100216808606068B0F5800F05D1EB
:109190002068006840F4007021680860E0680F28CB
:1091A00033D92DE02068406900F0020002280CD17C
:1091B000E06D006821680862E06D001DE065B4F8AC
:1091C0006200401EA4F862001AE0FCF793FCC01B8A
:1091D000A84201D3681C00B995B9204605F0E4FD0A
:1091E000D4F8840040F48070C4F88400012084F82E
:1091F000810000BF002084F8800000BF032080E7CA
:10920000B4F862000028CDD1A4E0E068072846D970
:1092100040E02068406900F0020002281FD1B4F845
:10922000620001280ED9E06B60B1E06D0068216832
:109230000862E06D001DE065B4F86200801EA4F8CD
:10924000620027E0E06D0088A9F80000E06D801C56
:10925000E065B4F86200401EA4F862001AE0FCF772
:1092600049FCC01BA84201D3681C00B995B920462F
:1092700005F09AFDD4F8840040F48070C4F88400AE
:10928000012084F8810000BF002084F8800000BF26
:10929000032036E7B4F862000028BAD15AE055E05E
:1092A0002068406900F00200022834D1B4F862005E
:1092B00003280FD9E06B40280CD9E06D00682168C5
:1092C0000862E06D001DE065B4F86200001FA4F8BC
:1092D00062003BE0B4F8620001280ED9E06B60B197
:1092E000E06D0088A9F80000E06D801CE065B4F82E
:1092F0006200801EA4F8620028E0E06D007821681A
:1093000081F82000E06D401CE065B4F86200401E6A
:10931000A4F862001AE0FCF7EDFBC01BA84201D3E1
:10932000681C00B995B9204605F03EFDD4F88400CC
:1093300040F48070C4F88400012084F8810000BFEC
:10934000002084F8800000BF0320DAE6B4F8620051
:109350000028A5D12B46002208212046009705F0C1
:10936000A9FD28B1D4F8840040F02000C4F884009E
:10937000204605F019FD012084F8810000BF00207F
:1093800084F8800000BFD4F8840008B10120B8E65A
:109390000020B6E62DE9FF4F85B004469846129EA0
:1093A000206820300490206800F1300BE06B400909
:1093B000401C80B20290FCF79DFB03904746454657
:1093C00094F88100012803D0022009B0BDE8F08F95
:1093D000069820B1079810B1B8F1000F01D1012013
:1093E000F3E700BF94F88000012801D10220ECE7E8
:1093F000012084F8800000BF052084F8810000204F
:10940000C4F8840007986066A4F86A80A4F86880AD
:109410000698E065A4F86280A4F8608000202067C8
:1094200060672068C06820F4C0202168C860EB49EC
:109430002068884207D0EA492068884203D0E94979
:109440002068884202D14FF0100A01E04FF0080A6C
:10945000206840686FF30F0040EA08002168486008
:109460002068006840F00100216808606068B0F57D
:10947000800F05D12068006840F400702168086002
:10948000E0680F2869D94FEA9A0A61E020684069CC
:1094900000F00200022812D18FB107EB0A00A842A7
:1094A0000DD9E06D006821680862E06D001DE0657F
:1094B000B4F86200401EA4F86200B4F8627020683C
:1094C000D0F814903DB32068406900F0010070B1FD
:1094D0002068006B616E0860606E001D6066B4F805
:1094E0006A00401EA4F86A00B4F86A5030E002989E
:1094F000854211DA09F4004070B12068006B616E9A
:109500000860606E001D6066B4F86A00401EA4F832
:109510006A00B4F86A501BE0FCF7ECFA0399401AB1
:10952000B04201D3701C00B996B9204605F03CFC4E
:10953000D4F8840040F48070C4F88400012084F8DA
:10954000810000BF002084F8800000BF03203CE7BA
:10955000002F9BD1002D99D11EE1E06807287CD90E
:109560004FEA5A0A7AE02068406900F002000228B7
:1095700011D187B107EB0A00A8420CD954F85C0F4F
:109580000188049801802068801C2060E088401ECB
:10959000E080E7885C3C2068D0F81490002D5DD016
:1095A0002068406900F0010068B1BBF8000054F881
:1095B000641F08802068801C2060E088401EE080D6
:1095C000E588643C4AE00298854217DA09F40040D5
:1095D000A0B1BBF8000054F8641F08802068801C0C
:1095E0002060BBF80000216808802068801C206093
:1095F000E088801EE080E588643C2FE0012D10D1DA
:1096000009F4005068B1BBF8000054F8641F0880EA
:109610002068801C2060E088401EE080E588643C73
:109620001CE0FCF767FA0399401AB04201D3701CA2
:1096300000B99EB9204605F0B7FBD4F8840040F489
:109640008070C4F88400012084F8810000BF0020ED
:1096500084F8800000BF0320B7E604E0002F82D129
:10966000002D80D198E092E02068406900F002006F
:10967000022813D197B107EB0A00A8420ED9E06D7A
:109680000078216881F82000E06D401CE065B4F8A6
:109690006200401EA4F86200B4F862702068D0F83E
:1096A0001490002D73D02068406900F0010078B15B
:1096B000206890F83000616E0870606E401C606633
:1096C000B4F86A00401EA4F86A00B4F86A505EE07C
:1096D000029885422ADA09F4004038B3206890F8ED
:1096E0003000616E0870606E401C6066206890F803
:1096F0003000616E0870606E401C6066206890F8F3
:109700003000616E0870606E401C6066206890F8E2
:109710003000616E0870606E401C6066B4F86A00CC
:10972000001FA4F86A00B4F86A5030E0042D12D289
:1097300009F4C04078B1206890F83000616E08707C
:10974000606E401C6066B4F86A00401EA4F86A00AF
:10975000B4F86A501BE0FCF7CDF90399401AB04207
:1097600001D3701C00B996B9204605F01DFBD4F852
:10977000840040F48070C4F88400012084F88100E3
:1097800000BF002084F8800000BF03201DE6002FEA
:109790007FF46AAF002DFBD10398334600220821E5
:1097A0000090204605F086FB28B1D4F8840040F0F4
:1097B0002000C4F88400204605F0F6FA012084F861
:1097C000810000BF002084F8800000BFD4F884002E
:1097D00008B10120F9E50020F7E500000030014064
:1097E00000380040003C004070477047034A126850
:1097F00082430A43014B1A6070470000040400587A
:10980000704770477047000030B502460B4600BFF6
:1098100092F83C00012801D1022030BD012082F8DD
:109820003C0000BF022082F83D00106841681068CB
:109830008468254D1068A84203D0244D1068A842C2
:1098400003D121F470015868014321F070011868B8
:109850000143106841601C4D1068A84223D0106875
:10986000B0F1804F1FD01A4D1068A8421BD0194D7F
:109870001068A84217D0184D1068A84213D0134D95
:109880001068A8420FD0154D1068A8420BD0144D97
:109890001068A84207D0134D1068A84203D0124D9B
:1098A0001068A84205D124F0800498680443106829
:1098B0008460012082F83D0000BF002082F83C0057
:1098C00000BF00BFA9E70000000001400004014004
:1098D0000004004000080040000C00400018004058
:1098E0000040014000E0004000E4004010B50446A4
:1098F0000CB9012010BD94F83D0028B9002084F86F
:109900003C00204600F029F8022084F83D00211D8B
:10991000206805F0F7FB012084F8480000BF84F8B8
:109920003E0001213F2001554020015541200155B5
:10993000422001554320015500BF00BF012084F89B
:10994000440045200155462001554720015500BFE0
:10995000012084F83D000020CCE77047014691F8D3
:109960003D00012801D001207047022081F83D0010
:109970000868C06840F001000B68D860204B086898
:10998000984223D00868B0F1804F1FD01D4B086863
:1099900098421BD01C4B0868984217D01B4B086894
:1099A000984213D01A4B086898420FD0194B086898
:1099B00098420BD0184B0868984207D0174B08689C
:1099C000984203D0164B0868984210D10868806806
:1099D000144B00EA0302062A0FD0B2F5803F0CD0E8
:1099E0000868006840F001000B68186005E008682E
:1099F000006840F001000B6818600020B4E7000028
:109A0000000001400004004000080040000C00403D
:109A100000040140001800400040014000E0004008
:109A200000E4004007000100704770B5044620685C
:109A3000C6682068056905F00200022819D106F001
:109A40000200022815D1401F2168086101202077FB
:109A50002068806900F0030018B12046FFF7E4FF9A
:109A600005E0204600F0FEF8204600F017FA00203E
:109A7000207705F00400042819D106F0040004281A
:109A800015D1C043216808610220207720688069D1
:109A900000F4407018B12046FFF7C6FF05E02046ED
:109AA00000F0E0F8204600F0F9F90020207705F0FA
:109AB0000800082819D106F00800082815D1C0436D
:109AC00021680861042020772068C06900F0030045
:109AD00018B12046FFF7A8FF05E0204600F0C2F8C5
:109AE000204600F0DBF90020207705F01000102858
:109AF00019D106F01000102815D1C0432168086163
:109B0000082020772068C06900F4407018B1204612
:109B1000FFF78AFF05E0204600F0A4F8204600F099
:109B2000BDF90020207705F0010048B106F00100E2
:109B300030B16FF0010021680861204600F06EFA34
:109B400005F08000802804D005F40050B0F5005FD7
:109B50000AD106F08000802806D16FF402502168F7
:109B600008612046FFF74DFE05F48070B0F5807F58
:109B70000AD106F08000802806D16FF48070216839
:109B800008612046FFF73CFE05F04000402809D15F
:109B900006F04000402805D1C043216808612046F6
:109BA00000F048FA05F02000202809D106F0200036
:109BB000202805D1C043216808612046FFF722FE16
:109BC00070BD000010B586B00446142101A8F7F757
:109BD000FEFA2049206888421AD100BF1E4800685A
:109BE00040F002001C4908600846006800F00200CE
:109BF000009000BF00BF022001900290002003905F
:109C000004900220059001A91448FBF76DFE1FE0A7
:109C10001349206888421BD100BF0F48006840F0FC
:109C200002000D4908600846006800F0020000903C
:109C300000BF00BF4FF400400190022002900020BE
:109C4000039004900220059001A90448FBF74CFE04
:109C500006B010BD00040040E04402580004025861
:109C60000018004070472DE9F04104460D461646A5
:109C7000002700BF94F83C00012802D10220BDE873
:109C8000F081012084F83C0000BF0C2E51D005DC8F
:109C90004EB1042E1ED0082E7AD133E0102E60D0A3
:109CA000142EF9D175E02946206805F0B1FA206834
:109CB000806940F00800216888612068806920F090
:109CC0000400216888612068806929690843216847
:109CD000886178E02946206805F0F0FA20688069FC
:109CE00040F40060216888612068806920F4806009
:109CF0002168886120688069296940EA012021681B
:109D0000886160E02946206805F032FB2068C06960
:109D100040F008002168C8612068C06920F0040094
:109D20002168C8612068C069296908432168C86141
:109D300049E02946206805F075FB2068C06940F4B9
:109D400000602168C8612068C06920F480602168D3
:109D5000C8612068C069296940EA01202168C8619A
:109D600031E02946206805F097FB2068406D40F0FF
:109D70000800216848652068406D20F004002168D3
:109D800048652068406D29690843216848651AE0E4
:109D900017E02946206805F0B7FB2068406D40F4C5
:109DA0000060216848652068406D20F4806021686B
:109DB00048652068406D296940EA012021684865AE
:109DC00001E0012700BF00BF00BF002084F83C0075
:109DD00000BF384653E710B504460CB9012010BD4A
:109DE00094F83D0028B9002084F83C00204600F09B
:109DF00029F8022084F83D00211D206805F082F931
:109E0000012084F8480000BF84F83E0001213F2073
:109E10000155402001554120015542200155432064
:109E2000015500BF00BF012084F8440045200155C2
:109E3000462001554720015500BF012084F83D0010
:109E40000020CCE708B5124A016891420DD100BF4D
:109E50001049096841F002010E4A11601146096873
:109E600001F00201009100BF11E00B4A016891422C
:109E70000DD100BF0749096841F04001054A116052
:109E80001146096801F04001009100BF00BF08BD04
:109E900000040040E84402580018004070470000E9
:109EA00070B504460D4615B994F83E0015E0042D32
:109EB00002D13F20005D10E0082D02D14020005D5E
:109EC0000BE00C2D02D14120005D06E0102D02D1E7
:109ED0004220005D01E04320005D012801D0012007
:109EE00070BD1DB9022084F83E001AE0042D03D194
:109EF00002213F20015514E0082D03D1022140200A
:109F000001550EE00C2D03D102214120015508E03E
:109F1000102D03D102214220015502E002214320ED
:109F2000015501222946206805F060F92F49206873
:109F300088420FD02E49206888420BD02D492068D6
:109F4000884207D02C492068884203D02B492068DA
:109F5000884201D1012000E0002028B12068406C37
:109F600040F400402168486420492068884223D09A
:109F70002068B0F1804F1FD02149206888421BD053
:109F800020492068884217D01F492068884213D092
:109F90001749206888420FD01C49206888420BD09E
:109FA00014492068884207D019492068884203D0A4
:109FB00018492068884210D120688068164900EA54
:109FC0000106062E0FD0B6F5803F0CD02068006841
:109FD00040F001002168086005E02068006840F05A
:109FE00001002168086000207AE7000000000140BD
:109FF000000401400040014000440140004801408D
:10A000000004004000080040000C00400018004020
:10A0100000E0004000E400400700010010B50446E5
:10A0200003492068884201D1FBF76AFD10BD00009A
:10A0300000E000407047014600BF91F8840001280D
:10A0400001D102207047012081F8840000BF242044
:10A05000C1F88800086802680868006820F00100FC
:10A060000B68186022F00052002048660868026001
:10A070002020C1F8880000BF002081F8840000BFC4
:10A0800000BFDFE72DE9F04104460E461746D4F83D
:10A090008C00202825D106B117B90120BDE8F08138
:10A0A0000120E066002020673A463146204606F04F
:10A0B00005F805469DB9E06E01280FD110202168F2
:10A0C000086200BF00BF216851E8001F41F0100086
:10A0D000226842E800010029F5D100E00125284668
:10A0E000DCE70220DAE7000070B504460D46664959
:10A0F000206888420BD12A46644920460DF0F4FEC0
:10A100004FF48072614920460DF0F8FEBBE06049D3
:10A110002068884216D10EF089FF5E490860002051
:10A120000AF06AFD01205C4908705C48006818B1BB
:10A130005B485A49096888471922594920460DF059
:10A14000DDFEA0E057492068884205D182155649B6
:10A1500020460DF0D3FE96E05449206888427DD118
:10A16000534800685349884258D0514800685149C3
:10A170001831884252D04E4800684E4930318842EA
:10A180004CD04B4800684B494831884246D048483B
:10A19000006848496031884240D0454800684549D8
:10A1A000783188423AD0424800684249903188422A
:10A1B00034D03F4800683F49A83188422ED03C48FF
:10A1C00000683D49884229D0394800683A49183129
:10A1D000884223D0364800683749303188421DD044
:10A1E0003348006834494831884217D03048006805
:10A1F00031496031884211D02D4800682E497831AC
:10A2000088420BD02A4800682B499031884205D0FB
:10A21000274800682849A831884203D124480068AB
:10A22000406802E0224800684068C0F1800023498D
:10A23000097801EB8111224A02EB4101A1F880006B
:10A240001E48007800EB8010114601EB40061B48C9
:10A250000078401C19490870084600E013E00078B7
:10A26000052190FBF1F201FB120014490870084629
:10A27000007800EB8010124A02EB40018022114866
:10A280000DF03CFE00BF70BD00440040BCF6002451
:10A290000050004034030024300300243C03002419
:10A2A000BCF7002400780040D5F70024001C0140D2
:10A2B000BC4A002410000240100402404003002465
:10A2C000D6F80024D0470024704770B504460D46E8
:10A2D00000BF94F88400012801D1022070BD012044
:10A2E00084F8840000BF2420C4F888002068066831
:10A2F0002068006820F001002168086020688068FC
:10A3000020F06060284321688860204605F062F9EB
:10A31000206806602020C4F8880000BF002084F870
:10A32000840000BF00BFD9E770B504460D4600BFEA
:10A3300094F88400012801D1022070BD012084F826
:10A34000840000BF2420C4F88800206806682068C4
:10A35000006820F00100216808602068806820F013
:10A360006040284321688860204605F033F9206862
:10A3700006602020C4F8880000BF002084F8840014
:10A3800000BF00BFD9E770477047000010B5044612
:10A3900000BF00BF216851E8001F21F490702268BF
:10A3A00042E800010029F5D100BF00BF00BF2168CD
:10A3B000083151E8001F2C4A01EA020021680831E7
:10A3C00041E80002002AF2D100BFE06E01280CD162
:10A3D00000BF00BF216851E8001F21F01000226873
:10A3E00042E800010029F5D100BF2068806800F034
:10A3F0004000402825D100BF00BF2168083151E846
:10A40000001F21F040002168083141E80002002AC5
:10A41000F3D100BFD4F8800098B10020D4F88010A8
:10A420000865D4F88000F8F79DFA50B1D4F88000A0
:10A43000F8F7D2FE202804D11020C4F890000320A1
:10A4400010BD0020A4F85E000F202168086220687B
:10A45000806940F00800216888612020C4F88C00E1
:10A460000020E06600BFEBE7FEFFFFEF10B50446FB
:10A470001948844207D1FFF789FF19221749164866
:10A48000FFF700FE27E01648844208D1FFF77EFF61
:10A490004FF4807213491248FFF7F4FD1BE0124895
:10A4A000844208D1FFF772FF4FF480720F490E48C3
:10A4B000FFF7E8FD0FE00E4884420CD1FFF766FF7E
:10A4C0000C48007800EB80100B4A02EB4001802220
:10A4D0000748FFF7D7FD10BD14460024BCF7002441
:10A4E0003C470024BCF60024A8460024D5F70024ED
:10A4F000D047002440030024D6F800242DE9F0477B
:10A5000004462068C569206806682068876840F6A8
:10A510000F0005EA0009B9F1000F0FD105F0200086
:10A5200060B106F0200010B907F0805030B1606FC4
:10A5300010B12046616F8847BDE8F087B9F1000F80
:10A540007ED0F848384018B9F74830400028F7D096
:10A5500005F0010058B106F4807040B10120216877
:10A560000862D4F8900040F00100C4F8900005F0B3
:10A57000020058B107F0010040B1022021680862D2
:10A58000D4F8900040F00400C4F8900005F00400F6
:10A5900058B107F0010040B1042021680862D4F8E6
:10A5A000900040F00200C4F8900005F0080070B17F
:10A5B00006F0200010B9DB48384040B1082021687F
:10A5C0000862D4F8900040F00800C4F8900005F448
:10A5D000006060B106F0806048B14FF4006021680F
:10A5E0000862D4F8900040F02000C4F89000D4F83D
:10A5F0009000002852D005F0200050B106F0200055
:10A6000010B907F0805020B1606F10B12046616F23
:10A610008847D4F890A02068806800F04000402867
:10A6200002D00AF0280070B3204605F0C5F9206872
:10A63000806800F04000402826D100BF00BF00E045
:10A640002DE02168083151E8001F21F04000216809
:10A65000083141E80002002AF1D100BFD4F880009F
:10A6600068B1B248D4F880100865D4F88000F8F7D3
:10A67000E7FB98B1D4F88000016D88470EE02046D2
:10A68000FFF7F4FE0AE003E02046FFF7EFFE05E0E7
:10A690002046FFF7EBFE0020C4F890004CE7E06E88
:10A6A00001287DD105F01000002879D006F01000B7
:10A6B0000028FAD01020216808622068806800F025
:10A6C000400040286DD1D4F8800000689849884245
:10A6D0006BD0D4F88000006895491831884264D066
:10A6E000D4F8800000689249303188425DD0D4F8B7
:10A6F000800000688E494831884256D0D4F88000E6
:10A7000000688B49603188424FD0D4F880000068DF
:10A7100087497831884248D0D4F88000006884495D
:10A720009031884241D0D4F8800000688049A83137
:10A7300088423AD0D4F8800000687E49884234D0FC
:10A74000D4F8800000687B49183188422DD0D4F8B5
:10A750008000006877493031884226D0D4F88000E4
:10A7600000687449483188421FD0D4F880000068DE
:10A7700070496031884218D0D4F8800000686D4973
:10A780007831884211D0D4F880000068694990314E
:10A7900088420AD0D4F8800000686649A83102E0F7
:10A7A000CAE07BE001E0884204D1D4F88000006870
:10A7B000406803E0D4F88000006840681FFA80F821
:10A7C000B8F1000F58D0B4F85C00404554DDA4F84F
:10A7D0005E80D4F88000C069B0F5807F40D000BFB3
:10A7E00000BF216851E8001F21F48070226842E810
:10A7F00000010029F5D100BF00BF00BF216808316A
:10A8000051E8001F21F001002168083141E80002F1
:10A81000002AF3D100BF00BF00BF2168083151E812
:10A82000001F21F040002168083141E80002002AA1
:10A83000F3D100BF2020C4F88C000020E06600BFE8
:10A8400000BF216851E8001F21F01000226842E893
:10A8500000010029F5D100BFD4F88000F8F782F894
:10A8600002202067B4F85C00B4F85E20801A81B240
:10A870002046FFF739FC10E0B4F85C0040450CD1ED
:10A88000D4F88000C069B0F5807F06D1022020672F
:10A89000B4F85C102046FFF727FC4DE634F85C0F57
:10A8A0006188401A1FFA80F860885C3CC8B3B8F130
:10A8B000000F36D000BF00BF216851E8001F21F40F
:10A8C0009070226842E800010029F5D100BF00BF66
:10A8D00000BF2168083151E8001F124AD24301EA43
:10A8E00002002168083141E80002002AF1D100BFCE
:10A8F0002020C4F88C000020E066606700BF00BF25
:10A90000216851E8001F21F01000226842E8000190
:10A910000029F5D100BF0220206741462046FFF7FD
:10A92000E3FB09E601000010200100040FF8000815
:10A93000100002401004024005F4801050B107F4EA
:10A94000800038B14FF48010216808622046FFF77C
:10A950001BFDF1E505F0800058B106F0800010B94C
:10A9600007F4000028B1A06F10B12046A16F8847FE
:10A97000E2E505F0400030B106F0400018B1204695
:10A9800005F050F8D8E505F4000030B106F080403D
:10A9900018B12046FFF7F7FCCEE505F0807030B126
:10A9A00006F0004018B12046FFF78EFCC4E500BF5A
:10A9B000C2E510B504460CB9012010BDA06900B174
:10A9C00000E000BFD4F8880028B9002084F8840093
:10A9D000204600F02BF82420C4F888002068006886
:10A9E00020F0010021680860A06A10B1204604F040
:10A9F0001DFE204605F04EF8012800D1DDE7206855
:10AA0000406820F49040216848602068806820F009
:10AA10002A00216888602068006840F001002168F1
:10AA20000860204604F07EFEC7E7000010B5B6B00F
:10AA30000446142130A8F6F7CAFBB82102A8F6F79D
:10AA4000C6FBFE492068884277D102210020CDE96B
:10AA500002101F9002A8FCF7E5FA08B1F7F786FD8F
:10AA600000BFF748006840F48010F54908600846C8
:10AA7000006800F48010019000BF00BF00BFF048E4
:10AA80000838006840F00400ED49083908600846BD
:10AA9000006800F00400019000BF00BF00BF08463E
:10AAA000006840F0080008600846006800F00800F0
:10AAB000019000BF00BF4FF48050309002203190D1
:10AAC0000020329033900820349030A9DD48FAF706
:10AAD0000BFF042030900220319000203290339000
:10AAE0000820349030A9D848FAF7FEFED748D84954
:10AAF0000860412048600021D5488160C1604FF462
:10AB000080610161002141618161C1610162416235
:10AB1000F9F7E2F808B1F7F729FD00BFCC48C4F80F
:10AB20008000846300BF002205213520FBF79AF8DE
:10AB30003520FBF783F8B2E1FFE7C6492068884279
:10AB40007BD102210020CDE902101F9002A8FCF762
:10AB500069FA08B1F7F70AFD00BFB948006840F08C
:10AB60008040B74908600846006800F080400190C6
:10AB700000BF00BF00BFB2480838006840F01000B6
:10AB8000AF49083908600846006800F010000190DD
:10AB900000BF00BF4FF4C070309002203190002001
:10ABA000329033900720349030A9AB48FAF79CFEDE
:10ABB000A6483030A94908604F2048600021A748C6
:10ABC0008160C1604FF48061016100214161816158
:10ABD000C16101624162F9F77FF808B1F7F7C6FC7D
:10ABE00000BF9E48C4F88000846300BF9C489D4914
:10ABF00008605020486040219A4881600021C1606F
:10AC00004FF480610161002141618161C161016294
:10AC10004162F9F761F808B1F7F7A8FC00BF914865
:10AC2000E067846300BF002205215220FBF71AF879
:10AC30005220FBF703F832E1FFE78B492068884296
:10AC40007BD102210020CDE902101F9002A8FCF761
:10AC5000E9F908B1F7F78AFC00BF7948006840F4C9
:10AC60000030774908600846006800F40030019021
:10AC700000BF00BF00BF72480838006840F00800FD
:10AC80006F49083908600846006800F00800019024
:10AC900000BF00BF60203090022031900020329031
:10ACA00033900720349030A96748FAF71DFE6748B3
:10ACB00018386E4908602B20486000216B4881607D
:10ACC000C1604FF480610161002141618161C16116
:10ACD00001624162F9F700F808B1F7F747FC00BFDD
:10ACE0006248C4F88000846300BF58481830604947
:10ACF00008602C20486040215D4881600021C160CF
:10AD00004FF480610161002141618161C161016293
:10AD10004162F8F7E1FF08B1F7F728FC00BF54489B
:10AD2000E067846300BF002205212620FAF79AFF1E
:10AD30002620FAF783FFB2E0FFE74E4920688842F9
:10AD4000F9D101200021CDE902010020209002A8C4
:10AD5000FCF768F908B1F7F709FC00BF384808307C
:10AD6000006840F0800036490831086008460068F5
:10AD700000F08000019000BF00BF00BF30480838DD
:10AD8000006840F010002E49083908600846006845
:10AD900000F01000019000BF00BF0420309002209E
:10ADA00031900020329033900420349030A92A480A
:10ADB000FAF79AFD0820309002203190002032905E
:10ADC00033900B20349030A92348FAF78DFD2448A6
:10ADD00018302949086076204860002126488160A3
:10ADE000C1604FF480610161002141618161C161F5
:10ADF00001624162F8F770FF08B1F7F7B7FB00BFD7
:10AE00001D48C4F88000846300BF154830301B49DA
:10AE10000860772048604021184881600021C160A7
:10AE20004FF480610161002141618161C161016272
:10AE30004162F8F751FF00B122E023E000500040EA
:10AE4000E844025800080258000C025888000240EA
:10AE5000644800240078004000100258DC480024B8
:10AE6000100402405449002400440040CC4900240E
:10AE7000444A0024001C0140BC4A0024344B0024F6
:10AE8000F7F774FB00BF0748E067846300BF002248
:10AE900005219C20FAF7E6FE9C20FAF7CFFE36B09B
:10AEA00010BD0000344B00247047704770B5044655
:10AEB0000E461546D4F8880020283FD106B10DB9BA
:10AEC000012070BD44F8506FA580E580002020640B
:10AED0002120A063E06A503CE0B11948E16FC863EB
:10AEE0001848E16F08641848E16FC8640020E16FFA
:10AEF0000865236803F128022B46216DE06FF9F7FE
:10AF000075F938B11020C4F890002020C4F88800EA
:10AF10000120D6E740202168086200BF00BF2168F9
:10AF2000083151E8001F41F080002168083141E8F4
:10AF30000002002AF3D100BF0020C2E70220C0E7D0
:10AF400055F90008A9F9000823F800080B4A016820
:10AF5000914203D101210A4A11700EE0094A0168A9
:10AF6000914203D10121084A117006E0074A0168A5
:10AF7000914202D10121064A1170704700440040FD
:10AF800039030024007800403A030024001C0140EB
:10AF90003B0300247047000070B504460020207475
:10AFA000A37B484D2D8803FB05F26168D4F8F400BB
:10AFB000F6F7B1F8A27B434B1B8802FB03F16068F4
:10AFC000F6F705F9A27B3F4B1B885A43A37B02FB94
:10AFD00003F1D4F81801F6F7FAF8227B394B1B88F5
:10AFE0005A43A37B02FB03F1D4F80C01F6F7EFF808
:10AFF000002031E0D4F8F41001EB800191ED000A5B
:10B00000B5EEC00AF1EE10FA24D0D4F8F41001EB3A
:10B01000800191ED000A227CD4F8F41001EB82014A
:10B0200081ED000A227C616A8854A16901EB8001EC
:10B0300091ED000A6169095C227B237C12FB0311FC
:10B04000491ED4F80C2102EB810181ED000A217C1C
:10B05000491C2174411CC8B2A17B8142CADC00207A
:10B0600011E0626A125CE16901EB820191ED000A74
:10B07000227C00FB0202D4F8181101EB820181ED61
:10B08000000A411CC8B2217C8142EADC207CA4F881
:10B090007800217B7A200153207BA4F88000217C5A
:10B0A00082200153207CA4F89000217C922001533F
:10B0B000207BA4F89800217C9A200153207CA4F8DE
:10B0C000480070BD3C06002400BFFEE770B52DEDC2
:10B0D000088B86B004460D461646D4ED040ACD48CA
:10B0E00090ED001A70EEC10AB0EE600A0AF0B9FAEB
:10B0F000DFEDC90AB4EEE00AF1EE10FA26DCD4ED79
:10B10000050AC64890ED001A70EEC10AB0EE600A5A
:10B110000AF0A7FADFEDC00AB4EEE00AF1EE10FA89
:10B1200014DCD4ED060ABE4890ED001A70EEC10A98
:10B13000B0EE600A0AF095FADFEDB70AB4EEE00A65
:10B14000F1EE10FA02DC207800287DD094ED040A9C
:10B15000DFEDB40A80EE201AB0EE41BAB0EE4B0A31
:10B16000F5F7ACF9F0EE408A94ED050ADFEDAD0A93
:10B1700080EE201AB0EE41BAB0EE4B0AF5F79EF918
:10B18000F0EE40AA94ED060ADFEDA60A80EE201A42
:10B19000B0EE41BAB0EE4B0AF5F790F9B0EE409A36
:10B1A00094ED040ADFED9F0A80EE201AB0EE41BA5A
:10B1B000B0EE4B0AF5F7BEF9B0EE40AA94ED050AE1
:10B1C000DFED980A80EE201AB0EE41BAB0EE4B0ADD
:10B1D000F5F7B0F9F0EE409A94ED060ADFED910A2A
:10B1E00080EE201AB0EE41BAB0EE4B0AF5F7A2F9A4
:10B1F000B0EE408A68EE890A2AEE291AB0EE480AB3
:10B2000041EE000A8848C0ED000A2AEE8A0A874803
:10B2100080ED000AB0EE480A28EE800A69EE0A0ABC
:10B2200000EEE90A824880ED000A68EEA90AB0EE55
:10B23000480A20EE800A09EE4A0A7E4880ED000A9C
:10B2400028EEAA0A7C4800E021E080ED000AF1EE39
:10B250004A0AB0EE480A20EE800A68EE890A00EE3B
:10B26000E90A764880ED000AF1EE6A0AB0EE480A73
:10B2700020EE800A724880ED000A7248C0ED009A04
:10B280002AEE890A704880ED000A00202070002014
:10B2900011E005EB800191ED000A211D01EB800119
:10B2A000D1ED000A20EE200A03A901EB800181ED17
:10B2B000000A411CC8B20328EBDB9DED030A5A4883
:10B2C000D0ED000A20EE200ADDED040A574890ED8B
:10B2D000001A01EE200ADDED050A554890ED001A2E
:10B2E00001EE200A85ED000A9DED030A5148D0EDDC
:10B2F000000A20EE200ADDED040A4F4890ED001A06
:10B3000001EE200ADDED050A4C4890ED001A01EE31
:10B31000200A85ED010A9DED030A4948D0ED000A97
:10B3200020EE200ADDED040A464890ED001A01EEF9
:10B33000200ADDED050A444890ED001A01EE200ACE
:10B3400085ED020A00200AE006EB800191ED000A7B
:10B35000694601EB800181ED000A411CC8B2032857
:10B36000F2DB9DED000A3048D0ED000A20EE200A05
:10B37000DDED010A2D4890ED001A01EE200ADDED09
:10B38000020A2B4890ED001A01EE200A86ED000A11
:10B390009DED000A2748D0ED000A20EE200ADDEDE1
:10B3A000010A254890ED001A01EE200ADDED020A9F
:10B3B000224890ED001A01EE200A86ED010A9DED6B
:10B3C000000A1F48D0ED000A20EE200ADDED010A38
:10B3D0001C4890ED001A01EE200ADDED020A1A4821
:10B3E00090ED001A01EE200A86ED020A94ED040A9F
:10B3F000084880ED000A94ED050A084880ED000A2F
:10B4000094ED060A064880ED000A06B0BDEC088BF4
:10B4100070BD0000040200246F12833A0802002469
:10B420000C020024E12E65421002002414020024C4
:10B43000180200241C0200242002002424020024FC
:10B44000280200242C0200243002002410B50446F7
:10B4500054F8EC0F90ED000A834880ED000A206854
:10B4600090ED010A814880ED000A206890ED020A03
:10B470007F4880ED000A54F8EC0990ED030A7D48FE
:10B4800080ED000A7848D0ED000A60EEA00A774807
:10B4900090ED001AD0ED001A41EE210A744890EDAB
:10B4A000001AD0ED001A41EE210A724890ED001A00
:10B4B000D0ED001A41EE210AB0EE600A0AF094FFC6
:10B4C0006D4880ED000A002012E0D4F8EC1001EB8A
:10B4D000800191ED000A6849D1ED000A20EE200AB2
:10B4E000D4F8EC1001EB800181ED000A411CC8B2D8
:10B4F0000428EADB614890ED6F0A5C48D0ED000A51
:10B5000020EE200AF0EE000A80EE201AF834A0683F
:10B5100080ED041A594890ED6F0A5548D0ED000AA5
:10B5200020EE200AF0EE000A80EE201AA06880EDDE
:10B53000051A524890ED6F0A4B48D0ED000AF1EE23
:10B54000600A20EE200AF0EE000A80EE201AA068C1
:10B5500080ED0A1A494890ED6F0A4648D0ED000A7E
:10B5600020EE200AF0EE000A80EE201AA06880ED9E
:10B570000B1A424890ED6F0A3E48D0ED000AF1EEFA
:10B58000600A20EE200AF0EE000A80EE201AA06881
:10B5900080ED101A394890ED6F0A3348D0ED000A5B
:10B5A000F1EE600A20EE200AF0EE000A80EE201A8A
:10B5B000A06880ED111A314890ED6F0A2C48D0ED4B
:10B5C000000A20EE200AF0EE000A80EE201AA068A1
:10B5D00080ED161A294890ED6F0A2448D0ED000A34
:10B5E000F1EE600A20EE200AF0EE000A80EE201A4A
:10B5F000A06880ED171A206890ED1C0A1F48D0ED56
:10B60000740A80EE201A206880ED1C1A206890EDE4
:10B61000230A1A48D0ED740A80EE201A206880EDC3
:10B62000231A54F8F80990ED1C0ADFED150AB4EE60
:10B63000E00AF1EE10FA05DD9FED110AD4F8F800EA
:10B6400080ED1C0AD4F8F80090ED230ADFED0C0A17
:10B65000B4EEE00AF1EE10FA05DD9FED090AD4F828
:10B66000F80080ED230A10BDE0060024E406002463
:10B67000E8060024EC060024F0060024F0FE002476
:10B6800000401C4610B52DED068BF0EE408AB0EE62
:10B6900060AAB0EE419AB0EE618AF0EE429A0120C3
:10B6A0003A4908700846C0ED6C8A80ED6DAA80EDBD
:10B6B0006E9A9FED370A80ED730A002081F83801F9
:10B6C0000A46C2F84001C2F844010021C2F84811FC
:10B6D000C2F84C11B7EE000AB4EEC08AF1EE10FACF
:10B6E00003DDB7EE000AB0EE408A284880ED748A88
:10B6F000C0ED649A032300220621001D01F07CFAAC
:10B70000244B01221146A3F10800F4F7D1FFB7EE54
:10B71000000A1E48D0F8EC0080ED000A9FED1E0ADA
:10B720001A48D0F8EC0080ED010A9FED1B0A17487B
:10B73000D0F8EC0080ED020A9FED170A1348D0F80C
:10B74000EC0080ED030A15491048C0F8D0101449E8
:10B75000C0F8D4101349C0F8D8101349C0F8DC1051
:10B76000012180F82E1080F82F1001469022D1F888
:10B7700004010E49F5F7CFFC04499022D1F8FC00F2
:10B780000B49F5F7C8FCBDEC068B10BDF0FE00249C
:10B7900077CC2B32B800012400000000B5B70008B8
:10B7A0004DB40008E9B700083DBF0008B49D01088A
:10B7B0004006002410B5044654F8F81F90220748AC
:10B7C000F5F7A9FC48220648616AF5F7A4FC61690F
:10B7D000F83C48220348F5F79EFC10BD40060024C3
:10B7E000D00001241801012410B5044654F8EC0FD0
:10B7F00090ED000AF0EE000A20EE200A3F4880EDAE
:10B80000000A206890ED010AF0EE000A20EE200AFE
:10B810003B4880ED000A206890ED020AF0EE000A35
:10B8200020EE200A374880ED000A206890ED030AD8
:10B83000F0EE000A20EE200A334880ED000A14F8EA
:10B84000DE2C324B1B885A4314F8E03C02FB03F118
:10B85000206AF5F7BCFC2B4890ED000AB1EE400AD7
:10B86000206A80ED000A284890ED000A206A80EDE9
:10B87000010A224890ED000AB1EE400A206A80EDEC
:10B88000020A1F4890ED000A206A80ED030A1C4856
:10B8900090ED000A206A80ED060A184890ED000A33
:10B8A000206A80ED070A184890ED000A206A80EDB2
:10B8B000080A144890ED000A206A80ED090A0F4832
:10B8C00090ED000A206A80ED0C0A0D4890ED000A08
:10B8D000B1EE400A206A80ED0D0A0A4890ED000A98
:10B8E000B1EE400A206A80ED0E0A074890ED000A8A
:10B8F000206AEC3C80ED0F0A10BD0000F406002425
:10B90000F8060024FC060024000700243C0600245E
:10B9100010B52DED088BB0EE40ABB0EE41BAF0EEB5
:10B92000618AB0EE429BB0EE438AFE48007858B977
:10B930009FEDFD2AF7EE001A9FEDFC1ADFEDFC0AE1
:10B94000B2EE040AFFF79EFEF64880ED6F8A90ED96
:10B95000580A3AEE400A80ED5B0A90ED590A3AEE39
:10B96000C00A80ED5C0A90ED5A0A3BEE400A80ED79
:10B970005D0A90ED5B0AF6EE000A20EE200A20EE4A
:10B98000080AEC4880ED000AE64890ED5C0AF6EE05
:10B99000000A20EE200A20EE080AE74880ED000A9F
:10B9A000E04890ED5D0AF6EE000A20EE200A20EE57
:10B9B000080AE24880ED000ADA499022D1F8040131
:10B9C000DF49F5F7A8FBDB4890ED000AB1EE400A2D
:10B9D000D448D0F8040180ED010AD74890ED000A60
:10B9E000B1EE400ACF48D0F8040180ED020AD348F6
:10B9F00090ED000AB1EE400ACA48D0F8040180ED8B
:10BA0000030ACC4890ED000AC648D0F8040180ED46
:10BA1000060ACA4890ED000AC248D0F8040180ED39
:10BA2000080AC54890ED000AB1EE400ABD48D0F8BA
:10BA3000040180ED090AC04890ED000AB948D0F829
:10BA4000040180ED0C0ABD4890ED000AB1EE400AF9
:10BA5000B448D0F8040180ED0D0AB64890ED000A14
:10BA6000B048D0F8040180ED0F0AB44890ED000A08
:10BA7000AC48D0F8040180ED120AAF4890ED000AFE
:10BA8000A848D0F8040180ED130AAA4890ED000AF6
:10BA9000B1EE400AA348D0F8040180ED140AA14891
:10BAA000D0F84811D0F84C010023594058400143C8
:10BAB00006D19C48C0ED5E8A80ED5F9AC0ED609A29
:10BAC000984890ED5E0AD0ED640A60EE200A90ED91
:10BAD0006F0A90ED641A30EE011A80EE810AD0ED03
:10BAE0006F0A90ED641A70EE810A90ED6F1A21EEE4
:10BAF000281AC1EE201A30EE210A80ED5E0A90ED80
:10BB00005F0AD0ED640A60EE200A90ED6F0A90EDB6
:10BB1000641A30EE011A80EE810AD0ED6F0A90EDC2
:10BB2000641A70EE810A90ED6F1A21EE091AC1EEC7
:10BB3000201A30EE210A80ED5F0A90ED600AD0ED08
:10BB4000640A60EE200A90ED6F0A90ED641A30EE00
:10BB5000011A80EE810AD0ED6F0A90ED641A70EE42
:10BB6000810A90ED6F1A21EE291AC1EE201A30EEEB
:10BB7000210A80ED600AD0ED5E0A60EEA00A90ED29
:10BB80005F1AD0ED5F1A41EE210A90ED601AD0EDF8
:10BB9000601A41EE210AB0EE600A0AF025FC6948FD
:10BBA00080ED000A002011E0674901EB800191ED72
:10BBB000000A6449D1ED000A20EE200A594989683B
:10BBC00001EB800181ED000A411CC8B20328EBDBC8
:10BBD0005448D0ED5B0A60EEA00A90ED5C1AD0EDFF
:10BBE0005C1A41EE210A90ED5D1AD0ED5D1A41EE2E
:10BBF000210AB0EE600A0AF0F7FBF7EE000A80EEC9
:10BC0000801A484880ED651A4E4890ED000AF7EE1C
:10BC1000000A80EE801A434880ED661A90ED650AAE
:10BC2000DFED4A0AB4EEE00AF1EE10FA16D290ED1A
:10BC3000660ADFED470AB4EEE00AF1EE10FA0DDD18
:10BC400090ED660ADFED430AB4EEE00AF1EE10FA79
:10BC500004D20120334981F8390103E00020314941
:10BC600081F839012F4890ED6C0AD0ED6F0A20EE73
:10BC7000200AD0F8180180ED000A2A4890ED6C0ADD
:10BC8000D0ED6F0A20EE200AD0F8180180ED070AE7
:10BC9000244890ED6C0AD0ED6F0A20EE200AD0F80F
:10BCA000180180ED0E0A1F4890ED6C0AD0ED6F0A66
:10BCB00020EE200AD0F8180180ED150A194890ED01
:10BCC0006D0AD0ED6F0A20EE200AD0F8180180ED41
:10BCD0001C0A144890ED6D0AD0ED6F0A20EE200A80
:10BCE000D0F8180180ED230A0E4890ED6E0AD0F8C6
:10BCF0001C0180ED000A0B4890ED6E0AD0F81C0183
:10BD000080ED040A074890ED6E0AD0F81C0180ED22
:10BD1000080A0448001D01F0EFFB0248406890ED5E
:10BD2000000A19E0F0FE0024000000008096184B85
:10BD30006F12833AD0060024D4060024D8060024CB
:10BD4000B49D0108DC060024680001249A99993EFC
:10BD5000CDCC1441CDCC2441734880ED540A4068C9
:10BD600090ED010A704880ED550A406890ED020A96
:10BD70006D4880ED560A406890ED030A6A4880EDF0
:10BD8000570A406890ED040A674880ED580A4068F9
:10BD900090ED050A644880ED590A1FED1D0A80EDFB
:10BDA0005A0A90ED541A21EE011AD0ED551A90ED71
:10BDB000552A01EE821AF7EE001AB0EE002A52EE72
:10BDC000011AF0EE610A90ED541AD0ED571A21EEE7
:10BDD000211AD0ED551A90ED562A01EE821AF0EE96
:10BDE000001A21EE211AB0EE410A07F087F8DFEDC4
:10BDF0004F0A20EE200A4C4880ED6A0A90ED541A52
:10BE000021EE011AD0ED571A90ED572A01EE821A51
:10BE1000F7EE001AB0EE002A52EE011AF0EE610AB7
:10BE200090ED541AD0ED551A21EE211AD0ED561A84
:10BE300090ED572A01EE821AF0EE001A21EE211A37
:10BE4000B0EE410A07F05AF8DFED380A20EE200A7A
:10BE5000354880ED690AD0ED550A90ED571A60EE2D
:10BE6000810A90ED541AD0ED561A41EE610AB8EEEF
:10BE7000001A60EE810AB0EE600A06F0A3FFDFED63
:10BE80002B0A20EE200A284880ED680A90ED6A0A05
:10BE9000D0ED760A30EE600ADFED250AB4EEE00A56
:10BEA000F1EE10FA07DDB0F8D401401E00B21E49D1
:10BEB000A1F8D40114E01C4890ED6A0AD0ED760A8E
:10BEC00030EE600ADFED1B0AB4EEE00AF1EE10FA84
:10BED00006D2B0F8D401401C00B21349A1F8D40135
:10BEE000114890ED6A0AB0F9D40100EE900AF8EE1C
:10BEF000E00A9FED111A01EE200A0B4880ED6B0A53
:10BF000090ED6A0A80ED760AD0F84821D0F84C010D
:10BF1000521C40F100000449C1F84821C1F84C010D
:10BF2000BDEC088B10BD0000F0FE0024E12E654240
:10BF300000003443000034C30000B44370B52DED5D
:10BF4000028B044604F1800104F17800F4F76EFFDF
:10BF500084F8C800B4F87800A4F8A8005A20015B5F
:10BF6000AA20015304F1A80204F1580104F1780059
:10BF7000F4F73AFE84F8C800B4F8A800A4F8B000BA
:10BF80008220015BB220015304F1B00204F1800170
:10BF900004F1A800F4F728FE84F8C800B4F8900073
:10BFA000A4F8A0009220015BA220015304F1A0029A
:10BFB00004F1900104F1B000F4F7F6FA84F8C80037
:10BFC00004F1B00104F1A000F4F776FBAC34207763
:10BFD000206C90ED000AFE4880ED000A206C90ED88
:10BFE000010AFC4880ED000A206C90ED020AFA4834
:10BFF00080ED000A206C90ED030AF84880ED000AFD
:10C0000034F8340CA081AC3C0121BA200153F14832
:10C0100090ED000AF148D0ED000A20EE200AEC482D
:10C02000D0ED000AEC4890ED001A00EEC10AF0EEE7
:10C03000000A20EE200AD4F82C0180ED000AE44822
:10C0400090ED000AE348D0ED000A20EE200AE24815
:10C05000D0ED000AE14890ED001A00EE810AF0EE02
:10C06000000A20EE200AD4F82C0180ED010AD848FD
:10C0700090ED000A20EE000AD648D0ED000A90EDBF
:10C08000001A00EEC10AD448D0ED000A90ED001A63
:10C0900000EEC10AD148D0ED000A90ED001A00EE82
:10C0A000810AD4F82C0180ED020A002514E0D4F8AE
:10C0B0002C0100EB850090ED000AF0EEC00AB0EE16
:10C0C000608AB0EE480A06F0EBFDC54800EB85003B
:10C0D00080ED000A681CC5B2032DE8DBB4F8480007
:10C0E000A4F8C0000121C220015304F1C00204F1F0
:10C0F000B80104F14800F4F715FE84F8C800B4F85C
:10C10000C000A4F8A8000121AA20015304F1A8024C
:10C1100004F1C00104F1B000F4F766FDB8342074F6
:10C12000012020802189B83CBA20015304F1B801D4
:10C1300004F1C000F4F77AFE84F8C800A84A3C3243
:10C1400004F1A80104F1B800F4F74EFD84F8C8002A
:10C15000A44890ED720AD0ED730AB6EE001A60EEB4
:10C16000810AB4EEE00AF1EE10FA03D201209D49F3
:10C1700081F838019B4890ED720AD0ED730AB4EE55
:10C18000E00AF1EE10FA45DD90F83801002841D0C0
:10C19000944890F8390168B19248D0F84031D0F80D
:10C1A0004401591C40F100008E4AC2F84011C2F807
:10C1B000440105E000208B4AC2F84001C2F8440166
:10C1C000884800F5A0700CC80020D2F132019841D7
:10C1D00006D20020834981F8380184F82C0049E018
:10C1E000237B814D2D8803FB05F2D4E93A01F4F756
:10C1F00092FF237B7C4D2D886B43257B03FB05F24F
:10C20000D4E93E01F4F787FF012084F82C00BDEC4F
:10C21000028B70BD734890ED720AD0ED730A9FEDEA
:10C22000731A60EE810AB4EEE00AF1EE10FA14DD42
:10C2300090F8380188B16B4890ED730AD0ED720A1E
:10C2400030EE600AD0ED730A9FED691A60EE810A44
:10C2500080EE201A80ED671A04E0B7EE000A61480C
:10C2600080ED670A00205F4AC2F84001C2F844012D
:10C2700084F82C00B4F85800A4F8A8008220015BD0
:10C28000AA20015304F1A80204F1800104F158002E
:10C29000F4F7AAFC84F8C80004F1980204F1B00194
:10C2A00004F1A800F4F7A0FC84F8C800002012E014
:10C2B000D4F81C1101EB800191ED000A4949D1ED40
:10C2C000670A20EE200AD4F81C1101EB800181EDF1
:10C2D000000A411CC8B2B4F898109A22125B51436C
:10C2E0008142E5DC042025E000211FE0021F3C4BD9
:10C2F00003EB820292ED000ADFED3E0A80EE201A87
:10C3000000EB40030B44D4F81C2102EB830292EDB6
:10C31000000A21EE000A00EB40030B44D4F81C2174
:10C3200002EB830282ED000A4A1CD1B20329DDDB55
:10C33000411CC8B20628D7DBB4F89800A4F8B800AE
:10C340000121BA20015304F1B80204F1C00104F143
:10C350009800F4F749FC84F8C800224890F83801A6
:10C36000A0B3042058E0BC21095901EB800191EDF4
:10C37000000A1C49D1ED6F0A9FED1F1A60EE810A79
:10C38000B4EEE00AF1EE10FA0BDD91ED6F0ADFED8D
:10C390001A0A20EE200ABC21095901EB800181ED27
:10C3A000000ABC21095901EB800191ED000A0D49F9
:10C3B000D1ED6F0A9FED111A60EE810AB4EEE00A2A
:10C3C000F1EE10FA26D291ED6F0A19E026E0000096
:10C3D00004070024080700240C0700241007002489
:10C3E00074000124F0FE00243C060024CDCCCC3D9A
:10C3F0006666663FDA0FC93F0AD7233C0AD723BCDB
:10C400005FED020A20EE200ABC21095901EB8001F0
:10C4100081ED000A411CC8B20628A4DB9FED080A82
:10C42000BC20005980ED030A04F1300204F1B80188
:10C4300004F13800F4F7B8F884F8C80000BFE6E665
:10C440000000000010B52DED028B1548D0ED060A56
:10C45000B0EE600A1348D0ED000A134801F0FFFF68
:10C460001148406B00EE100A09F040F900EE100A86
:10C47000B8EEC00AB0EE408A9FED0C1ADFED0C0A50
:10C4800009F01EF9BCEEC00A10EE100A84B2224672
:10C490000C21084803F070F8BDEC028B10BD0000C1
:10C4A000ECF10024F001002440F100240000804F52
:10C4B000000000007C45002410B5B7EE000A2C48AF
:10C4C00080ED010AB7EE000A80ED020AB7EE000A1D
:10C4D00080ED030A9FED270A80ED040A9FED250AEF
:10C4E00080ED050A9FED230A80ED060A0120204910
:10C4F00008709FED202AF7EE001A9FED1F1ADFED5E
:10C500001F0AB2EE040AFFF7BDF800221146DFED64
:10C51000194A9FED184ADFED173A9FED163ADFED05
:10C52000152AB3EE042ADFED161A9FED121ADFED7D
:10C53000140A9FED140A144802F0F8F80C2113486D
:10C54000FDF7AEFC9FED120A124880ED100A9FED38
:10C55000090A80ED210A00200E49A1F888009FED0C
:10C56000050A084680ED230A002081F8900010BDDE
:10C5700024F10024000000008096184B6F12833ACB
:10C58000000096430000484440F100247C4500240C
:10C5900096430B3C90F0002430B52DED028B87B014
:10C5A000FE4A07CA04AB07C3FD48F5F7D3FEFD48B2
:10C5B00080ED000A90ED000AB5EEC00AF1EE10FA27
:10C5C0000FD990ED000ADFEDF80AB4EEE00AF1EEC3
:10C5D00010FA06DC90ED000AB4EE400AF1EE10FA13
:10C5E00008D0F2480068401CF049086007B0BDEC74
:10C5F000028B30BDEE4890ED000AEA48D0ED000A0B
:10C6000030EE200AEA4880ED000A00BFE94AA2F1B4
:10C610000C01A1F10C00F5F723F8012500241FE01F
:10C62000E4480C3800EB840090ED000AB4EE400AB8
:10C63000F1EE10FA10D1DF480C3800EB8400D0ED99
:10C64000000AB0EE600A09F00CF8DFEDDB0AB4EE88
:10C65000E00AF1EE10FA01DD002503E0601CC4B22F
:10C66000032CDDDB00BF25B300241FE0D1481838C0
:10C6700000EB840090ED000AB4EE400AF1EE10FAEF
:10C6800010D1CC48183800EB8400D0ED000AB0EE91
:10C69000600A08F0E6FFDFEDC90AB4EEE00AF1EE49
:10C6A00010FA01DD002503E0601CC4B2032CDDDBC1
:10C6B00000BF75B9C2480078401CC14908700846DF
:10C6C0000078642808DAB9480068401CB749086057
:10C6D0008CE70020BA490870B648183890ED030A74
:10C6E000B84880ED070AB348183890ED040AB548F9
:10C6F00080ED080AAF48183890ED050AB14880ED82
:10C70000090AAC48183890ED000AAE4880ED040ADA
:10C71000A848183890ED010AAA4880ED050AA548F6
:10C72000183890ED020AA74880ED060AD0ED040AF9
:10C7300060EEA00A90ED051AD0ED051A41EE210A2F
:10C7400090ED061AD0ED061A41EE210AB0EE600A0D
:10C7500006F036FEF0EE408A9A48D0ED070A60EE09
:10C76000A00A90ED081AD0ED081A41EE210A90EDCA
:10C77000091AD0ED091A41EE210AB0EE600A06F05E
:10C780001FFEB0EE408A9FED900AF4EEC08AF1EEF3
:10C7900010FA45D29FED8D0AB4EEC08AF1EE10FA80
:10C7A0003EDD9FED8B0AB4EEC08AF1EE10FA37D26F
:10C7B000844890ED230AD0ED060A30EE200A80ED81
:10C7C000230AB0F88800401C7E49A1F8880008467A
:10C7D000B0F8880064282CDB0846D0ED230AB0F8B6
:10C7E000880000EE100AB8EE401A80EE810ADFEDF4
:10C7F000760A20EE200A0846D0ED210A9FED751A30
:10C8000000EE810A80ED210A012081F890000020CD
:10C81000A1F888009FED700A084680ED230A08E021
:10C8200000206849A1F888009FED6B0A084680ED5A
:10C83000230A644890F8900040B1624890ED060ADF
:10C84000D0ED210A30EE600A80ED060A5D4A1C3206
:10C85000A2F10C016148FEF739FC5A4890ED091A23
:10C86000F0EE410A90ED071AB0EE410A06F046FBE1
:10C87000B1EE400ADFED5A0A20EE200ADFED590A38
:10C8800080EE201A4F4880ED1A1A90ED091AF0EE4A
:10C89000410A90ED081AB0EE410A06F02FFBDFEDD9
:10C8A000500A20EE200ADFED4F0A80EE201A45489C
:10C8B00080ED1B1A90ED093AF0EE432A90ED083A0C
:10C8C000B0EE432A90ED073AF0EE431A90ED063AA7
:10C8D000B0EE431A90ED053AF0EE430A90ED043ABB
:10C8E000B0EE430A2F4890ED003AFFF711F83549B2
:10C8F0003D48D0E91534026DC06D81E81C00C86068
:10C900000A4644313948F4F7C1FF2E4A02F150017A
:10C910003748F4F7BBFF2B4A02F15C013548F4F7C6
:10C92000B5FF284A01A904A8F5F773FD002069E0C6
:10C9300024491C3101EB800191ED000A01A901EBB2
:10C940008001D1ED000A30EE600A1649D1ED000AEF
:10C9500060EE200A1B4991ED100A124991ED001A70
:10C9600030EE011A80EE810A1649283101EB800170
:10C97000D1ED000A134991ED101A60EE810A91ED94
:10C98000101A0849D1ED001A31EE211AC0EE811AB1
:10C9900030EE210A0B4928312EE00000949D010859
:10C9A000E0010024E4010024CDCCCC3DFC010024B6
:10C9B000E801002404F200240000C84200004842BC
:10C9C0000002002490F00024CDCC4C3DCDCC14418D
:10C9D000CDCC24413333733F0000000024F1002408
:10C9E00000003443DB0F4940F0FF0024709D010834
:10C9F0007C9D0108889D010801EB800181ED000A02
:10CA0000411CC8B2032893DB304A02F13401A1F182
:10CA10000C00F4F73BFF2E4890ED6A0A2B4880ED9E
:10CA20001E0A2B4890ED690A284880ED1D0A284807
:10CA300090ED680A254880ED1C0A90ED1E0AB4EEC0
:10CA4000400AF1EE10FA0DD190ED1D0AB4EE400A45
:10CA5000F1EE10FA06D190ED1C0AB4EE400AF1EEA8
:10CA600010FA18D01FED242AF7EE001A9FED191ABC
:10CA7000DFED190AB2EE040AFEF704FE1FED2A0AE2
:10CA8000124880ED1E0A1FED2C0A80ED1D0A1FEDD5
:10CA90002E0A80ED1C0A0E4890ED6B0A0B4880EDC3
:10CAA0001F0A0E4890ED060A084880ED200A00BFD4
:10CAB0000B48007800F0010008B9FFF7C3FC0848F4
:10CAC0000068401C0649086000BF8FE590F0002414
:10CAD000F0FE00248096184B6F12833AECF100248C
:10CAE000FC010024072009F059FD02E0642009F050
:10CAF00055FDF4F79AFD0028F8D1FFF7DDFC52E070
:10CB0000FFF74AFD284890ED1E0ADFED280A20EEC7
:10CB1000200ADFED270A80EE201A264880ED001A51
:10CB2000214890ED1D0ADFED210A20EE200ADFEDFD
:10CB3000200A80EE201A1F4880ED011A1A4890ED55
:10CB40001C0ADFED1A0A20EE200ADFED190A80EE3A
:10CB5000201A184880ED021A134890ED040A15486F
:10CB600080ED030A104890ED050A124880ED040A92
:10CB70000D4890ED060A0F4880ED050A0A4890ED31
:10CB8000070A0C4880ED060A074890ED080A094894
:10CB900080ED070A044890ED090A064880ED080A6E
:10CBA00002200BF097FCABE790F00024DB0F49402C
:10CBB0000000344308F2002430B50B46002100BFCA
:10CBC00016E00A24B4EB107F05D9302404EB10746E
:10CBD00003F8114005E0412404EB10740A3C03F80B
:10CBE0001140000100254C00641C1D554C1CE1B295
:10CBF0009142E6DB30BD00000FB583B00420FE4952
:10CC000008800820FD490880DDE9031008730399B6
:10CC10000598487303990698887300210398017456
:10CC2000069802900BF0B3FA0399486106980290B7
:10CC30000398406901900299F4F7A7FAEE4800883A
:10CC40000699484302900BF0A2FA03998861EA48DA
:10CC500000880699484302900398806901900299E0
:10CC6000F4F7B5FAE44800880699484302900BF0BF
:10CC70008EFA0399C861E0480088069948430290FB
:10CC80000398C06901900299F4F7A1FADA48008884
:10CC90000499484302900BF07AFA03990862D64847
:10CCA00000880499484302900398006A0190029911
:10CCB000F4F78DFA069802900BF069FA039948622E
:10CCC000069802900398406A01900299F4F75DFA81
:10CCD000C94800880499484302900BF058FA039918
:10CCE0000860C5480088049948430290039800688A
:10CCF00001900299F4F76BFABF48008806994843FF
:10CD000002900BF044FA03994860BB4800880699EA
:10CD1000484302900398406801900299F4F757FA4B
:10CD2000B54800880599484302900BF030FA039902
:10CD30008860B1480088059948430290039880684C
:10CD400001900299F4F743FAAB48008804994843EC
:10CD500002900BF01CFA0399C1F8E800A64800887D
:10CD60000499484302900398D0F8E8000190029992
:10CD7000F4F72DFA0398D0F8E80002900398007BAE
:10CD8000019001220146DDE902303030F3F790FCDA
:10CD9000994800880499484302900BF0F8F90399E8
:10CDA000C1F8EC0094480088049948430290039825
:10CDB000D0F8EC0001900299F4F709FA0398D0F842
:10CDC000EC0002900398007B019001220146DDE90E
:10CDD00002303830F3F76CFC059818B386480088A9
:10CDE0000599484302900BF0D2F90399C1F8F0007D
:10CDF000814800880599484302900398D0F8F000D4
:10CE000001900299F4F7E3F90398D0F8F00002904A
:10CE10000398407B019001220146DDE90230403059
:10CE2000F3F746FC744800880699484302900BF0DB
:10CE3000AEF90399C1F8F4006F4800880699484399
:10CE400002900398D0F8F40001900299F4F7BFF92A
:10CE50000398D0F8F40002900398807B019001229F
:10CE60000146DDE902304830F3F722FC62480088D1
:10CE700004994843484302900BF089F90399C1F89B
:10CE8000F8005D480088049948434843029003989D
:10CE9000D0F8F80001900299F4F799F90398D0F8C6
:10CEA000F80002900398007B01900398007B0090AB
:10CEB0000146DDE902305030019AF3F7F9FB4E48A4
:10CEC000008804994843484302900BF060F90399A5
:10CED000C1F8FC0048480088049948434843029040
:10CEE0000398D0F8FC0001900299F4F770F90398C8
:10CEF000D0F8FC0002900398007B01900398007B1F
:10CF000000900146DDE902305830019AF3F7D0FB7A
:10CF10003948008804994843484302900BF037F998
:10CF20000399C1F8000134480088049948434843F4
:10CF300002900BF02CF90399C1F804012E480088E7
:10CF400004994843484302900398D0F800010190A7
:10CF50000299F4F73CF9284800880499484348436B
:10CF600002900398D0F8040101900299F4F72FF988
:10CF70000398D0F8000102900398007B0190039879
:10CF8000007B00900146DDE902306030019AF3F742
:10CF90008FFB0398D0F8040102900398007B019066
:10CFA0000398007B00900146DDE902306830019A69
:10CFB000F3F77EFB059878B30F480088049948433F
:10CFC0000599484302900BF0E2F80399C1F8080173
:10CFD00009480088049948430599484302900398FA
:10CFE000D0F8080101900299F4F7F1F80398D0F80D
:10CFF00008010290039803E03C0600243E0600244A
:10D00000407B01900398007B00900146DDE90230EF
:10D010007030019AF3F74CFBB948008806994843F1
:10D020000499484302900BF0B2F80399C1F80C013F
:10D03000B3480088049948430699484302900BF08E
:10D04000A6F80399C1F81001AD4800880699484335
:10D050000499484302900398D0F80C01019002997A
:10D06000F4F7B5F8A6480088049948430699484360
:10D0700002900398D0F8100101900299F4F7A7F8F4
:10D080000398D0F80C0102900398007B019003985C
:10D09000807B00900146DDE902307830019AF3F799
:10D0A00007FB0398D0F8100102900398807B019051
:10D0B0000398007B00900146DDE902308030019A40
:10D0C000F3F7F6FA8E4800880499484348430290E3
:10D0D0000BF05DF80399C1F81401894800880499A0
:10D0E0004843484302900398D0F8140101900299F4
:10D0F000F4F76DF80398D0F8140102900398007BC0
:10D1000001900398007B00900146DDE902308830F1
:10D11000019AF3F7CDFA7A480088069948434843C4
:10D1200002900BF034F80399C1F818017448008894
:10D1300006994843484302900398D0F8180101909B
:10D140000299F4F744F80398D0F818010290039874
:10D15000807B01900398807B00900146DDE90230DE
:10D160009030019AF3F7A4FA65480088049948437F
:10D170000699484302900BF00AF80399C1F81C0184
:10D180005F480088049948430699484302900398F1
:10D19000D0F81C0101900299F4F719F80398D0F81F
:10D1A0001C0102900398807B01900398007B009003
:10D1B0000146DDE902309830019AF3F779FA0398D5
:10D1C000007B4F49098848430399097B48430290F3
:10D1D0000AF0DDFF0399C1F820010398007B48495C
:10D1E000098848430399097B484302900AF0CFFF1E
:10D1F0000399C1F824010398007B414909884843F9
:10D200000399097B484302900AF0C1FF0399C1F8D2
:10D2100028010398007B3A490988484302900AF0A4
:10D22000B6FF0399C1F82C010398007B34490988A3
:10D23000484302900AF0ABFF0399C1F8300103980C
:10D24000D0F8200102900398007B01900398007BA6
:10D2500000900146DDE90230A030019AF3F728FA88
:10D260000398D0F8240102900398007B0190039862
:10D27000007B00900146DDE90230A830019AF3F707
:10D2800017FA0398D0F8280102900398007B0190C8
:10D290000398007B00900146DDE90230B030019A2E
:10D2A000F3F706FA0398D0F82C0102900398007B5C
:10D2B000019001220146DDE90230B830F3F7F8F9B8
:10D2C0000398D0F8300102900398007B019001226E
:10D2D0000146DDE90230C030F3F7EAF90021039896
:10D2E00080F82810039880F82910039880F82A10F5
:10D2F000039880F82B10039880F82C1007B000BD1D
:10D300003C06002470B50446E07B18B12046FDF7CA
:10D3100043FE11E0A37B0E4D2D8803FB05F26168EF
:10D32000D4F8F400F3F7F7FEA27B094B1B8802FB4D
:10D3300003F16068F3F74BFF637B054D2D8803FB1A
:10D3400005F2A168D4F8F000F3F7E5FE70BD000027
:10D350003C06002410B5044694F82C0068BBB4F8D1
:10D360009800A4F8A8007A20015BAA200153B4F821
:10D37000A800A4F8B0005A20015BB220015304F1C8
:10D38000A80204F1780104F19800F3F72DFC84F869
:10D39000C80004F1B00204F1580104F1A800F3F749
:10D3A00023FC84F8C80004F1500204F1B00104F138
:10D3B0005800F3F7B7FC84F8C80010BD10B5044658
:10D3C00094F8290068BB04F1680104F16000F3F7E8
:10D3D0002DFD84F8C80004F1580204F1500104F155
:10D3E0006000F3F701FC84F8C800B4F85800A4F812
:10D3F000A8006A20015BAA20015304F1A80204F1ED
:10D40000680104F15800F3F7EFFB84F8C80004F159
:10D41000580204F1880104F1A800F3F7C5F884F874
:10D42000C80010BD10B5044694F82A00002861D148
:10D4300004F1800104F17800F3F7F8FC84F8C800E7
:10D44000B4F87800A4F8A8005A20015BAA20015380
:10D4500004F1A80204F1580104F17800F3F7C4FBC9
:10D4600084F8C800B4F8A800A4F8B0008220015BDA
:10D47000B220015304F1B00204F1800104F1A800CC
:10D48000F3F7B2FB84F8C800B4F89000A4F8A00049
:10D490009220015BA220015304F1A00204F190014B
:10D4A00004F1B000F3F780F884F8C80004F1B0018B
:10D4B00004F1A000F3F700F984F8C800B4F85800AC
:10D4C000A4F8A8008220015BAA20015304F1A8025D
:10D4D00004F1800104F15800F3F786FB84F8C800DA
:10D4E00004F1980204F1B00104F1A800F3F77CFB09
:10D4F00084F8C80010BD000070B504462046FFF750
:10D5000001FFD4F8CC0018B12046D4F8CC108847DD
:10D51000204600F085F8D4F8D00018B12046D4F8A1
:10D52000D01088472046FFF749FFD4F8D40018B13F
:10D530002046D4F8D4108847207C08B9E07BB8B9DD
:10D540002046FFF76FFFD4F8D80018B12046D4F872
:10D55000D8108847204600F0A1F8D4F8DC0018B1B4
:10D560002046D4F8DC1088472046FFF7F3FE13E08E
:10D57000237B2A4D2D8803FB05F2D4E93A01F3F70A
:10D58000CAFD237B254D2D886B43257B03FB05F2CC
:10D59000D4E93E01F3F7BFFDD4F8E00018B120460E
:10D5A000D4F8E0108847002022E0227B00FB020232
:10D5B000D4F8F81001EB820191ED000A216A01EB29
:10D5C0008001D1ED000AB4EEE00AF1EE10FA0DD2BE
:10D5D000216A01EB800191ED000A227B00FB02022F
:10D5E000D4F8F81001EB820181ED000A411CC8B2A9
:10D5F000217B8142D9DC237B084D2D8803FB05F27A
:10D60000D4F8E8102068F3F786FDD4F8E40018B1E8
:10D610002046D4F8E4108847206870BD3C060024FA
:10D6200010B5044694F8280060BB607B00282ADD12
:10D63000207BA4F8B8000121BA20015304F1B802FC
:10D6400004F1300104F16000F3F7CEFA84F8C80069
:10D65000207BA4F8C0000121C220015304F1C002C4
:10D6600004F1400104F17000F3F7BEFA84F8C80039
:10D6700004F1380204F1C00104F1B800F2F794FF9C
:10D6800084F8C80009E004F1380204F1300104F123
:10D690006000F3F7A9FA84F8C80010BD10B504467D
:10D6A00094F82B00E0BBB4F87800A4F8B80001218E
:10D6B000BA20015304F1B80204F1380104F17800F2
:10D6C000F3F792FA84F8C800B4F84800A4F8C00050
:10D6D0000121C220015304F1C00204F1B80104F198
:10D6E0004800F3F71FFB84F8C800B4F89800A4F8CA
:10D6F000B8000121BA20015304F1B80204F1C001BD
:10D7000004F19800F3F770FA84F8C80004F13002CD
:10D7100004F1B80104F13800F2F746FF84F8C800BC
:10D7200010BD10B500220121104605F015FA10BDFC
:10D7300010B501220021084605F00EFA10BD0000C8
:10D7400008B500BF3148006840F001002F4908606B
:10D750000846006800F00100009000BF00BF00BF55
:10D760000846006840F0020008600846006800F0C3
:10D770000200009000BF00BF002205210D20F8F735
:10D7800071FA0D20F8F75AFA002205210E20F8F759
:10D7900069FA0E20F8F752FA002205210F20F8F757
:10D7A00061FA0F20F8F74AFA002205211020F8F755
:10D7B00059FA1020F8F742FA002205211120F8F753
:10D7C00051FA1120F8F73AFA002205212F20F8F734
:10D7D00049FA2F20F8F732FA002205213820F8F70D
:10D7E00041FA3820F8F72AFA002205213920F8F703
:10D7F00039FA3920F8F722FA002205213A20F8F701
:10D8000031FA3A20F8F71AFA08BD0000D844025855
:10D8100010B51E481E4908600020886000211C4881
:10D82000C1600174417401218174032141610A21A5
:10D8300081611D21C1610A210162032141620A2126
:10D8400081621D21C1620A2101630021416380219F
:10D8500081630021C16320210164042141642021EE
:10D8600081640421C1640021016504214165002116
:10D870008165C16520210166002141660421816620
:10D88000F7F7E2FA08B1F4F771FE10BD00A000400E
:10D890009C41002410B51F481F4908600020886083
:10D8A00000211D48C160017441740121817403216C
:10D8B00041610A2181611D21C1610A2101620321A7
:10D8C00041620A2181621D21C1620A21016340F285
:10D8D00056314163802181630021C16320210164AD
:10D8E00004214164202181640421C1640021016577
:10D8F0000421416500218165C16520210166002167
:10D90000416604218166F7F79FFA08B1F4F72EFE0D
:10D9100010BD000000A400403C42002410B51F4888
:10D920001F4908600020886000211D48C160017403
:10D93000417401218174032141610A2181611D210A
:10D94000C1610A210162032141620A2181621D2114
:10D95000C1620A21016340F2AA61416380218163AF
:10D960000021C163202101640421416420218164DC
:10D970000421C16400210165042141650021816504
:10D98000C165202101660021416604218166F7F707
:10D990005BFA08B1F4F7EAFD10BD000000D40040C6
:10D9A000DC42002410B5194A0021194808F04CFE49
:10D9B00018490860184A0021184808F045FE18491F
:10D9C0000860184A0021184808F03EFE1749086010
:10D9D000174A0021174808F037FE17490860174A10
:10D9E0000021174808F030FE16490860164A002149
:10D9F000164808F029FE16490860164A0021164804
:10DA000008F022FE1549086010BD0000709B010857
:10DA100009EF000800000024949B0108B9480108A0
:10DA200004000024B89B0108854E0108080000246A
:10DA3000DC9B0108E5CA00080C000024009C0108DA
:10DA4000995E010810000024249C0108217C010833
:10DA500014000024489C01086D630108180000248C
:10DA600000B587B0142102A8F3F7B1FB00BF3F480F
:10DA7000006840F010003D4908600846006800F06A
:10DA80001000019000BF00BF00BF0846006840F0D2
:10DA9000040008600846006800F00400019000BF20
:10DAA00000BF00BF0846006840F0800008600846DC
:10DAB000006800F08000019000BF00BF00BF084672
:10DAC000006840F0010008600846006800F00100AE
:10DAD000019000BF00BF00BF0846006840F0020090
:10DAE00008600846006800F00200019000BF00BF17
:10DAF00000BF0846006840F008000860084600685B
:10DB000000F00800019000BF00BF01224EF20901A1
:10DB10001748F7F7E9FF4FF46040029001200390A7
:10DB200000200490059002A91148F7F7DDFE0920B6
:10DB3000029001200390002004900320059002A988
:10DB40000B48F7F7D1FE4FF4A05002904FF4881025
:10DB500003900020049002A90648F7F7C5FE0021B3
:10DB60004FF00060FBF742FE07B000BDE0440258F2
:10DB7000000802580010025810B5164816490860EF
:10DB80004FF4800048600021134881600721C16084
:10DB90004FF0007101614910416189008161090103
:10DBA000C1610021016241628162C1624FF0804126
:10DBB000416300218163C163016441648164C16484
:10DBC000016541658165FBF7B1F808B1F4F7CEFC5A
:10DBD00010BD0000003800407C43002410B51648FA
:10DBE000164908604FF48000486041111348816075
:10DBF0000721C160002101614FF0807141618900FE
:10DC000081618900C1610021016241628162C1625A
:10DC10004FF08041416300218163C163016441642D
:10DC20008164C164016541658165FBF77FF808B1D6
:10DC3000F4F79CFC10BD00000014005804440024BC
:10DC400000B58BB00020089009900A901C2101A813
:10DC5000F3F7BDFA184819490860172048600021F9
:10DC60001648816040F2CF71C1600021016181617D
:10DC7000FCF7B1F808B1F4F779FC002008900A909D
:10DC800008A90E48FBF7C0FD08B1F4F76FFC60204F
:10DC900001904FF47A7002900020039005900422C6
:10DCA00001A90648FBF7DFFF08B1F4F75FFC034862
:10DCB000FBF788FF0BB000BD00180040C8450024EA
:10DCC00000B58BB00020089009900A901C2101A893
:10DCD000F3F77DFA184819490860172048600021B9
:10DCE0001648816042F20F71C160002101618021FC
:10DCF0008161FCF770F808B1F4F738FC0020089057
:10DD00000A9008A90D48FBF77FFD08B1F4F72EFC37
:10DD10006020019000200290039005900C2201A940
:10DD20000648FBF7A0FF08B1F4F720FC0348FBF717
:10DD300049FF0BB000BD0000000400407C450024FA
:10DD400010B5194819490860194848604FF48051C6
:10DD5000164881604900C160C91001610421416118
:10DD600000218161C1610162416200200F49886226
:10DD70000846FCF71EFE08B1F4F7F8FB00210B483B
:10DD8000FCF7D2FA08B1F4F7F1FB00210748FCF7E1
:10DD90009CFA08B1F4F7EAFB0448FCF74CF908B127
:10DDA000F4F7E4FB10BD00000050004014460024CE
:10DDB000A086010010B51848184908604FF4E130FA
:10DDC0004860002115488160C16001610C214161FA
:10DDD00000218161C1610162416200200F498862B6
:10DDE0000846FCF7E6FD08B1F4F7C0FB00210B483C
:10DDF000FCF79AFA08B1F4F7B9FB00210748FCF7E1
:10DE000064FA08B1F4F7B2FB0448FCF714F908B15E
:10DE1000F4F7ACFB10BD000000780040A8460024D9
:10DE200010B51848184908604FF4E13048600021E7
:10DE300015488160C16001610C214161002181614F
:10DE4000C1610162416200200F4988620846FCF707
:10DE5000B0FD08B1F4F78AFB00210B48FCF764FA27
:10DE600008B1F4F783FB00210748FCF72EFA08B14C
:10DE7000F4F77CFB0448FCF7DEF808B1F4F776FB16
:10DE800010BD0000001C0140D047002410B5184808
:10DE9000184908604FF461204860002115488160EE
:10DEA000C16001610C21416100218161C161016298
:10DEB000416200200F4988620846FCF77AFD08B1EC
:10DEC000F4F754FB00210B48FCF72EFA08B1F4F7E5
:10DED0004DFB00210748FCF7F8F908B1F4F746FBC1
:10DEE0000448FCF7A8F808B1F4F740FB10BD0000A7
:10DEF000004400403C47002410B501220E490F4861
:10DF000003F038F808B1F4F731FB0D490B4803F082
:10DF10006FFB08B1F4F72AFB0A49084802F018FC25
:10DF200008B1F4F723FB054803F064FC08B1F4F7EB
:10DF30001DFBF8F72BFE10BD20000024F84B002439
:10DF4000380100248000002400BFFEE700BFFEE788
:10DF500010B52DED028B0446B0EE408BD4F80600D0
:10DF600090ED010A8A4880ED000A00201DE054F877
:10DF7000062F411C02EB810191ED000A8449D1ED8D
:10DF8000000A30EE600A216801EB800181ED000A91
:10DF90006268411C02EB810191ED000AA41F02EBB3
:10DFA000800181ED000A411C88B22188491E81420E
:10DFB000DDDCD4F806102088801E01EB800090ED97
:10DFC000000A30EE080A2088401E01EB800080ED38
:10DFD000000AD4F80A102088401E01EB8000C0ED32
:10DFE000008AD4F802002188884204D2D4F80200C2
:10DFF000401CC4F80200102104F11A00F3F7C5F820
:10E0000021886288891A88B24AE054F8061F01EB19
:10E010008001D1ED000A216801EB800191ED001A29
:10E02000616900EE101A00EE810A10EE101A6161AB
:10E0300054F8061901EB8001D1ED000AD4F81E1046
:10E0400000EE101A30EE800A10EE101AC4F81E10FE
:10E05000D4F8061001EB8001D1ED000AD4F80A10C3
:10E0600001EB800191ED001AD4F8221000EE101A95
:10E0700000EE810A10EE101AC4F82210D4F80A102B
:10E0800001EB8001D1ED000AD4F8261000EE101A41
:10E0900030EE800A10EE101AC4F82610411C88B227
:10E0A00021888142B1DCD4F8220000EE100A2088D9
:10E0B00000EE900AF8EE600A20EE200AD4F81E0066
:10E0C00000EE900AD4F8260001EE100A00EEC10A14
:10E0D000D4F81A0000EE900A208801EE100AB8EE7B
:10E0E000411A60EE811AD4F81E0000EE900A01EE8B
:10E0F000100A40EEC11AC0EE210A10EE900AC4F8D0
:10E100000E009FED240A10EE100AC4F816002188B4
:10E110006288891A88B221E054F8061F01EB800159
:10E12000D1ED001AE16800EE901AA16801EE101A14
:10E1300041EE210A616801EB800191ED001A30EE99
:10E14000C10AF0EEC00A216900EE101A30EE800A12
:10E1500010EE101A2161A41F411C88B2218881424F
:10E16000DADCD4F8160000EE100A208800EE900ADF
:10E17000B8EE601AC0EE010A10EE900AC4F816005C
:10E18000D4F80E0000EE100ABDEC028B10BD0000AA
:10E19000C00300240000000070B504460D46A41C16
:10E1A00024F8025C00202060A800F2F7C9FE60603D
:10E1B000A800F2F7C5FEA0609FED0C0A10EE100A51
:10E1C000E0609FED0A0A10EE100A2061A900606865
:10E1D000F2F7FDFFA900A068A41EF2F7F8FF1021D6
:10E1E00004F11A00F2F7D1FF70BD0000000000003A
:10E1F00010B50248F7F769FF10BD0000D460002495
:10E200002DE9F04704460D4626683746D6F840808B
:10E2100007F5306000EB4510D0F8089010488045B5
:10E220000BD909F40040B0F5004F06D14FF400417E
:10E2300007F5306000EB451081602046F8F72CFCB4
:10E240000748804508D9A079012805D104F29C42ED
:10E250000121206803F082FF0020BDE8F087000064
:10E260000A30544F2DE9F04705460C46D5F800908A
:10E270004E46D9F840A006F5306000EB4410D0F8C7
:10E280000880A879012855D108F0080008280FD186
:10E29000434882450BD908F40040B0F5004F7BD1CC
:10E2A0004FF4004106F5306000EB4410816073E0EC
:10E2B00008F02000202806D1202106F5306000EB70
:10E2C0004410816068E008F02800002864D13448D8
:10E2D00082450CD908F40040B0F5004F07D14FF447
:10E2E000004106F5306000EB4410816054E004EB1F
:10E2F000C40105F5157000EB810706F5306000EBF1
:10E300004410396A0069C0F31200081A786164B9D0
:10E31000386930B905F29C420121286803F01EFFDC
:10E3200003E07969F8680844F860E1B22846F7F735
:10E3300043FD31E01B4882451BD108F40040B0F595
:10E34000004F07D14FF4004106F5306000EB441058
:10E35000816021E008F02000202805D1202106F569
:10E36000306000EB44108160E1B22846F7F724FDED
:10E3700012E06CB904EBC40105F5157000EB8100E7
:10E38000006928B905F29C420021286803F0E6FEE6
:10E39000E1B22846F7F710FD0020BDE8F087000045
:10E3A0000A30544F0A31544F2DE9F84F07460E46B4
:10E3B000D7F80090C84606EBC60107F1140000EB41
:10E3C0008104D4E90410884202D90120BDE8F88F05
:10E3D000D4E90401451AA068A84200D2A568E81C47
:10E3E0004FEA900A17E0D4E90401451AA068A84250
:10E3F00000D2A568E81C4FEA900AB879ABB2F2B235
:10E4000000904846E16804F071FBE0682844E06051
:10E4100060692844606108F5106000EB461080696F
:10E4200080B2504506D3D4E90410884202D2206954
:10E430000028D8D1D4E9040188420ED806F00F0193
:10E44000012000FA01FB40F6340050F8080020EAF1
:10E450000B0040F6340141F808000020B6E710B583
:10E460002DED028B0446B0EE408B94F8980000F03E
:10E47000800010B1204607F02BF804F18C00F3F770
:10E4800069FF10EE100AC4F8900018EE100A20611F
:10E4900018EE900A2060206800EE100A206900EE55
:10E4A000900A30EE600A10EE100AA061D4F8A200C3
:10E4B00018B1D4F8A21020468847A06900EE100ACF
:10E4C000B5EEC00AF1EE10FA03DDA06900EE100A05
:10E4D00004E0A06900EE100AB1EE400AA06C00EE64
:10E4E000900AB4EEE00AF1EE10FA7EDDD4F8940062
:10E4F00098BB606800EE100AA06900EE900A20EE5A
:10E50000200A10EE100A6062A06800EE100AA069EE
:10E5100000EE900A60EE200AD4F8900000EE100A97
:10E5200020EE800A10EE100A2063B4F86000022882
:10E5300014DDA06900EE900AD4F8900000EE100AF5
:10E5400004F16200FFF704FDE06800EE900A20EE9F
:10E55000200A10EE100AE0627FE016E0A06900EEEB
:10E56000100AE06900EE900A70EE600AE06800EEC2
:10E57000100A20EE801AD4F8900000EE100AC1EEC6
:10E58000000A10EE900AE06267E0606800EE100A90
:10E59000D4F89400006800EE900A70EE200AA0699A
:10E5A00000EE100A20EE800A10EE100A6062A068E9
:10E5B00000EE100AD4F89400406800EE900A70EE65
:10E5C000200AA06900EE100A60EE800AD4F89000DC
:10E5D00000EE100A20EE800A10EE100A2063B4F854
:10E5E000600002281CDDA06900E08EE000EE900AC9
:10E5F000D4F8900000EE100A04F16200FFF7A8FCC6
:10E60000E06800EE900AD4F89400806801EE100AE9
:10E6100070EE810A20EE200A10EE100AE0621CE083
:10E62000E06800EE100AD4F89400806800EE900ACA
:10E6300030EE201AA06900EE100AE06900EE900AA0
:10E6400030EE600A21EE001AD4F8900000EE100AB5
:10E65000C1EE000A10EE900AE062D4F8A60018B1EC
:10E66000D4F8A6102046884794F8980000F00400DB
:10E6700010B1204606F0A9FF94F8980000F02000A1
:10E6800010B1204606F042FD94F8980000F0020018
:10E6900010B1204606F0DDFD94F8980000F040002F
:10E6A00010B1204606F0AAFD94F8980000F0010091
:10E6B00010B1204606F048FEA06A00EE100A206B5A
:10E6C00000EE900A30EE200A10EE100AA062606A96
:10E6D00000EE100AA06A00EE900A70EE200AE06ACE
:10E6E00000EE100A30EE800A10EE100A606394F813
:10E6F000980000F0100010B1204606F09BFE204666
:10E7000006F0C3FE204606F03DFF20696061606BA5
:10E71000A063E06AE063A069E061206B2062606B47
:10E7200000EE100ABDEC028B10BD000070B52DED9F
:10E730000A8B0446B0EE408BB0EE419BB0EE42AB8C
:10E74000B0EE43BBB0EE44CB0D46164619EE100AB0
:10E75000A06418EE900A606418EE100A20649FED21
:10E760001C0A10EE100A206019EE900A60601AEE82
:10E77000100AA0601AEE900AE0609FED150A10EEF4
:10E78000100A20631BEE100A20651BEE900A6065DC
:10E790001CEE100AA0651CEE900AE065A4F860501B
:10E7A000294604F16200FFF7F7FC00208D3444F89D
:10E7B000010CE6720021E16021618D3CA120015530
:10E7C0009FED030A10EE100A6063BDEC0A8B70BD6A
:10E7D00000000000B0EE401A10B99FED450A7047E6
:10E7E00090ED0F0A80ED100A90ED0E0A80ED0F0AF1
:10E7F000C0ED050A80ED061A30EEC10A80ED0E0A62
:10E8000090ED000AD0ED0E1A20EE210A80ED080AE4
:10E8100090ED090AD0ED011A90ED0E2A01EE820A60
:10E8200080ED090A90ED0C0A80ED0D0A90ED0B0ABF
:10E8300080ED0C0A90ED0E0AD0ED0F1A30EE610A51
:10E8400080ED0B0A90ED020AD0ED0B1A20EE210AA2
:10E8500080ED0A0A90ED090AD0ED041AB4EEE10A3F
:10E86000F1EE10FA04DD90ED040A80ED090A10E0E3
:10E8700090ED090AD0ED041AF1EE611AB4EEE10A46
:10E88000F1EE10FA05D290ED040AB1EE400A80EDE7
:10E89000090A90ED080AD0ED091A30EE210AD0EDF0
:10E8A0000A1A30EE210A80ED070A90ED070AD0ED32
:10E8B000031AB4EEE10AF1EE10FA04DD90ED030A5A
:10E8C00080ED070A10E090ED070AD0ED031AF1EE93
:10E8D000611AB4EEE10AF1EE10FA05D290ED030AE6
:10E8E000B1EE400A80ED070A90ED070A77E70000D5
:10E8F00000000000B0EE401A10B99FED4C0A7047BE
:10E9000090ED0F0A80ED100A90ED0E0A80ED0F0ACF
:10E91000C0ED050A80ED061A30EEC10A80ED0E0A40
:10E9200090ED000AD0ED0E1A20EE210A80ED080AC3
:10E9300090ED090AD0ED011A90ED0E2A01EE820A3F
:10E9400080ED090A90ED0C0A80ED0D0A90ED0B0A9E
:10E9500080ED0C0A90ED0E0AD0ED0F1A30EE610A30
:10E9600080ED0B0A90ED020AD0ED0B1A20EE210A81
:10E9700080ED0A0A90ED090AD0ED041AB4EEE10A1E
:10E98000F1EE10FA04DD90ED040A80ED090A10E0C2
:10E9900090ED090AD0ED041AF1EE611AB4EEE10A25
:10E9A000F1EE10FA05D290ED040AB1EE400A80EDC6
:10E9B000090A90ED080AD0ED091A30EE210AD0EDCF
:10E9C0000A1A30EE210A80ED070AD0ED071A18491D
:10E9D000098800EE101AB8EE400AF4EEC01AF1EE03
:10E9E00010FA08DD1249098800EE101AB8EE400A44
:10E9F00080ED070A16E0D0ED071A0D490988494253
:10EA000000EE101AB8EEC00AF4EEC01AF1EE10FAD9
:10EA100008D207490988494200EE101AB8EEC00A28
:10EA200080ED070A90ED070A69E70000000000008A
:10EA3000C001002400B970479FED100A80ED100A54
:10EA400080ED0F0A80ED0E0A9FED0C0A80ED0D0A95
:10EA500080ED0C0A80ED0B0A9FED080A80ED0A0A92
:10EA600080ED090A80ED080A80ED070A9FED030A90
:10EA700080ED050A80ED060A00BFDCE7000000001B
:10EA800000B9704780ED000AC0ED010A80ED021A5E
:10EA9000C0ED031A80ED042ADFED0C2AC0ED0D2A2B
:10EAA000C0ED0C2AC0ED0B2ADFED082AC0ED072AC5
:10EAB000C0ED0A2AC0ED092AC0ED082AC0ED102ACF
:10EAC000C0ED0F2AC0ED0E2A00BFDAE700000000FB
:10EAD0002DE9F04104460E4600275548006800F035
:10EAE0000300032802D10120BDE8F08150482838F6
:10EAF000006820F080604E4928390860F6F7FAFF78
:10EB0000054606E0F6F7F6FF401B022801D9032070
:10EB1000EAE7474828380068C0F3C0600028F1D110
:10EB200000BF4348006820F47C30216840EA01308F
:10EB30003F490860A088401EC0F30800A168491E34
:10EB40004FF47E4202EA41210843A189491ED201C5
:10EB500002EA01410843217C491E120202EA0161D6
:10EB6000084333491031086000BF3148001D006878
:10EB700020F0C000616908432D49091D086008465E
:10EB8000006820F02000A16908432949091D086098
:10EB90000846006820F0100008602548143000681E
:10EBA0004FF6F8718843E16940EAC1002049143109
:10EBB00008601F48001D006840F010001C49091D36
:10EBC00008602EB90846006840F40020086012E092
:10EBD000012E08D11648001D006840F48010144929
:10EBE000091D086007E01248001D006840F400108D
:10EBF0000F49091D08600E482838006840F0806001
:10EC00000B4928390860F6F775FF054606E0F6F768
:10EC100071FF401B022801D9032065E7044828380A
:10EC20000068C0F3C0600028F1D038465CE70000FF
:10EC3000284402582DE9F04104460E460027554865
:10EC4000006800F00300032802D10120BDE8F08134
:10EC500050482838006820F080504E492839086014
:10EC6000F6F748FF054606E0F6F744FF401B02288A
:10EC700001D90320EAE7474828380068C0F340700C
:10EC80000028F1D100BF4348006820F07C70218843
:10EC900040EA01503F490860A088401EC0F30800C8
:10ECA000A168491E4FF47E4202EA41210843A1892E
:10ECB000491ED20102EA01410843217C491E120289
:10ECC00002EA0161084333491831086000BF314846
:10ECD000001D006820F44060616908432D49091D4A
:10ECE00008600846006820F40070A16908432949BB
:10ECF000091D08600846006820F4807008602548F7
:10ED00001C3000684FF6F8718843E16940EAC100A1
:10ED100020491C3108601F48001D006840F48070C5
:10ED20001C49091D08602EB90846006840F480009F
:10ED3000086012E0012E08D11648001D006840F45A
:10ED400000001449091D086007E01248001D006812
:10ED500040F080700F49091D08600E48283800688F
:10ED600040F080500B4928390860F6F7C3FE05468D
:10ED700006E0F6F7BFFE401B022801D9032065E735
:10ED8000044828380068C0F340700028F1D03846A5
:10ED90005CE700002844025810B50248F9F77CFEF1
:10EDA00010BD00007C43002402685169026892692A
:10EDB00042F0080203689A610268926942F0100208
:10EDC00003689A610268126822F0010203681A60FF
:10EDD0000268126940F26F339A4303681A6102684D
:10EDE000926822F4404203689A6090F88120042AD5
:10EDF0000ED001F020025AB1D0F8842042F08002F7
:10EE0000C0F884200268926942F0200203689A6187
:10EE100090F88120032A0ED001F040025AB1D0F8B8
:10EE2000842042F00402C0F884200268926942F013
:10EE3000400203689A6101F400725AB1D0F884204C
:10EE400042F00102C0F884200268926942F4007224
:10EE500003689A6101F480725AB1D0F8842042F0BC
:10EE60000802C0F884200268926942F48072036844
:10EE70009A610022A0F86220A0F86A20704770B55D
:10EE80000546AC6B00206234208120800120E077B1
:10EE9000623C2046F9F7FEFD70BD10B50146012425
:10EEA000C86B04EB5013C868421CD01DC20802FB9B
:10EEB00003F010BD2DE9F04106460D4617461C46ED
:10EEC000DDF818800BE0F6F715FEA0EB0800A04275
:10EED00001D3601C00B914B90320BDE8F08130688B
:10EEE00040692840A84201D1012000E00020B8423A
:10EEF000E9D00020F1E730B501460A461378521CEC
:10EF0000147843EA042030BDFEF7F6FF00BF01206D
:10EF100007F044FBFBE710B54FF0E02000690AF072
:10EF200075F8012801D009F0B1FC10BD00B59DB005
:10EF30004C210AA8F2F74BF9202102A8F2F747F971
:10EF40000220F7F7F3FD00BF00200190254800687C
:10EF500020F44040234908600846006800F440401F
:10EF6000019000BF00BF00BF1E48006800F40050C1
:10EF7000B0F5005FF8D121200A904FF480300B905B
:10EF80000120109002201390022114911591282144
:10EF900016910121179104211891022119910C2138
:10EFA0001A9100211B911C910AA8F9F7C5F908B123
:10EFB000F3F7DCFA3F200290032003900020049036
:10EFC00008200590402006900790000108904020FE
:10EFD0000990032102A8F8F789FE08B1F3F7C6FAF1
:10EFE0001DB000BD184802583A48006840F470004F
:10EFF000384908603848006800F00F00072806D23A
:10F000003548006820F00F00C01D334908603348C0
:10F01000006840F001003149086000202F4910319C
:10F0200008602E4800682E4908402C4908602A488C
:10F03000006800F00F00072806D92748006820F074
:10F040000F00C01D244908600020244918310860C1
:10F05000091D0860091D0860224820492831086000
:10F060002148091D08602148091D08600020091D6C
:10F0700008601E48091D08600020091D08601B4823
:10F08000091D08600020091D08601448006820F46C
:10F0900080201249086000201049603108600F4844
:10F0A000D430006800F4805098B90C48D43000681F
:10F0B00040F480500949D431086043F2D2000C4931
:10F0C00008600648D430006820F480500349D431E9
:10F0D0000860704788ED00E00020005200440258AC
:10F0E0007FEDF6EA000202020000FF01800201014A
:10F0F0000040005210B50248FAF797FC10BD00001E
:10F10000AC4B002410B502682E4B98420ED0B0F1E3
:10F11000804F0BD02C4B984208D02C4B984205D0F6
:10F120002B4B984202D02B4B984203D122F0700215
:10F130004B681A43234B98421DD0B0F1804F1AD030
:10F14000214B984217D0214B984214D0204B984223
:10F1500011D0204B98420ED01F4B98420BD01F4B22
:10F16000984208D01E4B984205D01E4B984202D0C0
:10F170001D4B984203D122F44072CB681A4322F00F
:10F1800080034C6943EA04028B68C3620B688362A4
:10F190000C4B98420BD00F4B984208D00E4B984224
:10F1A00005D00E4B984202D00D4B984201D10B690D
:10F1B0000363036843F004030360012343610260B7
:10F1C00010BD0000000001400004004000080040A5
:10F1D000000C004000040140004001400044014098
:10F1E0000048014000E0004000E4004030B501F07C
:10F1F0001F05012404FA05F3046A9C430462046AAF
:10F2000001F01F0502FA05F52C43046230BD000031
:10F2100030B5026A056A25F0010505624368846914
:10F22000204D2C4024F003040D682C4322F00202F0
:10F230008D682A431C4DA84200D10FE01B4DA84207
:10F2400000D10BE01A4DA84200D107E0194DA842A9
:10F2500000D103E0184DA84206D100BF22F00802F9
:10F26000CD682A4322F004020F4DA8420BD00F4D67
:10F27000A84208D00E4DA84205D00E4DA84202D09B
:10F280000D4DA84207D123F4807323F400734D6918
:10F290002B438D692B43436084614D684563026253
:10F2A00030BD00008FFFFEFF000001400004014060
:10F2B00000400140004401400048014030B5026A6E
:10F2C000056A25F01005056243688469224D2C40CB
:10F2D00024F440740D6844EA052422F020028D686D
:10F2E00042EA05121D4DA84200D10FE01C4DA84274
:10F2F00000D10BE01B4DA84200D100BF1A4DA8421F
:10F3000000D100BF194DA84207D106E022F08002CB
:10F31000CD6842EA051222F04002104DA8420BD0FF
:10F320000F4DA84208D00F4DA84205D00E4DA8425F
:10F3300002D00E4DA84209D123F4806323F4006368
:10F340004D6943EA85038D6943EA8503436084611F
:10F350004D688563026230BDFF8FFFFE00000140F3
:10F3600000040140004001400044014000480140C9
:10F3700030B5026A056A25F4807505624368C46980
:10F38000224D2C4024F003040D682C4322F400721B
:10F390008D6842EA05221E4DA84200D10FE01D4DA6
:10F3A000A84200D10BE01C4DA84200D100BF1B4D6C
:10F3B000A84200D100BF1A4DA84207D106E022F4AE
:10F3C0000062CD6842EA052222F48062104DA84214
:10F3D0000BD0104DA84208D00F4DA84205D00F4DBC
:10F3E000A84202D00E4DA84209D123F4805323F441
:10F3F00000534D6943EA05138D6943EA05134360E1
:10F40000C4614D68C563026230BD00008FFFFEFF1E
:10F410000000014000040140004001400044014060
:10F420000048014030B5036A056A25F4805505623D
:10F430004468C269124D2A4022F440720D6842EAC3
:10F44000052223F400538D6843EA05330D4DA8428D
:10F450000BD00D4DA84208D00C4DA84205D00C4D44
:10F46000A84202D00B4DA84204D124F480444D6937
:10F4700044EA85144460C2614D680564036230BD8E
:10F48000FF8FFFFE000001400004014000400140EA
:10F49000004401400048014030B5026A056A25F485
:10F4A000803505624368446D114D2C400D682C4336
:10F4B00022F400320D8942EA05420E4DA8420BD0DB
:10F4C0000D4DA84208D00D4DA84205D00C4DA842C4
:10F4D00002D00C4DA84204D123F480334D6943EA95
:10F4E0000523436044654D688565026230BD0000B8
:10F4F0008FFFFEFF0000014000040140004001407A
:10F50000004401400048014030B5026A056A25F414
:10F51000801505624368446D114D2C400D6844EA26
:10F52000052422F400120D8942EA05520D4DA8422D
:10F530000BD00D4DA84208D00C4DA84205D00C4D63
:10F54000A84202D00B4DA84204D123F480234D6978
:10F5500043EA8523436044654D68C565026230BD5A
:10F56000FF8FFFFE00000140000401400040014009
:10F5700000440140004801400368DB6A934202D224
:10F580000368DB6A9AB231B1042907D0082908D090
:10F590000C290CD108E003685A6308E003689A63F9
:10F5A00005E00368DA6302E003681A6400BF00BF85
:10F5B0007047000010B50248FAF7A0FF10BD000028
:10F5C0001446002410B50248FAF798FF10BD000059
:10F5D000A846002470B5456E2DB90125A0F86A50E3
:10F5E000A0F868501CE0102310240568AD68C5F32E
:10F5F00042610568AD686A0F0A4DAD5C15FB04F504
:10F60000094EB65C95FBF6F5A0F86A50054D6D5CA9
:10F6100015FB03F5044E765C95FBF6F5A0F86850F3
:10F6200070BD0000E89C0108F09C010890F82810CB
:10F6300001F00801082907D10168496821F4004157
:10F64000826B11430268516090F8281001F00101AB
:10F6500039B10168496821F40031C26A1143026876
:10F66000516090F8281001F00201022907D10168C9
:10F67000496821F48031026B11430268516090F8AF
:10F68000281001F00401042907D10168496821F418
:10F690008021426B11430268516090F8281001F0FC
:10F6A0001001102907D10168896821F48051C26BCB
:10F6B00011430268916090F8281001F02001202980
:10F6C00007D10168896821F40051026C1143026876
:10F6D000916090F8281001F04001402913D1016891
:10F6E000496821F48011426C114302685160416CF9
:10F6F000B1F5801F07D10168496821F4C001826C0F
:10F7000011430268516090F8281001F080018029AF
:10F7100007D10168496821F40021C26C11430268D5
:10F720005160704738B504460020C4F89000F6F7E1
:10F73000E1F905462068006800F00800082821D19A
:10F740006FF07E402B4600224FF4001100902046BF
:10F7500000F018FDB0B100BF00BF216851E8001FE4
:10F7600021F08000226842E800010029F5D100BFA5
:10F770002020C4F8880000BF002084F8840000BF67
:10F78000032038BD2068006800F00400042830D150
:10F790006FF07E402B4600224FF4800100902046FF
:10F7A00000F0F0FC28B300BF00BF216851E8001F43
:10F7B00021F49070226842E800010029F5D100BFD1
:10F7C00000BF00BF2168083151E8001F21F001008F
:10F7D0002168083141E80002002AF3D100BF20204F
:10F7E000C4F88C0000BF002084F8840000BF032010
:10F7F000C7E72020C4F88800C4F88C000020E06629
:10F80000206700BF84F8840000BF00BFB9E770B56F
:10F810000446A56B0020A5F85E002846FAF726FEF0
:10F8200070BD2DE9F0410546AC6BD4F88860D4F882
:10F830008C702068806800F08000802807D1212E1D
:10F8400005D10020A4F85600204600F003F92068F6
:10F85000806800F04000402807D1222F05D1002009
:10F86000A4F85E00204600F0A7F8D4F8900040F01D
:10F870001000C4F890002046FAF7F8FDBDE8F081CA
:10F8800070B50546AC6BE869B0F5807F40D00020CC
:10F89000A4F85E0000BF00BF216851E8001F21F4FA
:10F8A0008070226842E800010029F5D100BF00BF46
:10F8B00000BF2168083151E8001F21F001002168D4
:10F8C000083141E80002002AF3D100BF00BF00BFA9
:10F8D0002168083151E8001F21F0400021680831FB
:10F8E00041E80002002AF3D100BF2020C4F88C00B8
:10F8F000E06E01280CD100BF00BF216851E8001F55
:10F9000021F01000226842E800010029F5D100BF73
:10F9100000202067E06E012805D1B4F85C10204675
:10F92000FAF7E2FB02E02046FBF7BEFA70BD70B5C5
:10F930000546AC6B01202067E06E012806D1B4F8C3
:10F940005C0041082046FAF7CFFB02E02046FBF7B7
:10F95000ACFA70BD70B50546AC6BE869B0F5807F58
:10F960001ED00020A4F8560000BF00BF2168083157
:10F9700051E8001F21F080002168083141E80002B1
:10F98000002AF3D100BF00BF00BF216851E8001F6B
:10F9900041F04000226842E800010029F5D102E070
:10F9A0002046FBF7D3FA70BD70B50446A56B284618
:10F9B000FBF7F0FA70BD000000BF00BF026852E81C
:10F9C000002F22F49071036843E80012002AF5D159
:10F9D00000BF00BF00BF0268083252E8002F104B82
:10F9E00002EA03010268083242E80013002BF2D158
:10F9F00000BFC16E01290CD100BF00BF026852E8F0
:10FA0000002F22F01001036843E80012002AF5D10C
:10FA100000BF2021C0F88C100021C16641677047EB
:10FA2000FEFFFFEF10B5044600BF00BF216851E89C
:10FA3000001F21F04000226842E800010029F5D1B2
:10FA400000BF2020C4F888000020A0672046FBF7F4
:10FA50007DFA10BD00BF00BF026852E8002F22F0FF
:10FA6000C001036843E80012002AF5D100BF00BFBF
:10FA700000BF0268083252E8002F22F40001026839
:10FA8000083242E80013002BF3D100BF2021C0F858
:10FA9000881070472DE9F04F89B005460020089086
:10FAA000F8492868884200D100E000BF2969A868A9
:10FAB000084369690843E96940EA01082868006861
:10FAC000F149084040EA0800296808602868406851
:10FAD00020F44050E968084329684860D5F8188048
:10FAE000E8492868884202D0286A40EA080828685D
:10FAF0008068E649084040EA08002968886028686C
:10FB0000C06A20F00F00696A08432968C86200BF14
:10FB1000DF492868884220D1DE48006800F03800BC
:10FB2000182811D005DC48B1082809D0102811D1B7
:10FB300008E020280AD028280CD109E001240BE095
:10FB4000042409E0082407E0102405E0202403E051
:10FB5000402401E0802400BF42E1CF492868884268
:10FB600019D1CC48006800F00700062810D2DFE861
:10FB700000F0030507090B0D00240BE0042409E045
:10FB8000082407E0102405E0202403E0402401E0DD
:10FB9000802400BF24E1C1492868884219D1BD48AA
:10FBA000006800F00700062810D2DFE800F0030527
:10FBB00007090B0D00240BE0042409E0082407E0EA
:10FBC000102405E0202403E0402401E0802400BF4D
:10FBD00006E1B3492868884219D1AE48006800F0B0
:10FBE0000700062810D2DFE800F0030507090B0D17
:10FBF00000240BE0042409E0082407E0102405E0B9
:10FC0000202403E0402401E0802400BFE8E0A5496F
:10FC10002868884219D19F48006800F0070006282C
:10FC200010D2DFE800F0030507090B0D00240BE0FC
:10FC3000042409E0082407E0102405E0202403E060
:10FC4000402401E0802400BFCAE097492868884228
:10FC500020D19048006800F03800182811D005DC49
:10FC600048B1082809D0102811D108E020280AD06E
:10FC700028280CD109E001240BE0042409E0082421
:10FC800007E0102405E0202403E0402401E0802464
:10FC900000BFA5E085492868884219D17D480068E1
:10FCA00000F00700062810D2DFE800F0030507097E
:10FCB0000B0D00240BE0042409E0082407E01024C5
:10FCC00005E0202403E0402401E0802400BF87E019
:10FCD00077492868884219D16E48006800F007000B
:10FCE000062810D2DFE800F0030507090B0D0024F9
:10FCF0000BE0042409E0082407E0102405E0202498
:10FD000003E0402401E0802400BF69E069492868DD
:10FD1000884220D15F48006800F03800182811D0D0
:10FD200005DC48B1082809D0102811D108E02028A6
:10FD30000AD028280CD109E001240BE0042409E0B2
:10FD4000082407E0102405E0202403E0402401E01B
:10FD5000802400BF44E058492868884220D14D489B
:10FD6000006800F03800182811D005DC48B10828D8
:10FD700009D0102811D108E020280AD028280CD159
:10FD800009E001240BE0042409E0082407E0102422
:10FD900005E0202403E0402401E0802400BF1FE0B0
:10FDA0003849286888421AD13A48001D006800F096
:10FDB0000700062810D2DFE800F0030507090B0D45
:10FDC00002240BE0042409E0082407E0102405E0E5
:10FDD000202403E0402401E0802400BF00E08024D0
:10FDE00000BF2849286888424BD1102C1AD006DC65
:10FDF000022C09D0042C0BD0082C29D10DE0202C8A
:10FE000021D0402C24D120E0F6F7CAFE064623E09C
:10FE100005A8F6F7D7FE069E1EE002A8F6F7EAFF51
:10FE2000039E19E01B4854380068C0F3401040B1ED
:10FE3000184854380068C0F3C101204820FA01F680
:10FE400000E01E4E08E01E4E06E04FF4004603E0C0
:10FE500000260120089000BF00BF002E10D01949D5
:10FE6000686A31F81000B6FBF0F9686800EB4000F2
:10FE7000484503D868680003484525D2012008900A
:10FE800007E153E0000C0058F369FFCFFFF4FF11C6
:10FE90000010014054440258004400400048004013
:10FEA000004C004000500040001401400078004029
:10FEB000007C004000180140001C01400090D0036D
:10FEC00000093D00D09C01087849686A31F810C0EB
:10FED0006246002330461946F1F761F84FF4807C02
:10FEE00000220346A3FB0C0B01FB0CB103FB021326
:10FEF0006968490884461CEB010143EB0200CDE927
:10FF00000010D5F804C06246002308460199F1F7B5
:10FF100046F80746B7F5407F05D3B7F5801F02D2F4
:10FF20002868C760B5E001200890B2E0E869B0F544
:10FF3000004F5BD1082C1AD005DC5CB1012C0DD030
:10FF4000042C2DD10EE0102C16D0202C23D0402CC8
:10FF500026D122E0F8F7B6F8064625E0F8F7C4F80F
:10FF6000064621E005A8F6F72DFE069E1CE002A835
:10FF7000F6F740FF039E17E04D480068C0F34010BD
:10FF800038B14B480068C0F3C1014A4820FA01F675
:10FF900000E0484E08E0484E06E04FF4004603E01B
:10FFA00000260120089000BF00BF7EB33F49686A69
:10FFB00031F81000B6FBF0F04000696800EB51002A
:10FFC000B0FBF1F7102F0ED3B7F5803F0BD24FF6F1
:10FFD000F07007EA000AC7F342004AEA000A2868FC
:10FFE000C0F80CA055E00120089052E0082C1BD06E
:10FFF00005DC64B1012C0ED0042C2ED10FE0102CA6
:020000040801F1
:1000000017D0202C24D0402C27D123E041E0F8F752
:1000100059F8064625E0F8F767F8064621E005A8F6
:10002000F6F7D0FD069E1CE002A8F6F7E3FE039E5D
:1000300017E01F480068C0F3401038B11C48006842
:10004000C0F3C1011B4820FA01F600E0194E08E098
:10005000194E06E04FF4004603E000260120089008
:1000600000BF00BFAEB11149686A31F81000B6FB9D
:10007000F0F0696800EB5100B0FBF1F7102F06D3E8
:10008000B7F5803F03D2B8B22968C86001E001200B
:1000900008900120A5F86A00A5F8680000206867AC
:1000A000A867089809B0BDE8F08F0000D09C01084F
:1000B000004402580090D00300093D0070B504468A
:1000C0000E46154644F8586FA5800020A0632220F4
:1000D0006063A06A583CF8B12748241DE16FC863EB
:1000E0002648E16F08642648E16FC8640020E16F8C
:1000F000086554F8043C03F12401626DE06F241F8D
:100100002B46F4F773F838B11020C4F89000202083
:10011000C4F88C00012070BD206960B100BF00BF31
:10012000216851E8001F41F48070226842E8000114
:100130000029F5D100BF00BF00BF2168083151E898
:10014000001F41F001002168083141E80002002A47
:10015000F3D100BF00BF00BF2168083151E8001F84
:1001600041F040002168083141E80002002AF3D143
:1001700000BF0020CFE7000081F800082FF9000839
:1001800023F800082DE9F04104460D46174698462D
:10019000069E41E0701C00283ED0F5F7ABFCA0EBBA
:1001A0000800B04200D816B90320BDE8F0812068ED
:1001B000006800F0040070B3802D2DD0402D2BD0AE
:1001C0002068C069C0F3C00078B1082021680862C7
:1001D0002046FFF7F1FB0820C4F8900000BF002084
:1001E00084F8840000BF0120DFE72068C069C0F305
:1001F000C02080B14FF40060216808622046FFF7FC
:10020000DBFB2020C4F8900000BF002084F88400AD
:1002100000BF0320C9E7FFE72068C0692840A84263
:1002200001D1012000E00020B842B3D00020BCE79B
:1002300010B50248FAF762F910BD0000D04700245B
:1002400010B50248FAF75AF910BD00003C470024E7
:100250002DE9F04104460D46D4F8C87204F530701B
:10026000D4F8D41250F8210010B90320BDE8F08171
:1002700004F53070D4F8D41250F8216005F00F0066
:1002800000EB800104F1140000EB8100406838B3FA
:1002900005F00F0000EB800104F1140000EB810079
:1002A000416805F00F0000EBC00207F1140000EBFD
:1002B00082008068B1FBF0F200FB121080B90021CF
:1002C00005F00F0000EB800204F1140000EB820047
:1002D000416000231A462946204601F056F917E0EE
:1002E0000020C6F8140204F53170D4F8D41250F886
:1002F0002100006960B1D6F8080204F53171D4F824
:10030000D42251F822102A460B6906F50471984749
:100310000020ABE770B504460E4604F53070D4F803
:10032000D41250F82150D4F8D41250F8210008B952
:10033000032070BD3146204600F07AFFC5F80C025C
:10034000D5F8040204F53171D4F8D43251F82310F1
:10035000CA6805F5037190470020EAE770B50446C6
:100360000D4630480178204600F034FE00212D482B
:10037000007800F00F0000EB800204F1140000EBA5
:100380008200018228480178204600F023FE0021E7
:100390002548007800F00F0000EB800204F5AA70F9
:1003A00000EB8200018221480178204600F012FE15
:1003B00000211E48007800F00F0000EB800204F1DD
:1003C000140000EB820001821848007800F00F0052
:1003D00000EB800204F1140000EB8200418204F57E
:1003E0003070D4F8D41250F82100C8B104F531713E
:1003F000D4F8D42251F822104868804704F53071AF
:10040000D4F8D42251F8220001F0E8FB002104F5D1
:100410003070D4F8D42240F822100020C4F8BC0276
:10042000002070BDB3010024B4010024B5010024F4
:1004300070B5044604F53070D4F8D41250F8215049
:100440000DB9032070BD04F53170D4F8D41250F802
:10045000210098B195F80002FF280FD095F80122ED
:1004600095F8000204F53171D4F8D46251F82610E1
:100470008B6829469847FF2085F800020020E1E7B5
:1004800001460A2008800148704700002C01002422
:100490002DE9F041044682210D4800F02FFC05466D
:1004A00001210B4800F02AFC06468121084800F093
:1004B00025FC07460DB11020A8710EB14020B08078
:1004C0000FB14020B880432020800148BDE8F08172
:1004D000700100242DE9F041044682210E4800F00D
:1004E0000DFC054601210C4800F008FC0646812160
:1004F000094800F003FC07460DB11020A87116B1A1
:100500004FF40070B08017B14FF40070B8804320F2
:1005100020800148BDE8F081700100242DE9F04100
:10052000044682210D4800F0E9FB054601210B48F5
:1005300000F0E4FB06468121084800F0DFFB074697
:100540000DB11020A8710EB14020B0800FB1402035
:10055000B880432020800148BDE8F081700100246C
:1005600070B504460E464FF4077001F039FB05469E
:1005700045B9002104F53070D4F8D42240F8221097
:10058000022070BD4FF407712846F0F720FE04F5F5
:100590003070D4F8D41240F82150D4F8D41250F866
:1005A0002100C4F8BC02207C98BB4FF400730222E7
:1005B00050480178204600F0E1FE01214D480078C6
:1005C00000F00F0000EB800204F1140000EB820049
:1005D00001824B02022248480178204600F0CEFEFC
:1005E00001214548007800F00F0000EB800204F57F
:1005F000AA7000EB8200018210214048007800F0D0
:100600000F0000EB800204F1140000EB8200418235
:1006100032E0FFE74023022236480178204600F00E
:10062000ADFE01213348007800F00F0000EB80029E
:1006300004F1140000EB82000182402302222E48C4
:100640000178204600F09AFE01212B48007800F046
:100650000F0000EB800204F5AA7000EB820001821B
:1006600010212648007800F00F0000EB800204F112
:10067000140000EB82004182082303221F48017806
:10068000204600F07BFE01211C48007800F00F009E
:1006900000EB800204F1140000EB820001820020D4
:1006A000C5F8040204F53171D4F8D42251F82210AF
:1006B000086880470020C5F81402C5F81802D5F86C
:1006C000040208B902205CE7207C48B94FF40073AB
:1006D000094801782046D5F8042200F067FE07E0BB
:1006E0004023054801782046D5F8042200F05EFE3C
:1006F000002046E7B3010024B4010024B501002422
:1007000070B5044604F53070D4F8D41250F8215076
:10071000D4F8D41250F8210008B9032070BD207C11
:1007200048B94FF40073094801782046D5F80422EF
:1007300000F03CFE07E04023044801782046D5F84D
:10074000042200F033FE0020E8E70000B40100249A
:10075000024609B90320704702F53170D2F8D4324D
:1007600040F823100020F6E710B5024602F530707D
:10077000D2F8D44250F824300BB9032010BDC3F88E
:1007800004120020FAE730B503460C4603F530703A
:10079000D3F8D45250F8251009B9032030BDC1F860
:1007A0000842C1F810220020F8E72DE9FC41054677
:1007B0000C4605F53070D5F8D41250F821600020B1
:1007C00001900090804616B90320BDE8FC81207896
:1007D00000F0600000283DD020287CD1E08868B37C
:1007E000207800F08000B8B1E288607805F53171BA
:1007F000D5F8D4C251F82C108B6831469847E08860
:10080000072801D9072000E0E08807463A4631462C
:10081000284600F011F91CE0607886F80002E088B4
:10082000402801D2E08800E0402086F8010296F8D6
:1008300001223146284600F0DEF80AE0607805F52E
:100840003171D5F8D42251F8221000228B6821464C
:10085000984747E0607830B1012832D00A2813D099
:100860000B282FD121E095F89C02032805D1022204
:100870006946284600F0E0F805E02146284600F0E9
:10088000AEF84FF0030824E095F89C02032805D148
:10089000012201A9284600F0CFF805E021462846AC
:1008A00000F09DF84FF0030813E095F89C02032830
:1008B00005D02146284600F092F84FF0030808E0E2
:1008C00009E006E02146284600F089F84FF00308C9
:1008D00000BF00BF06E02146284600F080F84FF038
:1008E000030800BF00BF40466FE7000070B5054633
:1008F00005F53070D5F8D41250F8214001260CB916
:10090000032070BDD4F81402C8B90120C4F8140241
:100910000C48007800F00F0000EB800205F1140095
:1009200000EB8200D4F81012416006480178284696
:10093000D4F81032D4F8082200F027FE0026304602
:10094000DFE70000B301002470B504460D46002621
:10095000D4F8B802294642682046904700B10326E1
:10096000304670BD70B504460D4694F89C020128CF
:1009700004D0022803D003280CD101E000BF00BF3F
:100980006888012805D10020C4F8A402204600F0A0
:1009900064F804E02946204600F021F800BF00BFBB
:1009A00070BD02460020704702460020704770B5B7
:1009B00006460C4615462B4622460021304600F0DE
:1009C000F5FC002070BD70B506460C4615462B465A
:1009D00022460021304600F0D8FD002070BD70B5E1
:1009E00004460D468021204600F09FFD0021204650
:1009F00000F09BFD70BD70B504460E461546032001
:100A0000C4F894024FF4AC700551001D05512B46FB
:100A100032460021204600F0C9FC002070BD10B510
:100A200004460520C4F8940200231A4619462046BD
:100A300000F0BCFC002010BD70B504460E46154603
:100A40000220C4F89402A561E5612B4632460021DC
:100A5000204600F09AFD002070BD10B50446042029
:100A6000C4F8940200231A461946204600F08DFD72
:100A7000002010BD70B504460D46E888012804D05A
:100A800029462046FFF7ABFF1EE094F89C020128A0
:100A900004D0022803D0032810D109E000BF0020B1
:100AA000A060012204F108012046FFF7C5FF0AE01B
:100AB0000122211D2046FFF7BFFF04E02946204602
:100AC000FFF78DFF00BF00BF70BDF8B504460E46AE
:100AD000002000900027002570880012062874D09E
:100AE00006DC01281BD0022821D003286ED132E079
:100AF00007286CD00F28F9D1D4F8B402C06938B1F6
:100B0000207CD4F8B412CA6969469047074605E0CC
:100B100031462046FFF763FF681CC5B2CBE0207C5E
:100B2000D4F8B4120A68694690470746C3E0207CAF
:100B300040B9D4F8B802816A68468847074602205F
:100B4000787007E0D4F8B802C16A6846884707465B
:100B500002207870AFE0B07806287AD2DFE800F0A3
:100B60000316293F5265D4F8B402406838B1207C9E
:100B7000D4F8B4124A6869469047074605E0314602
:100B80002046FFF72CFF681CC5B269E0D4F8B40218
:100B9000806838B1207CD4F8B4128A6869469047DE
:100BA000074605E031462046FFF719FF681CC5B22D
:100BB00056E0D4F8B402C06850B1207CD4F8B41226
:100BC000CA6869469047074608E04BE06CE059E088
:100BD00031462046FFF703FF681CC5B240E0D4F859
:100BE000B402006938B1207CD4F8B4120A696946AD
:100BF0009047074605E031462046FFF7F0FE681CA7
:100C0000C5B22DE0D4F8B402406938B1207CD4F8E4
:100C1000B4124A6969469047074605E031462046C6
:100C2000FFF7DDFE681CC5B21AE0D4F8B402806993
:100C300040B1207CD4F8B4128A69694690470746CF
:100C400006E006E031462046FFF7C9FE681CC5B243
:100C500006E031462046FFF7C2FE681CC5B200BF61
:100C600000BF28E0207C30B9D4F8B802416B684658
:100C70008847074605E031462046FFF7B0FE681C6E
:100C8000C5B218E0207C40B9D4F8B802016B6846C0
:100C9000884707460720787005E031462046FFF771
:100CA0009EFE681CC5B206E031462046FFF797FE5F
:100CB000681CC5B200BF00BF05B1F8BDF088C0B167
:100CC000BDF8000080B1F088BDF80010884202DD58
:100CD000BDF8000000E0F0880090BDF80020394623
:100CE0002046FFF7A9FE07E031462046FFF777FED2
:100CF00002E02046FFF7B1FE00BFDEE72DE9F84134
:100D000005460F462C462E464FF000087088317875
:100D1000884218DD307800900FE06946204600F0E8
:100D200020F804466078052807D1A04698F802000C
:100D3000B84200D106E04FF000087088BDF80010FE
:100D40008842EADC00BF4046BDE8F8810146002049
:100D50000A4602E0431CD8B2521C1378002BF9D18A
:100D6000704710B5024610460B88047823440B8068
:100D70000378981810BD70B504460D4694F89C028F
:100D8000012804D0022803D003281AD101E000BFB3
:100D900000BFE888022804D029462046FFF71FFE3E
:100DA00014E00120E060D4F8A40218B1E06840F03B
:100DB0000200E060022204F10C012046FFF73CFE35
:100DC00004E029462046FFF70AFE00BF00BF70BDC1
:100DD0002DE9F04107460D46904600240FB9BDE8C5
:100DE000F0813E463046FFF7B1FF022101EB4000A3
:100DF000B0F5007F01D9080204E03046FFF7A6FFF6
:100E00004000801CA8F8000098F800002855601CDD
:100E1000C4B203202855601CC4B208E030782855BD
:100E2000761C601CC4B200202855601CC4B2307807
:100E30000028F3D100BFD2E70146002031B10129DB
:100E400006D0022906D0032908D105E0002007E0DA
:100E5000032005E0012003E0032001E0032000BFA0
:100E600000BF704770B505460C462DB922460649AD
:100E700006A0FFF7ADFF04E02246034903A0FFF7F9
:100E8000A7FF014870BD0000D44E00244344432016
:100E9000436F6E66696700000246122008800148B1
:100EA000704700004000002470B505460C462DB97F
:100EB0002246064906A0FFF78BFF04E022460349BD
:100EC00003A0FFF785FF014870BD0000D44E002449
:100ED00043444320496E7465726661636500000097
:100EE000024604200880014870470000600000248A
:100EF00070B505460C462246024903A0FFF768FF7D
:100F0000004870BDD44E002453544D6963726F6520
:100F10006C656374726F6E696373000070B505462B
:100F20000C462DB92246064906A0FFF751FF04E002
:100F30002246034903A0FFF74BFF014870BD0000A4
:100F4000D44E002453544D33322056697274756167
:100F50006C20436F6D506F727400000070B50546D1
:100F60000C461A202080F1F7E3FC014870BD000018
:100F7000640000242DE9F04104460D46164614B9DC
:100F80000320BDE8F0810020C4F8B802C4F8C40210
:100F9000C4F8D0020DB1C4F8B452012084F89C0208
:100FA0002670204600F04EF907463846E9E72DE95D
:100FB000F04104460D46002600272946D4F8C80211
:100FC000F4F767FF06463046FFF736FF0746384618
:100FD000BDE8F0812DE9F04104460D4600260027CA
:100FE0002946D4F8C802F4F71FFF06463046FFF73B
:100FF00023FF07463846BDE8F0812DE9F047044657
:101000000F469146002F56D104F11405D4F89402EE
:10101000022846D1D5E9020188420FD9D5E902015B
:10102000401AA86049462046AA68FFF7CCFC002376
:101030001A461946204600F0B9F932E0D5E9021007
:10104000884217D1E9686868884213D36868D4F881
:10105000981288420ED2002211462046FFF7B3FCB8
:101060000020C4F8980200231A461946204600F0D2
:101070009DF916E094F89C0203280BD1D4F8B8022D
:10108000C06838B10020C4F8D402D4F8B802C168EE
:10109000204688478021204600F047FA2046FFF787
:1010A000BEFC94F8A00250B3204600F0C5FA002020
:1010B00084F8A00223E047F080012046FFF771FC8E
:1010C0000646FF2E1BD0D6B994F89C02032816D1F1
:1010D00004F52E7050F82600406980B1C4F8D4623F
:1010E00004F52E7050F82600394642692046904794
:1010F0008046B8F1000F02D04046BDE8F0870020DE
:10110000FBE72DE9F04705460F4690464FF00009F2
:10111000002F51D105F5AA76D5F8940203286FD196
:10112000D6E90201884210D9D6E90201401AB0601E
:10113000D6E90201884201D2B06800E0F0680246B8
:1011400041462846FFF733FC5AE095F8AA0200F022
:101150001F0020B1012804D0022812D109E0002488
:1011600011E040F2AE20415D2846FFF71DFC044629
:1011700009E040F2AE20415D2846FFF712FC04462C
:1011800001E0002400BF00BF94B995F89C02032839
:101190000ED105F52E7050F82400006940B1C5F855
:1011A000D44205F52E7050F824000169284688477E
:1011B0002846FFF752FC23E007F07F012846FFF79F
:1011C000F0FB0446FF2C1BD0D4B995F89C020328F1
:1011D00010D105F52E7050F82400806950B1C5F883
:1011E000D44205F52E7050F824003946826928460D
:1011F00090478146B9F1000F02D04846BDE8F0871C
:101200000020FBE701460020704770B5044600252A
:10121000012084F89C02D4F8B80238B12179D4F8BE
:10122000B80242682046904700B10325284670BDA9
:1012300070B504460D462946D4F8C802F4F767FE97
:1012400070BD000010B50446207801282CD1174845
:10125000C0F8E044C4F8C8021548144908600920E1
:10126000087102211148C17100218171022141726E
:1012700000218172C17201738173C1730174F5F72A
:10128000BDFA08B1F1F772F94FF400710748F4F7AD
:1012900050FD802200210548F4F750FD4FF4BA724A
:1012A00001210248F4F74AFD002010BDD46000245B
:1012B0000000044010B50246D2F8C83201F08000A8
:1012C000802809D101F07F0000EBC00403F1140075
:1012D00000EB8400807810BD01F07F0000EBC004BB
:1012E00003F5157000EB84008078F4E770B50446D0
:1012F0000D4604F52E70D4F8D41250F8210008B928
:10130000032070BD94F89C02032811D104F52E70BF
:10131000D4F8D41250F82100006A48B104F52E70B8
:10132000D4F8D41250F821002946026A204690478A
:101330000020E6E770B504460D4604F52E70D4F89B
:10134000D41250F8210008B9032070BD94F89C0213
:10135000032811D104F52E70D4F8D41250F82100CE
:10136000406A48B104F52E70D4F8D41250F8210028
:101370002946426A204690470020E6E72DE9F047DB
:1013800004460F4615461E464FF00008C1462B4640
:1013900032463946D4F8C802F4F7C4FD80464046C8
:1013A000FFF74AFD81464846BDE8F0872DE9F04742
:1013B00004460D4616461F464FF00008C1463B4600
:1013C00032462946D4F8C802F4F7F3FD8046404679
:1013D000FFF732FD81464846BDE8F08770B5044608
:1013E0000025012084F89C020020C4F8940260606B
:1013F000C4F8A40284F8A002D4F8B80258B1D4F812
:10140000B802406838B12179D4F8B8024268204661
:10141000904700B103254023002211462046FFF7E4
:10142000ADFF01214FF4B27001534021001F015163
:101430004023002280212046FFF7A0FF0121A18444
:1014400040212162284670BD014691F89C02042883
:1014500003D191F89D0281F89C020020704710B5DD
:10146000044694F89C0203280BD1D4F8B80240B18A
:10147000D4F8B802C06920B1D4F8B802C1692046D6
:101480008847002010BD02461174002070472DE9E6
:10149000F04104460D46002600272946D4F8C8022C
:1014A000F5F7E0FA06463046FFF7C6FC0746384631
:1014B000BDE8F08170B504460D46294604F2AA2025
:1014C00000F07BF80120C4F894024FF42C70005B0C
:1014D000C4F8980294F8AA0200F01F0020B1012875
:1014E00009D0022815D10DE004F2AA21204600F00F
:1014F00087F9064616E004F2AA21204600F017FB01
:1015000006460FE004F2AA21204600F0D0F9064674
:1015100008E094F8AA0200F08001204600F005F8E7
:10152000064600BF00BF304670BD2DE9F0410446BD
:101530000D46002600272946D4F8C802F4F75CFDC2
:1015400006463046FFF778FC07463846BDE8F0818E
:1015500070B5044600250026D4F8C802F5F7A5FAB0
:1015600005462846FFF768FC0646304670BD014632
:1015700091F89C02042803D091F89C0281F89D0206
:10158000042081F89C02002070472DE9F0470446B2
:101590000D4616461F464FF00008C1463B463246F0
:1015A0002946D4F8C802F4F76CFD80464046FFF7A0
:1015B00043FC81464846BDE8F08770B505460E46B7
:1015C000344620782870641C20786870641C20469B
:1015D000FDF791FC6880641C641C2046FDF78BFCC1
:1015E000A880641C641C2046FDF785FCE88070BD63
:1015F00038B504460D46002000900DB9032038BDD3
:10160000C4F8B85204F52E70D4F8D41250F8210062
:10161000C06A50B104F52E70D4F8D42250F82200DC
:10162000C16A68468847C4F8D002D4F8D802401C82
:10163000C4F8D8020020E2E701460020704770B5E8
:1016400004460D46A88810BBE88800BB688880283F
:101650001DD2A87800F07F0694F89C02032804D1DC
:1016600029462046FFF7BBF915E084F89E62314613
:101670002046FFF70CFF2046FFF7EFF91EB10220CE
:1016800084F89C0207E0012084F89C0203E02946CC
:101690002046FFF7A4F970BD70B504460D4600263C
:1016A000D4F8B80230B1D4F8B8022946026820460E
:1016B00090470646304670BD70B504460E4600257C
:1016C000B0783D49087008460078012805D93146B0
:1016D0002046FFF784F9032070BD94F89C0202288D
:1016E00002D0032859D11FE033480078C0B13248F6
:1016F00000786060304801782046FFF7CDFF05464E
:101700003DB131462046FFF76AF9022084F89C0279
:1017100009E02046FFF7A1F9032084F89C0202E0CB
:101720002046FFF79AF943E02348007870B9022079
:1017300084F89C022048007860601F4801782046A9
:10174000FFF702F92046FFF788F925E01A490978E2
:10175000606888421DD021792046FFF7F5F81648C9
:1017600000786060144801782046FFF795FF054631
:101770005DB131462046FFF732F921792046FFF767
:10178000E3F8022084F89C0206E02046FFF765F9A2
:1017900002E02046FFF761F90AE031462046FFF7F4
:1017A0001EF9054801782046FFF7CEF8032500BF53
:1017B00000BF284690E700002801002470B50546C8
:1017C0000C466088012805D1C5F8A4022846FFF719
:1017D00044F90EE06088022807D1A088001285F83D
:1017E000A0022846FFF739F903E021462846FFF713
:1017F000F6F870BD10B504462046FFF7A9FE10BDEF
:1018000070B504460D460026287800F0600088B1C7
:10181000202802D0402842D100E000BF04F52E70FD
:10182000D4F8D41250F82100294682682046904707
:10183000064639E068780A282AD2DFE800F01A2440
:10184000291F290A0529150F29462046FFF73DF9CA
:1018500023E029462046FFF7F2FE1EE029462046F7
:10186000FFF72AFF064618E029462046FFF702F94F
:1018700013E029462046FFF77EFA0EE0294620466F
:10188000FFF79CFF09E029462046FFF76BF804E0CC
:1018900029462046FFF7A3F800BF00BF04E0294611
:1018A0002046FFF79CF800BF00BF304670BD2DE911
:1018B000F04705460F464FF000093C79387800F0B4
:1018C0006000F8B1202802D040287DD100E000BFA0
:1018D00021462846FFF765F80646FF2E11D086B947
:1018E000C5F8D46205F52E7050F82600806840B126
:1018F00005F52E7050F82600394682682846904734
:10190000814610E1787800287AD001282FD003286A
:101910006ED195F89C02022802D0032820D110E055
:1019200054B1802C08D021462846FFF7FEFD8021C7
:101930002846FFF7FAFD03E039462846FFF74FF83F
:1019400013E0788840B93CB1802C05D0F88818B9EC
:1019500021462846FFF7E9FD2846FFF77EF804E018
:1019600039462846FFF73BF800BF00BFD4E095F8A2
:101970009C02022802D003283BD110E054B1802CF5
:1019800008D021462846FFF7D0FD80212846FFF7E2
:10199000CCFD03E039462846FFF721F82EE0788891
:1019A00020BB04F07F0018B121462846FFF7FFFA5C
:1019B0002846FFF752F821462846FEF7F2FF064672
:1019C000FF2E13D096B900E0A8E0C5F8D46205F563
:1019D0002E7050F82600806840B105F52E7050F842
:1019E00026003946826828469047814606E007E08F
:1019F0008DE039462846FEF7F2FF00BF00BF8BE0BE
:101A000095F89C02022802D0032879D126E034B14F
:101A1000802C04D039462846FEF7E1FF75E004F03B
:101A20008000802808D104F07F0000EB800105F1E0
:101A3000140000EB810007E004F07F0000EB800160
:101A400005F5AA7000EB810080460020C8F8000070
:101A5000022241462846FEF7EFFF56E004F08000E0
:101A600080280ED104F00F0000EB800105F1140076
:101A700000EB8100008A98B939462846FEF7AFFF8F
:101A800043E004F00F0000EB800105F5AA7000EBC5
:101A90008100008A20B939462846FEF7A0FF34E0CD
:101AA00004F08000802808D104F07F0000EB800162
:101AB00005F1140000EB810007E004F07F0000EB6B
:101AC000800105F5AA7000EB810080460CB1802CE6
:101AD00003D10020C8F800000CE021462846FFF79B
:101AE000E9FB20B10120C8F8000003E008E0002075
:101AF000C8F80000022241462846FEF79DFF04E098
:101B000039462846FEF76BFF00BF00BF04E03946A8
:101B10002846FEF764FF00BF00BF04E039462846B0
:101B2000FEF75DFF00BF00BF4846BDE8F0872DE926
:101B3000F04105460E460027307800F0600030B1D5
:101B4000202802D0402840D100E000BF00BF95F817
:101B50009C02012804D0022803D003282ED101E0E2
:101B600000BF00BF3079012823D831792846FEF71D
:101B70001BFF0446FF2C14D09CB905F52E7050F8BD
:101B80002400806858B1C5F8D44205F52E7050F88D
:101B900024003146826828469047074602E0032722
:101BA00000E00327F08840B93FB92846FEF755FF0B
:101BB00003E031462846FEF712FF04E0314628468E
:101BC000FEF70DFF00BF00BF04E031462846FEF7D8
:101BD00006FF00BF00BF3846BDE8F0817047000037
:101BE0000146014870470000B865002470B50446FE
:101BF0000B4622461978587801282CD140F61C0053
:101C000080581D7805F00F060125B540ADB2284378
:101C100040F61C05A85002F5106000EB411000686A
:101C200000F40040F0BB1889C0F30A001D7940EAB7
:101C3000854040EA815040F0805040F4004002F579
:101C4000106505EB41152D68284302F5106505EB7D
:101C5000411528602DE040F61C0080581D7805F0E5
:101C60000F060125B540144E06EA0545284340F607
:101C70001C05A85002F5306000EB4110006800F42C
:101C8000004078B91889C0F30A001D7940EA854000
:101C900040F0805040F4004002F5306505EB4115FE
:101CA0002D6800E005E0284302F5306505EB41159D
:101CB0002860002070BD00000000FFFF01460A46BA
:101CC0004FF410608058C30ADB024FF41060835059
:101CD00040F60400805840F4807340F604008350BE
:101CE000002070470FB470B504469DF81900012814
:101CF00018D1A06B20F48030A063E0681F49084031
:101D0000E060E06820F44010E0609DF820000128C9
:101D100003D1E06840F48010E060204600F032F823
:101D2000054613E0E06840F04000E060204600F027
:101D300029F805469DF81D0020B9A06B40F48030BD
:101D4000A06303E0A06B20F48030A0639DF8160030
:101D500001280ED1E06D80B2E065E06D08490843CE
:101D6000E065A06840F00600A060A06840F0200098
:101D7000A060284670BC5DF814FB0000BFFFBDFFEB
:101D80000000EE0308B501460020009000BF009857
:101D9000401C00900098B0F1706F01D9032008BD7D
:101DA000086900F000400028F1D000200090086988
:101DB00040F00100086100BF0098401C00900098AE
:101DC000B0F1706F01D90320E9E7086900F0010064
:101DD0000028F1D100BFE2E770B504460B46224669
:101DE00019785878012848D102F5106000EB4110AD
:101DF000006800F00040B0F1004F17D102F510600C
:101E000000EB4110006840F0006502F5106000EB47
:101E10004110056002F5106000EB4110006840F0D1
:101E2000804502F5106000EB4110056040F63C0073
:101E300080581D7805F00F060125B540ADB2A843C6
:101E400040F63C05A85040F61C0080581D7805F06F
:101E50000F060125B540ADB2A84340F61C05A850B9
:101E600002F5106000EB411000682B4D284002F590
:101E7000106505EB411528604BE002F5306000EB82
:101E80004110006800F00040B0F1004F17D102F59A
:101E9000306000EB4110006840F0006502F53060F2
:101EA00000EB4110056002F5306000EB4110006866
:101EB00040F0804502F5306000EB4110056040F6CF
:101EC0003C0080581D7805F00F060125B540134EE3
:101ED00006EA0545A84340F63C05A85040F61C001C
:101EE0008558187800F00F060120B0400B4E06EA26
:101EF0000040854340F61C00855002F5306000EB41
:101F000041100068064D284002F5306505EB41158B
:101F10002860002070BD0000007833EC0000FFFF57
:101F20000078F3EF01460A46D2F8000E20F00300D5
:101F3000C2F8000E40F60400805820F0020340F67C
:101F4000040083500020704701460A46D2F8000E74
:101F500020F00300C2F8000E40F60400805840F064
:101F6000020340F604008350002070470FB4F0B520
:101F7000054600272E46002405E0002105F5827065
:101F800040F82410641C0F2CF7D39DF82200A0B950
:101F900040F60400805940F0020140F604008151EF
:101FA000A86B20F40010A863286840F04000286067
:101FB000286840F08000286003E0A86B40F400101F
:101FC000A8630020C6F8000E9DF81D0001280CD162
:101FD0009DF81B0020B90021284600F00AFD08E00A
:101FE0000121284600F005FD03E00321284600F00A
:101FF00000FD1021284600F002FC00B10127284610
:1020000000F0D5FB00B1012700214FF401608151A0
:10201000001D815140F61C00815100242EE006F580
:10202000106000EB4410006800F00040B0F1004F79
:1020300010D13CB94FF0006106F5106000EB441080
:1020400001600DE04FF0904106F5106000EB441088
:10205000016005E0002106F5106000EB441001600E
:10206000002106F5106000EB441001614FF67F314E
:1020700006F5106000EB44108160641C9DF81800A8
:10208000A042CCD800242EE006F5306000EB4410CE
:10209000006800F00040B0F1004F10D13CB94FF0A3
:1020A000006106F5306000EB441001600DE04FF078
:1020B000904106F5306000EB4410016005E000211E
:1020C00006F5306000EB44100160002106F5306039
:1020D00000EB441001614FF67F3106F5306000EBF4
:1020E00044108160641C9DF81800A042CCD84FF4C5
:1020F0000160805920F480714FF40160815100200B
:10210000A8616FF0804068619DF81A0018B9A8694D
:1021100040F01000A861A8690A490843A8619DF829
:102120001E0018B1A86940F00800A8619DF82200BF
:10213000012803D1A86904490843A8613846F0BCC6
:102140005DF814FB00383C800400004001468868BC
:1021500020F00100886000207047000070B5034641
:102160000C4619461D6C1848854209D94FF4306059
:10217000405800F00040B0F1004F01D1002070BD88
:102180000026C1F8106BD1F8100B40F40026C1F8FE
:10219000106BD1F8100B40F01806C1F8106BD1F895
:1021A000100B40F0C046C1F8106B012C09D1C1F8EA
:1021B000142B4FF43060405840F080264FF43060CC
:1021C00046500020DBE700000A30544F30B504468B
:1021D0000B4622461978587801281ED102F5106066
:1021E00000EB4110006820F4001502F5106000EBD0
:1021F000411005601879032802D0187902282AD1E5
:1022000002F5106000EB4110006840F0805502F5C7
:10221000106000EB411005601DE002F5306000EB3E
:102220004110006820F4001502F5306000EB411009
:1022300005601879032802D0187902280BD102F51D
:10224000306000EB4110006840F0805502F53060CE
:1022500000EB41100560002030BD30B504460B4650
:10226000224619785878012821D102F5106000EB38
:102270004110006800F0004060B959B102F51060EB
:1022800000EB4110006820F0804502F5106000EB83
:102290004110056002F5106000EB4110006840F449
:1022A000001502F5106000EB4110056020E002F51A
:1022B000306000EB4110006800F0004060B959B197
:1022C00002F5306000EB4110006820F0804502F517
:1022D000306000EB4110056002F5306000EB41100A
:1022E000006840F4001502F5306000EB4110056015
:1022F000002030BD2DE9F84381460E4690464D46FC
:102300003478707801287DD1306920BB05F51060E4
:1023100000EB44100069E649084005F5106101EB47
:102320004411086105F5106000EB4410006940F4A9
:10233000002105F5106000EB4410016105F5106007
:1023400000EB44100069C10CC90405F5106000EBF6
:10235000441001616FE005F5106000EB4410006966
:10236000C10CC90405F5106000EB4410016105F5CE
:10237000106000EB44100069CD49084005F510617C
:1023800001EB4411086194B9B1683069884201D900
:10239000B068306105F5106000EB4410006940F44E
:1023A000002105F5106000EB4410016135E0B168D3
:1023B00030690844401EB0FBF1F087B205F51060AB
:1023C00000EB44100069BA49C94301EAC741084318
:1023D00005F5106101EB44110861307901281CD129
:1023E00005F5106000EB4410006920F0C04105F5D0
:1023F000106000EB4410016105F5106000EB441023
:10240000006900E099E04FF0C04101EA47710843DC
:1024100005F5106101EB4411086105F5106000EB52
:10242000441000693169C1F31201084305F51061D8
:1024300001EB44110861B8F1010F36D1F06928B100
:1024400005F5106000EB4410F16941613079012815
:102450001ED140F60800405900F4807060B905F5BF
:10246000106000EB4410006840F0005105F510606A
:1024700000EB441001600BE005F5106000EB441028
:10248000006840F0805105F5106000EB44100160D9
:1024900005F5106000EB4410006840F0044105F5BC
:1024A000106000EB44100160FEE005F5106000EBE9
:1024B0004410006840F0044105F5106000EB441042
:1024C0000160307901280FD030690028ECD040F647
:1024D00034004059317801F00F0201219140084346
:1024E00040F634014851DFE040F60800405900F45E
:1024F000807060B905F5106000EB4410006840F092
:10250000005105F5106000EB441001600BE005F58B
:10251000106000EB4410006840F0805105F5106039
:1025200000EB44100160CDF80080308A83B232782D
:102530004846F16800F0DAFAB6E005F5306000EBE5
:1025400044100069C10CC90405F5306000EB44106B
:10255000016105F5306000EB441000695449084002
:1025600005F5306101EB4411086104BB306908B125
:10257000B0683061B068306205F5306000EB44103F
:102580000069316AC1F31201084305F5306101EBBE
:102590004411086105F5306000EB4410006940F417
:1025A000002105F5306000EB4410016143E0306923
:1025B000D0B905F5306000EB44100069B168C1F393
:1025C0001201084305F5306101EB4411086105F57E
:1025D000306000EB4410006940F4002105F53060E4
:1025E00000EB4410016126E0B16830690844401EE8
:1025F000B0FBF1F087B2B0687843306205F5306027
:1026000000EB441000692A49C94301EAC741084365
:1026100005F5306101EB4411086105F5306000EB10
:1026200044100069316AC1F31201084305F53061B5
:1026300001EB44110861B8F1010F07D1F06828B12E
:1026400005F5306000EB4410F168416130790128F4
:102650001ED140F60800405900F4807060B905F5BD
:10266000306000EB4410006840F0005105F5306028
:1026700000EB441001600BE005F5306000EB441006
:10268000006840F0805105F5306000EB44100160B7
:1026900005F5306000EB4410006840F0044105F59A
:1026A000306000EB441001600020BDE8F8830000BA
:1026B000FFFF07E078B503460024009400201A4687
:1026C0004C78012C35D10C7802F5106505EB4414DB
:1026D000246804F00044B4F1004F60D10C7805EB9D
:1026E0004414246844F000660C7805EB441426601A
:1026F0000C7805EB4414246844F080460C7805EB14
:102700004414266000BF009C641C009442F21075C3
:10271000009CAC4201D901200AE00C7802F510655A
:1027200005EB4414246804F00044B4F1004FEAD0EF
:1027300035E00C7802F5306505EB4414246804F0AC
:102740000044B4F1004F2AD10C7805EB44142468FE
:1027500044F000660C7805EB441426600C7805EB19
:102760004414246844F080460C7805EB4414266039
:1027700000BF009C641C009442F21075009CAC42A7
:1027800001D901200AE00C7802F5306505EB44140C
:10279000246804F00044B4F1004FEAD000BF78BDD3
:1027A0000146886840F0010088600020704708B545
:1027B00001460020009000BF0098401C0090009847
:1027C000B0F1706F01D9032008BD086900F0004026
:1027D0000028F1D0002000901020086100BF009870
:1027E000401C00900098B0F1706F01D90320EBE716
:1027F000086900F010001028F1D00020E4E708B5C7
:1028000002460020009000BF0098401C00900098F5
:10281000B0F1706F01D9032008BD106900F00040CD
:102820000028F1D000200090202040EA81101061A3
:1028300000BF0098401C00900098B0F1706F01D963
:102840000320E9E7106900F020002028F1D00020E3
:10285000E2E710B501460B4640F60804E45804F0E0
:1028600006020AB9002006E0022A01D0062A01D198
:10287000022000E00F2010BD0146486900F0010071
:10288000704701460B4640F61800C258001DC0585C
:10289000024090B2704701460B4640F61800C258FD
:1028A000001DC0580240100C704770B50246134618
:1028B0004FF40166F45840F63406F55801F00F065F
:1028C00025FA06F606F0010644EAC61403F510667A
:1028D00006EB4116B66806EA040070BD10B5024664
:1028E000134603F5306404EB4114A06840F6140469
:1028F000E458204010BD014648698A69104070477D
:102900002DE9F04104460D46274628464FEA920C31
:1029100002F0030300210AE04FF4805858F80780C2
:10292000C0F80080401C401C401C401C491C6145F4
:10293000F2D39BB100214FF4805858F8076000BFD4
:102940004FEAC10826FA08F880F80080491C401CAC
:10295000A3F101081FFA88F3002BF1D1BDE8F08143
:1029600070B504460E460025E06820F0C040E060E7
:10297000012E10D1E06840F00050E06000BF0A2056
:10298000F1F724FE0A352046FFF776FF012815D01F
:10299000C82DF4D312E07EB9E06840F08040E060DA
:1029A00000BF0A20F1F712FE0A352046FFF764FF48
:1029B00020B1C82DF5D301E0012070BDC82D01D193
:1029C0000120FAE70020F8E710B502460B46114651
:1029D000D1F8000820F4FE60C1F80008D1F8000822
:1029E0004FF4FE6404EA03142043C1F800080020F9
:1029F00010BD02461346D3F800080843C3F8000888
:102A00000020704730B503461446022C49D12D48AA
:102A1000814204D32C48814201D20F2245E02A484A
:102A2000814204D32948814201D20E223DE0274849
:102A3000814204D32648814201D20D2235E0244848
:102A4000814204D32348814201D20C222DE0214847
:102A5000814204D32048814201D20B2225E01E4846
:102A6000814204D31D48814201D20A221DE01B4845
:102A7000814204D31A48814201D2092215E0184844
:102A8000814204D31748814201D208220DE0154843
:102A9000814204D31448814201D2072205E0062274
:102AA00003E00CB9092200E00922D86820F4705034
:102AB000D860D8684FF4705505EA82252843D8605D
:102AC000002030BDC0ACD800C0E1E4000024F40018
:102AD00080730601A0491A01002D310140A44C0168
:102AE00000366E0120ABA6010048E8012DE9F04355
:102AF00004460D461E46DDF81CC0A0462946BCF122
:102B0000000F12D1F01C870800230CE0D1F80090D0
:102B100008F5805000EB0230C0F80090491C491CB9
:102B2000491C491C5B1CBB42F0D30020BDE8F0836C
:102B3000064909780A2908DA04490A780978491CFB
:102B4000024B1970024941F82200704738030024F3
:102B500068F6002400BFFEE7F0B587B004460E46D5
:102B600015460020009000BF27E046FA00F101F072
:102B7000010109B1F02100E0C0214910C0F10702B4
:102B800001AB995444FA00F101F0010109B1F021BF
:102B900000E0C0214910C0F10F0201AB995445FA81
:102BA00000F101F0010109B1F02100E0C02149105C
:102BB000C0F1170201AB9954401C0828D5DB4FF631
:102BC000FF73002269460F48F6F78AFA00BF0D48E6
:102BD00090F881000128FAD14FF6FF73182201A95D
:102BE0000848F6F77DFA002707E04FF6FF73012249
:102BF00069460448F6F774FA7F1C642FF5DB07B0CA
:102C0000F0BD00000444002403B401984100009882
:102C100050EAC12018BF04204A0D18BF40F001003F
:102C200040F2FF72B2EB515F08BF40F00200012892
:102C300008BF052002B070474100080218BF0420F9
:102C40000A0E18BF40F001004FF07F4232EA010146
:102C500008BF40F00200012808BF052070470000AF
:102C600002480068C0F30220704700000CED00E04D
:102C700010B5002804DB0A07130E054A135406E0BA
:102C80000A07140E034A00F00F031B1FD45410BD93
:102C900000E400E018ED00E0EFF30580704700006D
:102CA00010B510EE104A4FF01A402DED028B00EBDC
:102CB0004400B0F1C85F4AD84FF0FC40B0EB440F7D
:102CC00022D2B0EEC00ADFED310A30EEC00ADFEDED
:102CD000300A20EE208A18EE100A05F065F800EEA2
:102CE000100A14F0004F1DBF9FED2A1ADFED2A0ACB
:102CF000B1EE400A9FED291A08BFF0EE410ADFED60
:102D0000281A20EE210A05E020EE008A9FED251A00
:102D1000DFED250ADFED251A9FED252A70EEC00AAA
:102D200020EE080A08EE212ADFED221A48EE021AE8
:102D30009FED212A08EE212ADFED201A48EE021A23
:102D4000BDEC028B40EE610A30EE810A10BD4FF0FF
:102D5000CC40B0EB440F82BF9FED190ABDEC028B53
:102D600010BD4FF07F40B0EB440F05D2BDEC028B9D
:102D7000BDE8104000F0E0BD0120EEF7D1FABDEC57
:102D8000028BBDE8104000F0DDBD00000000803F78
:102D90000000003F0000494022AA7D3A00000000E8
:102DA000000000C00000C93F22AAFD3924FE1C3DDE
:102DB000C78AD83C1E67383D1B93993DAFAA2A3E6F
:102DC000DB0FC93F10B54FF00E402DED028BB0EE7A
:102DD000408A18EE104A00EB4400B0F1506F4AD818
:102DE0004FF0FC40B0EB440F22D2B0EEC80ADFED4A
:102DF000360A30EEC00ADFED350A60EE208A18EEA2
:102E0000900A04F0D1FF01EE100A14F0004F1DBF2C
:102E1000DFED2F0A9FED2F0AB1EE411ADFED2E0AEA
:102E200008BF9FED2E0ADFED2E1A21EE218A05E064
:102E3000DFED2C0A68EE088AB0EE600A9FED2A1AD0
:102E4000DFED2A1A30EE080A48EE811A9FED281AA3
:102E500008EEA11ADFED271A48EE811A9FED261A17
:102E600008EEA11A68EE281ABDEC028B01EE810A69
:102E700030EE200A10BD4FF0E440B0EB440F0CD907
:102E800018EE100AFFF7D8FE042808BF00F062FD14
:102E9000B0EE480ABDEC028B10BD4FF07F40B0EBA6
:102EA000440F07D2B0EE480ABDEC028BBDE81040DB
:102EB00000F042BD0120EEF733FABDEC028BBDE815
:102EC000104000F03FBD00000000803F0000003FC8
:102ED0000000C9BF22AAFDB90000C93F22AAFD39DE
:102EE000000000C00000000024FE1C3DC78AD83C42
:102EF0001E67383D1B93993DAFAA2A3E70B54FF02F
:102F000068422DED048BF0EE408A18EE900AB0EE88
:102F1000608A18EE101A02EB4003B3F1654F3CBF14
:102F200002EB4102B2F1654F7DD200BFC0F3C7533F
:102F3000C1F3C7529A1A1B2A09DD10F0004F14BFC3
:102F40009FED830A9FED830ABDEC048B70BD12F1E7
:102F50001A0F36DA11F0004F09D010F0004F0CBFF5
:102F60009FED7D0A9FED7D0ABDEC048B70BD88EE60
:102F7000889A19EE100AFFF75FFE042808BF00F0D8
:102F8000E9FC18EE900AFFF757FE054618EE100A06
:102F9000FFF752FE044619EE100AFFF74DFE042D0E
:102FA00018BF052D08D1042C18BF052C04D100280A
:102FB00004BF0220EEF7B4F9B0EE490ABDEC048B71
:102FC00070BD4200B2EB410F3AD910F0004F19BF6B
:102FD000DFED630A9FED630ADFED630A9FED630A8D
:102FE000B0EE481A0A46B1EE688A80F00041F0EE71
:102FF000418A10460A1A5200B2F1807F34D248400A
:1030000010F0004FDFED5A1A9FED5A2A1DBF9FEDB9
:103010005A1A70EEE10A30EE420A9FED581A08BFC4
:1030200070EEA10A00E040E008BF30EE020AB0EE08
:10303000682A01EE482A08EE818AC2EE081A15E0D5
:1030400011F0004F04BF9FED4E0AF0EE400AD1D0C0
:1030500010F0004F19BFDFED4B0A9FED4B0ADFED7B
:103060004B0A9FED4B0AC5E7C8EE881A21EEA11A5C
:103070009FED482ADFED482A41EE022A9FED472ABC
:1030800001EE222ADFED462A41EE022A9FED452A73
:10309000BDEC048B01EE222A21EE811A01EE020A18
:1030A00030EE210A30EE200A70BD4FF07F42B2EBC5
:1030B000400F28BFB2EB410F09D2F0EE480AB0EE44
:1030C000680ABDEC048BBDE8704000F038BC40EAF3
:1030D00001035B0008BF41F0FF410BD0B2EB400F92
:1030E00008BFB2EB410F08D120F0804008EE900AF3
:1030F00021F0804108EE101A18E7B2EB400F12BF22
:103100005FEA410340F0FF4001F000413FF40EAFA1
:10311000B2EB410F12BF5FEA400200F0004041F005
:10312000FF413FF403AF4A0092EA40033FF5FEAE91
:10313000002AACBF9FED1C0A9FED1C0A68EE808A36
:1031400028EE008A18EE900A18EE101AEEE600003B
:10315000DB0FC9BFDB0FC93FDB0F4940DB0F49C0A5
:103160000000C9BF22AAFDB90000C93F22AAFD394B
:103170000060ED3EC30ACE37000000BF0000003FF4
:1031800000000000000049C022AA7DBA00004940AA
:1031900022AA7D3A2DAD65BD8FB8D53D0FB511BEC4
:1031A00061C84C3EA8AAAABE0000804F0000802F34
:1031B00010B529499FED261B2DED020B84B0059813
:1031C00020F000408842D8BF9DED040B2DDD23493F
:1031D000884209D1049840B94FF00100EEF7A0F8F9
:1031E00000F092FB06B010BD05DB9DED040B30EE48
:1031F000000B06B010BD68469DED040B00F000F911
:1032000010F0030004BF9DED021B9DED000B0CD0E0
:1032100001280ED09DED021B9DED000B022810D061
:10322000012000F01DFB06B010BD00F071FA06B0E1
:1032300010BD9DED021B9DED000B012000F010FB69
:1032400001E000F065FA06B0B1EE400B10BD0000E1
:103250000000000000000000FB21E93F0000F07FBB
:1032600010B52DED028BF0EE408A18EE900AB0EE0C
:10327000608A20F00040C0F1FF40C00F07D118EE77
:10328000100A20F00040C0F1FF40C00F2BD018EE14
:10329000101A18EE900A06F0A9FA00EE100A10EEC5
:1032A000100A6FEAD05010F0FF0F04BFBDEC028B84
:1032B00010BD18EE900A00F0004110EE100A00F068
:1032C0000040814204BFBDEC028B10BD18EE101A05
:1032D00010EE100ABDEC028B61F31E0000EE900AA6
:1032E00030EE600A10BD18EE900A4FF07F41B1EB4E
:1032F000400F1CBF18EE100A5FEA4000C7D1012042
:10330000EEF70EF8BDEC028BBDE8104000F01ABBE2
:1033100010B529499FED261B2DED020B84B00598B1
:1033200020F000408842DCBF00209DED040B2EDD24
:103330002249884209D1049840B94FF00100EDF7C5
:10334000EFFF00F0E1FA06B010BD05DB9DED040BC8
:1033500030EE000B06B010BD68469DED040B00F08A
:103360004FF810F003000DD0012814D09DED021B82
:103370009DED000B022816D000F0CAF906B0B1EEA0
:10338000400B10BD9DED021B9DED000B012000F0D8
:1033900067FA06B010BD9DED021B9DED000B00F01D
:1033A000B7F906B010BD012000F05AFAE6E70000B8
:1033B0000000000000000000FB21E93F0000F07F5A
:1033C00010B52DED028BB1EEC08A18EE100A20F078
:1033D0000040C0F1FF40C00F0AD010EE100A20F0EC
:1033E0000040C0F1FF40C00F04BF0120EDF798FF7F
:1033F000B0EE480ABDEC028B10BD000000000000DA
:103400002DE9F14F04462DED020B2DED048B94B008
:103410009FED9D0B80ED020B199E9D4826F0004507
:1034200085420ADC9DED180B002084ED000B14B0E2
:10343000BDEC048B03B0BDE8F08F96489FED969BE2
:103440009FED978BA84225DD97489FED991B9FED37
:103450009A2B9DED180B002E0DDD30EE490B8542A9
:1034600012BF30EE480B30EE410B30EE420B84EDD4
:10347000000B0120DBE730EE090B854212BF30EE76
:10348000080B30EE010B30EE020B84ED000B4FF019
:10349000FF30CCE78A48A84253DB9DED180B51EC76
:1034A000100B02F0D2F841EC100BB0EE401B9FED78
:1034B000862B9FED870B290DDFF81CC201EE020B56
:1034C0000120FDEEC00B10EE903A00EE903AB8EEFF
:1034D000E02BB0EE410B02EE490B22EE081BFC4440
:1034E000032830EE411B84ED001B1DD011EE902A05
:1034F00000EB4015113DC2F30A528A1A954213DAC5
:103500000CEB0012B0EE403B92ED000B401C20EEA5
:10351000021B33EE410B33EE403B33EE411B92ED89
:10352000023B12EE031BDBE7002EA8BF1846BFF6D6
:103530007EAF94ED000B5842B1EE400B84ED000BD2
:1035400075E7C6F3130040F4801EC6F30A50A0F2DC
:10355000F530471100F01F05C5F12000DDF860B01F
:10356000139000200890099005200DF1080C5B498C
:10357000002D07EB0002794408BF51F8221009D052
:1035800051F8223001EB8201AB404A68139922FACC
:1035900001F11943A1FB0E26A1FB0B131A449A4219
:1035A00034BF0123002303EB06080CEB8003D3E9AF
:1035B00001A60E448E4234BF0121002192448A4468
:1035C00011B1924502D903E0924501D2012100E0F8
:1035D0000021C3E901A641444CF82010011EA0F1CE
:1035E0000100C4DC04989DED050A00F10050810F34
:1035F00004989FED3B4B800001EE100ADDED060ABA
:103600009DED072AB8EEC13BB8EE401BB8EE600B4B
:10361000B8EE422B002021EE041B9FED334B20EE31
:10362000040B9FED334B22EE042B30EE024B34EEB5
:10363000014B34EE034B8DED004B00909DED004BA4
:10364000199834EE433B10F0004F33EE411B31EE3E
:10365000400B32EE401B9DED000B9FED272B20EE23
:10366000020B9FED272B01EE020B9DED001B9FED42
:10367000262B01EE020B1CBF4942B1EE400B84ED3C
:10368000000B0846D3E60000000000000000000028
:10369000FB21E93F7CD9024000004054FB21F93F67
:1036A0003163621A61B4D03DFB21F93F0000000094
:1036B0000000601A61B4D03D7370032E8A19A33BD9
:1036C000FB2139410000000083C8C96D305FE43F31
:1036D000000000000000E03F967100002E71000025
:1036E000000000000000103E000000000000103C40
:1036F000000000000000103A3326A611460B113CD2
:10370000182D4454FB21F93D00000054FB21F93DE4
:1037100010B52DED040B2DED068B82B0B0EE41AB54
:1037200009989FED299B20F00044B4F1795F0FDAEE
:103730009DED080BBDEEC00B10EE100A002801BF76
:10374000B0EE490B02B0BDEC068B04B008BF10BD53
:103750009DED080B1E48062120EE008BB0EE480BB5
:10376000784400F045F820EE080B9DED081B1C483E
:10377000844228EE000B01EE4A0B9FED171B28EE4A
:10378000011BBCBF31EE400B39EE400B16DB154878
:10379000A042BCBF9FED142B8DED002B06DBA4F5E2
:1037A00000100190002000909DED002B31EE421B97
:1037B00039EE422B31EE400B32EE400B02B0BDEC45
:1037C000068B04B010BD0000000000000000F03FB8
:1037D000E46E000000000000000000000000E03F78
:1037E0003333D33F0000E93F000000000000D23F28
:1037F000491E00EBC102B0EE401B92ED000B31F010
:1038000006020DD0491E00EBC102B0EE403B92ED26
:10381000002B31F00602B0EE420B03EE010BF1D1AA
:10382000022914D004290AD0062918BF704790ED48
:103830000A2B00EE012B90ED080B02EE010B90ED30
:10384000062B00EE012B90ED040B02EE010B90ED28
:10385000022B00EE012B90ED000B02EE010B7047E6
:1038600031B504462DED040B2DED068BB0EE419BDA
:1038700007989DED060B20F00040B0F1795F0DDA5E
:1038800051EC100BFFF7C0F9042808BF00F048F80E
:103890009DED060BBDEC068B05B030BD20EE008B18
:1038A0001348052128EE00ABB0EE480B7844FFF733
:1038B0009FFF9FED111B8CB19FED112B29EE022B69
:1038C0000AEE402B9DED060B18EE029B0AEE419B83
:1038D00030EE490BBDEC068B05B030BD08EE001B89
:1038E0009DED060B0AEE010BBDEC068B05B030BD5D
:1038F000906E000000000000495555555555C5BF54
:10390000000000000000E03F9FED031B81EE010B73
:1039100070470000000000000000000000000000F0
:103920009FED030B20EE000B70470000000000002D
:10393000000000000000001030EE000A704730EE7A
:10394000200A7047DFED020A80EEA00A70470000EF
:10395000000000009FED020A20EE000A7047000000
:1039600000000010D0ED000AF4EEC00AF1EE10FAEB
:1039700002DD80ED000A0CE0D0ED000AB1EE401A45
:10398000F4EEC10AF1EE10FA03D2F1EE400AC0EDF6
:10399000000A704738B5002000900024EDF7F2FDD2
:1039A0008020EDF759FF5520EDF756FF5520EDF734
:1039B00053FF0090EDF7DCFD9620EDF711FEEDF7DB
:1039C000E1FD8020EDF748FF5520EDF745FF55203C
:1039D000EDF742FF0090EDF7CBFD9620EDF700FEEE
:1039E000EDF7D0FDB6217E20EDF746FFEDF7C0FDE7
:1039F0005020EDF7E8FDEDF7C5FD8020EDF72CFF39
:103A00005520EDF729FF5520EDF726FF0090EDF743
:103A1000AFFD9620EDF7E4FDEDF7B4FD8020EDF766
:103A20001BFF5520EDF718FF5520EDF715FF00900F
:103A3000EDF79EFD9620EDF7D3FD9DF800001E28C2
:103A400001D0012038BD00243BE0EDF79BFD04EBE5
:103A500044021E4B1A44517804EB4402985CEDF783
:103A60000BFFEDF785FD9620EDF7BAFDEDF78AFD2A
:103A700004EB4401154A515C41F08000EDF7ECFE87
:103A80005520EDF7E9FE5520EDF7E6FE0090EDF745
:103A90006FFD9620EDF7A4FD04EB44000B490844AC
:103AA00040789DF80010884209D004EB4400074993
:103AB0000844807808B10120C4E70020C2E7601CF8
:103AC000C4B2062CC1DB0020BCE700009803002430
:103AD00010B586B000200190029000900024EDF710
:103AE00051FD8020EDF7B8FE5520EDF7B5FE5520CD
:103AF000EDF7B2FE0090EDF73BFD9620EDF770FD7F
:103B0000EDF740FD8020EDF7A7FE5520EDF7A4FE70
:103B10005520EDF7A1FE0090EDF72AFD9620EDF778
:103B20005FFDEDF72FFDB6217E20EDF7A5FEEDF749
:103B30001FFD5020EDF747FDEDF724FD8020EDF748
:103B40008BFE5520EDF788FE5520EDF785FE0090A1
:103B5000EDF70EFD9620EDF743FDEDF713FD802008
:103B6000EDF77AFE5520EDF777FE5520EDF774FE60
:103B70000090EDF7FDFC9620EDF732FD9DF800007A
:103B80001E2802D0012006B010BD00243EE0EDF753
:103B9000F9FC04EB4402904B1A44517804EB4402C4
:103BA000985CEDF769FEEDF7E3FC9620EDF718FD64
:103BB000EDF7E8FC04EB4401874A515C41F08000DA
:103BC000EDF74AFE5520EDF747FE5520EDF744FE90
:103BD0000090EDF7CDFC9620EDF702FD04EB4400DC
:103BE0007D49084440789DF80010884209D004EBD4
:103BF000440079490844807808B10120C3E70020D7
:103C0000C1E75020EDF7DFFC601CC4B2042CBEDB22
:103C1000002473E0EDF7B6FC221D02EB42026E4B6E
:103C20001A445178221D02EB4202985CEDF724FE03
:103C3000EDF79EFC9620EDF7D3FCEDF7A3FC211DDC
:103C400001EB4101644A515C41F08000EDF704FE54
:103C50005520EDF701FE5520EDF7FEFD0090EDF744
:103C600087FC9620EDF7BCFC201D00EB40005A4974
:103C7000084440789DF8001088420AD0201D00EBCF
:103C8000400055490844807808B101207BE70020B6
:103C900079E75020EDF797FCEDF774FC9220EDF7F3
:103CA000DBFD062201A91220EDF7B6FDEDF760FC61
:103CB0009DF80500000200B29DF80410084304EBD3
:103CC000440103AA22F811009DF80700000200B287
:103CD0009DF80610084304EB440102EB41014880C3
:103CE0009DF80900000200B29DF80810084304EB9B
:103CF000440102EB41018880601CC4B2022C89DBC4
:103D0000EDF740FC00216D20EDF7B6FDEDF730FC3E
:103D10009620EDF765FCEDF735FCED20EDF79CFD09
:103D20005520EDF799FD5520EDF796FD0090EDF744
:103D30001FFC9620EDF754FC9DF8000008B101200F
:103D400021E7EDF71FFCB6217E20EDF795FDEDF79D
:103D50000FFC5020EDF737FCBDF90C00BDF9121037
:103D6000401A40F25551884210DBBDF90E10BDF9E2
:103D70001400081A40F25551884207DBBDF91010B3
:103D8000BDF91600081AB0F52A7F01DA0120FAE61B
:103D9000EDF7F8FB8020EDF75FFD5520EDF75CFDBA
:103DA0005520EDF759FD0090EDF7E2FB9620EDF779
:103DB00017FCEDF7E7FB8020EDF74EFD5520EDF702
:103DC0004BFD5520EDF748FD0090EDF7D1FB962017
:103DD000EDF706FC0020D6E6A09D010838B50024CA
:103DE00000200090EDF7E4FB69460020EDF727FD89
:103DF000EDF7D4FB9620EDF7F3FBEDF7D9FB694621
:103E00000020EDF71CFDEDF7C9FB9620EDF7E8FB70
:103E1000EDF7CEFBB6211420EDF72EFDEDF7BEFB3E
:103E20005020EDF7D0FBEDF7C3FB69460020EDF71E
:103E300006FDEDF7B3FB9620EDF7D2FBEDF7B8FBEF
:103E400069460020EDF7FBFCEDF7A8FB9620EDF7A7
:103E5000C7FB9DF800000F2801D0012038BD0024C9
:103E600033E0EDF7A5FB04EB44021A4B1A445178FA
:103E700004EB4402985CEDF7FFFCEDF78FFB962016
:103E8000EDF7AEFBEDF794FB04EB4401114A505CF7
:103E90006946EDF7D4FCEDF781FB9620EDF7A0FB2A
:103EA00004EB44000B49084440789DF80010884218
:103EB00009D004EB440007490844807808B1012088
:103EC000CCE70020CAE7601CC4B2062CC9DB002086
:103ED000C4E70000AA03002438B5002000900024A5
:103EE000EDF766FB69460020EDF7A9FCEDF756FB00
:103EF0009620EDF775FBEDF75BFB69460020EDF7CB
:103F00009EFCEDF74BFB9620EDF76AFBEDF750FBBF
:103F1000B6211420EDF7B0FCEDF740FB5020EDF793
:103F200052FBEDF745FB69460020EDF788FCEDF705
:103F300035FB9620EDF754FBEDF73AFB6946002080
:103F4000EDF77DFCEDF72AFB9620EDF749FBEDF749
:103F50002FFB01213C20EDF78FFCEDF71FFB5020DC
:103F6000EDF731FB00BFEDF723FB69463C20EDF791
:103F700066FCEDF713FB9620EDF732FB601CC4B234
:103F80009DF8000000F0020008B90A2CEBDB0A2CB7
:103F900001D1012038BD9DF8000000F0040008B1F7
:103FA0000120F7E70020F5E710B500F025F80C48F0
:103FB000F1F775FC0B48F1F772FC0B48F1F76FFC59
:103FC000002201210648F0F715FB002201210548D7
:103FD000F0F710FB002201210348F0F70BFB10BDA6
:103FE0009C4100243C420024DC420024014908603A
:103FF000704700003C03002400B589B00020019008
:104000000290022003900120049000200590069069
:1040100001A91548F0F7C1FB012003460222114611
:1040200000901148F0F70DFC012211460E48F0F700
:104030007EFB01A90D48F0F7B0FB012003460222E8
:10404000114600900948F0F7FCFB01A90848F0F779
:10405000A4FB012003460222114600900448F0F719
:10406000F0FB09B000BD00009C4100243C4200244C
:10407000DC42002410B5044604B910BD207B0128A1
:1040800003D1204600F01EFB1AE0207B022803D15A
:10409000204600F0F7F913E0207B032803D12046E7
:1040A00000F080FC0CE0207B042803D1204600F0C7
:1040B000CDFA05E0207B052802D1204600F014FB54
:1040C000207B10B9204600F085FD00BFD5E7000039
:1040D00010B5044604B910BD3848C07A012802D191
:1040E000032020730CE03548C07A032802D1022057
:1040F000207305E03148C07A022801D104202073E2
:104100002E48808A00F4006040B100202C490870DD
:1041100001202C49087000202B490870284800789D
:10412000012801D10320207326480078012801D1FD
:104130000220207324480078012801D10420207334
:104140001E48808A00F4007010B901201F490870D1
:104150001A48808A00F40070D0B11C480078B8B1C9
:1041600000201A49087016480078012808D100205C
:10417000134908701449087001201249087007E0BB
:1041800001200F49087000200F4908700D49087080
:104190000A48808A00F4005048B1022020730020B1
:1041A000094908700649087001200649087001F0A5
:1041B00083FC08B10120207300BF8CE7CE020124EC
:1041C000440700244507002446070024470700242D
:1041D00010B52DED048B84B09FED680AB0EE408AD7
:1041E0009FED660AB0EE409A9FED640AF0EE408AB9
:1041F0000020009001900290039000246048D0EDD0
:104200007A1AB0EE611AD0ED791AF0EE610AD0EDAB
:10421000781AB0EE610A684600F0B4FC5848007B9A
:10422000052802D05648007BD0B9002412E0684629
:1042300000EB840090ED000ABDEEC00A10EE100AFB
:1042400001B204EB84024E48103000EB8200018280
:10425000601CC4B2042CEADB04B0BDEC048B10BDBE
:10426000002425E0684600EB840090ED000A04EB92
:1042700084014348103000EB810080ED030A04EB19
:1042800084013F48103000EB810090ED030AB7EE47
:10429000C00AB0EEC00BB7EEC00BF0EE408AB4EE31
:1042A000E88AF1EE10FA01D2B0EE688A601CC4B25E
:1042B000042CD7DB9FED330AB4EEC08AF1EE10FA7E
:1042C0001DDD9FED300AC0EE080AB0EE609A0024B2
:1042D00013E004EB84012A48103000EB810090EDDC
:1042E000030A20EE090A04EB84012548103000EB94
:1042F000810080ED030A601CC4B2042CE9DB0024B9
:104300001DE004EB84021E49103101EB820191EDA6
:10431000031AF0EE410A04EB84021949103101EB53
:10432000820191ED021AB0EE410A04EB0412144925
:10433000603101EB8200FAF7DDFA601CC4B2042C94
:10434000DFDB002415E004EB04110D48603000EBC6
:10435000810090ED070ABDEEC00A10EE100A01B20E
:1043600004EB84020648103000EB82000182601CDE
:10437000C4B2042CE7DB00BF6EE7000000000000C1
:10438000DCE90024CDCC6C40002000BF2AE000EB2B
:104390008002384951F82210B1F9021000EE101ACB
:1043A000B8EEC00ADFED340A20EE200A00EB8002EE
:1043B000304901EB820181ED020A00EB00122D4928
:1043C000503101EB820191ED0B0ADFED2C0A20EE5A
:1043D000200A00EB8002274901EB820181ED010AEE
:1043E000411CC8B20428D2DB2249103991ED060ADB
:1043F000D1ED0B0A30EE600AD1ED100A30EE600A02
:10440000D1ED150A30EE200AF5EE000A20EE200A62
:1044100081ED750A91ED060AD1ED0B0A30EE200A06
:10442000D1ED100A30EE600AD1ED150A30EE600AC7
:10443000F5EE000A20EE200A81ED760A91ED060ADB
:10444000B1EE400AD1ED0B0A30EE600AD1ED100A50
:1044500030EE600AD1ED150A30EE600AF5EE000A82
:1044600020EE200ADFED060A80EE201A81ED771A91
:1044700070470000ECE900240A01DA390000FA4331
:10448000CDCC4C3E10B52DED048B82B004461CB94A
:1044900002B0BDEC048B10BD9FED640A8DED010AE6
:1044A0009FED620A8DED000ADFED608A22466946C3
:1044B00001A800F045F99FED5D0AB0EE408A5C4925
:1044C0000968098801F59660C11700EBD1414913CD
:1044D000A0EB413100EE101AB8EEC00ADFED550A2C
:1044E00080EE201AB0EE418A9FED530AB4EEC08AE6
:1044F000F1EE10FA0ADD9FED500A38EE400ADFEDCA
:104500004F0A20EE200AB0EE408A05E09FED4B0AEC
:1045100028EE000AB0EE408AB7EEC80AFEF748FE61
:104520009DED011AB7EEC11A20EE019BB7EEC80A45
:10453000FEF7EEFE9DED001AB7EEC11A01EE009BEC
:10454000B7EEC90B84ED780AB7EEC80AFEF7E0FEB5
:104550009DED011AB1EE411AB7EEC11A20EE019B92
:10456000B7EEC80AFEF724FE9DED001AB7EEC11A99
:1045700001EE009BB7EEC90B84ED790A9FED301A6E
:10458000DFED300AB0EE680A01F04CFF84ED7C0AE2
:104590002068D0ED2E0A9FED2C1A70EEC10AB0EE05
:1045A000600A9FED271ADFED270A01F03BFF84ED3B
:1045B0007B0A94ED7C1AF0EE410A94ED7B1AB0EE82
:1045C000410A04F5B870FAF705F984ED7A0AD4EDDA
:1045D0007A0AB0EE600AB2EE041AFAEE040A01F0AA
:1045E0006FF884ED7A0AD4ED7E1AB0EE611AD4ED3C
:1045F0007F1AF0EE610AD4ED781AB0EE610A01F08C
:104600005FF884ED780AD4ED801AB0EE611AD4ED2B
:10461000811AF0EE610AD4ED791AB0EE610A01F068
:104620004FF884ED790A00BF32E700000000000077
:1046300080EE0024610BB6410000B44303FA8E3CC7
:10464000DB0F4940DB0F49C09A79544410B52DED7A
:10465000028B82B004461CB902B0BDEC028B10BDC7
:104660009FED170A8DED010A9FED150A8DED000AE9
:104670009FED138A2246694601A800F061F884ED97
:104680007A8A94ED7E0AB0EE401A94ED7F0AF0EE3D
:10469000400A9DED010A01F013F884ED780A94EDCB
:1046A000800AB0EE401A94ED810AF0EE400A9DEDCA
:1046B000000A01F005F884ED790A00BFCCE700009C
:1046C0000000000000B970479FED060A80ED780AEF
:1046D0009FED040A80ED790A9FED020A80ED7A0AC7
:1046E00000BFF0E70000000000B970471349B1F9BE
:1046F000021001EB8101490000EE101AB8EEC00A69
:1047000080ED780A0D49B1F90010494201EB8101B1
:10471000490000EE101AB8EEC00A80ED790A074988
:10472000B1F90410494201EB8101490000EE101A71
:10473000B8EEC00A80ED7A0A00BFD6E7CE020124A7
:104740002DE9F0412DED028B0746884614461CB139
:1047500017B1B8F1000F03D1BDEC028BBDE8F081B9
:104760004548B0F902000A2805DC4348B0F90200C8
:1047700010F10A0F03DA4048B0F9025000E00025BA
:104780003D48B0F900000A2805DC3B48B0F90000BC
:1047900010F10A0F03DA3848B0F9006000E0002693
:1047A00000EE105AB8EEC00ADFED340A20EE208A7F
:1047B00000EE106AB8EEC00ADFED310A60EE208A22
:1047C0002D48007D00F0010020B194ED7E0AB0EE8E
:1047D000408A08E02848007D00F0020018B194EDFE
:1047E0007F0AB0EE408A2448007D00F0040020B12A
:1047F00094ED800AF0EE408A08E01F48007D00F04A
:10480000080018B194ED810AF0EE408AB0EE480A33
:1048100004F5DA7000F02AFFB0EE680A04F5E270E1
:1048200000F024FF9FED170AB4EEC08AF1EE10FAF3
:104830000AD29FED150AB4EEC08AF1EE10FA03DD3C
:104840009FED120A84ED6E0A9FED110AF4EEC08A04
:10485000F1EE10FA0AD29FED0F0AF4EEC08AF1EEE3
:1048600010FA03DD9FED090A84ED720A87ED008AD4
:10487000C8ED008A00BF6FE7CE020124A69BC43BAF
:104880000AD7A3BB90C2753D90C275BD0000000061
:10489000CCCC4C3DCCCC4CBD10B50248FFF7EAFB6C
:1048A00010BD0000DCE9002410B50248FFF710FC41
:1048B00010BD0000DCE9002440F2651003F00AFEA0
:1048C00059E0FFF7F1FFFFF75FFDFFF7E5FF2A482B
:1048D00090ED000A2948D0ED000A20EE200A284871
:1048E00080ED7E0A244890ED000AB1EE400A23488C
:1048F000D0ED000A20EE200A214880ED7F0AFFF764
:1049000067FC012003F098FA58B1022003F094FAF2
:1049100038B1032003F090FA18B1042003F08CFAA8
:1049200030BB002003F088FAB8B100231A461946BC
:104930001846EDF75BF8002012490870124908701C
:10494000124908701249086012490860124908703B
:1049500012490870124908700AE0094CB4F95C3039
:10496000B4F94820B4F93410B4F92000EDF73EF85A
:10497000022003F0AFFDA4E7C4010024B801002425
:10498000DCE900244D0700244E0700244F070024D3
:10499000D0020024D4020024440700244507002448
:1049A0004607002410B52DED048B82B004461CB9D7
:1049B00002B0BDEC048B10BD9FED670A8DED010ABE
:1049C0009FED650A8DED000A2246694601A8FFF7B2
:1049D000B7FE9FED610AB0EE408A6048006800882B
:1049E00000EE900AF8EE600A9FED5D1A70EEC10AC3
:1049F0009FED5C1A70EE810AB0EE600ADFED590A95
:104A0000FEF72EFCDFED580A80EE201AB0EE418A48
:104A10009FED560AB4EEC08AF1EE10FA0ADD9FED62
:104A2000530A38EE400ADFED520A20EE200AB0EEBB
:104A3000408A05E09FED4E0A28EE000AB0EE408A5B
:104A4000B7EEC80AFEF7B4FB9DED011AB7EEC11A26
:104A500020EE019BB7EEC80AFEF75AFC9DED001A46
:104A6000B7EEC11A01EE409BB7EEC90B84ED780A90
:104A7000B7EEC80AFEF74CFC9DED011AB7EEC11A5D
:104A800020EE019BB7EEC80AFEF792FB9DED001ADF
:104A9000B7EEC11A01EE009BB7EEC90B84ED790A9F
:104AA0003448808A00F4804010B9012032490870EF
:104AB0003048808A00F4804080B12F48007868B187
:104AC00000202D4908702D480078092803D10A20BC
:104AD0002A49087002E00920284908709DED010A62
:104AE000B5EEC00AF1EE10FA0FD19DED000AB5EE59
:104AF000C00AF1EE10FA08D12048007800EE100A42
:104B0000B8EE400A84ED7A0A03E09FED1D0A84EDB9
:104B10007A0AD4ED821AB0EE611AD4ED831AF0EE5F
:104B2000610AD4ED781AB0EE610A00F0C9FD84ED97
:104B3000780AD4ED821AB0EE611AD4ED831AF0EE41
:104B4000610AD4ED791AB0EE610A00F0B9FD84ED86
:104B5000790A00BF2CE700000000000080EE00246E
:104B60000018D64500000046610BB6410000B44372
:104B700003FA8E3CCE020124490700244807002492
:104B8000CDCC2C4170EE601A9FED112A42EE411AF5
:104B9000C0ED001AF1EE401A71EEE01A9FED0C2AFA
:104BA00042EE411AC0ED011AF1EE401A71EEA01A60
:104BB0009FED072A42EE411AC0ED021A70EE201A4C
:104BC0009FED032A42EE411AC0ED031A7047000020
:104BD000CDCC4C3E00B970479FED060A80ED780AB7
:104BE0009FED040A80ED790A9FED020A80ED7A0AB2
:104BF00000BFF0E70000000010B5044604EBC4005D
:104C0000454901EB8000006804EBC401424A02EB15
:104C10008101486004F00AFA04EBC4013E4A02EB49
:104C20008101086004EBC400114601EB8000C07CE8
:104C3000C0F38010B0B104EBC40001EB8000C07C75
:104C400020F0400004EBC40102EB8101C87404EBC6
:104C5000C400114601EB8000006804EBC40102EBC4
:104C60008101C86004EBC4002B4901EB800080691E
:104C700090B304EBC401284A02EB810188698047A4
:104C800058B304EBC400244901EB8000C07C20F041
:104C90002000203004EBC4011F4A02EB8101C874DC
:104CA00004EBC400114601EB8000C07C20F08000C2
:104CB000803004EBC40102EB8101C87404EBC40032
:104CC000114601EB8000006A28B304EBC40102EB3B
:104CD0008101086A80471EE00FE0FFE704EBC40093
:104CE0000D4901EB8000C07C20F0800004EBC40182
:104CF000094A02EB8101C8740DE004EBC4000649C7
:104D000001EB8000C07C20F0800004EBC401024A6B
:104D100002EB8101C87410BDF8EB002410B59AB005
:104D20000446682254496846ECF7F5F900209EE0F5
:104D300000EB40013DF8112000EBC0014F4B03EBAD
:104D40008101098A62F30B0100EBC00203EB8202CE
:104D5000118200EB40016A4602EB41014A8800EBF8
:104D6000C00103EB8101B1F8111062F30F1100EBE8
:104D7000C00203EB8202A2F8111000EB40016A4668
:104D800002EB4101097900EBC00203EB8202D27C05
:104D900061F3440200EBC00103EB8101CA740021FE
:104DA00000EBC00203EB8202916100EBC00203EB57
:104DB0008202D16100EBC00203EB8202116200EBC0
:104DC000C0011A4602EB8101C97C21F00101491C96
:104DD00000EBC00203EB8202D17400EBC0011A4663
:104DE00002EB8101C97C21F02001203100EBC002DF
:104DF00003EB8202D17400EBC0011A4602EB810181
:104E0000C97C21F04001403100EBC00203EB82027B
:104E1000D17400EBC0011A4602EB8101C97C21F07C
:104E20008001803100EBC00203EB8202D1749FED60
:104E3000140A10EE101A00EBC00203EB820251615B
:104E400000EBC0011A4602EB81010C6000EBC001CF
:104E500002EB81014C6000EBC00102EB81018C6030
:104E600000EBC00102EB8101CC60411CC8B21128EB
:104E7000FFF65EAF1AB010BD089D0108F8EB0024E4
:104E80000000000004F0D2F89B4908600846006862
:104E9000FFF744FF392003F01DFB2CE104F0C6F8B6
:104EA00095490860112095490870954890F8770257
:104EB00020F04001924880F8771290F8770220F0B5
:104EC00020018F4880F87712002409E104EBC40028
:104ED0008B4901EB8000C07C00F0010000B9FEE0CE
:104EE00004EBC400864901EB800000688249096830
:104EF000081A04EBC401824A02EB8101098AC1F35A
:104F00000B01884260D904EBC400114601EB80001C
:104F1000C07CC0F3401008BB04EBC40001EB800070
:104F2000C07C20F04000403004EBC40102EB810162
:104F3000C87404EBC400114601EB8000C07C20F073
:104F40002000203004EBC40102EB8101C8746A48E0
:104F5000006804EBC40102EB8101886004EBC4002B
:104F6000674901EB8000C07CC0F3430063490978C6
:104F700001EBC101624A02EB8101C97CC1F343012B
:104F8000884201DD5D490C705D4890F8770220F0A1
:104F9000400040305A4981F87702084690F877027D
:104FA00020F02000203081F8770204EBC40001EBF0
:104FB0008000C069002806D004EBC401504A02EB0F
:104FC0008101C869804789E004EBC4004C4901EBCA
:104FD0008000C06848490968081A04EBC401484ABF
:104FE00002EB8101B1F81110B0EB111F1BD204EBE1
:104FF000C400114601EB8000C07C20F0400004EBAF
:10500000C40102EB8101C87404EBC400114601EB3A
:105010008000C07C20F02000203004EBC40102EBB3
:105020008101C8745AE004EBC400354901EB8000EB
:10503000C07C20F0400004EBC401314A02EB810146
:10504000C87404EBC400114601EB8000C07CC009A9
:1050500068B104EBC40001EB8000C07C20F02000AC
:10506000203004EBC40102EB8101C8740DE004EBB5
:10507000C400234901EB8000C07C20F0200004EB39
:10508000C4011F4A02EB8101C87404EBC4001C492F
:1050900001EB8000006804EBC401194A02EB8101B6
:1050A000496888421AD904EBC400114601EB80001C
:1050B000006804EBC40102EB81014968401A00EE6C
:1050C000100AF8EE400A9FED0F1A81EE200A10EE4A
:1050D000100A04EBC40102EB8101486100BF641CAB
:1050E000112CFFF6F3AE0A2003F0F4F9002003F0D0
:1050F00069F805490860D1E6CC010024D0010024FC
:10510000F8EB002400007A44C8010024816900EE15
:10511000101A816A00EE901A20EE200AB5EEC00A3D
:10512000F1EE10FA65DD816900EE101AB5EEC00AE5
:10513000F1EE10FA03DD816900EE101A04E08169D6
:1051400000EE101AB1EE400A416D00EE901AB4EE76
:10515000E00AF1EE10FA00D87047016D00EE101A67
:10516000416D00EE901A70EE200A816900EE101A6F
:10517000B5EEC00AF1EE10FA03DD816900EE101AF7
:1051800004E0816900EE101AB1EE400AF4EEC00AA4
:10519000F1EE10FA28DB016D00EE901A816900EE45
:1051A000101AB5EEC00AF1EE10FA03DD816900EEC7
:1051B000101A04E0816900EE101AB1EE400A70EE98
:1051C000C00A416D00EE101A30EE801A016D00EE3B
:1051D000101AC1EE000A016B00EE101A20EE800AD0
:1051E00010EE101A016304E09FED030A10EE101A8E
:1051F000016300BFB0E700000000000050F82C1F62
:1052000000EE101A416E00EE901A60EE201A016B4B
:1052100000EE101A416E00EE901A30EE200A81EE78
:10522000801A016900EE101A016B00EE901A60EE10
:10523000201A00EE101A416E00EE901A30EE200A8D
:10524000C1EE800A31EE200A10EE101A40F82C1937
:10525000704710B50446D4F8940090BBB4F86000D1
:10526000022817DD206901EE100AB1EE411AF0EEB6
:10527000410AD4F8900000EE100A04F16200F8F739
:1052800067FEE06800EE900A20EE200A10EE100A99
:10529000E06257E0606900EE100A206900EE900AB3
:1052A00070EE600AE06800EE100A20EE801AD4F872
:1052B000900000EE100AC1EE000A10EE900AE062C3
:1052C00040E0FFE7B4F8600002281EDD206901EE2F
:1052D000100AB1EE411AF0EE410AD4F8900000EE47
:1052E000100A04F16200F8F733FEE06800EE900A5D
:1052F000D4F89400806801EE100A70EE810A20EE66
:10530000200A10EE100AE0621CE0E06800EE100ACD
:10531000D4F89400806800EE900A30EE201A60699C
:1053200000EE100A206900EE900A30EE600A21EECD
:10533000001AD4F8900000EE900A81EE200A10EED8
:10534000100AE06210BD0000816A00EE101A016BC5
:1053500000EE901A30EE200A334981ED000A416ACE
:1053600000EE101A816A00EE901A70EE200AC16AEF
:1053700000EE101A30EE800A2C4981ED000A91ED02
:10538000000AB5EEC00AF1EE10FA91ED000AD1ED77
:10539000000AF1EE600A70FE200A016C00EE101A9D
:1053A000F4EEC00AF1EE10FA11DD816900EE101A78
:1053B000816A00EE901A20EE200AB5EEC00AF1EEE6
:1053C00010FA04DD9FED1A0A10EE101A0163416C09
:1053D00000EE101A1449D1ED000AB4EEE00AF1EE25
:1053E00010FA06D29FED120A10EE101A0163416CFA
:1053F0008162416C00EE101AB1EE400A0A49D1ED0B
:10540000000AB4EEE00AF1EE10FA0CDD9FED080A96
:1054100010EE101A0163416C00EE101AB1EE400A52
:1054200010EE101A816270471C0600241806002432
:105430000000000050F8341F00EE101AC16D00EE9D
:10544000901A60EE201A416A00EE101AC16D00EE4B
:10545000901A30EE200A81EE801A416800EE101A90
:10546000416A00EE901A60EE201A00EE101AC16D2B
:1054700000EE901A30EE200AC1EE800A31EE200ACA
:1054800010EE101A40F834197047416B00EE101AF4
:10549000016C00EE901AB4EEE00AF1EE10FA01DDB4
:1054A000016C4163416B00EE101A016C00EE901A22
:1054B000F1EE600AB4EEE00AF1EE10FA07D2016CE8
:1054C00000EE101AB1EE400A10EE101A4163704758
:1054D00010B5416B00EE101A016C00EE901A9FEDB2
:1054E000261A60EE810AB4EEE00AF1EE10FA0BD350
:1054F000016800EE101AF0EEC00A9FED200AF4EEEB
:10550000C00AF1EE10FA00D210BD016800EE901A48
:10551000016901EE101A30EEC10AF0EEC00A01680E
:1055200000EE101AB0EEC01A80EE810ADFED140A08
:10553000B4EEE00AF1EE10FA09DD50F8994F416837
:10554000631C41F1000103604160993804E00022CE
:10555000C0F89920C0F89D20D0F89920D0F89D304F
:105560004FF4FA740021A21A994102D20122A1211A
:105570000A5400BFC8E700006F12833A17B7D1384A
:105580003333733F416A00EE101A016C00EE901A3B
:10559000B4EEE00AF1EE10FA01DD016C4162416AFD
:1055A00000EE101A016C00EE901AF1EE600AB4EEF3
:1055B000E00AF1EE10FA07D2016C00EE101AB1EE1B
:1055C000400A10EE101A41627047D0F89410D1B919
:1055D000816900EE101AC16900EE901A30EE200ABF
:1055E000B0EE001AC0EE010A816800EE101A60EEFB
:1055F000800AD0F8901000EE101A20EE800A10EE0B
:10560000101A016320E0816900EE101AC16900EEF2
:10561000901A30EE200AF0EE000A80EE201A81681F
:1056200000EE101AD0F89410496800EE901A30EE8F
:10563000200A61EE000AD0F8901000EE101A20EE59
:10564000800A10EE101A0163704782B0CDE90001A4
:1056500021F0004001909DED000B02B051EC100BC9
:105660007047F0EE400AB0EEE00A704710EE101AF4
:105670000160816800EE901AC16801EE101A70EEA8
:10568000811A816800EE901A80EEA11A416800EE3E
:10569000901A61EE200A816801EE101AC16801EECD
:1056A000901A31EE212A01EE101AC1EE021A016899
:1056B00001EE101A41EE810A10EE901A4160704717
:1056C000F0EE401AF4EEE01AF1EE10FA02D2B0EE6B
:1056D000600A7047F4EEC11AF1EE10FA02DDB0EE86
:1056E000410AF6E7B0EE610AF3E70000FDEEC00AFA
:1056F0000E48C0ED000AD0ED000AF8EEE00A70EEA8
:10570000600A0B48C0ED000AD0ED000AB6EE001AA0
:10571000F4EEC10AF1EE10FA04DD04480068401C02
:10572000024908600148006870470000C403002473
:10573000C80300240280B1F9023000EE103AB8EE3E
:10574000C00ADFED0F0A20EE200A80ED010AB1F950
:10575000043000EE103AB8EEC00ADFED0A0A20EE7F
:10576000200A80ED020AB1F9063000EE103AB8EED8
:10577000C00ADFED050A20EE200A80ED030A70471B
:1057800017B7D1386F1283393885953B0146002011
:1057900001B93AE0012901DC012036E0022901DCEF
:1057A000022032E0032901DC03202EE0042901DC81
:1057B00004202AE0052901DC052026E0062901DC79
:1057C000062022E0072901DC07201EE0082901DC71
:1057D00008201AE00C2901DC092016E0102901DC60
:1057E0000A2012E0142901DC0B200EE0182901DC4C
:1057F0000C200AE0202901DC0D2006E0302901DC24
:105800000E2002E0402900DC0F207047004870475E
:105810000402012400487047DC010124004870475D
:105820001802012400487047F00101240048704725
:10583000C801012410B52DED048B0446B0EE408B59
:10584000B0EE419A24B99FED260ABDEC048B10BD41
:1058500084ED048AC4ED038A78EEC89A9FED211A7C
:10586000DFED210AB0EE690A00F0DCFD84ED050AE7
:1058700094ED000AD4ED050A20EE200A84ED080A12
:1058800094ED090AD4ED010A94ED051A00EE810A9F
:1058900084ED090A94ED020A20EE090A84ED0A0A51
:1058A000D4ED070AB0EE600A04F12400FEF75AF8BE
:1058B00094ED080AD4ED090A30EE200AD4ED0A0A64
:1058C00030EE200A84ED0B0AD4ED060AB0EE600A31
:1058D00004F12C00FEF746F894ED0B0AB5E7000042
:1058E00000000000DB0F4940DB0F49C000B97047E2
:1058F0009FED090A80ED040A80ED030A80ED050A98
:105900009FED050A80ED0A0A80ED090A80ED080A7C
:1059100080ED0B0A00BFEAE70000000000B9704705
:1059200080ED000AC0ED010A80ED021ADFED062AC3
:10593000C0ED052ADFED042AC0ED042A80ED072A18
:10594000C0ED061A00BFEAE70000000010B50446EB
:1059500004B910BD204600F02DF815480078052840
:1059600021D2DFE800F0030A11181900002084F8A2
:10597000A800002184F8881116E0022084F8A8000D
:10598000022184F888110FE0012084F8A800012189
:1059900084F8881108E000BF022084F8A8000221E2
:1059A00084F8881100E000BF00BF00BFD1E700000D
:1059B0004C07002410B5044604B910BD3848C07A1D
:1059C000012803D10220374908700EE03448C07A1C
:1059D000032803D102203349087006E03048C07A1A
:1059E000022802D100202F4908702F480078012892
:1059F00002D102202B4908702C480078012802D1DE
:105A00000220284908702A480078012802D1002085
:105A1000244908702248808A00F4006040B10020C8
:105A20002149087001202149087000202049087090
:105A30001B48808A00F4007018B91948C07A0328FE
:105A400025D10220174908701548B0F90800002830
:105A500003DD01201749087007E01148B0F908007C
:105A6000002802DA0020134908700D48C07C18B9DC
:105A700010480078012802D105200A490870012049
:105A80000949087000200A49087008490870002078
:105A900002F0D2F910B100200249087000BF8CE773
:105AA000CE0201244C0700244D0700244E07002499
:105AB0004F0700245007002405480078012803D030
:105AC00003480078042801D1012070470020FCE73A
:105AD0004C07002405480078012802D003480078CC
:105AE00008B9012070470020FCE700004C070024A3
:105AF00010B52D48007B03281BD1B7EE002AF1EE2C
:105B0000041A9FED2A1ADFED2A0ABAEE040A294880
:105B1000FFF704FF9FED282ADFED281A9FED241AD6
:105B2000DFED230A9FED260A22486030F8F7A8FF30
:105B30001AE0B7EE002AF1EE041AB6EE001ADFED15
:105B4000210ABAEE040A1B48FFF7E8FE9FED1A2A65
:105B5000DFED1A1A9FED161ADFED150A9FED180AF0
:105B600014486030F8F78CFF1248001F90F8A80026
:105B700028B900200F49091FA1F8DC0003E00D48F7
:105B8000001F00F037F90B48001F90F8880128B972
:105B900000210848001FA0F8BC1103E00548DC30D4
:105BA00000F028F910BD0000DCE90024C976FEBE33
:105BB0000000000084EE002400007A4400007A46D1
:105BC0000010A4466F12833A10B52DED028B2B4ABC
:105BD00092ED630ABCEEC00A10EE102A91B2274A79
:105BE000D2F8E020108800F0BFFCB1EE400A234854
:105BF00080ED660A224890ED010A204880ED680A8F
:105C00001F4890ED030A1D4880ED6A0A024692ED96
:105C10002B0ABCEEC00A10EE102A91B2024612689E
:105C2000108800F0A1FCB1EE400A144880ED2E0A65
:105C3000134890ED000A114880ED300AD0ED660A55
:105C4000B0EE600AEAF73AFC0D48D0ED050A20EE06
:105C5000208A0A48D0ED660AB0EE600AEAF76AFCCC
:105C60000748D0ED040A00EE608AB1EE480A034806
:105C700080ED320ABDEC028B10BD000080EE0024E6
:105C800008F2002410B5FFF7D1FD49490860FFF77D
:105C9000C1FD4749C1F8E000002081F8A90081F862
:105CA000A8000021424880F8891180F888119FEDF2
:105CB000410A80ED2B0AB1EE040A80ED2C0AB9EE00
:105CC000040A80ED2D0A9FED3C0A80ED630A9FEDEA
:105CD0003B0A80ED640A9FED3A0A80ED650AB7EE53
:105CE000002AF1EE041AB6EE001ADFED360ABAEE1B
:105CF000040A001DFFF712FE9FED332ADFED331A71
:105D00009FED331ADFED320A9FED320A28486430E6
:105D1000F8F7B6FE9FED2C2AF3EE0E1A9FED2E1A21
:105D2000DFED2E0A9FED2E0A2148E430FFF7F6FD45
:105D30009FED2C2ADFED251A9FED2B1AF2EE0E0AAD
:105D40009FED2A0A2A48F8F79BFE1948001DFFF725
:105D5000CDFD17483430FFF7C9FD15486430F8F71A
:105D600069FE23486038FFF7C1FD21483038FFF74E
:105D7000BDFD1F48F8F75EFEFFF726FF0C4890EDCB
:105D8000300A80ED310A90ED2E0A80ED2F0A90ED59
:105D9000320A80ED330A90ED680A80ED690A90EDD1
:105DA000660A80ED670A90ED6A0A80ED6B0A10BD05
:105DB00080EE00249A7954440030C04596430B3F4E
:105DC000FA7EAABE6F12833A00007A4400007A4637
:105DD000000000000010A4461F852B3FACC52737EC
:105DE0009A99A5410060EA46CDCC4C3E00C0DA4508
:105DF000C4EF002410B5044604B910BDD4ED321A26
:105E0000B0EE611AD4ED311AF0EE610AD4ED301A19
:105E1000B0EE610A201DFFF70DFD84ED330A94ED0D
:105E2000331AF0EE410A94ED321AB0EE410A04F151
:105E30006400F8F7CFFC84ED360A94ED360ABDEE27
:105E4000C00A10EE100A00B2A4F8DC0000BFD4E7CC
:105E50009FED0A1AB0EE410A9FED081AF0EE410AD2
:105E6000074890ED011A074880ED311A044890ED7B
:105E7000041A044880ED691A704700000000000011
:105E8000E402012480EE002410B50248FFF75EFD15
:105E900010BD000080EE0024C92002F01BFBFFF7BC
:105EA000F1FE04E0012002F015FBFFF78DFE052056
:105EB00001F0C2FF0028F5D1062001F0BDFF002847
:105EC000F0D148E0FFF7E0FFFFF77EFEFFF7C0FFED
:105ED000FFF70EFE2048B0F8DC00404200B21F4938
:105EE00008801D48B0F9BC01404200EE100AB8EE2F
:105EF000C00ADFED1B0A30EE200ABDEEC00A10EE2C
:105F0000100A00B217490880052001F095FF18B16A
:105F1000062001F091FFC8B9002001F08DFF68B1A3
:105F200000210846EBF7C2FD0B4890ED680A80EDB2
:105F3000690A90ED300A80ED310A07E00948B0F9AE
:105F400000100648B0F90000EBF7B0FD01F03CFA94
:105F5000012002F0BFFAB5E780EE0024DC01002446
:105F60000020CBC5DE0100240E48C07A02280CD1E7
:105F700001200D4981F8880001210B4880F8381173
:105F800080F8E81180F898120BE00020064981F8AB
:105F900088000021044880F8381180F8E81180F862
:105FA00098127047CE020124A8F3002410B50024F3
:105FB00064E004EB440101EBC401324A02EB01113D
:105FC00091ED261AF0EE410A04EB440101EBC40105
:105FD00002EB011191ED251AB0EE410A04EB4401E8
:105FE00001EBC40102EB0110F8F7F4FB04EB4400F1
:105FF00000EBC400234901EB001080ED290A04EBFB
:10600000440101EBC4011F4A02EB011191ED291A71
:10601000F0EE410A04EB440101EBC40102EB011173
:1060200091ED281AB0EE410A04EB440101EBC401E2
:1060300002EB011101F14400F8F7CCFB04EB440042
:1060400000EBC4000F4901EB001080ED2A0A04EBBD
:10605000440000EBC40001EB001090ED2A0ABDEEF5
:10606000C00A10EE100A00B204EB440101EBC401B7
:10607000044A02EB0111A1F8AC00641C042C98DB6B
:1060800010BD0000A8F3002400202BE0174901EB0D
:10609000001191ED010AF0EE000A20EE200ADFED7A
:1060A000140A20EE200A00EB400101EBC001114A66
:1060B00002EB011181ED250A0C4901EB001191ED74
:1060C000020AF0EE000A20EE200ADFED090A20EEB7
:1060D000200A00EB400101EBC00102EB011181ED50
:1060E000280A401C0428D1DB704700002803012443
:1060F000DB0F4940A8F3002410B5012407E0E0B20B
:10610000052101F071FE012000F048FA641C052C05
:10611000F5DB002055E0434901EB001191ED010A48
:10612000F0EE000A20EE200ADFED3F0A20EE200A02
:1061300000EB400101EBC0013C4A02EB011181ED93
:10614000250A384901EB001191ED010AF0EE000A31
:1061500020EE200ADFED340A20EE200A00EB400199
:1061600001EBC00102EB011181ED270A2D4901EB82
:10617000001191ED010AF0EE000A20EE200ADFED99
:106180002A0A20EE200A00EB400101EBC00102EBDD
:10619000011181ED260A234901EB001191ED020A5C
:1061A000F0EE000A20EE200ADFED1F0A20EE200AA2
:1061B00000EB400101EBC00102EB011181ED280A67
:1061C000401C0428A7DB002428E004EB440101EB79
:1061D000C401164A02EB01109FED152ADFED141AD7
:1061E0009FED141ADFED130AB2EE040AF8F748FC2B
:1061F00004EB440101EBC4010C4A02EB011101F173
:1062000044009FED0B2ADFED0A1A9FED0A1ADFED1D
:10621000090AB1EE000AF8F733FC641C042CD4DB45
:1062200010BD000028030124DB0F4940A8F300241F
:106230000000C84200000000294AB2F904200A2ADE
:1062400005DC274AB2F9042012F10A0F04DA244AC5
:106250009288244B1A8002E00022224B1A80204AA6
:10626000B2F906200A2A05DC1D4AB2F9062012F10D
:106270000A0F04DA1A4AD2881B4B1A8002E0002265
:10628000194B1A80194A92ED000A164AB2F90020F9
:1062900000EE902AF8EEE00A9FED151A00EE810A52
:1062A000124A82ED000A134A92ED000A0E4AB2F930
:1062B000002000EE902AF8EEE00A9FED0D1A00EEA5
:1062C000810A0C4A82ED000A084A92ED000A80ED2C
:1062D000000A084A92ED000A81ED000A70470000AA
:1062E000CE0201242C0300242E03002424030024C6
:1062F000ACC5A737280300241CB59FED190A8DED06
:10630000010A9FED170A8DED000A694601A8FFF703
:1063100093FF1448C07A022820D1134890ED270A31
:10632000DDED010A30EE200A80ED260A90ED530AD9
:10633000DDED010A30EE200A80ED520A90ED7F0A71
:10634000DDED000A30EE200A80ED7E0A90EDAB0A0A
:10635000DDED000A30EE200A80EDAA0A1CBD000027
:1063600000000000CE020124A8F3002440F26510D2
:1063700002F0B0F8FFF7C0FE1848FCF7D9FB174849
:10638000001FFCF7D5FB27E0154801F089FEFFF759
:10639000EBFDFFF779FEFFF7AFFFFFF707FE0020E9
:1063A00001F04AFD40B1F7F7C3F900231A46194638
:1063B0001846ECF7A5FA0CE0F7F7B3F9094CB4F975
:1063C000BC32B4F90C22B4F95C11B4F9AC00ECF7AE
:1063D00097FA022002F07EF8D6E700005CF600246F
:1063E000A8460024A8F30024F0EE400AF6EE001AB6
:1063F00060EEA11AB0EE611AB0EE600A10EE100A5B
:106400000749A1EB600000EE100A21EE002AF7EE2A
:10641000081A42EE401A61EE801AB0EE610A704727
:10642000865A375F10B52DED048BB0EE408BB0EE81
:10643000419AB4EEE89AF1EE10FA04D2B0EE480AAE
:10644000BDEC048B10BD79EE689A78EE680AB0EE68
:10645000600AF0EE690AFCF703FFB0EE408AB5EE81
:10646000C08AF1EE10FA03D238EE290AB0EE408A63
:1064700038EE280AE4E70000EFF74EFBF8F756FD88
:10648000F7F7EEFAF7F75CF9F7F7C2F9F7F702FA60
:10649000F7F744FAF7F770FBF7F7A0FBF7F750FCB4
:1064A000F7F788FCF7F7F2FCF7F7BAFCF7F708FC08
:1064B000F7F7C6FB4FF4F070EBF772FFFDF774FDD2
:1064C00019220F490F4801F019FD4FF480720E494F
:1064D0000E4801F013FD0E48007800EB80100D4AC5
:1064E00002EB400180220C4801F008FD00F0EAFEBA
:1064F00000F064F8F7F756FA00F076F800BFFEE710
:10650000BCF7002414460024D5F70024A846002434
:1065100040030024D6F80024D047002473B5044675
:106520000E48BDF80410A0F8051044F400400C49D2
:1065300008604FF080404860002088600820C860F4
:1065400000070861002048618861C8610862034A49
:106550000448EEF7A3F805467CBD0000660700245A
:1065600004030124DC4200240246501AB0F5805F87
:1065700003DDA0F5F850FF3805E010F5805F02DA82
:1065800041F6FF73184400EE100AB8EEC00ADFEDC2
:10659000020A20EE200A7047DB0F493A70B5054623
:1065A000FCF77AFB10B16FF0050404E0002415B18C
:1065B000284601F08FFF204670BD000010B5FCF7A3
:1065C0006BFB10B16FF0050409E00648006820B9C4
:1065D000012004490860002401E04FF0FF34204608
:1065E00010BD0000F800002470B5FCF755FB10B199
:1065F0006FF005041FE011480068012819D100BFA1
:10660000801F0021002804DB0A07130E0C4A1354D4
:1066100006E00A07150E0B4A00F00F031B1FD554A6
:1066200000BF00BF02200549086001F0CFFF002431
:1066300001E04FF0FF34204670BD0000F800002458
:1066400000E400E018ED00E02DE9FF4780468946B0
:10665000144600200390FCF71FFB00284ED1B8F130
:10666000000F4BD0802618258246471E44B3206871
:1066700008B1D4F800A0A06900B1A5692DB1382DEA
:1066800003D8207900F0010018B1002004B0BDE863
:10669000F087606908B160698608A06840B1E06869
:1066A0005C2805D3206918B1606908B1012708E0AA
:1066B000A06830B9E06820B9206910B9002700E06F
:1066C0000027012F0CD12169A0684B463246CDE945
:1066D000005102905146404602F03AFC03900DE012
:1066E00067B903A8B2B24B465146CDE900504046C7
:1066F00002F0FCFB012801D0002003900398C5E7BD
:106700002DE9F04105460E46194807680020194951
:10671000096881F85A0017480068001D01F03DFD26
:10672000681C38B936B113480168091D124801F0D8
:106730009FFD1AE07C190F4800684460BC4207D2F4
:106740000C480168091D0D48006801F077FD0CE058
:1067500008480168091D0A48006801F06FFD0948F2
:106760000068844201D207480460BDE8F08100005F
:10677000BC000024A8000024C86C0024B000002441
:10678000AC000024D800002410B5044601F07CFDC4
:1067900024480068401C234908602348006840B929
:1067A000214804600846006801280DD100F0FEF978
:1067B0000AE01E48006838B91B480068C06AE16AF0
:1067C000884201D81848046019480068401C1849DC
:1067D00008600846006860641649E06A09688842F3
:1067E00002D91449E06A0860E16A01EB8101124AAA
:1067F00002EB8100211D01F03BFD01F06FFD0B4814
:10680000006868B108480068C06AE16A884207D237
:106810004FF0805009490860BFF34F8FBFF36F8F6F
:1068200010BD0000B8000024A8000024C40000240B
:10683000D4000024C00000241868002404ED00E007
:1068400008B501F021FD12480068E8B9114801F0CF
:10685000E5FC114801F0E2FC0E48104908600E48C2
:106860000F49086000200F4B0F4A102100900A20AA
:1068700002F026F8064908600846006820B10BA11E
:106880000348006801F0EAFD01F028FD08BD0000A2
:10689000EC000024DC6C0024F06C0024E4000024F4
:1068A000E8000024046D0024546D0024546D7251DE
:1068B0000000000010B516E001F0E6FC0C48C068CE
:1068C000C468201D01F069FC0A480068401E09499F
:1068D000086009480068401E0749086001F0FEFC96
:1068E000204600F05FF8044800680028E4D110BD9D
:1068F000B46C0024B8000024B400002470B5044631
:106900000D46206C70B1216CE0680144E160D4E96F
:106910000210884201D32168E1602846226CE168B8
:10692000EAF7B4FB70BD2DE9F04104460F46154669
:106930004FF00008A66B206C48B9206800282CD1C5
:10694000A06802F01BFC80460020A06025E07DB915
:106950003946226C6068EAF799FB216C606808444C
:106960006060D4E90101884217D32068606014E0B8
:106970003946226CE068EAF789FB216CE068411A2D
:10698000E1602168E068884203D2216CA068411A66
:10699000E160022D01D106B1761E701CA063404655
:1069A000BDE8F08110B5044694F8590030B9206B69
:1069B00001F0B2FC204601F0AFFC1AE094F8590057
:1069C000012803D1204601F0A7FC12E094F85900F9
:1069D000022801D1012000E0002050B900BF502062
:1069E00080F31188BFF34F8FBFF36F8F00BF00BFDD
:1069F000FEE710BD0146084A126812680AB9012272
:106A000000E000220A600A6822B9034A1268D268CC
:106A1000106800E000207047E400002430B547F221
:106A20003053174800F007042CB1C01D20F00700B8
:106A3000134C041B1B1B0246124C22600024114DF8
:106A40006C60D018083820F007000F4C206000243C
:106A50000D4D2D686C600C4D2D682C601146441A4C
:106A60004C60094C24680C60084D4C682C60084D43
:106A70004C682C604FF00044064D2C6030BD000087
:106A8000AC740024FC000024040100240C01002448
:106A9000080100241801002400BFFFF70BFF06487F
:106AA00000680128F9D94FF0805004490860BFF30D
:106AB0004F8FBFF36F8FF0E71868002404ED00E0FC
:106AC0002DE9F04106460D4617469846069C0DB93D
:106AD000246000E02760E66325640121204601F080
:106AE0005FFF84F84C80BDE8F0812DE9F05F8246BD
:106AF0000E4690469B460A9F0C9C4FEA8801A522B1
:106B0000206BEAF73AFBA8F10100216B01EB800949
:106B100029F0070909F0070008B9012000E000206A
:106B200050B900BF502080F31188BFF34F8FBFF3DF
:106B30006F8F00BF00BFFEE786B1002507E0715DE3
:106B400004F134004155705D00B902E06D1C102D58
:106B5000F5D300BF00214320015502E0002084F856
:106B60003400382F00D33727E762E7640020206520
:106B7000201D01F060FB04F1180001F05CFB2461B2
:106B8000C7F13800A06164620020606584F8580095
:106B900084F85A005A465146484600F07DFB206072
:106BA0000B9808B10B980460BDE8F09F10B5002465
:106BB00007E004EB84010F4A02EB810001F02EFB99
:106BC000641C382CF5D30C4801F028FB0B4801F06D
:106BD00025FB0B4801F022FB0A4801F01FFB0A4885
:106BE00001F01CFB04480949086004480849086092
:106BF00010BD000018680024786C00248C6C002400
:106C0000A06C0024B46C0024C86C0024AC000024E8
:106C1000B000002410B50146164800E00068036883
:106C20008B42FBD30246436813448B4204D1436832
:106C30004C682344436001460A464B681344046889
:106C4000A34211D10C4C03682468A34208D04B68BE
:106C50000468646823444B6003681B680B6005E0AC
:106C6000054B1B680B6001E003680B60884200D095
:106C7000016010BDFC000024040100242DE9F04156
:106C800004460D4616461F464FF000086560246115
:106C9000B5420CD8F01BA169884202D34FF001081D
:106CA00011E0211D0948006801F0C8FA0BE0BE425E
:106CB00004D2BD4202D34FF0010804E0211D044874
:106CC000006801F0BBFA4046BDE8F081E80000240E
:106CD000E400002470B5054601F0D6FAA86B08B9A7
:106CE000012400E0002401F0F9FA204670BD70B5DF
:106CF000054601F0C9FAA86BE96B884201D101246D
:106D000000E0002401F0EAFA204670BDF8B505461F
:106D10000F461A480068C068C468201D01F03DFA9B
:106D200094F8280000F00400E8B1A06941192B464E
:106D30003A462046FFF7A2FFD8B1002003462A4674
:106D400001460090204602F075FB064656B900BF8A
:106D5000502080F31188BFF34F8FBFF36F8F00BFB8
:106D600000BFFEE705E094F8280020F0010084F859
:106D700028002046216A8847F8BD0000E40000246E
:106D8000F0B587B0A0E00398002811DA04AE56B938
:106D900000BF502080F31188BFF34F8FBFF36F8F78
:106DA00000BF00BFFEE7D6E90020B168904700BFF2
:106DB00003980028E6DB059C606908B9012000E023
:106DC000002010B9201D01F0E8F902A800F0DEF85B
:106DD000054603980A2875D2DFE800F0090507394F
:106DE000416306083A4200BF00BF00BF00BF94F8ED
:106DF000280040F0010084F828000498A269811856
:106E000003462A462046FFF739FFF8B12046216A9B
:106E1000884794F8280000F00400B8B100200090E2
:106E20000498A169421800231946204602F002FB8B
:106E3000074657B900BF502080F31188BFF34F8F2A
:106E4000BFF36F8F00BF00BFFEE700BF3BE000BF96
:106E500094F8280020F0010084F8280033E000BFF7
:106E600094F8280040F0010084F828000498A061FC
:106E7000A06908B1012000E0002050B900BF5020F7
:106E800080F31188BFF34F8FBFF36F8F00BF00BF38
:106E9000FEE7A06941192B462A462046FFF7EEFE81
:106EA00011E094F8280000F0020018B9204601F023
:106EB00033FA05E094F8280020F0010084F8280057
:106EC00001E0FFE700BF00BF002203A904480068FB
:106ED00001F004FF00287FF456AF07B0F0BD0000BA
:106EE000EC000024F8B505460C4601F0CBFB6846E3
:106EF00000F04CF80646009820BB44B9B54206D8CD
:106F000002F0DAF931462846FFF700FF1CE03CB1F9
:106F10000E480068006808B9012000E0002004461F
:106F2000A91B22460A48006801F0AEFA02F0C4F933
:106F300050B94FF0805007490860BFF34F8FBFF33F
:106F40006F8F01E002F0B8F9F8BD0000E8000024FE
:106F5000EC00002404ED00E00A490968096809B959
:106F6000012100E0002121B14FF0FF31064A1160FC
:106F700006E004490968C968C868034A41681160A5
:106F800070470000AC000024D800002470B504460F
:106F900002F04CF8054607480068854204D200F02C
:106FA0000BF80120206001E000202060014805600E
:106FB000284670BDF40000242DE9F84334E025484C
:106FC0000068C068056823480068C068C468201D60
:106FD00001F0E3F82046216A884794F8280000F081
:106FE000040008B3A0694619AE4207D9666024615F
:106FF000211D1848006801F021F915E00020034622
:107000002A4601460090204602F014FA074657B976
:1070100000BF502080F31188BFF34F8FBFF36F8FF5
:1070200000BF00BFFEE700BF0A480068006808B95B
:10703000012000E000200028C1D00648D0F80080E0
:1070400005480068034908600348C0F80080BDE8AF
:10705000F8830000E4000024E80000240246002138
:1070600001E0521C491C1078A528FAD0890888B282
:10707000704700000E480068401C08B9012000E07D
:10708000002050B900BF502080F31188BFF34F8F0C
:10709000BFF36F8F00BF00BFFEE700BF502080F33B
:1070A0001188BFF34F8FBFF36F8F00BF00BFFEE7A4
:1070B0001C01002408B500BF6846FFF79BFC04468E
:1070C00020460099FFF70EFFFFF75AFEF4E770B570
:1070D000044601F0D9F894F9455010E0606A08B907
:1070E000012000E0002038B904F1240002F098F8F3
:1070F00018B101F029FA00E003E0681E45B2002D46
:10710000ECDC00BFFF2084F8450001F0E7F801F057
:10711000BBF894F9445010E0206908B9012000E060
:10712000002048B904F1100002F07AF808B101F02B
:107130000BFA681E45B200E001E0002DECDC00BF58
:10714000FF2084F8440001F0C9F870BD2DE9F0413A
:1071500004464FF0000801F095FA4948006808B964
:10716000FFF75CFC474800682040002870D1D4B18C
:10717000083404F00700B0B104F00700C0F10800C3
:10718000044404F0070008B9012000E0002050B9D1
:1071900000BF502080F31188BFF34F8FBFF36F8F74
:1071A00000BF00BFFEE7002C52D037480068844281
:1071B0004ED8364E3046056801E02E462D68686888
:1071C000A04202D228680028F7D12D4800688542E5
:1071D0003ED0306800F10808286830606868001BFD
:1071E000102819D92F1907F0070008B9012000E06D
:1071F000002050B900BF502080F31188BFF34F8F9B
:10720000BFF36F8F00BF00BFFEE76868001B7860A8
:107210006C603846FFF7FEFC1B4968680968081A6D
:10722000194908600846006819490968884203D26C
:1072300015480068164908601249686809680843DB
:1072400068600020286013480068401C11490860ED
:1072500002F032F808F0070008B9012000E0002031
:1072600050B900BF502080F31188BFF34F8FBFF398
:107270006F8F00BF00BFFEE74046BDE8F081000011
:10728000040100241801002408010024FC0000244B
:107290000C01002410010024001F4FF080730360D4
:1072A000001F21F001030360001F054B0360143829
:1072B0000260001F6FF00203036020387047000077
:1072C0007570010810B50248FCF790FE10BD000073
:1072D000D572010800B970470178427841EA02216D
:1072E000C1F30A01374A11804178C910827841EA16
:1072F0004211C1F30A01334A518081788911C27861
:1073000041EA8201027941EA8221C1F30A012D4A50
:10731000918001794910427941EAC211C1F30A0111
:10732000284AD1804179C1F3011191724179091143
:107330008A082449CA728179C27941EA022109B2D4
:10734000204A9181017A427A41EA02210AB21D491A
:10735000CA81817AC27A41EA02210AB219490A82B3
:10736000027B8A74427BCA74817BC27B41EA022120
:10737000144A9182017C427C41EA022109B2114AFD
:10738000118111460988A1F5806109B21180114669
:107390004988A1F5806109B2518011468988A1F51B
:1073A000806109B291801146C988A1F5806109B256
:1073B000D18011460989A1F5806109B2118100BF10
:1073C00089E70000CE02012410B5C0B00024472296
:1073D0002146641C0DF8012056222146641C0DF83C
:1073E000012001222146641C0DF801200DEB040050
:1073F000224909680160241D0DEB04001F494968FA
:107400000160241D0DEB04001C4989680160241DE6
:107410000DEB04001949C9680160241D0DEB04003F
:10742000174909680160241D0DEB0400002109685B
:107430000160241D0DEB0400114949680160241D01
:107440000DEB0400002109680160241D0DEB040010
:10745000002109680160241D0DEB0400002109884A
:107460000180A41C47222146641C0DF801202146FE
:107470006846EAF7EBFB40B010BD000090F0002436
:1074800008F20024094890ED160AD0ED150A9FED88
:10749000081A70EEC10A30EE600A80ED160A05483F
:1074A00090ED010A80ED000A704700002CF20024E4
:1074B0000080A244A402002410B57D480078A8B939
:1074C0009FED7C0A7A4880ED140A9FED7A0A80EDE0
:1074D000420A9FED780A80ED2C0A9FED770A80ED35
:1074E000320A9FED750A80ED1C0A77E0704800783B
:1074F000012858D19FED6F0A6D4880ED140A90ED78
:107500002B0AB5EEC00AF1EE10FA07DD9FED6B0A0B
:1075100080ED320A9FED690A80ED1C0A6848808A76
:1075200000F4805010B90120664908606448808AE0
:1075300000F4805050B16348006838B16248006878
:107540000A306149086000205E4908605C48808A12
:1075500000F4006010B901205C4908605848808A36
:1075600000F4006050B15948006838B156480068CE
:107570000A3855490860002054490860524800689C
:107580004042A0F5617000EE100AB8EEC00A48480B
:1075900080ED420A4C4890ED000AB8EEC00A44481B
:1075A00080ED2C0A1AE04248007802280DD14848A4
:1075B000006820B1FFF766FF00F04AFC0EE09FED87
:1075C000450A3B4880ED140A08E039480078032852
:1075D00004D19FED400A364880ED140A34484068D3
:1075E00090ED040A324880ED150A39480068D0B1A0
:1075F0002F4890ED161AF0EE410A406890ED041AFB
:10760000B0EE410A3448F7F7E5F8334890ED071A31
:10761000F0EE410A264890ED131AB0EE410A083008
:10762000F7F7D8F80BE0224890ED141AF0EE410A73
:1076300090ED131AB0EE410A0830F7F7CBF81C486A
:1076400090ED090ABDEEC00A10EE100A01B218480A
:10765000A0F85C1090ED421AF0EE410A90ED411A4C
:10766000B0EE410ABC30F7F7B5F8114890ED360A94
:10767000BDEEC00A10EE100A01B20D48A0F80C11C0
:1076800090ED2C1AF0EE410A90ED2B1AB0EE410A63
:107690006430F7F79FF8064890ED200ABDEEC00A67
:1076A00010EE100A01B20248A0F8B41010BD00009C
:1076B0002CF200240000000000007A4400C0DA45EB
:1076C000CE02012418030024200300241C030024FC
:1076D0003402002400006144440200243B48406816
:1076E000B0F9020000EE100AB8EEC00A374880ED8B
:1076F000130AD0F8B800B0F9020000EE100AB8EE94
:10770000C00A324880ED410A006EB0F9020000EE76
:10771000100AB8EEC00A2D4880ED2B0A90F86801D7
:107720002A4981F86A01084690F8690181F86B01DD
:107730002748807C81F868012548C07C81F8690170
:10774000084690F8680158B10846B0F86C01642802
:107750000ADA0846B0F86C01401CA1F86C0103E09D
:1077600000201A49A1F86C01184890F8690160B12D
:107770001648B0F86E0164280BDA1448B0F86E01B0
:10778000401C1249A1F86E0103E000200F49A1F846
:107790006E010E480078022802D101200D490860D0
:1077A0000C480068012806D10848B0F87001401C58
:1077B0000649A1F8700108480068012805D1002099
:1077C000044908600149A1F8700170472CF20024B7
:1077D000CE0201240C030024F802002410B500207E
:1077E00039490860012039490870FEF71BF837490C
:1077F0004860FEF70BF83549C1F8B800FEF70EF8FF
:10780000324908669FED322ADFED321A9FED321AB7
:10781000DFED320AB3EE030A01F10800F7F730F9A1
:107820009FED2B2ADFED2E1A9FED2C1ADFED2B0A90
:10783000B3EE0E0A2548BC30F7F722F99FED242A53
:10784000DFED271A9FED251ADFED240AB3EE0E0AAD
:107850001E486430F7F714F9FFF740FF00211B487A
:1078600080F85E10406890ED040A184880ED150A13
:10787000A0F85C1090ED150A80ED160A9FED170A2E
:1078800080ED130A9FED150A80ED140A9FED130A8F
:1078900080ED400A9FED110A80ED410A9FED0F0A2D
:1078A00080ED420AA0F80C119FED0C0A80ED2A0A27
:1078B0009FED0A0A80ED2B0A9FED080A80ED2C0A45
:1078C000A0F8B41010BD0000340200242CF20024F3
:1078D0000080BB4500701446CDCCCC3D00000000BC
:1078E00000C0DA4510B5BD48B0F87801BC49086061
:1078F000BA48B0F87801BB494860B84890ED160A1C
:10790000D0ED150A30EE600AB7EEC00AB0EEC00B3B
:10791000B2EE001BB4EEC10BF1EE10FA03D8012059
:10792000B149086002E00020AF4908600F2000F074
:1079300083FAD8B9A948B0F878012830A749B1F836
:107940007611884212DDA5480078022807D0A348A6
:107950000078032803D0A1480078012809D101202C
:107960009E4908700020A149086002E001209F495B
:1079700008609E480068A0B19D48807A012810D117
:107980000220964908709B480068002808D09A4851
:107990000068002804D1FFF775FD012096490860B2
:1079A000A8E09348007D00F0100018B99048807A54
:1079B000032847D101208949087000208E490860BA
:1079C000864890F8680138B98948808A00F40050E8
:1079D00010B90120894908608048B0F86C0164281A
:1079E00005D07E48B0F87001B0F5C87F08D17F4857
:1079F000006828B103207949087000208049087088
:107A0000764890F8680120B97948808A00F40050DF
:107A1000A0B17A48006888B17448006870B17248B3
:107A2000006858B100207549086002206B49087051
:107A3000FFF728FD0120734908605BE001206749DA
:107A4000087057E06A48807A022850D100206349C4
:107A500008706748007D00F0100018B96A48006897
:107A6000012847D101205D490870084690F8680157
:107A700038B95F48808A00F4005010B901205F498E
:107A80000860564890F8680120B95948808A00F487
:107A9000005098B15948006880B15448006868B1F6
:107AA0005148006850B100205449086002204B49F9
:107AB0000870FFF7E7FC0120524908604748B0F81A
:107AC0006C01642805D04548B0F87001B0F5C87F56
:107AD00009D14648006830B10320404908700020B1
:107AE0004749087006E001203C49087002E0012087
:107AF0003A490870394890ED160A444880ED010A69
:107B00003B48007D00F0100018B93F48006801288C
:107B100030D10120314908703B49086000203C49C0
:107B200008602E4890F8680180B13048006868B15C
:107B300002202A4908702F48006838B12E48006892
:107B400020B9FFF79FFC01202B4908602348B0F8BB
:107B50006C01642805D02148B0F87001B0F5C87FE9
:107B600008D12248006828B103201C490870002071
:107B7000234908701E48808A00F4006020B100206C
:107B800021490860224908601948007D00F0200062
:107B900048B11748808A00F4804020B19FED1D0A4B
:107BA0000E4880ED160AFDF795FF10B100200B4935
:107BB000087019480068194908600D48007D00F0F8
:107BC000100030B90A48808A00F4805008B10120C2
:107BD00000E000201049086010BD00002CF20024D5
:107BE000FC02002400030024F8020024F002002418
:107BF000CE02012434020024B0020024E00200245A
:107C0000C0020024E4020024D0020024A4020024C4
:107C1000D4020024C091743F380200243C020024A6
:107C20004FF4967000F056FCFFF7D8FDA4E0FFF784
:107C300059FEFFF753FDFFF73FFC5048B0F80C0129
:107C40004F4908804D48B0F8B4004E4908804B4871
:107C5000B0F85C004C4908804FF480514B48EDF778
:107C60003BFF08B9012000E0002049490860434873
:107C7000B0F87001B0F57A7F03DB01204549086058
:107C800002E00020434908603C4890ED410AB1EE13
:107C9000400A414880ED000A384890ED2B0A3E48E2
:107CA00080ED010A082000F0C7F810BB092000F0A1
:107CB000C3F8F0B9002000F0BFF860B10021084619
:107CC000E9F7C6FE0020E9F745FF2C4890ED150ABC
:107CD00080ED160A17E02B48B0F900102848B0F9DB
:107CE0000000E9F7B5FE2848B0F90000E9F732FFD7
:107CF00009E02548B0F90000E9F72CFF1F4890ED96
:107D0000150A80ED160A002000F096F858B10021FF
:107D10000846E9F79DFE0020E9F71CFF174890EDA3
:107D2000150A80ED160A154890ED410A1B4880EDB2
:107D3000000A124890ED2B0AB1EE400A174880ED78
:107D4000010A0E4890ED420A154880ED000A0B48E2
:107D500090ED2C0A124880ED010A084890ED160AB1
:107D6000104880ED000A054890ED150A0D4880ED99
:107D7000010A052000F0AEFB59E700002CF20024B8
:107D8000C8020024CA020024CC02002400040258C5
:107D9000AC020024B4020024B8020024940200249F
:107DA0009C0200248802002410B500EE100A2DED7C
:107DB000028BB1EEC08A18EE100A20F00040C0F12C
:107DC000FF40C00F0AD010EE100A20F00040C0F1B2
:107DD000FF40C00F04BF0120E9F7A2FA18EE100A15
:107DE000BDEC028B10BD000070B504460D460F4877
:107DF000A0F8035044F400400D4908604FF0804063
:107E00004860002088600520FDF7C0FC0849C86074
:107E10004FF000400861002048618861C861086235
:107E2000024A0448ECF73AFC064670BD6D07002490
:107E300004030124DC420024014601EBC100034A93
:107E400002EB8000C07CC0F340107047F8EB0024C8
:107E50002448B0F87201B0F5C87F05DA214890EDEA
:107E6000140A80ED140A06E01E4890ED140AB1EEE3
:107E7000400A80ED140A1B4890ED130AB7EEC00AC1
:107E8000B0EEC00BB7EE001BB4EEC10BF1EE10FA72
:107E90000FD2B0F87201B0F5C87F0ADA1148B0F815
:107EA0007201401C0F49A1F872010020A1F8740171
:107EB00016E00C48B0F87201B0F5C87F0CD1094843
:107EC000B0F87401962807DA0648B0F87401401C2F
:107ED0000449A1F8740103E000200249A1F87201ED
:107EE000704700002CF2002470B504460D4616467B
:107EF000324629462046F2F7D9FF70BD70B50446D8
:107F00000D4616462046F2F741FA324629462046EB
:107F1000F2F7B8F8002878D1D4F880000068424918
:107F2000884267D0D4F8800000683F491831884201
:107F300060D0D4F8800000683B493031884259D085
:107F4000D4F88000006838494831884252D0D4F8CB
:107F5000800000683449603188424BD0D4F88000FA
:107F6000006831497831884244D0D4F880000068F4
:107F70002D49903188423DD0D4F8800000682A49CC
:107F8000A831884236D0D4F880000068274988425A
:107F900030D0D4F88000006824491831884229D0B4
:107FA000D4F88000006821493031884222D0D4F8CA
:107FB000800000681D49483188421BD0D4F88000F9
:107FC00000681A496031884214D0D4F880000068F3
:107FD0001649783188420DD0D4F8800000681349E2
:107FE0009031884206D0D4F8800000680F49A8314B
:107FF00088420BD1D4F880000068006820F00800A7
:10800000D4F88010096808600AE00BE0D4F880001A
:108010000068006820F00400D4F880100968086047
:10802000012070BD0020FCE7100002401004024057
:108030002DE9F04104460E461746002512492068F6
:10804000884201D1114D0AE011492068884201D1CE
:10805000104D04E010492068884200D10F4D85B1D1
:10806000287870B1002028703A4631462046F2F751
:108070001DFF10B90120BDE8F0810120287000200B
:10808000F9E70020F7E7000000440040390300242E
:10809000007800403A030024001C01403B03002408
:1080A00070B505460024002024E0254951F8201031
:1080B0000B782146621CD4B2224A5354204951F80D
:1080C00020104B782146621CD4B21E4A53541C49DE
:1080D00051F820108B782146621CD4B2194A5354AF
:1080E000174951F82010CB782146621CD4B2154AAA
:1080F0005354401C144909788842D6DB002220469C
:10810000611CCCB20F490A542046611CCCB20D4907
:108110000A5480222046611CCCB20A490A547F22AC
:108120002046611CCCB207490A5400BFD5F888002C
:108130002028FBD1224603492846FFF779FF70BD6E
:1081400068F6002490F600243803002470B5044635
:108150000D462078562819D16078472816D1E07E40
:10816000562813D1E41C14F8010CA870206868602C
:108170006068A860A068E860E068286120696861BC
:108180006069E41EA8611020FCF736FD70BD10B5D3
:1081900004462046FEF7DAFF10BD01460A69D1E920
:1081A00001309860D1E9010358605068884201D1DC
:1081B00088685060002008611068401E10601068D8
:1081C000704700002DE9F041044614B906480068E4
:1081D00000E0204607463D6B2846FEF73FFF064677
:1081E0003046BDE8F0810000A8000024034B036086
:1081F000034B0B608023136070470000F46D002474
:10820000506E0024034B0360034B0B604FF48073EC
:108210001360704750700024AC70002400F1080116
:1082200041604FF0FF31816000F10801C1600161E0
:1082300000210160704700210161704710B50246BE
:108240000B685C1C0CB9106907E002F1080000E043
:108250004068446824689C42FAD944684C604C6881
:10826000A160886041600A611468641C146010BDDC
:1082700042684A6093688B609368596091600861B6
:1082800003685B1C0360704700BF502080F31188B7
:10829000BFF34F8FBFF36F8F00BF0E480068401CC5
:1082A0000C49086008460068012812D10A48006895
:1082B000C0B208B9012000E0002050B900BF502032
:1082C00080F31188BFF34F8FBFF36F8F00BF00BFE4
:1082D000FEE770471C01002404ED00E00D48006833
:1082E00050B900BF502080F31188BFF34F8FBFF308
:1082F0006F8F00BF00BFFEE706480068401E0549BB
:1083000008600846006820B9002080F3118800BF8B
:1083100000BF70471C01002470B506463546002E8C
:1083200044D0083D2C46224960680968084008B1DD
:10833000012000E0002050B900BF502080F31188D8
:10834000BFF34F8FBFF36F8F00BF00BFFEE7206802
:1083500008B9012000E0002050B900BF502080F390
:108360001188BFF34F8FBFF36F8F00BF00BFFEE7D1
:108370000F49606809680840C0B12068B0B90C496D
:10838000606809688843606000F07CF909496068AA
:1083900009680844074908602046FEF73BFC064888
:1083A0000068401C0449086000F086FF70BD0000B2
:1083B00018010024080100241401002400204FF0BB
:1083C000E02108618861064800684FF47A71B0FBCB
:1083D000F1F0401E4FF0E02148610720086170472E
:1083E000A000002470B5E8F741F80446102C16D31D
:1083F00004F1E02090F8F05315480078854201DB45
:10840000012000E0002050B900BF502080F3118807
:10841000BFF34F8FBFF36F8F00BF00BFFEE70D4864
:10842000006800F4E0600C490968884201D8012026
:1084300000E0002050B900BF502080F31188BFF346
:108440004F8FBFF36F8F00BF00BFFEE770BD00000E
:10845000200100240CED00E024010024024600204D
:108460000BE0084B53F8303033B9064B43F830106B
:1084700003EBC0035A6002E0401C0828F1D300BFA0
:1084800070470000D86700242DE9F04105460E46EC
:1084900017462C46FFF7F8FE94F94400401C10B92B
:1084A000002084F8440094F94500401C10B90020D5
:1084B00084F84500FFF712FFA06B28B93A46314611
:1084C00004F1240000F062F82046FEF700FEBDE84B
:1084D000F081000070B504460025D4B11248006850
:1084E00008B9012000E0002050B900BF502080F3FF
:1084F0001188BFF34F8FBFF36F8F00BF00BFFEE740
:1085000000F0C0F800212046FEF7FAF800F0D4FE93
:1085100005463DB94FF0805004490860BFF34F8FC6
:10852000BFF36F8F70BD0000E000002404ED00E099
:108530000349096801600349096841607047000008
:10854000D0000024BC0000240120014908607047CD
:10855000CC00002470B504460D4654B900BF50202D
:1085600080F31188BFF34F8FBFF36F8F00BF00BF41
:10857000FEE70548016818312046FFF75FFE01213C
:108580002846FEF7BDF870BDA800002470B505466A
:108590000E46144655B900BF502080F31188BFF332
:1085A0004F8FBFF36F8F00BF00BFFEE70648016823
:1085B00018312846FFF75CFE0CB14FF0FF3621461C
:1085C0003046FEF79DF870BDA800002410B586B0B7
:1085D00000200590049003AA04A905A8FFF706FE51
:1085E0000022DDE904101346CDE9002102901EA10E
:1085F0001F48039A00F0ACFC1E490860084600685A
:1086000008B1012400E00024012C02D100F0D6FEC4
:108610000446012C15D100BF502080F31188BFF310
:108620004F8FBFF36F8F00BF4FF0FF3012490860CC
:1086300001201249086000201149086000F072F81A
:1086400010E0601C08B1012000E0002050B900BF1C
:10865000502080F31188BFF34F8FBFF36F8F00BF9F
:1086600000BFFEE706B010BD49444C4500000000C5
:10867000996A0108DC000024D8000024C40000240A
:10868000BC00002402480068401C01490860704793
:10869000E00000241E48006818B101201D49086050
:1086A00034E000201B4908601B4801680CE051B908
:1086B00000BF502080F31188BFF34F8FBFF36F8F3F
:1086C00000BF00BFFEE7491E01EB8100134A52F8CC
:1086D000200008B9012000E000200028E7D101EBCC
:1086E00081020E4B03EB820042685268426000F147
:1086F00008024368934202D142685268426042686D
:10870000D268074B1A600448016000BF7047000040
:10871000E0000024CC000024C000002418680024DD
:10872000A80000241CB5524800685249884201D074
:10873000012000E0002050B900BF502080F31188D4
:10874000BFF34F8FBFF36F8F00BF00BFFEE74848F6
:1087500000684849491E884201D0012000E00020FD
:1087600050B900BF502080F31188BFF34F8FBFF383
:108770006F8F00BF00BFFEE73F49084600780190B9
:10878000FF200A4610700846007800909DF800000F
:1087900000F0F0009DF80020904201D1012000E09F
:1087A000002050B900BF502080F31188BFF34F8FD5
:1087B000BFF36F8F00BF00BFFEE79DF8000000F021
:1087C00050002E4A107007202D4A106009E02C48F6
:1087D0000068401E2A4A10609DF800004006000E06
:1087E00000909DF8000000F080008028EFD0244821
:1087F0000068C0F10700042801D1012000E000203A
:1088000050B900BF502080F31188BFF34F8FBFF3E2
:108810006F8F00BF00BFFEE7194800680002184ACA
:1088200010601046008800F4E0601060124A019861
:1088300010700F482030006840F470000C4920315F
:1088400008600846006840F070400860FFF7B6FD19
:1088500000200C490860E7F7D1FD0B48006840F0A4
:10886000404009490860E7F7B5FD00201CBD000045
:1088700000ED00E071C20F4100E400E0200100249F
:10888000240100241C01002434EF00E010B500BFD7
:10889000502080F31188BFF34F8FBFF36F8F00BF5D
:1088A00000F0CAFB18B14FF080500449086000BFC7
:1088B000002080F3118800BF10BD000004ED00E02F
:1088C0002DE9F84380460E4617461D46DDF82090F8
:1088D000B8F1000F01D0012000E0002050B900BF26
:1088E000502080F31188BFF34F8FBFF36F8F00BF0D
:1088F00000BFFEE70DB1012000E0002050B900BF2D
:10890000502080F31188BFF34F8FBFF36F8F00BFEC
:1089100000BFFEE707B10EB1012000E0002050B912
:1089200000BF502080F31188BFF34F8FBFF36F8FCC
:1089300000BF00BFFEE707B90EB9012000E000202C
:1089400050B900BF502080F31188BFF34F8FBFF3A1
:108950006F8F00BF00BFFEE75020009000985028A6
:1089600001D1012000E0002050B900BF502080F369
:108970001188BFF34F8FBFF36F8F00BF00BFFEE7BB
:1089800000BF2C464CB1012084F846004B463A46C5
:10899000314640460094FEF793F82046BDE8F88340
:1089A00070B505460E462C4654B900BF502080F3E2
:1089B0001188BFF34F8FBFF36F8F00BF00BFFEE77B
:1089C000FFF762FCD4E90F12206801FB0200A060EF
:1089D0000020A06320686060E06B401E226C21686C
:1089E00000FB0211E160FF2084F8440084F8450098
:1089F0009EB9206908B9012000E00020A8B904F15F
:108A0000100000F00DFC80B14FF080500949086063
:108A1000BFF34F8FBFF36F8F07E004F11000FFF734
:108A2000FDFB04F12400FFF7F9FBFFF757FC0120E1
:108A300070BD000004ED00E02DE9FF4383B0064661
:108A400088461D464FF00009344654B900BF5020F7
:108A500080F31188BFF34F8FBFF36F8F00BF00BF4C
:108A6000FEE7B8F1000F01D1206C08B9012000E049
:108A7000002050B900BF502080F31188BFF34F8F02
:108A8000BFF36F8F00BF00BFFEE7022D02D1E06B86
:108A9000012801D1012000E0002050B900BF502082
:108AA00080F31188BFF34F8FBFF36F8F00BF00BFFC
:108AB000FEE700F0ABFA08B9059808B9012000E01C
:108AC000002050B900BF502080F31188BFF34F8FB2
:108AD000BFF36F8F00BF00BFFEE700BFFFF7D4FBFF
:108AE000A06BE16B884201D3022D28D12A46414672
:108AF0002046FDF718FF0746606A08B9012000E02C
:108B0000002068B904F1240000F08AFB88B14FF01E
:108B1000805032490860BFF34F8FBFF36F8F08E07A
:108B20003FB14FF080502D490860BFF34F8FBFF326
:108B30006F8FFFF7D3FB012007B0BDE8F0830598E6
:108B400018B9FFF7CBFB0020F6E7B9F1000F04D10D
:108B500001A8FFF7EDFC4FF00109FFF7BFFBFFF79E
:108B600091FDFFF791FB94F94400401C10B90020DF
:108B700084F8440094F94500401C10B9002084F8A2
:108B80004500FFF7ABFB05A901A800F05BF9F0B9C0
:108B90002046FEF7ACF8A0B104F110000599FFF7EC
:108BA000D9FC2046FEF793FA00F086FB002895D109
:108BB0004FF0805009490860BFF34F8FBFF36F8FAC
:108BC0008CE72046FEF783FA00F076FB86E7204626
:108BD000FEF77DFA00F070FB0020ADE704ED00E049
:108BE0002DE9F84F07468A4690461E463C4654B942
:108BF00000BF502080F31188BFF34F8FBFF36F8FFA
:108C000000BF00BFFEE7BAF1000F01D1206C08B928
:108C1000012000E0002050B900BF502080F31188EF
:108C2000BFF34F8FBFF36F8F00BF00BFFEE7022E71
:108C300002D1E06B012801D1012000E0002050B9F1
:108C400000BF502080F31188BFF34F8FBFF36F8FA9
:108C500000BF00BFFEE7FFF7C5FB00BF5021EFF3E9
:108C6000118081F31188BFF34F8FBFF36F8F00BF67
:108C70000546A06BE16B884201D3022E25D194F901
:108C800045B0A06B0090324651462046FDF74BFEA2
:108C90000BF1010088B9606A08B9012000E00020EA
:108CA00050B904F1240000F0BBFA28B1B8F1000F6C
:108CB00002D00120C8F8000004E00BF1010040B22E
:108CC00084F845004FF0010901E04FF0000900BFB2
:108CD00085F3118800BF4846BDE8F88F2DE9F741BC
:108CE00083B005460E464FF000082C4654B900BF2D
:108CF000502080F31188BFF34F8FBFF36F8F00BFF9
:108D000000BFFEE70EB9206C08B9012000E000208A
:108D100050B900BF502080F31188BFF34F8FBFF3CD
:108D20006F8F00BF00BFFEE700F070F908B905982B
:108D300008B9012000E0002050B900BF502080F3A6
:108D40001188BFF34F8FBFF36F8F00BF00BFFEE7E7
:108D500000BFFFF799FAA76BF7B131462046FDF740
:108D6000CDFD781EA063206908B9012000E0002035
:108D700060B904F1100000F053FA38B14FF08050A0
:108D80002F490860BFF34F8FBFF36F8FFFF7A6FA2D
:108D9000012006B0BDE8F081059818B9FFF79EFAEA
:108DA0000020F6E7B8F1000F04D101A8FFF7C0FBDF
:108DB0004FF00108FFF792FAFFF764FCFFF764FA3F
:108DC00094F94400401C10B9002084F8440094F940
:108DD0004500401C10B9002084F84500FFF77EFADA
:108DE00005A901A800F02EF8F0B92046FDF772FFA2
:108DF000A0B104F124000599FFF7ACFB2046FEF773
:108E000066F900F059FA0028A3D14FF080500C49C0
:108E10000860BFF34F8FBFF36F8F9AE72046FEF7CE
:108E200056F900F049FA94E72046FEF750F900F0B1
:108E300043FA2046FDF74EFF00288AD00020A8E71D
:108E400004ED00E070B506460C4656B900BF502050
:108E500080F31188BFF34F8FBFF36F8F00BF00BF48
:108E6000FEE754B900BF502080F31188BFF34F8F45
:108E7000BFF36F8F00BF00BFFEE7FFF705FA18488A
:108E800002687068131A1748006890F85A0030B1E9
:108E900000201449096881F85A0001251CE0206867
:108EA000401C08B9002517E00F493068096888425E
:108EB00004D07068904201D801250DE020689842E6
:108EC00007D92068C01A20603046FFF731FB002523
:108ED00002E0002020600125FFF700FA284670BD5F
:108EE000BC000024A8000024D00000242DE9FF4F7E
:108EF00085B0804689461746DDE912ABB800FEF71B
:108F000025F9064656B15C20FEF720F904460CB15F
:108F1000266304E03046FFF7FFF900E000248CB13F
:108F2000002084F85900CDE900ABCDE902403A4673
:108F300049464046089BFDF7D8FD2046FDF724FC36
:108F4000012501E04FF0FF35284609B0BDE8F08F5C
:108F50002DE9F04F85B00746884691469A46DDE9EF
:108F60000EB6109C0EB1012000E0002050B900BFE9
:108F7000502080F31188BFF34F8FBFF36F8F00BF76
:108F800000BFFEE70CB1012000E0002050B900BF97
:108F9000502080F31188BFF34F8FBFF36F8F00BF56
:108FA00000BFFEE75C20039003985C2801D10120FC
:108FB00000E0002050B900BF502080F31188BFF3BB
:108FC0004F8FBFF36F8F00BF00BFFEE700BFB4B18C
:108FD000AEB125462C462E63022085F859000020AC
:108FE00004A953464A46CDE900B1CDE902504146B5
:108FF0003846FDF77AFD2846FDF7C6FB01E0002064
:109000000490049805B0BDE8F08F00000549096898
:1090100009B9012005E00449096809B9022000E006
:1090200000207047C4000024E000002401490868C3
:1090300070470000BC0000242DE9F0414FF000080B
:109040004348006800287BD142480068451C4148DD
:10905000056015BB40480068006808B9012000E0C1
:10906000002050B900BF502080F31188BFF34F8F0C
:10907000BFF36F8F00BF00BFFEE737480768374870
:109080000068354908603548076035480068401C6D
:1090900033490860FDF760FF00BF32480068854231
:1090A0003BD300BF2C480068006808B9012000E0ED
:1090B000002020B14FF0FF302A4908602CE02648FC
:1090C0000068C068C4686668B54202D22548066078
:1090D00022E0201DFFF761F8A06A18B104F1180022
:1090E000FFF75BF82049E06A0968884202D91E4907
:1090F000E06A0860E16A01EB81011C4A02EB810031
:10910000211DFFF7B5F81A49E06A0968C96A884263
:10911000C8D34FF00108C5E700BF15480068C06A12
:1091200000EB8000114951F82000012801D94FF0CF
:1091300001081048006808B14FF0010805E0FFE79A
:109140000D480068401C0C4908604046BDE8F081AD
:10915000E0000024BC000024AC000024B000002487
:10916000D0000024D8000024C00000241868002487
:10917000A8000024CC000024C800002470B50546D7
:109180002C460026002D43D022480068844201D19D
:10919000012000E0002050B900BF502080F311886A
:1091A000BFF34F8FBFF36F8F00BF00BFFEE7206D8F
:1091B00050B900BF502080F31188BFF34F8FBFF329
:1091C0006F8F00BF00BFFEE7206D401E2065E16C81
:1091D000E06A88421CD0206DD0B9201DFEF7DDFF6B
:1091E000E06CE062E06AC0F13800A0610A49E06A20
:1091F0000968884202D90849E06A0860E16A01EB1F
:109200008101064A02EB8100211DFFF731F801269A
:10921000304670BDA8000024C00000241868002457
:1092200070B50646F068C46854B900BF502080F39A
:109230001188BFF34F8FBFF36F8F00BF00BFFEE7F2
:1092400004F11800FEF7A9FF15480068A0B9201D19
:10925000FEF7A3FF1349E06A0968884202D9114961
:10926000E06A0860E16A01EB81010F4A02EB8100CC
:10927000211DFEF7FDFF04E004F118010B48FEF785
:10928000F7FF0B49E06A0968C96A884204D90125D9
:1092900001200849086000E00025284670BD000054
:1092A000E0000024C000002418680024A06C002402
:1092B000A8000024CC00002470B500240026364805
:1092C000006850B900BF502080F31188BFF34F8F62
:1092D000BFF36F8F00BF00BFFEE7FEF7D5FF2E483C
:1092E0000068401E2C4908600846006800284ED1DE
:1092F0002A48006800284AD023E02948C068C4688A
:1093000004F11800FEF749FF201DFEF746FF25492E
:10931000E06A0968884202D92249E06A0860E16A85
:1093200001EB8101204A02EB8100211DFEF7A0FF25
:109330001E49E06A0968C96A884202D301201C49B3
:1093400008601748006808B9012000E000200028E4
:10935000D3D00CB1FDF700FE1648056865B100BF1B
:10936000FFF76AFE10B10120114908606D1E002D43
:10937000F6D100200F4908600D48006838B1012679
:1093800030070D490860BFF34F8FBFF36F8FFEF7B3
:10939000A5FF304670BD0000E0000024B8000024A6
:1093A000A06C0024C000002418680024A800002439
:1093B000CC000024C800002404ED00E010B586B005
:1093C0000024FDF73DFA16480068D0B10020059052
:1093D000049003AA04A905A8FEF714FF0222DDE900
:1093E00004100023CDE9002102900EA10F48039A3A
:1093F000FFF7AEFD0E4908600846006800B1012481
:1094000000BF54B900BF502080F31188BFF34F8FC5
:10941000BFF36F8F00BF00BFFEE7204606B010BD50
:10942000EC000024546D722053766300B57001087F
:10943000F00000242DE9FF4704460D4616461F465E
:10944000DDF830804FF0000954B900BF502080F3A0
:109450001188BFF34F8FBFF36F8F00BF00BFFEE7D0
:109460001448006810B3009501960294062D15DA91
:10947000FFF7CCFD022808D10023424669460D487B
:109480000068FFF7D9FA814610E000231A466946C2
:1094900008480068FFF7D0FA814607E000233A4603
:1094A000694604480068FFF79BFB8146484604B0C4
:1094B000BDE8F087EC0000241CF0700F08BF0A46DE
:1094C0000FB4F1EE101A0CF0405030EA814318BF8F
:1094D0004CF0804C4FEA4C0310EA814F4FEAD363C3
:1094E00023EA112318BF23F0100341EA030101F01E
:1094F000E073E1EE101A4CEA030C0CF00F030A2B98
:109500001DBF082B0CF070034CEAC30C4FF4003362
:1095100004BF33EA0C034CF4400C1CF0005F14D180
:109520001CF0805F0BD11CF0804F31D11CF0006F1C
:1095300012D111F4807F0FBC62D000F0D9BA11F4BF
:10954000806F0FBC2BD000F0D3BA11F4006F0FBCAA
:1095500008BF704700F0CCBA11F4007F0FBC40F098
:10956000C7821CF0400F1EBF4FF0004040F00100CA
:1095700070471CF0100F14BF81EA030242400CF048
:109580000F000A2808BF4FF0FF324FF0000326E01B
:1095900011F4805F0FBC08BF704700F0A9BAF1EE6C
:1095A000103A2CF0805C1CF0800F14BF01F00042D8
:1095B00000F0004212420CBF12EA336F12EAF35F6E
:1095C0000DD31CF0100F1DBF30A003C8114331484C
:1095D00008BF104313F4805F40F08A8270471CF08C
:1095E000100F02F000421DBF0FF2940003C8114398
:1095F000254808BF104313F4805F40F0798270471C
:109600001CF0400F40F028801CF4404F1BD01CF48D
:10961000004F1CBF194610460CF4807218BF8CEA2C
:10962000520C1CF0800F0CBF40F4800041F400216C
:109630008CEADC0313F0100F1CBF2CF00F0C4CF065
:10964000080C00F0FCB91CF0100F1ABF12A393E82D
:109650000300134800F0F3B91CF0800F14BF01F0B1
:10966000004200F000421CF0100F1BBF0AA393E859
:1096700003000B48114308BF104300F0E0B900BFDE
:10968000000000000000F07F0000807FFFFFFFFF70
:10969000FFFFEF7FFFFF7F7F000000000000F87FEB
:1096A0000000C07F0EF1020E2EF0030E4FEA4002C2
:1096B0005EF8084B12F1807218BFB2F5000F22D38A
:1096C000244207D44FEA410313F1807318BFB3F566
:1096D000000F18D34FEA400C1CF5000F16D224429D
:1096E00004D44FEA410C1CF5000F0FD2002A10D110
:1096F0004FEAD07C002B0CEB4C0C0CF1020C08BF99
:109700004CEBD17C07E04FF0090C04E04FF0080C63
:1097100001E04FEAD17C0CEB4C0324FA03F404F093
:109720000704B4F1040C06D20EEB840CBDE8104023
:109730004CF0010C6047DFE80CF01F2013025EF8CC
:1097400004CC1B2B08D1002A88BFB2F5000F34BF10
:109750004CF4804C4CF4004CBDE81040FFF7ACBE1C
:10976000002A88BFB2F1807F28BF084610BD4FF0A5
:109770000040A0F5800010BD0846420018BFD2F19D
:10978000807284BF5EF8042C22F08062BDE8104035
:1097900000F23681704710B412F47F0F4FEA0020B8
:1097A0004FEA012110D1B0FA80F400FA04F0A2EBE4
:1097B000044213F47F0F02F5803218BF41F00041DC
:1097C00000D010BC18BF604740F00040B1FA81F4EF
:1097D00001FA04F1A3EB044310BC03F580336047A6
:1097E0004FF00000E1EE100A704700004FF07F4C90
:1097F0003CEA410318BF3CEA400200F06B804FF4A2
:109800007F0C10F0004F0CEAD11318BF43F0050392
:109810001CEAD01218BF13EA0C0F00F063804FF05F
:10982000004C4CEA00204CEA0121A3F580339A4217
:1098300010DDB0F1004F23F0020306D3401A43F0CD
:109840000203BCBF404283F001034FEA4000A2F58F
:109850008032ECE74FEA224CBCEB234F08DB884216
:1098600006D325D0A0EB4100C0F1000083F0010336
:10987000400026D220D416D0B0FA80FC0CF1010CA6
:1098800000FA0CF0A2EB0C42D2F1000C1BDB02F54B
:1098900040024FEAC21242EA50204FF0050240EA6D
:1098A000C37000F02EB84FEA437000F000407047DC
:1098B00013F0020FDCD0D5E7B2F580324FEA40005A
:1098C000E2DD002AE0DD4FEAC21242EA502040EA1F
:1098D000C370704710B5FFF7E5FE00BFEDFFFF3E18
:1098E0000500000431F0004C07D030F0004C08BFF8
:1098F0007047AFF2C90CFFF74EBF5FF81CC0FFF70F
:10990000DBBDF1EE101A11F0807F1CBF00F00040AB
:10991000704711F4006F40F08E8000F0004343EA7E
:10992000D05323F48073C3F1C10323F000411729FE
:1099300041D8C3F1200310FA03F1C3F1200320F052
:109940007F4040F4000020FA03F003F0004340EAB7
:10995000030019D00B46F1EE101A41F00801E1EEB8
:10996000101A11F4400F1CD1590009D318BF401C24
:1099700006D17FEAE27398BF401C38BF20F0010097
:1099800042F0804CFFF798BD12F0804F08BF70473F
:10999000F1EE101A944641F00801E1EE101AFFF7BB
:1099A0008BBD10F0004F14BF5FEAF1535FEA3163E3
:1099B00038BF401CE4E7182903EB912318BF6FF070
:1099C00000410131F1EE101A41F00801E1EE101AE8
:1099D00011F4400F18BF03F00040E2D168BF03F05C
:1099E000004009D6400203F0004000F1010004BF2E
:1099F00012F0004F20F001004FF0804CFFF75CBDEB
:109A0000F1EE101A11F0807F1CBF00F0004070478B
:109A100011F4006F08BF704700F0004120F00040D3
:109A2000B0FA80F3A3F1080341F0C04100FA03F05B
:109A3000A1EBC351084442F0005C00F059B80CF0AF
:109A40000F03092B08BF082000F064800A2B32D0D6
:109A5000082B18BF704708BF1CF0400F31D01CF412
:109A6000803F23D11CF0200F11D11CF0100F0BBF31
:109A700002460A466FF000406FF0004118BF4FF0F9
:109A8000FF3012F0004F1CBFC043C94370471CF0A9
:109A9000100F0CBF02460A4612F0004F4FF0FF3085
:109AA0004FF0FF311CBFC043C94370474FF0000067
:109AB0004FF0000170471CF0400F18BF4FF00040FE
:109AC00070471CF0100F08D020F0704300F07F4268
:109AD00042EAD3014FEA4370704700F0604021F042
:109AE0007F4242EA000201F07F4040EA7270704714
:109AF0002DE900502DE90050E7F7AAFCBDE8005021
:109B0000BDE800500CF00F0393F0090F18BF704729
:109B1000AFF300801CF4801F24D01CF4E02F09D088
:109B200010F0080F02D1D0F1020070476FEACC317B
:109B3000490070474FF0604111EA407028BF40F083
:109B40004050F1EE103A23F0704343EA0003E1EE97
:109B5000103AEFF3008222F0704242EA000282F3F0
:109B6000008870471CEA004018BF012070470000C1
:109B700078A70108000000000000000000000000BD
:109B800000000000000800001800000000000000B5
:109B9000000000008CA7010800000000740F0024E2
:109BA0005C0000007407002400080000180000009A
:109BB000000000000000000094A701080000000061
:109BC000D01700245C000000D00F00240008000023
:109BD00028000000000000000000000068A7010845
:109BE000000000002C2800245C0000002C18002439
:109BF000001000001800000000000000000000003D
:109C000084A7010800000000883000245C000000E8
:109C10008828002400080000180000000000000050
:109C2000000000009CA7010800000000E4380024A8
:109C30005C000000E4300024000800001800000070
:109C400000000000000000006CA7010800000000F8
:109C5000404100245C00000040390024000800005E
:109C600018000000000000000000000000061016B0
:109C7000000610160001020304050607080C101464
:109C8000182030400000000000000000000000002C
:109C900000000000000000000100000002000000C1
:109CA00003000000040000000000000005000000A8
:109CB000000000000000000000000000060000009E
:109CC000000000000000000000000000070000008D
:109CD000010002000400060008000A000C00100049
:109CE0002000400080000001010101030701000085
:109CF000080402040801010100000000010203043D
:109D000001020304060708091E0028000F000A00CC
:109D10000A000B000A000A000A000A000A000900F3
:109D20000A000A000800020003000E0002000300FF
:109D30000D000A000A000C000A000A0010000A00C8
:109D40000A001100020003000700050005000700DB
:109D50002800C800070064006400050064002800B3
:109D60000F000000000000000000000000000000E4
:109D70000000803F00000000000000000000000024
:109D80000000803F00000000000000000000000014
:109D90000000803F0000000000000000C3F51C41EF
:109DA00040AC037D04014103057C00026D0D026D92
:109DB000090200000000803F0000000000000000D9
:109DC0000000000000000000000000000000000093
:109DD0000000803F000000000000000000000000C4
:109DE0000000000000000000000000000000803FB4
:109DF0000000000000000000000000000000000063
:109E000000000000000000000000803F0000000093
:109E10000000000000000000000000000000000042
:109E2000000000000000803F000000000000000073
:109E30000000000000000000000000000000000022
:109E40000000803F00000000920E493CB10AC93C6E
:109E50002BC3163D2EFB483D752B7B3D04A9963D3B
:109E600080B6AF3D36BDC83D2FBCE13D73B2FA3D73
:109E700087CF093E8340163EB5AB223EA2102F3E4F
:109E8000CF6E3B3EC2C5473E0115543E135C603E5B
:109E90007F9A6C3ECCCF783EC07D823E938E883ECA
:109EA000229A8E3E32A0943E86A09A3EE59AA03E2B
:109EB000128FA63ED47CAC3EEF63B23E2A44B83E3D
:109EC000491DBE3E15EFC33E53B9C93ECA7BCF3EC6
:109ED0004136D53E80E8DA3E4F92E03E7533E63EAD
:109EE000BBCBEB3EEA5AF13ECBE0F63E275DFC3EB3
:109EF000E4E7003F3D9C033F824B063F9BF5083F54
:109F00006B9A0B3FDA390E3FCDD3103F2A68133FCF
:109F1000D9F6153FC07F183FC6021B3FD17F1D3FBA
:109F2000CBF61F3F9967223F25D2243F5636273F65
:109F30001594293F4AEB2B3FDE3B2E3FBB85303F3C
:109F4000C9C8323FF304353F233A373F4268393FAF
:109F50003B8F3B3FF9AE3D3F67C73F3F70D8413F26
:109F600001E2433F03E4453F65DE473F12D1493FED
:109F7000F8BB4B3F029F4D3F207A4F3F3D4D513F35
:109F80004918533F31DB543FE595563F5348583FFE
:109F90006AF2593F1A945B3F532D5D3F05BE5E3F09
:109FA0002146603F97C5613F5A3C633F59AA643FD1
:109FB000880F663FD86B673F3CBF683FA7096A3F81
:109FC0000C4B6B3F5E836C3F93B26D3F9ED86E3FF0
:109FD00073F56F3F0809713F5213723F4714733F87
:109FE000DD0B743F0BFA743FC6DE753F07BA763F50
:109FF000C58B773FF853783F9812793F9DC7793FDB
:10A0000002737A3FBE147B3FCDAC7B3F283B7C3F45
:10A01000C9BF7C3FAC3A7D3FCCAB7D3F23137E3F35
:10A02000B0707E3F6DC47E3F580E7F3F6D4E7F3FC8
:10A03000AB847F3F0FB17F3F97D37F3F43EC7F3FA0
:10A0400011FB7F3F0000803F11FB7F3F43EC7F3FD0
:10A0500097D37F3F0FB17F3FAB847F3F6D4E7F3FF4
:10A06000580E7F3F6DC47E3FB0707E3F23137E3F0E
:10A07000CCAB7D3FAC3A7D3FC9BF7C3F283B7C3FAA
:10A08000CDAC7B3FBE147B3F02737A3F9DC7793FC7
:10A090009812793FF853783FC58B773F07BA763FE0
:10A0A000C6DE753F0BFA743FDD0B743F4714733FF8
:10A0B0005213723F0809713F73F56F3F9ED86E3F90
:10A0C00093B26D3F5E836C3F0C4B6B3FA7096A3FB9
:10A0D0003CBF683FD86B673F880F663F59AA643F13
:10A0E0005A3C633F97C5613F2146603F05BE5E3FD6
:10A0F000532D5D3F1A945B3F6AF2593F5348583FD6
:10A10000E595563F31DB543F4918533F3D4D513F94
:10A11000207A4F3F029F4D3FF8BB4B3F12D1493F42
:10A1200065DE473F03E4453F01E2433F70D8413FCE
:10A1300067C73F3FF9AE3D3F3B8F3B3F4268393FEA
:10A14000233A373FF304353FC9C8323FBB85303F20
:10A15000DE3B2E3F4AEB2B3F1594293F5636273FD7
:10A1600025D2243F9967223FCBF61F3FD17F1D3F69
:10A17000C6021B3FC07F183FD9F6153F2A68133F20
:10A18000CDD3103FDA390E3F6B9A0B3F9BF5083F5A
:10A19000824B063F3D9C033FE4E7003F275DFC3ECA
:10A1A000CBE0F63EEA5AF13EBBCBEB3E7533E63EE2
:10A1B0004F92E03E80E8DA3E4136D53ECA7BCF3E44
:10A1C00053B9C93E15EFC33E491DBE3E2A44B83EB1
:10A1D000EF63B23ED47CAC3E128FA63EE59AA03E21
:10A1E00086A09A3E32A0943E229A8E3E938E883E5E
:10A1F000C07D823ECCCF783E7F9A6C3E135C603E41
:10A200000115543EC2C5473ECF6E3B3EA2102F3EC5
:10A21000B5AB223E8340163E87CF093E73B2FA3D6E
:10A220002FBCE13D36BDC83D80B6AF3D04A9963D8B
:10A23000752B7B3D2EFB483D2BC3163DB10AC93C17
:10A24000920E493C00000000920E49BCB10AC9BC04
:10A250002BC316BD2EFB48BD752B7BBD04A996BD37
:10A2600080B6AFBD36BDC8BD2FBCE1BD73B2FABD6F
:10A2700087CF09BE834016BEB5AB22BEA2102FBE4B
:10A28000CF6E3BBEC2C547BE011554BE135C60BE57
:10A290007F9A6CBECCCF78BEC07D82BE938E88BEC6
:10A2A000229A8EBE32A094BE86A09ABEE59AA0BE27
:10A2B000128FA6BED47CACBEEF63B2BE2A44B8BE39
:10A2C000491DBEBE15EFC3BE53B9C9BECA7BCFBEC2
:10A2D0004136D5BE80E8DABE4F92E0BE7533E6BEA9
:10A2E000BBCBEBBEEA5AF1BECBE0F6BE275DFCBEAF
:10A2F000E4E700BF3D9C03BF824B06BF9BF508BF50
:10A300006B9A0BBFDA390EBFCDD310BF2A6813BFCB
:10A31000D9F615BFC07F18BFC6021BBFD17F1DBFB6
:10A32000CBF61FBF996722BF25D224BF563627BF61
:10A33000159429BF4AEB2BBFDE3B2EBFBB8530BF38
:10A34000C9C832BFF30435BF233A37BF426839BFAB
:10A350003B8F3BBFF9AE3DBF67C73FBF70D841BF22
:10A3600001E243BF03E445BF65DE47BF12D149BFE9
:10A37000F8BB4BBF029F4DBF207A4FBF3D4D51BF31
:10A38000491853BF31DB54BFE59556BF534858BFFA
:10A390006AF259BF1A945BBF532D5DBF05BE5EBF05
:10A3A000214660BF97C561BF5A3C63BF59AA64BFCD
:10A3B000880F66BFD86B67BF3CBF68BFA7096ABF7D
:10A3C0000C4B6BBF5E836CBF93B26DBF9ED86EBFEC
:10A3D00073F56FBF080971BF521372BF471473BF83
:10A3E000DD0B74BF0BFA74BFC6DE75BF07BA76BF4C
:10A3F000C58B77BFF85378BF981279BF9DC779BFD7
:10A4000002737ABFBE147BBFCDAC7BBF283B7CBF41
:10A41000C9BF7CBFAC3A7DBFCCAB7DBF23137EBF31
:10A42000B0707EBF6DC47EBF580E7FBF6D4E7FBFC4
:10A43000AB847FBF0FB17FBF97D37FBF43EC7FBF9C
:10A4400011FB7FBF000080BF11FB7FBF43EC7FBFCC
:10A4500097D37FBF0FB17FBFAB847FBF6D4E7FBFF0
:10A46000580E7FBF6DC47EBFB0707EBF23137EBF0A
:10A47000CCAB7DBFAC3A7DBFC9BF7CBF283B7CBFA6
:10A48000CDAC7BBFBE147BBF02737ABF9DC779BFC3
:10A49000981279BFF85378BFC58B77BF07BA76BFDC
:10A4A000C6DE75BF0BFA74BFDD0B74BF471473BFF4
:10A4B000521372BF080971BF73F56FBF9ED86EBF8C
:10A4C00093B26DBF5E836CBF0C4B6BBFA7096ABFB5
:10A4D0003CBF68BFD86B67BF880F66BF59AA64BF0F
:10A4E0005A3C63BF97C561BF214660BF05BE5EBFD2
:10A4F000532D5DBF1A945BBF6AF259BF534858BFD2
:10A50000E59556BF31DB54BF491853BF3D4D51BF90
:10A51000207A4FBF029F4DBFF8BB4BBF12D149BF3E
:10A5200065DE47BF03E445BF01E243BF70D841BFCA
:10A5300067C73FBFF9AE3DBF3B8F3BBF426839BFE6
:10A54000233A37BFF30435BFC9C832BFBB8530BF1C
:10A55000DE3B2EBF4AEB2BBF159429BF563627BFD3
:10A5600025D224BF996722BFCBF61FBFD17F1DBF65
:10A57000C6021BBFC07F18BFD9F615BF2A6813BF1C
:10A58000CDD310BFDA390EBF6B9A0BBF9BF508BF56
:10A59000824B06BF3D9C03BFE4E700BF275DFCBEC6
:10A5A000CBE0F6BEEA5AF1BEBBCBEBBE7533E6BEDE
:10A5B0004F92E0BE80E8DABE4136D5BECA7BCFBE40
:10A5C00053B9C9BE15EFC3BE491DBEBE2A44B8BEAD
:10A5D000EF63B2BED47CACBE128FA6BEE59AA0BE1D
:10A5E00086A09ABE32A094BE229A8EBE938E88BE5A
:10A5F000C07D82BECCCF78BE7F9A6CBE135C60BE3D
:10A60000011554BEC2C547BECF6E3BBEA2102FBEC1
:10A61000B5AB22BE834016BE87CF09BE73B2FABD6A
:10A620002FBCE1BD36BDC8BD80B6AFBD04A996BD87
:10A63000752B7BBD2EFB48BD2BC316BDB10AC9BC13
:10A64000920E49BC000000804C5555555555A53F0C
:10A650007751C1166CC156BF9015CB19A001FA3EB7
:10A66000AD529C804F7E92BEC4B1B4BD9EEE213EE1
:10A67000D43888BEE9FAA8BD00004054FB21F93F58
:10A680003163621A61B4D03D0000601A61B4D03DFC
:10A690007370032E8A19A33B0000002E8A19A33B76
:10A6A000C14920259A837B3900000000000000008A
:10A6B0006E83F9A22915444ED15727FCC0DD34F52D
:10A6C000999562DB4190433CAB6351FE61C5BBDEB3
:10A6D0003A6E24B7E0D24D42EA2E49061C92D109C7
:10A6E0001CEB1DFE3EA729B1F53582E88444BB2E44
:10A6F00026709CE9417E5FB439D69139F439538391
:10A700008B5F849C3B28F9BDFF97F81F0F9805DEEF
:10A710008B112FEF1F6D0A5ACF7E366DB709CB27ED
:10A72000663F464F2DEA5F9EC7BA27757BF1E5EB82
:10A73000F739073DEA92528AB15FFB6B085D8D1FC6
:10A74000A6F810111111813FD561C119A0012ABFCE
:10A750007DFEB157E31DC73EEB9C2B8AE6E55ABE52
:10A760007CD5CF5A3AD9E53D494E5300686F69739D
:10A7700074696E670000000064656661756C7454EE
:10A7800061736B0067696D62616C0000636861737F
:10A7900073697300646574656374000073686F6F38
:10A7A00074000000C4A70108000000247407000022
:10A7B0000803000870A9010874070024540201006E
:10A7C0006403000801201E990E0108E1041AF10437
:10A7D0001E1D0F01085D041A650C1AA9044113120D
:10A7E00001140202021640830440572602010203AC
:10A7F0000114050F0C1C0107101721071A04030987
:10A80000041A0313F51B1B08F1041AAD0413191CD9
:10A810001B084104413210194B213C90D003040124
:10A82000731AAA01C1130A0629D32A4098380C6169
:10A830000501085D030108AB0701B0180A310401E6
:10A8400008510201081514C11AD5181A91041A1DCD
:10A85000301A8108140902431302011DC032090491
:10A86000E11A020B13052416100105240110090139
:10A8700004240202052406170107058203081510A7
:10A8800009040133020A2E0705010240072A810745
:10A890004481018243803F8BD0070CA1E910C103A2
:10A8A0005220421F5E429A99193E5C124124C05ABE
:10A8B0004503C87A440317901A0454010101100D8E
:10A8C000E7416B3A58A08B3A7D04017C160240ABFD
:10A8D00003411009055308065804070F1608108293
:10A8E0000911160A15800B1605120C18010D4B40A4
:10A8F00040041159040B14803F1C2918691C3908A5
:10A900000911347924091118A914092A30290439A4
:10A91000847995C918A904092AC4691C094AC4A9DB
:10A92000A8E918E91CE9C46930E9D06918691C096B
:10A9300012E409169CA988A9040120A990E980A91C
:10A9400084A970A9E0011F08081250C347CDCCCCE0
:10A950003D0409531C110B1AC8421C01460B2E80E2
:10A960003F28021D0912012409051C4405B40200F8
:04000005080002CD20
:00000001FF
