:020000040800F2
:1000000028C800206102000801880008F971000872
:10001000FD87000895140008A1EB0008000000000F
:10002000000000000000000000000000A101000826
:100030008321000800000000FD010008C9B8000885
:100040007B0200087B0200087B0200087B0200089C
:100050007B0200087B020008852100087B02000863
:100060007B0200088F210008992100087B0200080C
:100070007B0200087B0200087B0200087B0200086C
:100080007B0200087B0200087B0200087B0200085C
:10009000991400087B0200087B020008A3210008D5
:1000A0007B0200087B0200087B0200087B0200083C
:1000B0007B0200087B0200087B0200087B0200082C
:1000C0007B0200087B0200087B0200087B0200081C
:1000D0007B0200087B0200087B02000865BF000865
:1000E0007B0200087B0200087B0200087B020008FC
:1000F0007B0200087B0200087B0200085117000801
:100100007B0200087B0200087B0200087B020008DB
:100110007B0200087B0200087B0200087B020008CB
:100120007B020008CD170008DD1700087B020008DD
:100130007B0200087B0200087B0200087B020008AB
:10014000A91400087B0200087B020008058800084B
:1001500075200008852000089520000895C000083B
:100160007B0200087B0200087B0200087B0200087B
:100170007B0200087B0200087B02000800000000F0
:100180007B0200087B020008DFF810D000F09CFB27
:100190000048004751400108AFF3008028C8002004
:1001A0002C4B19680868B0E8F04F80F30988BFF35A
:1001B0006F8F4FF0000080F311887047000000003F
:1001C00008480068006880F308884FF0000080F35A
:1001D000148862B661B6BFF34F8FBFF36F8F00DF35
:1001E00000BF00BF08ED00E0DFF80C00016841F43B
:1001F00070010160704700BF88ED00E0EFF30980F7
:10020000BFF36F8F134B1A681EF0100F08BF20ED5D
:10021000108A20E9F04F106009B44FF0500080F3CD
:100220001188BFF34F8FBFF36F8F16F007FC4FF0AD
:10023000000080F3118809BC19680868B0E8F04F25
:100240001EF0100F08BFB0EC108A80F30988BFF3CE
:100250006F8F704788040020EFF30580704700001F
:100260000648804706480047FEE7FEE7FEE7FEE750
:10027000FEE7FEE7FEE7FEE7FEE7FEE7A9B90008B6
:10028000890100089FED1A1AF5EE000A40EE010AF6
:10029000BDEEE00AF5EEC00A10EE100AF1EE10FA1B
:1002A00038BF401E00EE100A1349F7EE001AB8EEF0
:1002B000C00A30EEC00ADFED0F0A20EE200AFCEE85
:1002C000C00A10EE900AC0F3080000EE900A01EB9D
:1002D0008000F8EE600A90ED011A70EE600A90ED71
:1002E000000A71EEE01A21EE800A00EE810A7047E2
:1002F00083F9223E00000044FC7D0108DFED190A6D
:10030000B5EEC00A60EE200ABDEEE01A11EE100A4A
:10031000F1EE10FA38BF401E00EE100A1349F7EE56
:10032000001AB8EEC00A30EEC00ADFED0F0A60EE28
:10033000200ABCEEE00A10EE100AC0F3080000EE3E
:10034000100A01EB8000B8EE400A90ED011A70EE41
:10035000C00A90ED000A71EEE01A21EE800A00EE6C
:10036000810A704783F9223E00000044FC7D0108A9
:100370002DE9F05F0546002092469B4688460646DA
:10038000814640241BE0284641464746224600F06D
:10039000E4F953465A46C01A914110D31146184603
:1003A000224600F0CBF92D1A67EB01084F46224692
:1003B0000120002100F0C2F917EB00094E41201E78
:1003C000A4F10104DFDC484631462A464346BDE835
:1003D000F09F40EA01039B0703D009E008C9121F00
:1003E00008C0042AFAD203E011F8013B00F8013BEF
:1003F000521EF9D27047D2B201E000F8012B491E1B
:10040000FBD270470022F6E710B513460A460446B1
:100410001946FFF7F0FF204610BD421C10F8011BE3
:100420000029FBD1801A70472DE9FE4F804681EAF2
:100430000300C00F0C46009021F0004123F000455E
:10044000B8EB0200A94105D24046214690461C4621
:100450000B46024623F00040104347D0270DC7F358
:100460000A00C3F30A510290401A019040286BDA47
:10047000C3F3130040F4801B0098924620B1002380
:10048000D2EB030A63EB0B0B01985946C0F1400213
:10049000504600F053F906460D4650465946019A1B
:1004A00000F06BF910EB08006141002487EA11525B
:1004B00084EAE7731A4340D0009A62B3019A012A92
:1004C0004FEA075215DC001B61EB02014FF00042BE
:1004D00002EA0752CDE90042001C41F58011324684
:1004E0002B4600F0A2F903B0BDE8F08F404621464C
:1004F000F9E7001B61EB0201001C41F580130018B5
:100500005B412018A2F5001747EB030140EAD570C4
:10051000B6196D4111E06D084FEA360645EAC0751F
:100520004FEA0752001B61EB0201001C41F58011EC
:1005300049084FEA30000019514132462B4603B0BA
:10054000BDE8F04F00F062B900980122400000239E
:10055000D0EB020263EBE073009821464FEAE074AF
:10056000B8EB000061EB0401E9E783F000435BE7CF
:1005700081F0004158E72DE9FE4F81EA030404F0C1
:10058000004421F0004100944FF0000B23F00043A1
:1005900050EA01045ED052EA03045BD0C3F30A546C
:1005A000C1F30A552C44A4F2F3340194A0FB025485
:1005B000C1F3130141F48011C3F3130343F4801317
:1005C00001FB024400FB034E840A970A44EA81546B
:1005D00047EA8357A4FB076802958D0A05FB078548
:1005E0004FEA932C04FB0C542705029D4FEA065852
:1005F00047EA1637B5EB08056EEB070C870E920E2F
:1006000047EA811742EA8312A7FB0201B6EB0B010E
:1006100064EB00042B0D43EA0C335E1844EB1C50D2
:10062000DA465146E7FB0201C5F313044FEA0B33E8
:1006300043EA14534FEA0432019C43EA0603A4F14F
:100640000C040294009CCDE900B400F0EEF803B075
:10065000BDE8F08F00200146F9E70EB5C10F80EA32
:10066000E0700844CA07002140F233438DE80E00D1
:100670000A460B4600F0D9F803B000BD00F0004276
:1006800030F000400AD0C10D01F56071C0F31600D2
:1006900042EA0151C2084007114370470020014659
:1006A0007047000030B5041E71F1000404DB4FF008
:1006B0000044404264EB0101141E73F1000405DBA9
:1006C0001C464FF00043524263EB04038B4208BFC9
:1006D000824230BD30B5041E71F1000404DB4FF0DE
:1006E0000044404264EB0101141E73F1000405DB79
:1006F0001C464FF00043524263EB0403994208BF8B
:10070000904230BD01F0004330B421F0004150EA86
:10071000010206D00A0DA2F56072C1F31301002A8E
:1007200002DC30BC00207047440F44EAC104C10021
:10073000E01830BC00EBC25000F031B8202A04DBD6
:10074000203A00FA02F1002070479140C2F12003E4
:1007500020FA03F3194390407047202A04DB203A23
:1007600021FA02F00021704721FA02F3D040C2F1D1
:1007700020029140084319467047202A06DBCB1718
:10078000203A41FA02F043EAE07306E041FA02F34C
:10079000D040C2F120029140084319467047002919
:1007A000A8BF7047401C490008BF20F001007047F7
:1007B00010B4B0FA80FC00FA0CF050EA010404BF57
:1007C00010BC704749B1CCF1200421FA04F411FAAD
:1007D0000CF118BF012121430843A3EB0C01CB1DF1
:1007E0004FEA00614FEA102042BF002010BC704762
:1007F00000EBC35010440029A4BF10BC7047401C3C
:10080000490008BF20F0010010BC704710B5141E4D
:1008100073F1000408DA401C41F1000192185B41B9
:100820001A4301D120F0010010BD2DE9F04D924690
:100830009B4611B1B1FA81F202E0B0FA80F22032A7
:100840009046FFF77BFF04460F4640EA0A0041EA64
:100850000B0153465A46084313D0114653EA010090
:1008600019D0C8F140025046FFF777FF05460E4603
:10087000504659464246FFF761FF084305D0012024
:1008800004E020463946BDE8F08D0020054346EAE5
:10089000E0762C4337430A986305E40AA0EB08008E
:1008A0000022FD0A44EA47540A3002D500200146DE
:1008B000E9E7010510196941DDE9084500196941B9
:1008C000BDE8F04DA2E70000064C074D06E0E068E9
:1008D00040F0010394E8070098471034AC42F6D387
:1008E000FFF756FC408601086086010870B58C1839
:1008F00010F8015B15F0070301D110F8013B2A1134
:1009000006D110F8012B03E010F8016B01F8016B20
:100910005B1EF9D12B0705D40023521E0DD401F81C
:10092000013BFAE710F8013BCB1A921C03E013F8E5
:10093000015B01F8015B521EF9D5A142D8D300201A
:1009400070BD000055494A6822F440324A604A6846
:1009500043681A434A600268526822F4807203684E
:100960005A6002685368026943EA022203685A60C7
:100970000268526822F0407203685A600268526846
:1009800083681A4303685A600268926822F400621E
:1009900003689A6002689268C3681A4303689A60A1
:1009A0003F4B826A9A4218D00268926822F07062C5
:1009B00003689A6002689268836A1A4303689A60BF
:1009C0000268926822F0405203689A600268926856
:1009D000C36A1A4303689A600BE00268926822F0C7
:1009E000706203689A600268926822F0405203685D
:1009F0009A600268926822F0020203689A600268B4
:100A00009368027E43EA420203689A602022125CE5
:100A1000A2B10268526842F4006203685A60026838
:100A2000526822F4604203685A6002685368426A5E
:100A3000521E43EA423203685A6005E00268526877
:100A400022F4006203685A600268D26A22F47002DB
:100A50000368DA620268D36A828B521E43EA02524A
:100A60000368DA620268926822F4007203689A608E
:100A70000268936890F8302043EA422203689A6043
:100A80000268926822F4806203689A600268936840
:100A9000426943EA822203689A607047002301405A
:100AA0000100000F10B52DED028BB0EE408AB0EEC4
:100AB000480A0EF0ABF8BDEC028B10BD10B52DED61
:100AC000028BB0EE408AF0EE608AF0EE680AB0EE7B
:100AD000480A0EF031F9BDEC028B10BD10B52DEDBA
:100AE000028BB0EE408AB0EE480AFFF7CBFBBDECBC
:100AF000028B10BDF0EE400AF5EEC00AF1EE10FADE
:100B000002DDB0EE600A7047B1EE600AFBE700005C
:100B100018B19FED020A80ED000A70470000000046
:100B200018B1B3EE060A80ED000A704770B52DEDDE
:100B30000C8B84B006460C4615469FED990AF0EEE4
:100B4000408A9FED970AB0EE409A9FED950AF0EE2D
:100B500040BA9FED930AF0EE409A9FED910AB0EEF5
:100B600040AA0EB104B11DB904B0BDEC0C8B70BD30
:100B70008C48FFF7CDFF8C48FFF7D2FF8A48D0EDB5
:100B8000000A9FED8A1A60EE810AB0EE600A00F05A
:100B90002DF9F0EE408A28EEA80AF0EE408A82484D
:100BA000D0ED000AB0EE001A60EE810A9FED7F1AC8
:100BB00060EE810AB0EE600A00F018F9B0EE409ADB
:100BC00029EE090AB0EE409ADFED790AB7EE000A85
:100BD00000EEA80ADFED770A00EEC90ADFED760A1B
:100BE00020EE200A754880ED000A6E4890ED000A5C
:100BF000DFED730A80EE201AB7EE000A31EE000A2C
:100C000020EE000A6D48D0ED000A80EE801A6D4893
:100C100080ED001A94ED000AB5EEC00AF1EE10FA6C
:100C20000DD194ED010AB5EEC00AF1EE10FA06D12D
:100C300094ED020AB5EEC00AF1EE10FA46D09FED2F
:100C4000580AB0EE408A0020019002900390D4ED43
:100C5000000A60EEA00A94ED011AD4ED011A41EEEB
:100C6000210A94ED021AD4ED021A41EE210AB0EEE7
:100C7000600A00F0A9F8B0EE408A94ED000A20EE78
:100C8000080A8DED010A94ED010A20EE080A8DEDA7
:100C9000020A94ED020A20EE080A8DED030ADDED4A
:100CA000010AF1EE600AB0EE600AFFF7FBFEF0EE1B
:100CB000409A9DED031AF0EE410A9DED021AB0EE46
:100CC000410AFFF7FBFEB0EE40AA07E09FED340AB1
:100CD000F0EE409A9FED320AB0EE40AA95ED000A80
:100CE000B5EEC00AF1EE10FA0DD195ED010AB5EEA0
:100CF000C00AF1EE10FA06D195ED020AB5EEC00A6F
:100D0000F1EE10FA3CD0B0EE690A00F06FF8B0EEE8
:100D1000408AB0EE690AFFF7E1FEB0EE40DAB0EECD
:100D20004A0A00F063F8F0EE40AAB0EE4A0AFFF774
:100D3000D5FEB0EE40BA28EE2A0AD5ED010A20EE23
:100D4000200AD5ED000A0DEE200A68EE0B0A95ED9B
:100D5000021A00EE810AB0EE40CA95ED010A20EEBB
:100D60000B0AD5ED020A0AEEE00AF0EE40CAF0EEF8
:100D70006C0AB0EE4C0AFFF7A1FEF0EE40BA03E0B9
:100D80009FED070AF0EE40BAB0EE4A1AF0EE690A9B
:100D9000B0EE6B0A30460EF075FB00BFE4E60000D3
:100DA00000000000040500200805002035FA8E3CF4
:100DB000C1BFAD3B9DF8C5362F7C1C410C05002002
:100DC000506CC24A1005002010B52DED028BB0EE1C
:100DD000408AB0EE480A0EF00FF9B7EE001AC1EEE5
:100DE000000AB0EE600ABDEC028B10BD10B52DED0F
:100DF000028BB0EE408AB0EE480AFFF77FFABDECF6
:100E0000028B10BD2DE9F0412DED028B9AB0054605
:100E1000B0EE408A0E46174698460020179018906C
:100E200019901490159016904DB146B13FB1B8F19C
:100E3000000F04D0B5EEC08AF1EE10FA05D1002003
:100E40001AB0BDEC028BBDE8F08196ED000A8DED85
:100E5000170A96ED010A8DED180A96ED020A8DED3E
:100E6000190A97ED000A8DED140A97ED010A8DED30
:100E7000150A97ED020A8DED160A17AA14A928463D
:100E80000EF052F9402104A8FFF7BCFA00200090B0
:100E9000019002900390002417A904A815F000F80F
:100EA00000BF30E004A800EB041090ED000AD5ED7F
:100EB000000A20EE200A04A800EB0410D0ED010A7D
:100EC00095ED011A00EE810A04A800EB0410D0EDA4
:100ED000020A95ED021A00EE810A04A800EB041044
:100EE000D0ED030A95ED031A00EE810A20EE080A00
:100EF000F0EE000A80EE201A684600EB840080EDD8
:100F0000001A601CC4B2042CCCDB002410E005EBFA
:100F1000840090ED000A684600EB8400D0ED000AE2
:100F200030EE200A05EB840080ED000A601CC4B29C
:100F3000042CECDB284613F093FF012080E700002F
:100F40007FB5002400260025AA222146641C4648BD
:100F500042542146641C4254F1222146641C4254EE
:100F600010222146641C42549DF801202146641C35
:100F700042549DF800202146641C42549DF80520EF
:100F80002146641C42549DF804202046611CCCB2CA
:100F900035490A549DF809202046611CCCB23249DB
:100FA0000A549DF808202046611CCCB22E490A54F0
:100FB0009DF80D202146601CC4B22B4842549DF878
:100FC0000C202046611CCCB227490A549DF82120F0
:100FD0002046611CCCB224490A549DF820202046AA
:100FE000611CCCB220490A549DF825202046611C82
:100FF000CCB21D490A549DF824202046611CCCB275
:1010000019490A549DF829202046611CCCB2164982
:101010000A549DF828202046611CCCB212490A547B
:101020009DF82D202046611CCCB20F490A549DF832
:101030002C202046611CCCB20B490A5400BF00BFD3
:101040000EE00948405D3044C6B22046611CCCB277
:1010500005490E542146044815F002F8681CC5B233
:10106000A542EEDB7FBD00002427002010B5012241
:101070001021024802F086FE10BD00000000024070
:1010800010B500221021024802F07CFE10BD0000C5
:10109000000002407047000010B5012211460248CE
:1010A00002F070FE10BD00000004024010B50022E6
:1010B0000121024802F066FE10BD0000000402405B
:1010C00010B543781B021BB20478234300EE103A9C
:1010D000B8EEC01A1C4BD3ED001A21EE211A81ED97
:1010E000001AC3781B021BB28478234300EE103A27
:1010F000B8EEC01A144BD3ED001A21EE211A81ED7F
:10110000011A43791B021BB20479234300EE103A03
:10111000B8EEC01A0C4BD3ED001A21EE211A81ED66
:10112000021A037A1B04C47943EA04238479234313
:1011300000EE903AB8EE601ADFED041A21EE211AA3
:1011400082ED001A10BD00002404002000401C4263
:10115000704710B50446204612F0DEFF10BD10B5F2
:101160000446204610F090F810BD000042781202AC
:1011700012B203781A4300EE102AF8EEC00A284A89
:1011800092ED001A60EE810AC1ED000AC2781202E7
:1011900012B283781A4300EE102AF8EEC00A204AF1
:1011A00092ED001A60EE810AC1ED010A4279120245
:1011B00012B203791A4300EE102AF8EEC00A184A58
:1011C00092ED001A60EE810A164AC2ED000AD2EDD5
:1011D000000A9FED151AF4EEC10AF1EE10FA0CD8D0
:1011E000D2ED000A9FED111AF4EEC10AF1EE10FAE9
:1011F00003DBDFED0F0AC2ED000A0A4AD2ED000A56
:10120000C1ED020A0B4AD2ED000A064A92ED001A1D
:10121000DFED091A41EE210A064AC2ED000A7047C5
:101220002804002030040020CDCCCC3DCDCCCCBD5A
:10123000000000002C0400206F12833A10B5002437
:10124000FFF728FFFFF784FF0EF096FA10B144F085
:10125000800402E00EF0F6F904430EF085FC10B1B4
:1012600044F0400402E00EF005FC0443204610BDAB
:101270002DE9FC4105460E461746002000900190DE
:10128000FFF7FEFE922000F0D1F8062269461220F8
:1012900000F0ACF8FFF7EAFE9DF80100000200B292
:1012A0009DF8001040EA010400EE104AB8EEC00AB2
:1012B0004C48D0ED000A20EE200A86ED000A9DF889
:1012C0000300000200B29DF8021040EA010400EEA3
:1012D000104AB8EEC00A4348D0ED000A20EE200ABA
:1012E00086ED010A9DF80500000200B29DF8041089
:1012F00040EA010400EE104AB8EEC00A3948D0EDC9
:10130000000A20EE200A86ED020AFFF7CFFE08222F
:101310006946002000F06AF8FFF7BEFE9DF8000065
:101320000F2838D19DF80300000200B29DF802108A
:1013300040EA010400EE104AB8EEC00A2A48D0ED97
:10134000000A20EE200A85ED000A9DF80500000243
:1013500000B29DF8041040EA010400EE104AB8EE15
:10136000C00A2148D0ED000A20EE200A85ED010ACE
:101370009DF80700000200B29DF8061040EA010443
:1013800000EE104AB8EEC00A1748D0ED000A20EE71
:10139000200A85ED020AFFF773FEA22000F046F84E
:1013A00002226946222000F021F8FFF75FFE9DF837
:1013B0000000C0009DF8011040EA6114B4F5806F90
:1013C00002DBA4F5006004B200EE104AF8EEC00A99
:1013D000B4EE001AB3EE070A00EE810A87ED000AA8
:1013E000BDE8FC81240400202804002070B50646D6
:1013F0000C46154646F0800000F018F806E055202F
:1014000000F014F82070641C681EC5B2002DF6D1DF
:1014100070BD70B504460D4644F0800000F006F83B
:10142000552000F003F8287070BD000001B582B0AF
:101430004FF47A70012301AA02A90090024804F037
:1014400005FF9DF804000EBD5821002010B502468E
:101450001378DB00547843EA6410B0F5806F02DB48
:10146000A0F5006318B200EE100AF8EEC00AB4EE60
:10147000001AB3EE070A00EE810A81ED000A10BDE2
:1014800070B505460C462846FFF7D0FF2046FFF70B
:10149000CDFF70BD00BFFEE710B5024801F05AFB5A
:1014A00010BD00007C1F002010B5024801F052FB67
:1014B00010BD0000A41F0020F8B507460C461546D5
:1014C0001E464FF400700D49086000208860C86017
:1014D00008200861380A0A4908704F70200A88708D
:1014E000CC70280A08714D71300A8871CE716B4634
:1014F0000A460249034801F032F9F8BD10450020C0
:10150000980300207C1F002038B505460C464FF498
:1015100000700D49086000208860C86008200861DC
:10152000280A0A4908704D70200A8870CC70002083
:10153000087148718871C8716B460A4602490448AF
:1015400001F00DF938BD0000F844002090030020A0
:10155000A41F002038B505460C4640F2FF200D4977
:10156000086000208860C86008200861280A0A49CD
:1015700008704D70200A8870CC7000200871487186
:101580008871C8716B460A460249044801F0E7F8C1
:1015900038BD0000F8440020900300207C1F00208C
:1015A00038B5044640F2FF100C49086000208860FE
:1015B000C8600820086100200949087048708870D8
:1015C000C870200A08714C7100208871C8716B4680
:1015D0000A460249034801F0C2F838BDF844002029
:1015E000900300207C1F00200346042B15D007DC4D
:1015F0007BB1012B0ED0022B0DD0032B12D10BE0AF
:10160000202B0BD0212B0AD0222B09D0232B09D140
:1016100007E008E007E006E005E004E003E002E0A0
:1016200001E000E000BF00BF0020704700207047CD
:1016300010B50022044905480BF05BF80449034843
:101640000BF048F8002010BD603B002084300020E3
:101650006033002070B504460D460649204614F05C
:1016600043FE214604480BF035F803480AF0FEFF1C
:10167000002070BDC80300208430002010B5034650
:101680000C460021084610BD2DE9F04104460D46E8
:1016900000260A48D0F8BC72D7F8140210B1012015
:1016A000BDE8F0812A46214604480BF022F80348A1
:1016B0000BF0D2F806463046F2E7000084300020F6
:1016C00010B52DED028B0446B4F90010B4F90820D2
:1016D000881AFEF7C2FF41EC180B9FED180B53EC74
:1016E000102BFEF7F7FF03D2E068401EE06012E027
:1016F000B4F90010B4F90820881AFEF7AEFF41ECE7
:10170000180B9FED100B53EC102BFEF7CBFF02D202
:10171000E068401CE060E068C0EB4030B4F90810BD
:10172000084400EE100AB8EEC00ADFED080A20EE09
:10173000200A84ED040ABDEC028B10BD00000000FD
:1017400000FFAF400000000000FFAFC0A005343D27
:101750001B48406800F0006080B31A48406B006886
:101760001949884205D94FF0006017494C39086083
:101770001CE01448406B00681149B831884205D913
:101780004FF000601049503908600FE00D48406B81
:1017900000680B495831884204D94FF0006008496D
:1017A000C86003E04FF000600549886005480068A4
:1017B000006840F400700349096808607047000041
:1017C00000600240202000205864024010B502480A
:1017D00001F0F6FE10BD00006426002010B5FE48A2
:1017E000C06C0068FD49884276D9FC4854380068CE
:1017F000F949C96C0968FA4A914201D1202169E08E
:10180000F549C96C0968F54A483A914201D120214D
:1018100060E0F149C96C0968F14A6032914201D136
:10182000202157E0EC49C96C0968EC4A1832914212
:1018300001D120214EE0E849C96C0968E84A183214
:10184000914201D1C91445E0E349C96C0968E34AF2
:10185000303A914201D1C9143CE0DF49C96C0968B2
:10186000DF4A7832914201D1C91433E0DA49C96CB8
:101870000968DA4A3032914201D1C9142AE0D649C6
:10188000C96C0968D64A3032914202D14FF4001136
:1018900020E0D149C96C0968D04A183A914202D176
:1018A0004FF4001116E0CC49C96C0968CC4A90325B
:1018B000914202D14FF400110CE0C749C96C09688C
:1018C000C64A4832914203D14FF4001102E003E0CE
:1018D0004FF00061084070E1BF48C06C0068C0492B
:1018E000A831884276D9BD4858380068BA49C96CD1
:1018F0000968BB4A914201D1202169E0B649C96C0F
:101900000968B64A483A914201D1202160E0B249C3
:10191000C96C0968B24A6032914201D1202157E076
:10192000AD49C96C0968AD4A1832914201D12021F4
:101930004EE0A949C96C0968A94A1832914201D1FF
:10194000C91445E0A449C96C0968A44A303A9142D7
:1019500001D1C9143CE0A049C96C0968A04A783299
:10196000914201D1C91433E09B49C96C09689B4A73
:101970003032914201D1C9142AE09749C96C0968F3
:10198000974A3032914202D14FF4001120E092493F
:10199000C96C0968914A183A914202D14FF400117A
:1019A00016E08D49C96C09688D4A9032914202D186
:1019B0004FF400110CE08849C96C0968874A483225
:1019C000914203D14FF4001102E003E04FF00061B7
:1019D0000840F2E08048C06C006881494831884284
:1019E00076D97F48103840687B49C96C09687C4AC1
:1019F000914201D1202169E07749C96C0968774A91
:101A0000483A914201D1202160E07349C96C0968CC
:101A1000734A6032914201D1202157E06E49C96C6E
:101A200009686E4A1832914201D120214EE06A497C
:101A3000C96C09686A4A1832914201D1C91445E05B
:101A40006549C96C0968654A303A914201D1C914A7
:101A50003CE06149C96C0968614A7832914201D120
:101A6000C91433E05C49C96C09685C4A3032914260
:101A700001D1C9142AE05849C96C0968584A303262
:101A8000914202D14FF4001120E05349C96C09681A
:101A9000524A183A914202D14FF4001116E04E49D1
:101AA000C96C09684E4A9032914202D14FF400113C
:101AB0000CE04949C96C0968484A4832914203D14F
:101AC0004FF4001102E003E04FF00061084074E0C1
:101AD0004348103800684049C96C0968404A91423F
:101AE00001D1202168E03C49C96C09683B4A483A69
:101AF000914201D120215FE03749C96C0968384A19
:101B00006032914201D1202156E03349C96C096805
:101B1000324A1832914201D120214DE02E49C96C40
:101B200009682F4A1832914201D1C91444E02A4968
:101B3000C96C0968294A303A914201D1C9143BE085
:101B40002549C96C0968264A7832914201D1C914E5
:101B500032E02149C96C0968204A3032914201D1F2
:101B6000C91429E01C49C96C09681D4A30329142E8
:101B700002D14FF400111FE01749C96C0968174AD8
:101B8000183A914202D14FF4001115E01249C96C84
:101B90000968134A9032914202D14FF400110BE0D0
:101BA0000D49C96C09680D4A4832914202D14FF47F
:101BB000001101E04FF00061084000286FD0064896
:101BC000C06C0068054988427BD90348C06C006836
:101BD0000349884208D105E058210020586402409A
:101BE00010600240202068E0FE48C06C0068FE499A
:101BF000884201D1202060E0FA48C06C0068FB49AF
:101C0000884201D1202058E0F648C06C0068F649AF
:101C10006031884201D120204FE0F248C06C00685A
:101C2000F2494839884201D1C01446E0ED48C06C01
:101C30000068ED491831884201D1C0143DE0E948FF
:101C4000C06C0068E9491831884201D1C01434E001
:101C5000E448C06C0068E4497831884201D1C0147E
:101C60002BE0E048C06C0068E0493039884202D17E
:101C70004FF4001021E0DB48C06C0068DA493031D5
:101C8000884202D14FF4001017E0D648C06C0068BB
:101C9000D6493031884204D14FF400100DE0DFE125
:101CA0000FE0D048C06C0068CF499031884202D123
:101CB0004FF4001001E04FF00060CB49091F0860AD
:101CC0006AE1C848C06C0068C8494831884274D984
:101CD000C448C06C0068C5496039884201D12020E1
:101CE00066E0C048C06C0068BF49884201D120202E
:101CF0005EE0BC48C06C0068BC49884201D120202D
:101D000056E0B848C06C0068B7496031884201D1DC
:101D100020204DE0B348C06C0068B449483988427F
:101D200001D1C01444E0AF48C06C0068AE4918311E
:101D3000884201D1C0143BE0AA48C06C0068AB499E
:101D40001831884201D1C01432E0A648C06C006846
:101D5000A5497831884201D1C01429E0A148C06C5E
:101D60000068A2493039884202D14FF400101FE0C8
:101D70009C48C06C00689C493031884202D14FF4C5
:101D8000001015E09748C06C0068984930318842CF
:101D900002D14FF400100BE09248C06C00689249E9
:101DA0009031884202D14FF4001001E04FF0006002
:101DB0008D4908390860EFE0FFE78A48C06C006889
:101DC0008A491839884274D98648C06C00688749A6
:101DD0006039884201D1202066E08248C06C0068EA
:101DE0008149884201D120205EE07E48C06C0068B5
:101DF0007E49884201D1202056E07A48C06C0068B4
:101E000079496031884201D120204DE07548C06C8D
:101E1000006876494839884201D1C01444E07148CD
:101E2000C06C006870491831884201D1C0143BE091
:101E30006C48C06C00686D491831884201D1C014EB
:101E400032E06848C06C006867497831884201D147
:101E5000C01429E06348C06C006864493039884286
:101E600002D14FF400101FE05E48C06C00685E496C
:101E70003031884202D14FF4001015E05948C06C4F
:101E800000685A493031884202D14FF400100BE00B
:101E90005448C06C006854499031884202D14FF4D4
:101EA000001001E04FF0006050497039C86073E0E5
:101EB000FFE74C48C06C00684C496039884201D14A
:101EC000202066E04748C06C00684749884201D13D
:101ED00020205EE04348C06C00684449884201D13C
:101EE000202056E03F48C06C00683F49603188427E
:101EF00001D120204DE03B48C06C00683B49483987
:101F0000884201D1C01444E03648C06C00683649AC
:101F10001831884201D1C0143BE03248C06C0068DF
:101F200032491831884201D1C01432E02D48C06CCA
:101F300000682D497831884201D1C01429E0294830
:101F4000C06C006829493039884202D14FF4001032
:101F50001FE02448C06C006823493031884202D118
:101F60004FF4001015E01F48C06C00681F49303165
:101F7000884202D14FF400100BE01A48C06C006890
:101F800019499031884202D14FF4001001E04FF01E
:101F900000601649703988601548007800F002002A
:101FA00078B11348007820F0020011490870084603
:101FB000007840F004000870012211460D4801F03D
:101FC000E1FE0D48007800F00200E0B10A48007818
:101FD00020F00200084908700846007840F004002C
:101FE00008700BE05821002010640240706002402D
:101FF000F900002000040240FA0000200122102114
:10200000184801F0BFFE1848007800F0020078B1CF
:102010001548007820F0020013490870084600783F
:1020200040F004000870012210210E4801F0AAFEC1
:1020300011F05EFD0D48007800F0040080B10B48FF
:10204000007820F00400094908700846007840F044
:10205000080008700648006840F001000449086064
:1020600010BD000000000240FB000020F90000202D
:10207000103C014010B5024801F0A2FA10BD00006A
:10208000A425002010B5024801F09AFA10BD000006
:10209000C426002010B5024801F092FA10BD0000DD
:1020A000442500200146087810381823B0FBF3F2CD
:1020B0000848805CC865032A05D908686FF30900E1
:1020C000001D886503E008686FF309008865886D66
:1020D00070470000D07D0108014600208A6A8B69A4
:1020E000CBB932B1012A0DD0022A03D0032A10D174
:1020F0000EE000BFCB6A03F08073B3F1807F00D1A4
:10210000012007E0CB6AB3F1C07F00D1012001E0DC
:1021100000E000BF34E08B69B3F5005F1AD132B143
:10212000012A07D0022A03D0032A11D10AE000BFF6
:1021300001200EE0CB6A03F08073B3F1807F00D101
:10214000012006E0CB6AB3F1C07F00D1012000E09E
:1021500000BF15E032B1012A05D0022A04D0032ABB
:102160000CD103E000BF00BF012008E0CB6A03F000
:102170008073B3F1807F00D1012000E000BF00BF79
:102180007047704710B5012001F0ECFC10BD10B590
:10219000082001F0E7FC10BD10B5102001F0E2FCB2
:1021A00010BD10B5202001F0DDFC10BD704700000F
:1021B00010B5002201B909E0012901D10A0205E0A8
:1021C000022901D10A0201E04FF440720E4B1B6854
:1021D00023F440730C4C236023461B681343236095
:1021E00023461B6823F0F803236023461B68022460
:1021F00044EAC0042343044C236023461B6843F491
:102200008033236010BD0000103C02401C48006871
:1022100000F40070B0B11A48006820F4007018494A
:10222000086000BF0846006840F400600860084687
:10223000006820F40060086000BF0846006840F4B1
:10224000007008600E48006800F48060B0B10C486F
:10225000006820F480600A49086000BF08460068F2
:1022600040F4805008600846006820F48050086000
:1022700000BF0846006840F48060086070470000B6
:10228000003C02400A4A126822F44072084B1A606D
:102290001A46126842F004021A601A4612684FF495
:1022A000803343EA00231A43014B1A607047000051
:1022B000103C0240074A126822F44072054B1A6033
:1022C0001A4612681A601A46126842F001021A6031
:1022D00001707047103C024010B50D49096821F4A7
:1022E00040710B4C21602146096841F44071216026
:1022F0002146096841F001012160026000BF00BF72
:1023000000BFBFF36F8F00BF00BF00BF436010BDB1
:10231000103C0240084A126822F44072064B1A60D0
:102320001A46126842F480721A601A46126842F025
:1023300001021A6001807047103C0240084A12688E
:1023400022F44072064B1A601A46126842F4007278
:102350001A601A46126842F001021A600160704762
:10236000103C02402348006800F0100040B12248B1
:10237000C06940F010002049C86110201D49086064
:102380001C48006800F0200040B11B48C06940F0C4
:1023900008001949C86120201649086015480068DE
:1023A00000F0400040B11448C06940F004001249F8
:1023B000C86140200F4908600E48006800F08000A6
:1023C00040B10D48C06940F002000B49C86180204F
:1023D000084908600748006800F0020040B106485C
:1023E000C06940F020000449C8610220014908602A
:1023F000704700000C3C0240C845002070B5044600
:10240000002500201449C86101F0C2FC054609E01E
:10241000601C38B124B101F0BBFC401BA04201D9C3
:10242000032070BD0D48006800F480300028EFD113
:102430000A48006800F0010010B101200749086057
:102440000648006800F0F20018B1FFF78BFF01208A
:10245000E7E70020E5E70000C84500200C3C02400B
:1024600070B50A480468001D0568001D06683444FC
:1024700054B108220649204605F070FB04220449A5
:102480001031284605F06AFB70BD0000107AFF1F6E
:10249000C201002038B502460020009000BF92F82B
:1024A0003C00012801D1022038BD012082F83C0007
:1024B00000BF0868092816D91068C0680C780A3C63
:1024C00004EB44050724AC40A0431468E0600C789A
:1024D0000A3C04EB44048868A0401468E468204384
:1024E0001468E06013E0106800690C7804EB4405A0
:1024F0000724AC40A043146820610C7804EB44042A
:102500008868A040146824692043146820614868E2
:10251000072817D21068406B0C79641E04EB840501
:102520001F24AC40A04314686063088880B20C7913
:10253000641E04EB8404A0401468646B2043146898
:10254000606331E048680D2817D21068006B0C7981
:10255000E41F04EB84051F24AC40A04314682063EF
:10256000088880B20C79E41F04EB8404A04014684E
:10257000246B20431468206316E01068C06A0C794D
:102580000D3C04EB84051F24AC40A0431468E062BA
:10259000088880B20C790D3C04EB8404A0401468D8
:1025A000E46A20431468E062194B1A4C1068A04298
:1025B00006D10868122803D1586840F4800058609A
:1025C000144C1068A0421CD10868102802D008687A
:1025D000112816D1586840F4000058600868102887
:1025E0000FD10D4800680D4CB0FBF4F000EB8000FB
:1025F0004000009002E00098401E009000980028E3
:10260000F9D100BF002082F83C0000BF00BF4BE7BB
:1026100000230140002001408404002040420F00BC
:1026200070B5044600250CB9012070BD1549A06A9B
:10263000884200D000BF206C30B9204600F024F85A
:102640000020606484F83C00206C00F0100088B921
:10265000206C20F4885040F0020020642046FEF7F1
:1026600071F900206064206C20F0020040F001004D
:10267000206400E0012500BF002084F83C0000BF7A
:102680002846D2E70100000F10B586B00446142199
:1026900001A8FDF7B7FE2349206888420FD100BF8B
:1026A000002000902048006840F480701E490860B7
:1026B0000846006800F48070009000BF2FE01B49BE
:1026C000206888422BD100BF002000901648006887
:1026D00040F48060144908600846006800F4806097
:1026E000009000BF00BF00BF002000900E481438CB
:1026F000006840F020000C49143908600846006862
:1027000000F02000009000BF00BF081501900320DA
:1027100002900020039001A9054801F031FA06B0AB
:1027200010BD00000020014044380240002201405A
:102730000014024010B5024692F82030012B01D05F
:10274000022B06D1106840690843146860610020BC
:1027500010BD506A40F4802050620120F8E7F0B5C7
:1027600004460D461E4694F8207020688368A868C9
:1027700000B900E000BF012F01D0022F7CD103F08F
:10278000806030B903F0006018B903F08050002871
:1027900073D0C3F30161022905D9606A40F40000D7
:1027A00060620120F0BD012088403060A86860B9F7
:1027B000B5F800C0E86840EA4C5C206800F5C070DD
:1027C00000EB0110C0F800C00FE0D5E901C040EAFD
:1027D000CC00D5F80CC040EA0C00D4F800C00CF5D1
:1027E000C07C0CEB011CCCF80000D5F810C02068B0
:1027F00000F5C07000EB0110C0F804C0287D01286E
:102800000ED1206800F5C07000EB0110406840F464
:10281000807C206800F5C07000EB0110C0F804C097
:10282000D079000692F806C040EA0C4092F805C044
:1028300040EA0C2C10794CEA000C206800F5C070BE
:1028400000EB0110C0F80CC0D078000692F802C06E
:1028500040EA0C4092F801C040EA0C2092F800C017
:1028600040EA0C00D4F800C00CF5C07C0CEB011C55
:10287000CCF80800206801E016E00FE000F5C07019
:1028800000EB0110006840F0010C206800F5C070FA
:1028900000EB0110C0F800C0002083E7606A40F43C
:1028A0000010606201207DE7606A40F48020606271
:1028B000012077E7F0B504460A46216894F82050D5
:1028C000012D01D0022D7ED1424901F50071086829
:1028D00040F001000860086820F47C500860086837
:1028E000566A40EA06200860107D00F01F060120AD
:1028F00000FA06F3C8699843C861A1F50071D06970
:10290000C8B9D1F80C029843C1F80C02908880B283
:10291000968940EA064601F51070576940F837601D
:10292000108880B2168940EA064601F51070576992
:1029300000EBC7004660D069012819D1D1F80C021C
:102940001843C1F80C02908880B2168840EA064607
:1029500001F51070576940F83760908980B2168988
:1029600040EA064601F51070576900EBC700466063
:10297000906928B9D1F804029843C1F8040204E030
:10298000D1F804021843C1F80402106928B9D1F83B
:1029900014029843C1F8140204E0D1F81402184359
:1029A000C1F81402106A012804D1D1F81C0218439E
:1029B000C1F81C02D1F8000220F00100C1F80002A9
:1029C0000020F0BDFFE7606A40F4802060620120D3
:1029D000F7E7000000640040704770B5044694F8C3
:1029E0002050012D01D0022D7DD151B92068C06841
:1029F00000F0030080B9606A40F4001060620120BA
:102A000070BD2068006900F0030028B9606A40F4D6
:102A1000001060620120F3E7206800F5D87000EB39
:102A20000110006800F004009060906840B92068D0
:102A300000F5D87000EB01100068400D106007E051
:102A4000206800F5D87000EB01100068C0085060E5
:102A5000206800F5D87000EB0110006800F002005B
:102A6000D060206800F5D87000EB0110406800F0DD
:102A70000F001061206800F5D87000EB011040686D
:102A800000F47F40000A9061206800F5D87000EBE8
:102A900001104068000C5061206800F5D87000EB10
:102AA000011080681870206800F5D87000EB0110E4
:102AB000806800F47F40000A5870206800F5D870E4
:102AC00000EB0110806800F47F00000C9870206813
:102AD00000F5D87000EB01108068000ED8702068F7
:102AE00000F5D87000E02FE000EB0110C06818710D
:102AF000206800F5D87000EB0110C06800F47F403A
:102B0000000A5871206800F5D87000EB0110C06809
:102B100000F47F00000C9871206800F5D87000EB7D
:102B20000110C068000ED87131B92068C06840F04B
:102B300020002668F06005E02068006940F0200071
:102B40002668306100205BE7606A40F480206062A4
:102B5000012055E72DE9F05F04460025206846690D
:102B60002068D0F80490206887682068D0F80CA00E
:102B70002068D0F810B02068D0F8188006F0010066
:102B8000002855D007F00100C0B1012021688860FD
:102B900007F0020018B1204600F0E1FC0EE007F05B
:102BA000040010B145F4006508E007F0080010B11A
:102BB00045F4805502E0204600F0D0FC07F4807018
:102BC000C8B14FF480702168886007F4007018B1B4
:102BD000204600F0C6FC0EE007F4806010B145F41A
:102BE000005508E007F4006010B145F4804502E0AC
:102BF000204600F0B5FC07F48030C8B14FF48030B7
:102C00002168886007F4003018B1204600F0ABFC62
:102C10000EE007F4802010B145F4004508E007F409
:102C2000002010B145F4803502E0204600F09AFC07
:102C300006F0080038B10AF0100020B145F4007524
:102C400010202168C86006F0040040B10AF00800B6
:102C500028B108202168C860204600F00DFA06F06F
:102C6000020038B12068C06800F0030010B12046AF
:102C700000F004FA06F0400038B10BF0100020B16B
:102C800045F4806510202168086106F0200040B1FD
:102C90000BF0080028B1082021680861204600F0E8
:102CA0002BFC06F0100038B12068006900F003002A
:102CB00010B1204600F021FC06F4003040B109F0CC
:102CC000100028B1102021684860204600F016FC52
:102CD00006F4803040B109F0080028B108202168CE
:102CE0004860204600F040FC06F4004088B309F03C
:102CF000040078B306F4807020B108F0010008B138
:102D000045F0010506F4007020B108F0020008B19A
:102D100045F0020506F4806020B108F0040008B117
:102D200045F0040506F40060A0B108F0700088B119
:102D300008F07000402817D006DC10280BD020289F
:102D40000CD0302819D10CE0502810D0602814D1B4
:102D500010E01DE019E045F008050FE045F0100512
:102D60000CE045F0200509E045F0400506E045F09F
:102D7000800503E045F4807500E000BF00BF2068D7
:102D8000806920F070002168886104202168486013
:102D90002DB1606A284360622046FFF71DFEBDE842
:102DA000F09F70B504460CB9012070BD94F8200066
:102DB00010B9204600F0B0F82068006840F001002B
:102DC0002168086000F0E4FF05460DE000F0E0FF38
:102DD000401B0A2808D9606A40F400306062052070
:102DE00084F820000120E0E72068406800F001003E
:102DF0000028EBD02068006820F0020021680860FD
:102E000000F0C6FF05460DE000F0C2FF401B0A2897
:102E100008D9606A40F400306062052084F8200020
:102E20000120C2E72068406800F002000028EBD1D2
:102E3000207E012806D12068006840F080002168CB
:102E4000086005E02068006820F0800021680860C4
:102E5000607E012806D12068006840F040002168AB
:102E6000086005E02068006820F0400021680860E4
:102E7000A07E012806D12068006840F0200021686B
:102E8000086005E02068006820F0200021680860E4
:102E9000E07E012806D12068006820F0100021683B
:102EA000086005E02068006840F0100021680860B4
:102EB000207F012806D12068006840F008002168C2
:102EC000086005E02068006820F0080021680860BC
:102ED000607F012806D12068006840F00400216866
:102EE000086005E02068006820F0040021680860A0
:102EF000D4E9020108432169084361690843616814
:102F0000491E08432168C86100206062012084F8DE
:102F10002000002049E7000010B586B004461421C7
:102F200001A8FDF76FFA4E492068884241D14D480B
:102F30000068401C4B4908600846006801280FD112
:102F400000BF002000904848006840F000704649EB
:102F500008600846006800F00070009000BF00BFE5
:102F600000BF0020009040481038006840F0080082
:102F70003D49103908600846006800F008000090DC
:102F800000BF00BF032001900220029000200390A8
:102F9000032004900920059001A9344800F0F0FDB9
:102FA00000220621142001F09BFB142001F088FB75
:102FB00054E02F492068884250D100BF0020009083
:102FC0002948006840F0806027490860084600688A
:102FD00000F08060009000BF00BF22480068401CE5
:102FE000204908600846006801280FD100BF002072
:102FF00000901D48006840F000701B4908600846BA
:10300000006800F00070009000BF00BF00BF00200B
:10301000009015481038006840F00200124910393D
:1030200008600846006800F00200009000BF00BF82
:103030006020019002200290002003900320049061
:103040000920059001A90B4800F09AFD00220621F5
:10305000402001F045FB402001F032FB06B010BDDE
:10306000006400408001002040380240000C024013
:1030700000680040000402407047000010B52DEDCC
:10308000048B8AB0044601AB03AA00212046FFF757
:10309000A4FCFE4884427CD140F207220398811AA6
:1030A000904277D009DCA0F2012068B1012831D02C
:1030B000022854D003286ED17DE002296CD0032968
:1030C0006BD00A29F7D165E1F1480088F049088101
:1030D0009DF805009DF8041040EA012000B2EC497B
:1030E00008809DF807009DF8061040EA012000B214
:1030F000E74948809DF809009DF8081040EA012042
:1031000000B2E34988809DF80A00887101200EF022
:10311000E3F872E1DE48818A81839DF805009DF81D
:10312000041040EA012000B2D94988829DF80700C6
:103130009DF8061040EA012001B2D548C1829DF8F1
:1031400009009DF8081040EA012001B2D04801832F
:103150009DF80A10817602200EF0BEF84DE1CC48B1
:10316000018D01869DF805009DF8041040EA0120BC
:1031700000B2C74908859DF807009DF8061040EA8F
:10318000012001B2C24841859DF809009DF8081050
:1031900004E033E182E02FE135E05AE040EA01202B
:1031A00001B2BB4881859DF80A1080F82E100320DB
:1031B0000EF092F821E1B648818FA0F844109DF8F6
:1031C00005009DF8041040EA012000B2B04988874C
:1031D0009DF807009DF8061040EA012001B2AC48B6
:1031E000C1879DF809009DF8081040EA012001B24E
:1031F000A748A0F840109DF80A1080F8421004205B
:103200000EF06AF8F9E0A3480088A24908819DF809
:1032100005009DF8041040EA012000B29D49088095
:103220009DF807009DF8061040EA012000B2994978
:1032300048809DF809009DF8081040EA012000B27E
:10324000944988809DF80A00887105200EF044F8A2
:10325000D3E09048818A81839DF805009DF8041091
:1032600040EA012000B28B4988829DF807009DF852
:10327000061040EA012001B28648C1829DF809008B
:103280009DF8081040EA012001B2824801839DF8B0
:103290000A10817606200EF01FF8AEE07E48008806
:1032A0007D4908819DF805009DF8041040EA012041
:1032B00000B2794908809DF807009DF8061040EAA1
:1032C000012000B2744948809DF809009DF808105B
:1032D00040EA012000B2704988809DF80A00887198
:1032E0000846FEF7EDF907200DF0F6FF6B4890ED6C
:1032F000000A80ED010A6849B1F90000FDF7ADF957
:1033000041EC190B9FED660B53EC102BFDF733F9D5
:1033100041EC180BFDF7F6F960490860084690ED9E
:10332000000AD0ED010A30EE600ADFED5F0AB4EE6C
:10333000E00AF1EE10FA06DD5C480088401E00B29B
:103340005A49088013E0554890ED000AD0ED010A73
:1033500030EE600ADFED560AB4EEE00AF1EE10FA44
:1033600005D252480088401C00B2504908804F489E
:1033700000884FF4B47110FB01F000EE100AB8EEB3
:10338000C00A4648D0ED000A30EE200A494880EDD8
:10339000000A32E001A8018800EE101AB8EE400AD7
:1033A000DFED450A80EE201A444981ED001A41887C
:1033B00000EE101AB8EE400ADFED3F0A80EE201A48
:1033C0003E4981ED011A818800EE101AB8EE400ADC
:1033D000DFED390A80EE201A384981ED021AC188E2
:1033E00000EE101AB8EE400ADFED330A80EE201A24
:1033F000324981ED031A00E000BF77E03048844293
:1034000074D10398A0F2012010B101286CD125E0FD
:103410002C4800882B4908819DF805009DF8041070
:1034200040EA012000B2274908809DF807009DF876
:10343000061040EA012000B2224948809DF80900A8
:103440009DF8081040EA012000B21E4988809DF8CE
:103450000A00887108200DF03FFF46E01948818A74
:1034600081839DF805009DF8041040EA012000B218
:10347000144988829DF807009DF8061040EA012053
:1034800001B21048C1829DF809001DE07C1F002098
:103490004444002094440020BC44002080030020C9
:1034A000BA490C022B87A63F000034438803002052
:1034B000000034C38C0300200000C84234440020C4
:1034C000A41F0020D04400209DF8081040EA0120ED
:1034D00001B2084801839DF80A10817609200DF099
:1034E000FBFE02E002E0FFE700BF00BF0AB0BDEC58
:1034F000048B10BDD044002070477047704770B5F2
:10350000044694F82000012822D1022084F82000EB
:103510002068006820F001002168086000F038FC95
:1035200005460DE000F034FC401B0A2808D9606A0B
:1035300040F400306062052084F82000012070BD56
:103540002068406800F001000028EBD16062F6E7D7
:10355000606A40F4002060620120F0E77047704725
:103560007047704770477047704710B504460CB9F4
:10357000012010BD607920B900202071204600F0A4
:1035800005F8012060710020F3E7000008B50A4A41
:10359000016891420FD100BF0021009107490968DD
:1035A00041F48051054A11601146096801F48051C7
:1035B000009100BF00BF08BD00300240303802401B
:1035C000F8B50446002000908C4800684FF416516E
:1035D000B0FBF1F7A56D2E6894F85C1008208840C8
:1035E000304098B12068006800F0040070B1206895
:1035F000006820F004002168086094F85C1008203E
:103600008840A860606D40F00100606594F85C102F
:1036100001208840304068B12068406900F0800097
:1036200040B194F85C1001208840A860606D40F0C3
:103630000200606594F85C1004208840304068B156
:103640002068006800F0020040B194F85C1004208B
:103650008840A860606D40F00400606594F85C10DC
:1036600010208840304078B32068006800F00800DF
:1036700050B394F85C1010208840A860206800685F
:1036800000F4802080B12068006800F4002028B990
:10369000206CC8B12046216C884715E0A06C98B119
:1036A0002046A16C88470FE02068006800F4807015
:1036B00028B92068006820F0080021680860206CA4
:1036C00010B12046216C884794F85C102020884077
:1036D0003040002865D02068006800F01000002805
:1036E0005FD094F85C1020208840A86094F83500E2
:1036F000052828D12068006820F01600216808609D
:103700002068406920F0800021684861206C08B979
:10371000A06C28B12068006820F0080021680860CB
:1037200094F85C103F208840A860012084F83500A0
:1037300000BF002084F8340000BF206D10B1204687
:10374000216D8847F8BD2068006800F4802080B1B2
:103750002068006800F4002028B9606C10B1204691
:10376000616C88471DE0E06BD8B12046E16B88476B
:1037700017E02068006800F4807068B9206800686D
:1037800020F0100021680860012084F8350000BF97
:10379000002084F8340000BFE06B10B12046E16BDC
:1037A0008847606D38B3606D00F00100F0B105200E
:1037B00084F835002068006820F001002168086066
:1037C00000BF0098401C0090B84200D905E0206876
:1037D000006800F001000028F3D100BF012084F848
:1037E000350000BF002084F8340000BFE06C10B149
:1037F0002046E16C884700BFA4E700008404002055
:103800002DE9F0410446002500F0C2FA074614B93C
:103810000120BDE8F081606A00B100BF022084F899
:10382000350000BF002084F8340000BF2068006825
:1038300020F00100216808600AE000F0A9FAC01B2E
:10384000052805D920206065032084F83500E0E7CD
:103850002068006800F001000028EED120680568AB
:1038600021480540D4E901010843E1680843216982
:10387000084361690843A1690843E1690843216A73
:1038800008430543606A042803D1D4E90B010843C7
:103890000543206805602068456925F00705606AD2
:1038A0000543606A04280DD1A06A0543E06A48B167
:1038B0002046FEF711FC28B140206065012084F805
:1038C0003500A6E7206845612046FEF7EBFB06467B
:1038D00094F85C103F208840B060002060650120B3
:1038E00084F83500002094E73F8010F070B504465E
:1038F00000F04EFA06462546681C10B104480078D0
:10390000054400BF00F044FA801BA842FAD370BD02
:10391000800400202DE9F04104460E4601270025D1
:1039200000BF2548007E012802D10220BDE8F081B9
:1039300001202149087600BF4CF25030FEF75EFDB1
:103940000746002F31D1401E3060206801280FD17A
:10395000207C6168FEF796FC4CF25030FEF74EFD7D
:1039600007461648006820F00400144908601AE071
:10397000A56812E0217C2846FEF71AFC4CF2503074
:10398000FEF73CFD07460D48006820F0FA000B49A1
:1039900008600FB1356005E06D1CD4E902100844E1
:1039A000A842E7D800BFFEF731FC00BF0020024963
:1039B000087600BF3846B9E7C8450020103C0240F1
:1039C0000348006840F0004001490860002070474B
:1039D000103C02402DE9F04106460F4614461D46B4
:1039E0004FF0010800BF1F48007E012802D10220CD
:1039F000BDE8F08101201B49087600BF4CF2503031
:103A0000FEF7FCFC8046B8F1000F23D126B9E1B2E5
:103A10003846FEF74FFC12E0012E04D1A1B2384621
:103A2000FEF778FC0BE0022E04D121463846FEF763
:103A300085FC04E022462B463846FEF74DFC4CF24E
:103A40005030FEF7DBFC80460748006820F001009C
:103A50000549086000BF00200249087600BF4046C3
:103A6000C6E70000C8450020103C0240002009497C
:103A7000096801F0004159B10749064A0C3A116042
:103A8000064911600349096801F0004101B10120B4
:103A900070470000103C024023016745AB89EFCD21
:103AA00010B50446102C14D10B200DF015FC244841
:103AB000007840F00100224908702248007840F068
:103AC0000100204908702048007808B310F010F871
:103AD00034E0202C0ED10A200DF0FEFB1B480078AC
:103AE00040F00100194908701748007880B10FF0C4
:103AF000FFFF23E0082C0CD10C200DF0EDFB144847
:103B0000007840F0010012490870124810F01AFACB
:103B100014E0012C12D113F0D5FC01280ED00E496F
:103B20000E48006812F072FE0B48006830B12007A2
:103B30000B490860BFF34F8FBFF36F8F10BD0000BC
:103B4000FA000020FB000020FD000020F90000200A
:103B5000FC000020E01E002070010020D4000020A6
:103B600004ED00E010B5044604480068204020B190
:103B7000024804602046FFF793FF10BD143C01404B
:103B8000F8B502460B460025002400200021D6E0AF
:103B9000012606FA01F51E6806EA0504AC4274D156
:103BA0001E7906F00306012E04D01E7906F00306E6
:103BB000022E13D190684F000326BE40B0434F0041
:103BC000DE68BE4030439060506801268E40B043AE
:103BD0001E79C6F300168E40304350601E7906F001
:103BE0000306032E09D0D0684F000326BE40B04321
:103BF0004F009E68BE403043D0601E7906F0030639
:103C0000022E13D1CF0802F1200656F827004E07E6
:103C1000F70E0F26BE40B0434F07FF0E1E69BE4091
:103C20003043CF0802F1200646F8270010684F0005
:103C30000326BE40B0431E7906F003064F00BE4087
:103C4000304310605E6806F44036002E76D000BF28
:103C5000002600963C4E366846F480463A4F3E6059
:103C60003E46366806F48046009600BF00BF374ED9
:103C70008F0856F827008E07370F0F26BE40B04337
:103C8000334EB24202D1002624E057E0314EB24218
:103C900001D101261EE0304EB24201D1022619E0C8
:103CA0002E4EB24201D1032614E02D4EB24201D174
:103CB00004260FE02B4EB24201D105260AE02A4E1F
:103CC000B24201D1062605E0284EB24201D10726B4
:103CD00000E008268F073F0FBE4030431B4E8F0881
:103CE00046F82700224E3068A0435E6806F480162E
:103CF00006B120431E4E3060361D3068A0435E681A
:103D000006F4001606B12043194E361D3060184ED9
:103D1000361F3068A0435E6806F4003606B12043C3
:103D2000134E361F3060361F3068A0435E6806F4BD
:103D3000803606B120430E4E083E3060491C1029E3
:103D4000FFF426AFF8BD00004438024008380140B7
:103D5000000002400004024000080240000C024043
:103D6000001002400014024000180240001C0240F3
:103D7000083C0140024613690B400BB1012000E0F2
:103D8000002070470AB1816101E00B048361704734
:103D900001480068704700007804002070B50446B0
:103DA0000CB9012070BD94F83D0028B9002084F8BA
:103DB0003C00204600F006FB242084F83D002068EB
:103DC000006820F00100216808602068006840F465
:103DD0000040216808602068006820F400402168E5
:103DE000086001F073FD05465C496068884206D8AA
:103DF0005B48854201D2012007E0002005E05948D8
:103E0000854201D2012000E00020012800D1C9E74D
:103E10005548B5FBF0F62068406820F03F0030437D
:103E2000216848604D496068884201D8701C07E0ED
:103E30004FF4967070434FF47A71B0FBF1F0401C70
:103E40002168096A21F03F0108432168086243495B
:103E50006068884214D8681E61684900B0FBF1F0C0
:103E6000401CC0F30B00042801D204203DE0681E72
:103E700061684900B0FBF1F0401CC0F30B0034E076
:103E8000A06838B9681E616801EB4101B0FBF1F030
:103E9000401C0AE0681E616801EBC10202EB0111DF
:103EA000B0FBF1F0401C40F48040C0F30B0008B9B7
:103EB00001201AE0A06848B9681E616801EB410161
:103EC000B0FBF1F0401CC0F30B000CE0681E616811
:103ED00001EBC10202EB0111B0FBF1F0401CC0F399
:103EE0000B0040F4804040F400402168C9694CF662
:103EF000FF72914308432168C861D4E90701084370
:103F00002168096821F0C001084321680860D4E9EC
:103F1000031008432168896848F2FF32914308433F
:103F200021688860D4E9050108432168C96821F047
:103F3000FF0108432168C8602068006840F0010064
:103F40002168086000202064202084F83D000020C3
:103F5000206384F83E0000BF24E70000A086010033
:103F600080841E0000093D0040420F002DE9FC5FE7
:103F700004460F4690469946DDE90CAB0E9EFFF7CE
:103F800007FF054694F83D00202870D1192301222F
:103F9000B0492046009503F09FFA10B10220BDE819
:103FA000FC9F00BF94F83C00012801D10220F6E7F5
:103FB000012084F83C0000BF2068006800F0010088
:103FC00028B92068006840F0010021680860206876
:103FD000006820F4006021680860222084F83D0019
:103FE000402084F83E0000202064C4F824A0A4F8F7
:103FF0002AB0608D20859848E0624B46424639469B
:104000002046CDE9006503F019F908B10120C6E7A3
:10401000208D88B900BF0020019020684069019080
:1040200020688069019000BF00BF2068006840F4EC
:1040300000702168086040E0208D012818D12068B8
:10404000006820F480602168086000BF00200190B3
:1040500020684069019020688069019000BF00BF1E
:104060002068006840F400702168086025E0EFE0F7
:10407000208D022816D12068006820F48060216815
:1040800008602068006840F400602168086000BF94
:1040900000200190206840690190206880690190AB
:1040A00000BF0AE000BF0020019020684069019035
:1040B00020688069019000BF00BFBAE0208D03280E
:1040C0007ED8208D012815D12A463146204603F09E
:1040D000A8FA08B1012062E720680069616A0870E7
:1040E000606A401C6062208D401E2085608D401EED
:1040F00060859EE0208D02282AD133460022574950
:104100002046009503F0E8F908B1012047E7206850
:10411000006840F400702168086020680069616AE6
:104120000870606A401C6062208D401E2085608D92
:10413000401E608520680069616A0870606A401CE2
:104140006062208D401E2085608D401E608570E07D
:104150003346002241492046009503F0BDF908B1DD
:1041600001201CE72068006820F480602168086056
:1041700020680069616A0870606A401C6062208D76
:10418000401E2085608D401E6085334600223349E5
:104190002046009503F0A0F908B10120FFE6206851
:1041A000006840F400702168086020680069616A56
:1041B0000870606A401C6062208D401E208500E00F
:1041C00010E0608D401E608520680069616A08709B
:1041D000606A401C6062208D401E2085608D401EFC
:1041E000608526E02A463146204603F01AFA08B1D7
:1041F0000120D4E620680069616A0870606A401C8A
:104200006062208D401E2085608D401E6085206884
:104210004069C0F3800060B120680069616A08707D
:10422000606A401C6062208D401E2085608D401EAB
:104230006085208D00287FF441AF202084F83D0068
:10424000002084F83E0000BF84F83C0000BFA6E6D2
:104250000220A4E6020010000000FFFF040001009D
:104260002DE9FC5F04460F4690469946DDE90CAB0C
:104270000E9EFFF78DFD054694F83D0020287DD168
:10428000192301224D492046009503F025F910B16C
:104290000220BDE8FC9F00BF94F83C00012801D13A
:1042A0000220F6E7012084F83C0000BF2068006887
:1042B00000F0010028B92068006840F00100216882
:1042C00008602068006820F40060216808602120F0
:1042D00084F83D00402084F83E0000202064C4F8AB
:1042E00024A0A4F82AB0608D20853548E0624B46B2
:1042F000424639462046CDE9006503F04FF808B143
:104300000120C6E731E02A463146204603F0C9F9CC
:1043100050B1206C042805D12068006840F400707A
:10432000216808600120B4E7606A007821680861AC
:10433000606A401C6062208D401E2085608D401E9A
:10434000608520684069C0F3800070B1208D60B145
:10435000606A007821680861606A401C6062208D94
:10436000401E2085608D401E6085208D0028CAD1AA
:104370002A463146204603F081F800E01CE050B1A7
:10438000206C042805D12068006840F40070216882
:10439000086001207DE72068006840F40070216813
:1043A0000860202084F83D00002084F83E0000BF13
:1043B00084F83C0000BF6CE702206AE702001000AE
:1043C0000000FFFF10B586B00446142101A8FCF7D9
:1043D00019F873492068884230D100BF002000904E
:1043E0007048006840F002006E49086008460068A6
:1043F00000F00200009000BF00BF4FF44070019039
:1044000012200290012003900320049004200590C4
:1044100001A96548FFF7B4FB00BF00200090614888
:104420001030006840F400105E4910310860084602
:10443000006800F40010009000BFAFE05B49206806
:10444000884259D100BF002000905648006840F0D3
:104450002000544908600846006800F020000090E1
:1044600000BF00BF032001901220029001200390A2
:10447000032004900420059001A94D48FFF780FB1C
:1044800000BF0020009047481030006840F48000D2
:104490004449103108600846006800F4800000902C
:1044A00000BF00BF4348444908604FF06060486067
:1044B0004021414881600021C1604FF48061016169
:1044C000002141618161C1614FF40031016200212D
:1044D0004162FFF795F908B1FDF768FE00BF364865
:1044E0006063846300BF35480068406840F4006042
:1044F00032490968486051E03149206888424DD10D
:1045000000BF002000902748006840F004002549C3
:1045100008600846006800F00400009000BF00BF7B
:1045200000BF002000900846006840F001000860CD
:104530000846006800F00100009000BF00BF481569
:104540000190122002900120039003200490042087
:10455000059001A91B48FFF713FB4FF480700190F1
:104560001220029001200390032004900420059063
:1045700001A91548FFF704FB00BF0020009009487F
:104580001030006840F40000064910310860084609
:10459000006800F40000009000BF00BF06B010BD2E
:1045A00000540040303802400004024000580040EF
:1045B00000140240B8600240C820002020200020E3
:1045C000005C004000080240000002400348006810
:1045D00003490978084401490860704778040020BD
:1045E0008004002010B50D48006840F400700B49AD
:1045F00008600846006840F480600860084600686B
:1046000040F480700860032000F0A8F80F2000F04C
:1046100007F800F02BF8002010BD0000003C02401D
:1046200070B504460E4800784FF47A71B1FBF0F093
:104630000C490968B1FBF0F5284601F01CFF08B1F0
:10464000012070BD102C07D200222146501E00F020
:1046500047F80548046001E00120F2E70020F0E798
:1046600080040020840400207C04002008B500BFE2
:10467000002000901148006840F480400F49086015
:104680000846006800F48040009000BF00BF00BFF3
:1046900000200090081F006840F08050091F08604B
:1046A0000846006800F08050009000BF00BF002264
:1046B0000F21901E00F014F808BD0000443802409D
:1046C00001460846002809DB00F01F0301229A403A
:1046D00043099B0003F1E023C3F8002100BF7047AA
:1046E0002DE9F05F80460D46164600270AF06EFA67
:1046F000074639462A46334601F00700C0F1070A4B
:10470000BAF1040F02D94FF0040A01E0C0F1070A20
:10471000D14600F1040ABAF1070F02D24FF0000AA5
:1047200001E0A0F1030AD4464FF0010A0AFA09FA9F
:10473000AAF1010A0AEA020A0AFA0CFA4FF0010B7E
:104740000BFA0CFBABF1010B0BEA030B4AEA0B046F
:10475000214640460AF042FABDE8F09F00BF00F053
:104760000702064B19684FF6FF031940044B0B4331
:1047700043EA0221014B196000BF70470CED00E0D5
:104780000000FA0570470246106841620020704739
:10479000F0B5034615461868446A21B944EA054055
:1047A0001E68B06219E01868806A04EB10440022A9
:1047B00008E0186800F5827050F8220004EB1044FD
:1047C000501CC2B2481E9042F3D844EA054718680C
:1047D00000F582704E1E40F826700020F0BD10B526
:1047E0000446D4F8080508F0A2FC10BD70B50446D4
:1047F0000D4605EBC50304F13C0101EB83010A6999
:104800002946D4F8080508F08DFB70BD70B5044644
:104810000D4605EBC50304F51F7101EB83010A6921
:104820002946D4F8080508F001FC70BD10B504460F
:10483000D4F8080508F07EFC10BD2DE9F0410446CF
:104840000D4605F08000802808D105F00F0000EB30
:10485000C00104F13C0000EB810607E005F00F0009
:1048600000EBC00104F51F7000EB810631462068A3
:1048700009F052FF07463846BDE8F08170B504469E
:104880000E4606F0800080280AD106F00F0000EBEB
:10489000C00104F13C0000EB81050120687009E0D3
:1048A00006F00F0000EBC00104F51F7000EB81055E
:1048B0000020687006F00F00287000BF94F8BC0458
:1048C000012801D1022070BD012084F8BC0400BF82
:1048D0002946206809F000FA00BF002084F8BC04D3
:1048E00000BF00BFEFE770B504460E4606F00F00AC
:1048F0006168884201D9012070BD06F080008028DF
:104900000AD106F00F0000EBC00104F13C0000EBFF
:1049100081050120687009E006F00F0000EBC0017E
:1049200004F51F7000EB8105002068700020A8705E
:1049300006F00F00287000BF94F8BC04012801D1D4
:104940000220D9E7012084F8BC0400BF2946206872
:1049500009F0AAFC00BF002084F8BC0400BF00BF1F
:10496000CAE7024601F00F0000EBC00302F51F701A
:1049700000EB8300006A70472DE9F04705460E46BC
:1049800090461F464FF0000906F0800080280AD1AB
:1049900006F00F0000EBC00105F13C0000EB8104C4
:1049A0000120607009E006F00F0000EBC00105F582
:1049B0001F7000EB81040020607006F00F00207073
:1049C000C4F80C802771607808B120782081022F0C
:1049D00001D10020607100BF95F8BC04012802D10C
:1049E0000220BDE8F087012085F8BC0400BF214605
:1049F000286809F087F800BF002085F8BC0400BFD4
:104A00004846EEE72DE9F04104460E461746984623
:104A100006F00F0000EBC00104F51F7000EB8105EC
:104A20002F61C5F8188000202862687006F00F001A
:104A300028702069012800D16F6106F00F0028B9A5
:104A4000227C2946206809F009FB04E0227C2946E3
:104A5000206809F0BDFC0020BDE8F08170B5044677
:104A60000D4605F00F006168884201D9012070BD34
:104A700005F0800080280AD105F00F0000EBC0018E
:104A800004F13C0000EB81060120707007E005EBAB
:104A9000C50104F51F7000EB810600207070012035
:104AA000B07005F00F00307000BF94F8BC0401280E
:104AB00001D10220DBE7012084F8BC0400BF3146AD
:104AC000206809F038FC05F00F0028B9217C04F2B9
:104AD000C442206809F0B0FB00BF002084F8BC0489
:104AE00000BF00BFC3E72DE9F04104460E4617465C
:104AF000984606F00F0000EBC00104F13C0000EB0B
:104B000081052F61C5F81880002028620120687097
:104B100006F00F0028702069012800D16F6106F0AF
:104B20000F0028B9227C2946206809F097FA04E092
:104B3000227C2946206809F04BFC0020BDE8F0816A
:104B40002DE9FE4F0446D4F800B05E46206809F017
:104B5000CAFE002874D1206809F004FF08B9BDE836
:104B6000FE8F40F608008059C0F30D20C4F8FC0405
:104B7000206809F0F7FE00F00200022805D1206845
:104B8000406900F0020021684861206809F0EAFEEF
:104B900000F01000102845D12068806920F0100036
:104BA00021688861DBF8209009F00F0000EBC0015C
:104BB00004F51F7000EB810AC9F3434002281AD1A3
:104BC00047F6F07009EA000030B3C9F30A125846FC
:104BD000DAF8101009F0CBFEC9F30A11DAF8100068
:104BE0000844CAF81000C9F30A11DAF82000084492
:104BF000CAF8200010E0C9F3434006280CD108226F
:104C000004F2C441584609F0B2FEC9F30A11DAF8B9
:104C100020000844CAF820002068806940F0100095
:104C200021688861206809F09DFE00F40020B0F53D
:104C3000002F7BD10025206809F064FE029072E00D
:104C4000E1E2029800F00100002868D0E9B2206893
:104C500009F07BFE804608F0010048B1012106F50D
:104C6000306000EB451081602946204603F004FEC9
:104C700008F00800082809D1082106F5306000EB8B
:104C8000451081602946204603F0C4FD08F010005D
:104C9000102805D1102106F5306000EB4510816029
:104CA00008F00200022824D1DBF8140000F0800094
:104CB000802807D140F60400805940F4806140F616
:104CC0000400815105EBC50104F51F7000EB810A5A
:104CD0009AF80300012806D100208AF80300E9B2FF
:104CE000204600F09BFA022106F5306000EB4510EB
:104CF000816008F02000202805D1202106F53060D1
:104D000000EB4510816008F40050B0F5005F06D15B
:104D10004FF4005106F5306000EB451081606D1CCA
:104D2000029840080290029800288AD1206809F071
:104D300019FE00F48020B0F5802F7DD1206809F0A5
:104D4000D7FD029000259AE0029800F001000028AB
:104D500073D0E9B2206809F0DFFD804608F0010059
:104D6000F0B305F00F0101208840019040F63400B7
:104D70008159019821EA000040F63401885101214F
:104D800006F5106000EB451081602069012824D1F0
:104D900005EBC50104F13C0000EB810005EBC50209
:104DA000016904F13C0000EB8200C068014405EB9E
:104DB000C50204F13C0000EB820001616DB905EB16
:104DC000C50104F13C0000EB8100806928B904F2C0
:104DD000C4420121206809F02FFAE9B2204600E020
:104DE00001E0FFF703FD08F00800082805D10821BD
:104DF00006F5106000EB4510816008F010001028E7
:104E000005D1102106F5106000EB4510816008F017
:104E10004000402805D1402106F5106000EB451008
:104E2000816008F0020002281DD12946584609F089
:104E30001BFD05EBC50101E025E01CE004F13C0091
:104E400000EB810A9AF80300012806D100208AF8B5
:104E50000300E9B2204600F0D8F9022106F51060FF
:104E600000EB4510816008F08000802803D12946BE
:104E7000204603F0A3FD6D1C0298400802900298A2
:104E800000287FF461AF206809F06CFD00F000405D
:104E9000B0F1004F1CD140F60400805920F0010110
:104EA00040F60400815194F8F404012807D1002051
:104EB00084F8F40400212046FFF764FC02E0204659
:104EC00000F0FAFA2068406900F00040216848616B
:104ED000206809F047FD00F40060B0F5006F0ED1C6
:104EE00040F60800805900F0010010B1204600F0A3
:104EF0003BFB2068406900F400602168486120683D
:104F000009F030FD00F48050B0F5805F7ED140F6AE
:104F10000400805920F0010140F604008151102165
:104F2000206809F0A1FC002732E04FF67F3106F53A
:104F3000106000EB4710816006F5106000EB471031
:104F4000006820F4001106F5106000EB47100160C6
:104F50004FF67F3106F5306000EB4710816006F5B3
:104F6000306000EB4710006820F4001106F5306057
:104F700000EB4710016006F5306000EB4710006859
:104F800040F0006106F5306000EB471001607F1CC7
:104F90006068B842C9D840F61C00805940F0011141
:104FA00040F61C008151206B70B1D6F8840840F0A7
:104FB0000B01C6F8841840F64400805940F00B01FC
:104FC00040F6440081510FE040F61400805942F24F
:104FD0002B01084340F614018851081F805940F006
:104FE0000B014FF401608151D6F8000820F4FE60F7
:104FF000C6F80008217C04F2C442206809F01CF9BC
:105000002068406900F48050216800E000E04861B9
:10501000206809F0A7FC00F40050B0F5005F17D13C
:10502000206808F0D7FD206809F04AFCE06000F035
:1050300047FC0090227B2068009909F01BFD204668
:1050400000F022FA2068406900F4005021684861AD
:10505000206809F087FC00F00800082808D12046E5
:1050600000F031FA2068406900F0080021684861CA
:10507000206809F077FC00F08000802818D1DBF868
:10508000180020F08000CBF8180001250DE005EB9A
:10509000C50104F51F7000EB8100C078012803D121
:1050A000E9B22046FFF7C9FB6D1C6068A842EED844
:1050B000206809F057FC00F48010B0F5801F2DD156
:1050C000012522E006F5106000EB4510D0F80090B5
:1050D00005EBC50104F13C0000EB810000790128DB
:1050E00012D109F00040B0F1004F0DD1012105EBC4
:1050F000C50204F13C0000EB8200C170E8B240F050
:1051000080012046FFF799FB6D1C6068A842D9D842
:105110002068406900F4801021684861206809F027
:1051200021FC00F40010B0F5001F44D1012538E047
:1051300006F5306000EB4510D0F8009005EBC50196
:1051400004F51F7000EB81000079012828D109F0D7
:105150000040B0F1004F23D109F4803094F8FC14E2
:1051600001F0010188421BD1012105EBC50204F5C4
:105170001F7000EB8200C170DBF8180040F0800067
:10518000CBF81800DBF8140000F0800040B940F6BE
:105190000400805940F4007140F60400815103E09E
:1051A0006D1C6068A842C3D800BF2068406900F445
:1051B000001021684861206809F0D4FB00F08040AD
:1051C000B0F1804F08D12046FFF709FB2068406905
:1051D00000F0804021684861206809F0C3FB00F0BE
:1051E000040004280FD12068D0F8049009F00400CE
:1051F000042802D12046FFF719FB2068406840EAE6
:1052000009002168486000BFA9E470B504460D4656
:105210002946D4F8080507F0F9FF70BD70B50446BB
:105220000D462946D4F8080508F014F870BD70B58D
:105230008AB0044614B901200AB070BD266894F8FB
:10524000BD0428B9002084F8BC04204600F0A2F870
:10525000032084F8BD04F06B00F4807008B90021CD
:105260002161206808F0F2FE282204F1100168464E
:10527000FBF7AFF894E80F0008F0C0FC20B1022063
:1052800084F8BD040120D7E70021206809F09FFBC6
:10529000002531E0012105EBC50204F13C0000EBE3
:1052A0008200417005EBC50104F13C0000F821507B
:1052B00005EBC50100EB81000581002105EBC5026E
:1052C00004F13C0000EB8200017105EBC50204F122
:1052D0003C0000EB8200C16005EBC50204F13C001C
:1052E00000EB8200016105EBC50204F13C0000EB1C
:1052F00082008161681CC5B26068A842CAD80025D6
:105300002AE0002105EBC50204F51F7000EB8200C6
:10531000417005EBC50104F51F7000F82150002114
:1053200005EBC50200EB8200017105EBC50204F537
:105330001F7000EB8200C16005EBC50204F51F7011
:1053400000EB8200016105EBC50204F51F7000EB64
:1053500082008161681CC5B26068A842D1D8282249
:1053600004F110016846FBF734F894E80F0008F0E8
:105370007DFD20B1022084F8BD0401205CE70020FF
:1053800084F83800012084F8BD04206808F05CFD32
:10539000002051E710B58CB00446142107A8FBF794
:1053A00031F82068B0F1A04F67D100BF0020019014
:1053B0003348006840F00100314908600846006841
:1053C00000F00100019000BF00BF142102A8FBF70C
:1053D00019F84FF4805002900120039002200490AD
:1053E0000020059002A92748FEF7CAFB0520FEF71A
:1053F0007DFA00BF002001902148006840F00100C4
:105400001F4908600846006800F00100019000BFD5
:1054100000BF4FF4C050029002200390002004907F
:10542000032005900A20069002A91648FEF7A8FB63
:1054300000BF1348001D006840F080001049091D9E
:10544000086000BF002001900D481430006840F44F
:1054500080400B49143108600846006800F4804021
:10546000019000BF00BF00BF002211464320FFF79C
:1054700037F94320FFF724F900BF0CB010BD00003E
:10548000303802400000024070B504460125E06853
:1054900008B9002506E0E068022801D1012501E0F5
:1054A000FCF784FE2946D4F8080507F07CFFD4F801
:1054B000080507F023FF70BD10B50446D4F80805B1
:1054C00007F052FF10BD10B50446D4F8080507F0E8
:1054D00056FF10BD70B504460D4600BF94F8BC04DD
:1054E000012801D1022070BD012084F8BC0400BF56
:1054F00084F838502946206809F09DFA00BF002042
:1055000084F8BC0400BF00BFEDE710B5044604F208
:10551000C441D4F8080507F05DFF10BD70B504461E
:10552000256800BF94F8BC04012801D1022070BD99
:10553000012084F8BC0400BFA06A012806D1A0693C
:10554000012803D0A86B40F48030A863206809F0DC
:1055500059F9206808F066FC00BF002084F8BC04FC
:1055600000BF00BFE3E7000010B50446D4F808050B
:1055700007F08DFF2068D0F8000E40F00100216890
:10558000C1F8000E206A28B10348006840F0060008
:105590000149086010BD000010ED00E0F8B50446B8
:1055A00000250026207800F0010020B9207800F0C6
:1055B000040004282FD100205B498866FEF7E8FB31
:1055C000054606E0FEF7E4FB401B022801D9032054
:1055D000F8BD56480068C0F3C0600028F2D160688A
:1055E0008101207A41EA007050498431086001202D
:1055F0004D498866FEF7CCFB054606E0FEF7C8FB82
:10560000401B022801D90320E2E748480068C0F3A4
:10561000C0600028F2D0207800F0020002287DD17E
:1056200000BF0020009041484030006840F08050AA
:105630003E49403108600846006800F08050009004
:1056400000BF00BF3A48006840F4807038490860E5
:10565000FEF79EFB054606E0FEF79AFB401B02287C
:1056600001D90320B4E73248006800F480700028B4
:10567000F2D02E487030006800F440764EB3A08916
:1056800000F44070B04224D028487030006820F404
:1056900040760120274908600020086023487030C8
:1056A0000660006800F0010098B1FEF771FB054646
:1056B00008E0FEF76DFB401B41F28831884201D9BA
:1056C000032085E7194870300068C0F340000028C7
:1056D000EFD000BFA08900F44070B0F5407F0CD13E
:1056E00012480830006820F4F810134AE1681140AD
:1056F00008430E490831086007E00C48083000688C
:1057000020F4F81009490831086008487030006832
:10571000A189C1F30B010843044900E002E07031A4
:10572000086000BF002053E70000474200380240F5
:1057300000700040400E4742FFFCFF0F70B504466A
:105740000D460CB9012070BD5848006800F00700F4
:10575000A84209D255490D700846006800F00700BC
:10576000A84201D00120EEE7207800F002000228D4
:105770001DD1207800F00400042805D14C480068B1
:1057800040F4E0504A490860207800F008000828FA
:1057900005D14748006840F46040454908604448E6
:1057A000006820F0F000A1680843414908602078B3
:1057B00000F00100A8B36068012807D13C48083810
:1057C0000068C0F34040B8B90120BCE76068022817
:1057D00002D06068032807D1354808380068C0F354
:1057E000406048B90120AEE7314808380068C0F38E
:1057F000400008B90120A6E72D48006820F003000A
:10580000616808432A490860FEF7C2FA064609E0C3
:10581000FEF7BEFA801B41F28831884202D903208C
:1058200091E707E02248006800F00C006168B0EBE7
:10583000810FEDD11D48006800F00700A84209D98A
:105840001A490D700846006800F00700A84201D010
:10585000012078E7207800F00400042807D11448DC
:10586000006820F4E050E16808431149086020789E
:1058700000F00800082808D10D48006820F46040B6
:10588000216940EAC1000A49086000F03FF8084970
:105890000968C1F30311074A515CC8400649086012
:1058A00006480068FEF7BCFE00204CE7003C0240C2
:1058B00008380240D87D0108840400207C040020C0
:1058C00001480068704700008404002000B5FFF71D
:1058D000F7FF04490968C1F38221034A515CC840BB
:1058E00000BD000008380240E87D010800B5FFF760
:1058F000E7FF04490968C1F34231034A515CC840DB
:1059000000BD000008380240E87D01082DE9F0479D
:10591000002400250026A1462548006800F00C0060
:1059200020B1042805D008283AD105E0DFF884909A
:1059300039E0DFF8849036E01D48001F006800F071
:105940003F041B48001F006800F4800078B11A482B
:105950001749091F0968C1F38811A0FB01700146AE
:10596000224600233846FAF703FD05460EE01148AB
:105970000F49091F0968C1F38811A0FB0170014696
:10598000224600233846FAF7F3FC05460848001F74
:105990000068C0F30140401C4600B5FBF6F902E088
:1059A000DFF8109000BF00BF4846BDE8F087000058
:1059B000083802400024F400001BB700F8B5044684
:1059C0000CB90120F8BD207800F00100002874D047
:1059D000F948006800F00C0004280DD0F648006873
:1059E00000F00C00082813D1F348001F006800F4F1
:1059F0008000B0F5800F0BD1EF4808380068C0F385
:105A00004040002859D06068002856D10120D9E7CD
:105A100000BF6068B0F5803F08D1E74808380068EB
:105A200040F48030E449083908601EE06068B0F551
:105A3000A02F0DD1E0480838006840F48020DE49EE
:105A4000083908600846006840F4803008600CE0BF
:105A5000D9480838006820F48030D74908390860F0
:105A60000846006820F48020086000BF606890B19C
:105A7000FEF78EF9054606E0FEF78AF9401B64281A
:105A800001D903209EE7CC4808380068C0F34040A5
:105A90000028F1D011E0FEF77BF9054606E0FEF79D
:105AA00077F9401B642801D903208BE7C2480838E6
:105AB0000068C0F340400028F1D1207800F00200D7
:105AC00002285FD1BC48006800F00C0058B1BA4809
:105AD000006800F00C0008281CD1B748001F0068BF
:105AE00000F48000B0B9B44808380068C0F3400042
:105AF00020B1E068012801D0012063E7AE480838F2
:105B0000006820F0F800216940EAC100AA4908397C
:105B1000086037E0E06800B30120A8490860FEF79C
:105B200037F9054606E0FEF733F9401B022801D994
:105B3000032047E7A04808380068C0F34000002869
:105B4000F1D09D480838006820F0F800216940EA4B
:105B5000C10099490839086014E00020974908609D
:105B6000FEF716F9054606E0FEF712F9401B02287B
:105B700001D9032026E7904808380068C0F34000A8
:105B80000028F1D1207800F0080008282CD16069A5
:105B9000A8B101208A490860FEF7FAF8054606E038
:105BA000FEF7F6F8401B022801D903200AE78248D5
:105BB0006C300068C0F340000028F1D014E00020F1
:105BC0007F490860FEF7E4F8054606E0FEF7E0F8D6
:105BD000401B022801D90320F4E677486C300068A6
:105BE000C0F340000028F1D1207800F00400042820
:105BF00070D1002770483830006800F0805090B9AC
:105C000000BF002000906C483830006840F08050A1
:105C10006949383108600846006800F080500090FB
:105C200000BF00BF01276748006800F48070B0B96A
:105C30006448006840F4807062490860FEF7A8F884
:105C4000054606E0FEF7A4F8401B022801D9032010
:105C5000B8E65C48006800F480700028F2D000BF0D
:105C6000A068012808D154486830006840F001005D
:105C70005149683108601DE0A06805280DD14E48E3
:105C80006830006840F004004B49683108600846FD
:105C9000006840F0010008600CE047486830006888
:105CA00020F001004449683108600846006820F08F
:105CB0000400086000BFA068A8B1FEF769F80546B7
:105CC00009E0FEF765F8401B41F28831884202D9AD
:105CD000032077E626E0384868300068C0F34000CB
:105CE0000028EED013E0FEF753F8054608E0FEF773
:105CF0004FF8401B41F28831884201D9032061E608
:105D00002D4868300068C0F340000028EFD1012F13
:105D100007D129483830006820F0805026493831B2
:105D2000086000BFA069002845D02348006800F043
:105D30000C0008285DD0A069022845D100201F4929
:105D40000866FEF725F8054606E0FEF721F8401B39
:105D5000022801D9032035E6174808380068C0F347
:105D600040600028F1D1D4E907010843616A40EAA4
:105D700081110122A06AC2EB500041EA00412C20AF
:105D8000005D41EA00600C49091F086001200B49D1
:105D90000866FDF7FDFF054606E0FDF7F9FF401B2D
:105DA000022801D903200DE6034808380068C0F333
:105DB00040600028F1D049E0083802400000474226
:105DC000800E474200700040002021490866FDF720
:105DD000DFFF054606E0FDF7DBFF401B022801D987
:105DE0000320EFE51B480068C0F340600028F2D1B3
:105DF0002CE0A069012800D1E4E51648001D0668E2
:105E0000A069012820D006F48001E06981421BD1FD
:105E100006F03F01206A814216D147F6C07030403B
:105E2000616AB0EB811F0FD106F440310122A06AF4
:105E3000C2EB5000B1EB004F06D106F070612C2090
:105E4000005DB1EB006F01D00120BBE50020B9E59A
:105E5000000047420038024010B504460CB901204A
:105E600010BD607920B900202071204600F00EF8A6
:105E7000022060712068006840F00400216808601A
:105E8000012060710020A06000BFE9E708B50A4A60
:105E9000016891420FD100BF0021009107490968B4
:105EA00041F04001054A11601146096801F04001C6
:105EB000009100BF00BF08BD000806503438024002
:105EC00070B5044601250CB9012070BD607F20B972
:105ED00000202077204600F045F80220607700BFC0
:105EE000CA202168486253202168486200BF2046CA
:105EF00002F020FF0546EDB9206880681849084087
:105F000021688860216960680843616908432168E5
:105F100089680843216888602168E0680861206812
:105F20000169208941EA004021680861204602F0A9
:105F300026FF05466DB92068006C20F4802021689A
:105F400008642068006CA169084321680864012086
:105F5000607700BFFF202168486200BF2846B4E791
:105F6000BFFF8FFF034A0168914202D10121024A1B
:105F700011607047002800403C0E474270B504464F
:105F800000252068C06820F0A0002168C860FDF7E7
:105F9000FFFE054607E0FDF7FBFE401BB0F57A7FEC
:105FA00001D9032070BD2068C06800F020000028DF
:105FB000F1D00020F6E710B504460CB9012010BD61
:105FC000606A38B96068B0F5827F00D105E00021D1
:105FD000E16102E00021216161610021A16294F888
:105FE000510028B9002084F85000204600F048F8FD
:105FF000022084F851002068006820F040002168E9
:106000000860A08800F48270218901F404410843EB
:10601000A18901F400610843217C01F002010843D9
:10602000217D01F001010843218B01F40071084337
:10603000217F01F0380108432021095D01F0800132
:106040000843218D01F400510843216808600421B0
:10605000A06901EA104094F8241001F010010843EF
:10606000216848602068C06920F400602168C86128
:1060700000206065012084F8510000209FE70000A7
:1060800010B586B00446142101A8FAF7BBF9674998
:10609000206888427ED100BF0020009064480068DC
:1060A00040F48050624908600846006800F480505F
:1060B000009000BF00BF00BF002000905C48143873
:1060C000006840F002005A49143908600846006828
:1060D00000F00200009000BF00BF00BF0020009051
:1060E0000846006840F0010008600846006800F0BB
:1060F0000100009000BF00BF182001900220029014
:1061000001200390032004900520059001A949482F
:10611000FDF736FD802001900220029001200390BF
:10612000032004900520059001A94348FDF728FDB0
:106130004248434908604FF0C06048600021404831
:106140008160C1604FF48061016100214161816122
:10615000C1614FF44031016200214162FDF750FB03
:1061600008B1FCF723F800BF3548E064846300BF42
:1061700032481830334908604FF0C0604860402111
:10618000304881600021C1604FF4806101610021CD
:10619000416100E010E08161C1614FF400310162B2
:1061A00000214162FDF72CFB08B1FBF7FFFF00BFA8
:1061B0002448A064846336E023492068884232D1B1
:1061C00000BF002000901A48001F006840F4804083
:1061D0001749091F08600846006800F480400090D5
:1061E00000BF00BF00BF00200090114814380068B5
:1061F00040F002000E49143908600846006800F0BB
:106200000200009000BF00BF4FF4604001900220E8
:10621000029001200390032004900520059001A91D
:106220000448FDF7ADFC06B010BD00000030014091
:106230004438024000040240000002404064024032
:106240000822002068220020003800402DE9FF5F6E
:106250000446884691461D460E9E0120029000206D
:10626000019000BF94F85000012803D1022004B02F
:10627000BDE8F09F012084F8500000BFFDF788FDC5
:10628000074694F851B060680390AA46BBF1010F2D
:106290000BD00398B0F5827F04D1A06810B9BBF190
:1062A000040F02D002200190DBE0B8F1000F03D010
:1062B000B9F1000F00D015B901200190D1E094F898
:1062C0005100042802D0052084F8510000206065A8
:1062D000C4F83890E587A587C4F83080E586A586A0
:1062E000206460642068006800F04000402805D009
:1062F0002068006840F0400021680860E068B0F560
:10630000006F4AD1606810B1BAF1010F09D1206B5A
:1063100000882168C860206B801C2063E08E401ECE
:10632000E08633E02068806800F00200022810D187
:10633000E08E70B1029801280BD1206B0088216893
:10634000C860206B801C2063E08E401EE086002029
:1063500002902068806800F0010068B1E08F58B1B9
:106360002068C068A16B0880A06B801CA063E08FD0
:10637000401EE08701200290FDF70AFDC01BB042DD
:1063800004D3701C10B1032001906AE0E08E002855
:10639000C8D1E08F0028C5D14AE0606810B1BAF1D9
:1063A000010F09D1206B007821680873206B401C15
:1063B0002063E08E401EE08634E02068806800F0B4
:1063C0000200022810D1E08E70B1029801280BD192
:1063D000206B007821680873206B401C2063E08EDE
:1063E000401EE086002002902068806800F00100D6
:1063F00068B1E08F58B12068C068A16B0870A06BCD
:10640000401CA063E08F401EE08701200290FDF752
:10641000BFFCC01BB04201D3701C00B916B90320E9
:1064200001901EE0E08E0028C7D1E08F0028C4D183
:106430003A463146204605F017F920B10120019077
:10644000202060650DE0A06850B900BF00200090DA
:106450002068C068009020688068009000BF00BF7E
:1064600000BF012084F8510000BF002084F85000D4
:1064700000BF0198FBE670B504462546681EB0F1E2
:10648000807F01D301200FE0681E4FF0E0214861BA
:106490000F214FF0FF3008F0A1FB00204FF0E0216A
:1064A000886107200861002070BD10B503460022F6
:1064B00000BF93F83C00012801D1022010BD01204B
:1064C00083F83C0000BF22F0FF00CC6840EA0402E1
:1064D00022F440708C6840EA040222F480604C6828
:1064E00040EA040222F400600C6840EA040222F44C
:1064F00080500C6940EA040222F400504C6940EAE2
:10650000040222F48040CC6940EA04021868426424
:1065100000BF002083F83C0000BF00BFCEE70000B2
:1065200030B502460B4600BF92F83C00012801D16D
:10653000022030BD012082F83C0000BF022082F81A
:106540003D00106844681068816824F07004186881
:10655000044310684460184D1068A8421BD01068AE
:10656000B0F1804F17D0154D1068A84213D0144DCC
:106570001068A8420FD0134D1068A8420BD0124DDE
:106580001068A84207D0114D1068A84203D0104DE2
:106590001068A84205D121F08001586801431068B5
:1065A0008160012082F83D0000BF002082F83C009D
:1065B00000BF00BFBDE70000000001400004004034
:1065C00000080040000C0040000401400040014071
:1065D0000018004010B504460CB9012010BD94F815
:1065E0003D0028B9002084F83C00204600F026F841
:1065F000022084F83D00211D206805F007FA0120E3
:1066000084F8460000BF84F83E0001213F20015578
:10661000402001554120015500BF00BF012084F8F2
:10662000420043200155442001554520015500BF3B
:10663000012084F83D000020D0E7000008B53F4A63
:10664000016891420FD100BF002100913C490968C7
:1066500041F001013A4A11601146096801F0010157
:10666000009100BF69E0374A0168914211D100BF33
:10667000002100913249091F096841F00201304AA6
:10668000121F11601146096801F00201009100BF5C
:1066900053E02D4A0168914211D100BF00210091C1
:1066A0002749091F096841F00401254A121F11609A
:1066B0001146096801F00401009100BF3DE0234A42
:1066C0000168914211D100BF002100911C49091FAE
:1066D000096841F008011A4A121F11601146096841
:1066E00001F00801009100BF27E0194A01689142BA
:1066F0000FD100BF002100911149096841F002014A
:106700000F4A11601146096801F00201009100BFB3
:1067100013E0104A016891420FD100BF002100919F
:106720000749096841F40031054A116011460968BA
:1067300001F40031009100BF00BF08BD000001401E
:10674000443802400004004000080040000C0040B3
:106750000004014000440140014691F83D00012839
:1067600001D001207047022081F83D001A4B0868D3
:1067700098421BD00868B0F1804F17D0174B0868BB
:10678000984213D0164B086898420FD0154B0868F2
:1067900098420BD0144B0868984207D0134B0868F6
:1067A000984203D0124B086898420CD10868806860
:1067B00000F00702062A0CD00868006840F00100CB
:1067C0000B68186005E00868006840F001000B687D
:1067D00018600020C6E700000000014000040040EF
:1067E00000080040000C004000040140004001404F
:1067F000001800402DE9F04104460D46002700BF77
:1068000094F83C00012802D10220BDE8F08101206B
:1068100084F83C0000BF022084F83D0020688668B0
:1068200026F0770626F47F46206886602868502880
:1068300033D00CDC202850D004DC00284BD01028AA
:1068400051D149E0302849D040284CD139E0602866
:106850002DD0702807D0B0F5805F03D0B0F5005F71
:1068600041D10DE041E0D5E902136A68206805F0E6
:106870004AF92068866846F077062068866034E02A
:10688000D5E902136A68206805F03DF92068806840
:1068900040F480402168886027E0EA6869682068E1
:1068A00005F022FA5021206805F038F91DE0EA6869
:1068B0006968206805F02BFA6021206805F02EF940
:1068C00013E0EA686968206805F00EFA4021206844
:1068D00005F024F909E000BF00BF00BF2968206867
:1068E00005F01CF901E0012700BF00BF012084F87A
:1068F0003D0000BF002084F83C0000BF384684E71C
:1069000010B586B00446142101A8F9F77BFD99491A
:106910002068884232D100BF00200090964800686D
:1069200040F01000944908600846006800F010002C
:10693000009000BF00BF4FF4D440019002200290AD
:1069400001200390022004900120059001A98B48AA
:10695000FDF716F98A48FFF7FFFE0021884800F08E
:10696000E5F90421864800F0E1F90821844800F0A7
:10697000DDF90C21824800F0D9F9F9E0814920685D
:10698000884224D100BF002000907B48006840F07E
:106990000400794908600846006800F0040000908F
:1069A00000BF00BF881501900220029001200390D3
:1069B00002200490059001A97348FDF7E1F873489F
:1069C000FFF7CAFE0821714800F0B0F9D0E0704925
:1069D0002068884226D100BF0020009066480068E9
:1069E00040F00800644908600846006800F00800AC
:1069F000009000BF00BF4FF4804001900220029041
:106A000001200390032004900220059001A9614811
:106A1000FDF7B6F86048FFF79FFE08215E4800F0DA
:106A200085F9A5E05D49206888422DD100BF00208E
:106A300000905148006840F080004F4908600846C7
:106A4000006800F08000009000BF00BF4FF4E050ED
:106A500001900220029001200390022004900590F2
:106A600001A94F48FDF78CF84E48FFF775FE00214D
:106A70004C4800F05BF904214A4800F057F908211E
:106A8000484800F053F973E047492068884246D1EE
:106A900000BF002000903848006840F480703649FC
:106AA00008600846006800F48070009000BF00BFD6
:106AB00000BF002000900846006840F00400086015
:106AC0000846006800F00400009000BF00BF4020AE
:106AD00001900220029001200390022004900320E4
:106AE000059001A93148FDF74BF8402001900220A4
:106AF000029001200390022004900320059001A938
:106B00002148FDF73DF82A48FFF726FE00212848D6
:106B100000F00CF90421264800F008F928E0254986
:106B20002068884224D100BF0020009012480068ED
:106B300040F02000104908600846006800F020007E
:106B4000009000BF00BF4020019002200290012071
:106B50000390022004900320059001A91648FDF738
:106B60000FF81648FFF7F8FD0021144800F0DEF892
:106B700006B010BD00000140303802400010024055
:106B8000C82200200004004000080240102300201A
:106B900000080040000C024058230020000C004078
:106BA000001C0240A02300200004014000200240FD
:106BB000E82300200044014000140240302400205B
:106BC0002DE9F04104460D461646002700BF94F813
:106BD0003C00012802D10220BDE8F081012084F8A8
:106BE0003C0000BF36B1042E1BD0082E31D00C2E35
:106BF0005ED145E02946206804F09AFF206880694C
:106C000040F00800216888612068806920F0040055
:106C10002168886120688069296908432168886142
:106C200048E02946206804F0BBFF2068806940F4F2
:106C30000060216888612068806920F48060216894
:106C4000886120688069296940EA0120216888619B
:106C500030E02946206804F0E1FF2068C06940F078
:106C600008002168C8612068C06920F0040021681C
:106C7000C8612068C069296908432168C86119E0B2
:106C80002946206805F006F82068C06940F40060D5
:106C90002168C8612068C06920F480602168C861EB
:106CA0002068C069296940EA01202168C86101E0C3
:106CB000012700BF00BF00BF002084F83C0000BFD8
:106CC000384689E710B504460CB9012010BD94F888
:106CD0003D0028B9002084F83C00204600F025F84B
:106CE000022084F83D00211D206804F08FFE012061
:106CF00084F8460000BF84F83E0001213F20015582
:106D0000402001554120015500BF00BF012084F8FB
:106D1000420043200155442001554520015500BF44
:106D2000012084F83D000020D0E7704770B504468C
:106D30000D4615B994F83E000BE0042D02D13F201A
:106D4000005D06E0082D02D14020005D01E04120F9
:106D5000005D012801D0012070BD1DB9022084F81A
:106D60003E000EE0042D03D102213F20015508E032
:106D7000082D03D102214020015502E002214120CB
:106D8000015501222946206804F0ACFE2349206801
:106D9000884203D022492068884201D1012000E0C6
:106DA000002028B12068406C40F40040216848640D
:106DB0001A49206888421BD02068B0F1804F17D054
:106DC00018492068884213D01749206888420FD09C
:106DD0001649206888420BD011492068884207D0A4
:106DE00013492068884203D01249206888420CD198
:106DF0002068806800F00706062E0CD02068006826
:106E000040F001002168086005E02068006840F05B
:106E100001002168086000209EE70000000001409A
:106E2000000401400004004000080040000C004045
:106E3000004001400018004010B504460CB9012084
:106E400010BDA06900B100E000BF94F83D0028B972
:106E5000002084F83C00204600F028F8242084F824
:106E60003D002068C06820F400502168C8602046BA
:106E700004F062FF2068006920F4904021680861F6
:106E80002068406920F02A00216848612068C068B5
:106E900040F400502168C86000202064202084F85D
:106EA0003D0084F83E000020CAE7000010B586B01F
:106EB0000446142101A8F9F7A5FAC04920688842C0
:106EC0007ED100BF00200090BD48006840F0100057
:106ED000BB4908600846006800F01000009000BF41
:106EE00000BF00BF00200090B5481438006840F093
:106EF0000200B349143908600846006800F0020037
:106F0000009000BF00BF00BF00200090084600684E
:106F100040F0010008600846006800F001000090A1
:106F200000BF00BF8020019002200290012003904A
:106F3000032004900720059001A9A248FCF720FE39
:106F40004FF4007001900220029001200390032072
:106F500004900720059001A99B48FCF711FE9B486F
:106F60009B4908604FF0006048604021984881606C
:106F70000021C1604FF480610161002141618161A4
:106F8000C1614FF40031016200214162FCF738FC1D
:106F900008B1FBF70BF900BF8D486063846300BF45
:106FA0008A4830388B4908604FF000604860002103
:106FB00088488160C1604FF480610161002100E078
:106FC0001AE041618161C1614FF400310162002129
:106FD0004162FCF715FC08B1FBF7E8F800BF7D48FB
:106FE000A063846300BF002205212520FDF778FB04
:106FF0002520FDF765FBDEE07749206888425BD1FC
:1070000000BF002000906E48001F006840F4802000
:107010006B49091F08600846006800F48020009052
:1070200000BF00BF00BF0020009065481438006812
:1070300040F004006249143908600846006800F016
:107040000400009000BF00BF4FF440600190022098
:10705000029001200390032004900720059001A9CD
:107060005E48FCF78DFD5E485E4908604FF00060A9
:10707000486000215B488160C1604FF4806101611C
:10708000002141618161C1614FF400310162002141
:107090004162FCF7B5FB08B1FBF788F800BF514827
:1070A000A063846300BF002204212720FDF718FBA2
:1070B0002720FDF705FB7EE04B49206888427AD106
:1070C00000BF002000903E48006840F020003C498E
:1070D00008600846006800F02000009000BF00BF74
:1070E00000BF0020009036481438006840F040008F
:1070F0003349143908600846006800F040000090E9
:1071000000BF00BF4FF48440019002200290012094
:107110000390032004900820059001A93348FCF750
:107120002FFD2A48903832490860800548600021C8
:107130002F488160C1604FF480610161002141618D
:107140008161C1614FF40031016200214162FCF7AD
:1071500057FB08B1FBF72AF800BF2548A0638463FA
:1071600000BF1A481838234908604FF02060486073
:107170004021204881600021C1604FF4806101619D
:10718000002141618161C1614FF4803101620021C0
:107190004162FCF735FB08B1FBF708F800BF154862
:1071A0006063846300BF002205214720FDF798FA41
:1071B0004720FDF785FA06B010BD00000010014021
:1071C000443802400004024000000240B86402401B
:1071D00044250020A425002000480040000802406B
:1071E00028600240042600200014014000180240DC
:1071F00064260020C426002000BFFEE70146086880
:107200004069C0F38020B0B16FF480600A685061BB
:1072100000200863202081F83D00002081F83E0016
:10722000086C40F00400086400BF002081F83C00B6
:1072300000BF012070470020FCE700002DE9F84363
:1072400004460F4615469946DDE908862068006821
:1072500040F48060216808602068006840F4807015
:1072600021680860434600224FF001112046009635
:1072700000F032F960B12068006800F48070B0F569
:10728000807F02D14FF4007020640320BDE8F883B2
:1072900007F0FE0021680861334642463E49204619
:1072A00000F05DF908B10120F0E700BF0020009078
:1072B00020684069009020688069009000BF00BF8E
:1072C00032464146204600F0ECF950B1206C0428CB
:1072D00005D12068006840F4007021680860012032
:1072E000D4E7B9F1010F03D1E8B22168086117E0D2
:1072F000C5F307202168086132464146204600F068
:10730000D0F950B1206C042805D12068006840F401
:107310000070216808600120B8E7E8B221680861C0
:1073200032464146204600F0BCF950B1206C04289A
:1073300005D12068006840F40070216808600120D1
:10734000A4E72068006840F4807021680860434624
:1073500000224FF001112046009600F0BDF858B110
:107360002068006800F48070B0F5807F02D14FF48F
:1073700000702064032089E7F8B240F00100216822
:107380000861334642460449204600F0E8F808B157
:1073900001207BE7002079E7020001002DE9F84396
:1073A0000446884615469946DDE908672068006866
:1073B00040F4807021680860334600224FF00111CC
:1073C0002046009700F088F860B12068006800F45B
:1073D0008070B0F5807F02D14FF4007020640320EC
:1073E000BDE8F88308F0FE00216808613B4632469C
:1073F0002149204600F0B3F808B10120F0E700BFB2
:10740000002000902068406900902068806900900A
:1074100000BF00BF3A463146204600F042F950B165
:10742000206C042805D12068006840F400702168B1
:1074300008600120D4E7B9F1010F03D1E8B2216857
:10744000086117E0C5F30720216808613A46314614
:10745000204600F026F950B1206C042805D12068A0
:10746000006840F40070216808600120B8E7E8B2C5
:10747000216808610020B3E70200010070B50446EE
:107480000D46164620E02046FFF7B8FE08B1012061
:1074900070BD681CC0B1FCF77BFC801BA84200D803
:1074A00095B900202063202084F83D00002084F856
:1074B0003E00206C40F02000206400BF002084F8D3
:1074C0003C0000BF0120E3E720684069C0F3800072
:1074D0000028D8D00020DBE72DE9F04104460D4616
:1074E00017461E46DDF818801CE0701CD0B1FCF772
:1074F0004FFCA0EB0800B04200D89EB900202063EA
:10750000202084F83D00002084F83E00206C40F0EC
:107510002000206400BF002084F83C0000BF012050
:10752000BDE8F081C5F3074001280AD12068406911
:10753000A9B20840A9B2884201D101200BE0002085
:1075400009E020688069A9B20840A9B2884201D147
:10755000012000E00020B842C7D00020E0E72DE97C
:10756000F04104460D4616461F463DE0206840693E
:10757000C0F38020E8B12068006840F40070216802
:1075800008606FF48060216848610020206320203B
:1075900084F83D00002084F83E00206C40F0040098
:1075A000206400BF002084F83C0000BF0120BDE83B
:1075B000F081701CC0B1FCF7EBFBC01BB04200D8DF
:1075C00096B900202063202084F83D00002084F834
:1075D0003E00206C40F02000206400BF002084F8B2
:1075E0003C0000BF0120E2E7C5F3074001280AD1B3
:1075F00020684069A9B20840A9B2884201D101209F
:107600000BE0002009E020688069A9B20840A9B217
:10761000884201D1012000E000200028A6D00020EF
:10762000C5E770B504460D46164632E0206840694D
:10763000C0F30010A0B16FF0100021684861002075
:107640002063202084F83D00002084F83E00206C58
:10765000206400BF002084F83C0000BF012070BD02
:10766000FCF796FB801BA84200D895B90020206348
:10767000202084F83D00002084F83E00206C40F07B
:107680002000206400BF002084F83C0000BF0120DF
:10769000E5E720684069C0F380100028C6D00020CC
:1076A000DDE770B504460D46164620E02046FFF79C
:1076B000A5FD08B1012070BD681CC0B1FCF768FBD6
:1076C000801BA84200D895B900202063202084F8B0
:1076D0003D00002084F83E00206C40F02000206433
:1076E00000BF002084F83C0000BF0120E3E72068D1
:1076F0004069C0F3C0100028D8D00020DBE70000AC
:1077000070B504460D461646308888B9184890ED85
:10771000000A184880ED000A154890ED010A154846
:1077200080ED010A124890ED020A124880ED020A2B
:10773000324611490F480CF01BF90E4890ED000A33
:1077400085ED000A90ED010A85ED010A90ED020A2F
:1077500085ED020AB7EE000A84ED000AB7EE000AD2
:1077600084ED010AB7EE000A84ED020A70BD000044
:10777000C81D0020BC1D0020A01E002091ED000AA5
:107780000E4A82ED000A91ED010A82ED010A91EDA7
:10779000020A82ED020A92ED000A094A82ED000A0D
:1077A000064A92ED010A064A82ED010A034A92ED69
:1077B000020A034A82ED020A70470000C81D002039
:1077C000BC1D00202DED088B82B007200CF0A4FC1E
:1077D00002E064200CF0A0FCF9F730FD0028F8D19D
:1077E00002E064200CF098FC0CF062FB0028F8D159
:1077F000B84AA2F10C01101DF9F73AFD0CF070F82F
:10780000B548B44B103BB54AB5490090B5480CF0AB
:10781000D9F89FEDB52ADFEDB51A9FEDB51ADFED6A
:10782000B50A9FEDB50AB54801F0DAF9AB4AAC49A3
:10783000B348F9F77BF9AA4890ED000AB14880ED0A
:10784000000AB14880ED000AB04880ED000AA44863
:1078500090ED010AAB4880ED010AAB4880ED010ACA
:10786000AA4880ED010A9E4890ED020AA54880EDE5
:10787000020AA54880ED020AA44880ED020A002011
:107880000CF092FC04460FF0CBFDA14908601021DA
:10789000A048C161FEF78FFB08B1FAF787FC082208
:1078A0009D499E4803F020FE01209D4908700FE18C
:1078B00000BF4FF0FF3101200EF0B8FA0128F8D1D7
:1078C0009848007800F0080058B19648007820F0F9
:1078D0000800944908707F49091D8F48401CF9F73A
:1078E00045FC9148007800F0040060B18E480078B3
:1078F00020F004008C490870764A1032A2F11C0175
:107900008A48F9F7DDFB8A48007800F0040088B166
:107910008748007820F00400854908706D49854843
:10792000F9F794FD6B481038D0ED040AB0EE600A08
:107930000CF0B8F96848674B103B684A68490090FA
:1079400068480CF03FF8704890ED000A6F4880EDF1
:10795000000A6C4890ED000A6B4880ED000A90ED3B
:10796000000A7548D0ED000A20EE200A6748D0EDE5
:10797000000A714890ED011A00EE810A5848D0EDD6
:10798000000A6D4890ED021A00EE810A5D4880ED14
:10799000000A5D4890ED010A5C4880ED010A5948F3
:1079A00090ED010A584880ED010A90ED010A624805
:1079B000D0ED000A20EE200A5448D0ED010A5E48BE
:1079C00090ED011A00EE810A4548D0ED010A5A48AF
:1079D00090ED021A00EE810A4A4880ED010A4A48F9
:1079E00090ED020A494880ED020A464890ED020AED
:1079F000454880ED020A90ED020A4F48D0ED000A9A
:107A000020EE200A4148D0ED020A4B4890ED011AC1
:107A100000EE810A3248D0ED020A474890ED021A82
:107A200000EE810A374880ED020A2C4B02462D49B0
:107A30009FED420A3248F9F7E5F90AF085FE404821
:107A40000078012807D101213E4808F007F910B15C
:107A500000203B4908703C4B1A1F111F28480AF0B0
:107A6000F3FD3A480AF0C2FD254890ED008AD0EDBA
:107A7000018A90ED029AD0ED039A194890ED00AA80
:107A8000D0ED01AA90ED02BA314880ED008AC0ED38
:107A9000018A80ED029AC0ED039A2E4880ED00AA7B
:107AA000C0ED01AA80ED02BA0DF0C8FC2A480078AA
:107AB00000F001002849087048B10846007820F01D
:107AC000010008700846007840F00200087000BF0E
:107AD000EEE60000A81D0020EC1D0020B81E0020CE
:107AE000AC1E0020A01E00200080894500A08C450F
:107AF00000000000CDCC4C3E0000C844381E0020E1
:107B0000C41E0020941E0020881E00207C1E002021
:107B1000D400002058210020D8000020E0000020E0
:107B2000FD000020F9000020FA0000208E1D00203A
:107B3000FB000020F3000020A47A01086F12833AB2
:107B4000D1000020101D0020DC1E0020141E00208B
:107B5000281D0020381D0020FC00002030B50B46F9
:107B6000002100BF16E00A24B4EB107F05D93024B1
:107B700004EB107403F8114005E0412404EB107489
:107B80000A3C03F81140000100254C00641C1D55FF
:107B90004C1CE1B29142E6DB30BD00001FB5002075
:107BA00000900190029003901548164908604FF428
:107BB000003048600021134881600161017680F83F
:107BC0002010C162104981620021C1600121C161A0
:107BD000002180F8301001214161FAF721FD08B140
:107BE000FAF7E4FA102000900120019000200290A2
:107BF00069460448FAF74EFC08B1FAF7D7FA1FBDF8
:107C000000200140EC1E00200100000F1FB50020E5
:107C100000900190029003901548164908604FF4B7
:107C2000003048600021134881600161017680F8CE
:107C30002010C162104981620021C1600121C1612F
:107C4000002180F8301001214161FAF7E9FC08B108
:107C5000FAF7ACFA08200090012001900020029071
:107C600069460448FAF716FC08B1FAF79FFA1FBDF7
:107C700000220140341F00200100000F10B50F4802
:107C80000F4908600320486000210D488160C160F1
:107C90004FF4102101614FF4001141610021017680
:107CA000417681760121C176002101774177FBF78A
:107CB00078F808B1FAF77AFA10BD000000640040C5
:107CC0007C1F002010B50F480F4908600320486052
:107CD00000210D488160C1604FF4102101614FF413
:107CE0000011416100210176417681760121C17642
:107CF000002101774177FBF754F808B1FAF756FAFB
:107D000010BD000000680040A41F002010B5054809
:107D1000054908600846FBF728FC08B1FAF746FA5F
:107D200010BD0000003002408401002008B500BFF3
:107D3000002000902E48006840F480002C49086024
:107D40000846006800F48000009000BF00BF00BF3C
:107D5000002000900846006840F4001008600846C3
:107D6000006800F40010009000BF00BF0022052151
:107D70000C20FCF7B5FC0C20FCF7A2FC002205212E
:107D80002F20FCF7ADFC2F20FCF79AFC00220521E8
:107D90003920FCF7A5FC3920FCF792FC00220521D4
:107DA0003A20FCF79DFC3A20FCF78AFC00220521D2
:107DB0003B20FCF795FC3B20FCF782FC00220521D0
:107DC0004420FCF78DFC4420FCF77AFC00220521BE
:107DD0004520FCF785FC4520FCF772FC00220521BC
:107DE0004620FCF77DFC4620FCF76AFC08BD00003D
:107DF0003038024000B5ABB01C22244924A8F8F763
:107E0000E8FA002124A80CF0A0F9214908601C22FE
:107E10001E491C311DA8F8F7DCFA00211DA80CF042
:107E200094F91C4908601C221849383116A8F8F743
:107E3000D0FA002116A80CF088F9174908601C2216
:107E4000124954310FA8F8F7C4FA00210FA80CF01A
:107E50007CF9124908601C220C49703108A8F8F717
:107E6000B8FA002108A80CF070F90D4908601C222E
:107E700006498C3101A8F8F7ACFA002101A80CF0F2
:107E800064F9084908602BB000BD0000987901082A
:107E900000000020040000200C0000201000002042
:107EA000140000200800002000B587B0142102A8AB
:107EB000F8F7A8FA00BF002001908A48006840F057
:107EC0000200884908600846006800F0020001903E
:107ED00000BF00BF00BF002001900846006840F0CE
:107EE000400008600846006800F04000019000BFB4
:107EF00000BF00BF002001900846006840F001006C
:107F000008600846006800F00100019000BF00BF53
:107F100000BF002001900846006840F0080008609B
:107F20000846006800F00800019000BF00BF00BFD5
:107F3000002001900846006840F0040008600846F0
:107F4000006800F00400019000BF00BF00BF0020E7
:107F500001900846006840F4807008600846006898
:107F600000F48070019000BF00BF00BF00200190AE
:107F70000846006840F0200008600846006800F0ED
:107F80002000019000BF00BF00BF00200190084604
:107F9000006840F0800008600846006800F080003B
:107FA000019000BF00BF00BF00200190084600689C
:107FB00040F0100008600846006800F010000190D2
:107FC00000BF00BF012240214748FBF7DBFE012232
:107FD00010214648FBF7D6FE012241F20101444838
:107FE000FBF7D0FE80200290002003900120049037
:107FF00002A94048FBF7C4FD4020029001200390F5
:108000000490059002A93848FBF7BAFD09200290B8
:108010004FF4041003900120049002A93248FBF7AA
:10802000AFFD0720029000200390049002A932487F
:10803000FBF7A6FD01200290002003900120049090
:1080400002A92A48FBF79CFD102002900120039012
:1080500004900220059002A92448FBF791FD3020EE
:1080600002904FF4041003900120049002A92248CA
:10807000FBF786FD4FF4805002900120039004909E
:10808000059002A91A48FBF77BFD0120029003909E
:1080900004900220059002A91548FBF771FD00220B
:1080A00006210846FCF71CFB0620FCF709FB002212
:1080B00005210920FCF714FB0920FCF701FB002235
:1080C00005210A20FCF70CFB0A20FCF7F9FA002234
:1080D00005211720FCF704FB1720FCF7F1FA07B085
:1080E00000BD00003038024000180240000002408D
:1080F00000040240002002400008024010B50B4876
:108100000B4908600B484860002109488160C16044
:108110004FF480410161002141618161C1610162CF
:10812000FBF73CFE08B1FAF741F810BD00540040DF
:10813000CC1F0020801A060010B50B480B490860C0
:108140000B484860002109488160C1604FF48041BC
:108150000161002141618161C1610162FBF71EFE85
:1081600008B1FAF723F810BD005800402020002085
:10817000801A060010B50B480B4908600B48486090
:10818000002109488160C1604FF4804101610021F4
:1081900041618161C1610162FBF700FE08B1FAF73C
:1081A00005F810BD005C004074200020801A060015
:1081B00010B50548054908600846FDF74DFE08B1B1
:1081C000F9F7F4FF10BD0000000806502821002038
:1081D00010B50A480A490860002048607C21084818
:1081E000816040F67F41C160002101614161816190
:1081F000FDF766FE08B1F9F7D9FF10BD0028004071
:108200003821002010B50F480F4908604FF48270E4
:10821000486000210C488160C16002210161012198
:108220004161490281613821C161002101624162DD
:1082300081620A21C162FDF7BEFE08B1F9F7B6FFFF
:1082400010BD0000003001405821002010B50F483B
:108250000F4908604FF48270486000210C4881602B
:10826000C16002210161012141614902816138211E
:10827000C16100210162416281620A21C162FDF790
:108280009AFE08B1F9F792FF10BD000000380040D7
:10829000B021002000B587B01C216846F8F7B2F87D
:1082A0001548164908600020486000211348816085
:1082B00041F28731C160002101618161FEF78AF9D5
:1082C00008B1F9F773FF0D48FEF7FCFC08B1F9F7A8
:1082D0006DFF602000900020019002900490002229
:1082E00069460648FEF76CFC08B1F9F75FFF0348E2
:1082F000FEF706FB07B000BD00440140302400201B
:1083000000B595B0002011901290139014900F902A
:1083100010901C2108A8F8F775F820216846F8F796
:1083200071F83848384908605320486000213648C1
:10833000816044F61F61C1600021016141618021BB
:108340008161FEF747F908B1F9F730FF4FF480502B
:10835000119011A92C48FEF74DFA08B1F9F726FF44
:108360002948FEF7AFFC08B1F9F720FF00200F9075
:1083700010900FA92448FEF7D3F808B1F9F716FFBB
:10838000602008904FF47A70099000200A900B90BA
:108390000C900D900E90002208A91B48FEF710FCCF
:1083A00008B1F9F703FF042208A91748FEF708FCF3
:1083B00008B1F9F7FBFE082208A91348FEF700FCF4
:1083C00008B1F9F7F3FE0C2208A90F48FEF7F8FBF5
:1083D00008B1F9F7EBFE00200090019002900390A5
:1083E00004904FF40050059000200790694606481D
:1083F000FEF75BF808B1F9F7D9FE0348FEF780FAFB
:1084000015B000BD00000140C822002000B58DB0AD
:10841000002009900A900B900C90079008901C2166
:108420006846F7F7EFFF20482049086000204860C1
:1084300000211E48816042F2CF01C160002101612C
:108440008161FEF7C7F808B1F9F7B0FE4FF480502C
:10845000099009A91548FEF7CDF908B1F9F7A6FE6C
:108460001248FEF72FFC08B1F9F7A0FE0020079094
:10847000089007A90D48FEF753F808B1F9F796FEE2
:10848000602000900020019002900490082269462C
:108490000648FEF795FB08B1F9F788FE0348FEF79A
:1084A0002FFA0DB000BD0000000400401023002092
:1084B00000B58DB0002009900A900B900C900790A9
:1084C00008901C216846F7F79DFF20482049086066
:1084D000A720486000211E4881604FF6FF71C160EF
:1084E000002101618161FEF775F808B1F9F75EFEC0
:1084F0004FF48050099009A91548FEF77BF908B19F
:10850000F9F754FE1248FEF7DDFB08B1F9F74EFE0D
:1085100000200790089007A90D48FEF701F808B160
:10852000F9F744FE60200090002001900290049032
:10853000082269460648FEF743FB08B1F9F736FE04
:108540000348FEF7DDF90DB000BD00000008004053
:108550005823002000B58DB0002009900A900B90A0
:108560000C90079008901C216846F7F74BFF2848AD
:1085700028490860002048600021264881604FF6A5
:10858000FF71C160002101618161FEF723F808B12C
:10859000F9F70CFE4FF48050099009A91D48FEF729
:1085A00029F908B1F9F702FE1A48FEF78BFB08B16A
:1085B000F9F7FCFD00200790089007A91548FDF782
:1085C000AFFF08B1F9F7F2FD6020009000200190A4
:1085D00002900490002269460E48FEF7F1FA08B1B5
:1085E000F9F7E4FD042269460A48FEF7E9FA08B102
:1085F000F9F7DCFD082269460648FEF7E1FA08B102
:10860000F9F7D4FD0348FEF77BF90DB000BD00007B
:10861000000C0040A023002000B595B00020119070
:108620001290139014900F9010901C2108A8F7F747
:10863000E9FE20216846F7F7E5FE3048304908603A
:10864000A720486000212E48816044F61F61C16068
:108650000021016141618161FDF7BCFF08B1F9F7BB
:10866000A5FD4FF48050119011A92548FEF7C2F8DE
:1086700008B1F9F79BFD2248FEF724FB08B1F9F792
:1086800095FD00200F9010900FA91D48FDF748FFA1
:1086900008B1F9F78BFD602008904FF47A700990CB
:1086A00000200A900B900C900D900E90002208A9CB
:1086B0001348FEF785FA08B1F9F778FD042208A9F6
:1086C0000F48FEF77DFA08B1F9F770FD0020009021
:1086D00001900290039004904FF400500590002008
:1086E000079069460648FDF7E0FE08B1F9F75EFD20
:1086F0000348FEF705F915B000BD00000004014075
:10870000E823002010B50B480B4908604FF4E13016
:108710004860002108488160C16001610C2141610D
:1087200000218161C161FEF787FB08B1F9F73EFDC9
:1087300010BD0000001001407824002010B50B4847
:108740000B4908600B484860002109488160C160FE
:108750004FF4806101610C21416100218161C1619F
:10876000FEF76AFB08B1F9F721FD10BD0048004093
:10877000BC240020A086010010B50B480B490860FE
:108780004FF4E1304860002108488160C160016118
:108790000C21416100218161C161FEF74DFB08B1EF
:1087A000F9F704FD10BD0000001401400025002071
:1087B00010B500220D490E4804F071FB08B1F9F71D
:1087C000F5FC0C490A4804F09FFE08B1F9F7EEFCED
:1087D0000949074803F072FF08B1F9F7E7FC0448BC
:1087E00004F094FF08B1F9F7E1FC10BD8C01002002
:1087F0008430002000020020DC01002000BFFEE7E2
:108800007047000010B50248FCF79AF910BD00004F
:10881000582700202DE9F04704460D4626683746C4
:10882000D6F8408007F5306000EB4510D0F808908E
:10883000104880450BD909F40040B0F5004F06D12F
:108840004FF4004107F5306000EB45108160204691
:10885000FCF75BFE0748804508D92069012805D14F
:1088600004F2C4420121206805F0E6FC0020BDE8C6
:10887000F08700000A30544F2DE9F04705460C46BA
:10888000D5F800904E46D9F840A006F5306000EBD0
:108890004410D0F808802869012855D108F0080054
:1088A00008280FD1434882450BD908F40040B0F5A1
:1088B000004F7BD14FF4004106F5306000EB4410CF
:1088C000816073E008F02000202806D1202106F501
:1088D000306000EB4410816068E008F02800002858
:1088E00064D1344882450CD908F40040B0F5004FFB
:1088F00007D14FF4004106F5306000EB4410816071
:1089000054E004EBC40105F51F7000EB810706F588
:10891000306000EB4410F9690069C0F31200081AD6
:10892000386264B9B86930B905F2C44201212868D7
:1089300005F082FC03E0396A386908443861E1B225
:108940002846FBF763FF31E01B4882451BD108F442
:108950000040B0F5004F07D14FF4004106F53060FC
:1089600000EB4410816021E008F02000202805D1B0
:10897000202106F5306000EB44108160E1B228460A
:10898000FBF744FF12E06CB904EBC40105F51F705E
:1089900000EB8100806928B905F2C44200212868F3
:1089A00005F04AFCE1B22846FBF730FF0020BDE8A5
:1089B000F08700000A30544F0A31544F2DE9F84F28
:1089C00007460E46D7F80090C84606EBC60107F1E9
:1089D0003C0000EB8104A169206A884202D9012091
:1089E000BDE8F88F216AA069451AE068A84200D264
:1089F000E568E81C4FEA900A17E0216AA069451A69
:108A0000E068A84200D2E568E81C4FEA900A387C8A
:108A1000ABB2F2B200904846216906F09FF8206997
:108A200028442061206A2844206208F5106000EB89
:108A30004610806980B2504506D3A169206A8842F9
:108A400002D2A0690028D8D1216AA06988420ED834
:108A500006F00F01012000FA01FB40F6340050F847
:108A6000080020EA0B0040F6340141F8080000201D
:108A7000B6E70000B0EE401A10B99FED450A704706
:108A800090ED0F0A80ED100A90ED0E0A80ED0F0AAE
:108A9000C0ED050A80ED061A30EEC10A80ED0E0A1F
:108AA00090ED000AD0ED0E1A20EE210A80ED080AA2
:108AB00090ED090AD0ED011A90ED0E2A01EE820A1E
:108AC00080ED090A90ED0C0A80ED0D0A90ED0B0A7D
:108AD00080ED0C0A90ED0E0AD0ED0F1A30EE610A0F
:108AE00080ED0B0A90ED020AD0ED0B1A20EE210A60
:108AF00080ED0A0A90ED090AD0ED041AB4EEE10AFD
:108B0000F1EE10FA04DD90ED040A80ED090A10E0A0
:108B100090ED090AD0ED041AF1EE611AB4EEE10A03
:108B2000F1EE10FA05D290ED040AB1EE400A80EDA4
:108B3000090A90ED080AD0ED091A30EE210AD0EDAD
:108B40000A1A30EE210A80ED070A90ED070AD0EDEF
:108B5000031AB4EEE10AF1EE10FA04DD90ED030A17
:108B600080ED070A10E090ED070AD0ED031AF1EE50
:108B7000611AB4EEE10AF1EE10FA05D290ED030AA3
:108B8000B1EE400A80ED070A90ED070A77E7000092
:108B90000000000000B970479FED100A80ED100A38
:108BA00080ED0F0A80ED0E0A9FED0C0A80ED0D0A94
:108BB00080ED0C0A80ED0B0A9FED080A80ED0A0A91
:108BC00080ED090A80ED080A80ED070A9FED030A8F
:108BD00080ED050A80ED060A00BFDCE7000000001A
:108BE00000B9704780ED000AC0ED010A80ED021A5D
:108BF000C0ED031A80ED042ADFED0C2AC0ED0D2A2A
:108C0000C0ED0C2AC0ED0B2ADFED082AC0ED072AC3
:108C1000C0ED0A2AC0ED092AC0ED082AC0ED102ACD
:108C2000C0ED0F2AC0ED0E2A00BFDAE700000000F9
:108C300010B5234B1B685B6943F04003204C24684C
:108C400063611F4B1B68DB6843F010031C4C2468F6
:108C5000E3601C4B1B681B6823F00103194C24685C
:108C6000236007E0174B1B681B6823F00103154CBA
:108C700024682360134B1B681B6803F00103002B5F
:108C8000F0D1114B0F4C2468A3600E4B1B68D860C9
:108C90000C4B1B6819610B4B1B685A60094B1B6816
:108CA0001B6843F48023074C24682360054B1B6832
:108CB0001B6843F00103034C2468236010BD0000CF
:108CC000BC24002004260020044800401149096803
:108CD000C96821F400510F4A1268D1600E49096831
:108CE000096821F001010C4A126811600A490968FB
:108CF000486009490968096841F00101064A12689B
:108D0000116004490968C96841F40051014A1268B8
:108D1000D1607047BC24002004260020044800686D
:108D2000C06820F4005002490968C860704700001C
:108D3000BC24002070B50446002600252068C068C9
:108D400000F04000C8B92068C06840F08000216889
:108D5000C860FBF71DF8064608E0FBF719F8801B12
:108D6000B0F57A7F02D90420607701252068C068B9
:108D700000F0400008B9012DEFD1284670BD70B554
:108D8000044600252068C06820F080002168C86083
:108D90002068806800F0200030B92046FDF7EEF82A
:108DA00010B1042060770125284670BD10B5FB4B3B
:108DB0001B681B6823F00103F84C24682360F84B00
:108DC0001B681B6823F00103F54C2468236007E04F
:108DD000F24B1B681B6823F00103F04C24682360EE
:108DE000EE4B1B681B6803F00103002BF0D107E07A
:108DF000EB4B1B681B6823F00103E94C24682360DC
:108E0000E74B1B681B6803F00103002BF0D1E54B17
:108E1000DB6C1B68E44CA34275D9E24BDB6C1B682E
:108E2000E24CA34201D1202368E0DE4BDB6C1B68DF
:108E3000DD4C483CA34201D120235FE0D94BDB6CE1
:108E40001B68DA4C6034A34201D1202356E0D54B95
:108E5000DB6C1B68D44C1834A34201D120234DE0B5
:108E6000D04BDB6C1B68D14C1834A34201D1DB140E
:108E700044E0CC4BDB6C1B68CB4C303CA34201D1B3
:108E8000DB143BE0C74BDB6C1B68C84C7834A34257
:108E900001D1DB1432E0C34BDB6C1B68C24C3034B5
:108EA000A34201D1DB1429E0BE4BDB6C1B68BF4C35
:108EB0003034A34202D14FF400131FE0B94BDB6CF6
:108EC0001B68B94C183CA34202D14FF4001315E0C3
:108ED000B44BDB6C1B68B54C9034A34202D14FF409
:108EE00000130BE0AF4BDB6C1B68AF4C4834A34264
:108EF00002D14FF4001301E04FF00063AA4C4C3C48
:108F0000236076E1FFE7A74BDB6C1B68A74CA83416
:108F1000A34275D9A34BDB6C1B68A44CA34201D1BF
:108F2000202369E09F4BDB6C1B689F4C483CA342AD
:108F300001D1202360E09B4BDB6C1B689B4C6034B1
:108F4000A34201D1202357E0964BDB6C1B68964C63
:108F50001834A34201D120234EE0924BDB6C1B68F6
:108F6000924C1834A34201D1DB1445E08D4BDB6CED
:108F70001B688D4C303CA34201D1DB143CE0894B93
:108F8000DB6C1B68894C7834A34201D1DB1433E0DD
:108F9000844BDB6C1B68844C3034A34201D1DB145E
:108FA0002AE0804BDB6C1B68804C3034A34202D13A
:108FB0004FF4001320E07B4BDB6C1B687A4C183CB1
:108FC000A34202D14FF4001316E0764BDB6C1B6812
:108FD000764C9034A34202D14FF400130CE0714B55
:108FE000DB6C1B68704C4834A34203D14FF4001370
:108FF00002E005E04FF000636B4C503C2360F8E06A
:10900000684BDB6C1B68694C4834A34275D9654BCF
:10901000DB6C1B68654CA34201D1202368E0614BE7
:10902000DB6C1B68604C483CA34201D120235FE00D
:109030005C4BDB6C1B685D4C6034A34201D1202388
:1090400056E0584BDB6C1B68574C1834A34201D1D7
:1090500020234DE0534BDB6C1B68544C1834A34267
:1090600001D1DB1444E04F4BDB6C1B684E4C303CB1
:10907000A34201D1DB143BE04A4BDB6C1B684B4C39
:109080007834A34201D1DB1432E0464BDB6C1B6821
:10909000454C3034A34201D1DB1429E0414BDB6C59
:1090A0001B68424C3034A34202D14FF400131FE03E
:1090B0003C4BDB6C1B683C4C183CA34202D14FF488
:1090C000001315E0374BDB6C1B68384C9034A3421F
:1090D00002D14FF400130BE0324BDB6C1B68324CB7
:1090E0004834A34202D14FF4001301E04FF0006373
:1090F0002E4C103CE3607CE0FFE72A4BDB6C1B68E6
:109100002A4CA34201D1202370E0264BDB6C1B6864
:10911000254C483CA34201D1202367E0214BDB6C66
:109120001B68224C6034A34201D120235EE01D4B1A
:10913000DB6C1B681C4C1834A34201D1202355E082
:10914000184BDB6C1B68194C1834A34201D1DB149B
:109150004CE0144BDB6C1B68134C303CA34201D138
:10916000DB1443E00F4BDB6C1B68104C7834A342DC
:1091700001D1DB143AE00B4BDB6C1B680A4C30343A
:10918000A34201D1DB1431E0064BDB6C1B68074CBA
:109190003034A3420CD14FF4001327E00822002002
:1091A00068220020582100205864024010600240CC
:1091B000F74BDB6C1B68F74CA34202D14FF4001352
:1091C00014E0F34BDB6C1B68F34CA34202D14FF469
:1091D00000130BE0EE4BDB6C1B68EE4C6034A342DB
:1091E00002D14FF4001301E04FF00063EA4CA03CC1
:1091F000A360E74BDB6C1B68E64C1834A34274D9C0
:10920000E34BDB6C1B68E44C903CA34201D1102380
:1092100066E0DF4BDB6C1B68DE4C303CA34201D1C7
:1092200010235DE0DA4BDB6C1B68DB4C303CA34267
:1092300001D1102354E0D64BDB6C1B68D54C303485
:10924000A34201D110234BE0D14BDB6C1B68D24C05
:10925000783CA34201D11B1542E0CD4BDB6C1B686F
:10926000CC4C183CA34201D11B1539E0C84BDB6C38
:109270001B68C94C183CA34201D11B1530E0C44BFC
:10928000DB6C1B68C34C4834A34201D11B1527E09B
:10929000BF4BDB6C1B68C04C603CA34202D14FF457
:1092A00080131DE0BA4BDB6C1B68BA4CA34202D1A1
:1092B0004FF4801314E0B64BDB6C1B68B64CA34232
:1092C00002D14FF480130BE0B14BDB6C1B68B14C47
:1092D0006034A34202D14FF4801301E04FF0806369
:1092E000AC4C343C236070E1FFE7A94BDB6C1B689E
:1092F000A94C1834A34274D9A54BDB6C1B68A64C4F
:10930000903CA34201D1102366E0A14BDB6C1B68AB
:10931000A04C303CA34201D110235DE09C4BDB6CA0
:109320001B689D4C303CA34201D1102354E0984B64
:10933000DB6C1B68974C3034A34201D110234BE007
:10934000934BDB6C1B68944C783CA34201D11B15FA
:1093500042E08F4BDB6C1B688E4C183CA34201D162
:109360001B1539E08A4BDB6C1B688B4C183CA34205
:1093700001D11B1530E0864BDB6C1B68854C4834F3
:10938000A34201D11B1527E0814BDB6C1B68824C8B
:10939000603CA34202D14FF480131DE07C4BDB6C98
:1093A0001B687C4CA34202D14FF4801314E0784B2D
:1093B000DB6C1B68784CA34202D14FF480130BE0A6
:1093C000734BDB6C1B68734C6034A34202D14FF4C7
:1093D000801301E04FF080636E4C383C2360F4E072
:1093E000FFE76B4BDB6C1B686B4C483CA34274D9AA
:1093F000674BDB6C1B68684C903CA34201D1102387
:1094000066E0634BDB6C1B68624C303CA34201D1CD
:1094100010235DE05E4BDB6C1B685F4C303CA3426D
:1094200001D1102354E05A4BDB6C1B68594C30348B
:10943000A34201D110234BE0554BDB6C1B68564C0B
:10944000783CA34201D11B1542E0514BDB6C1B68F9
:10945000504C183CA34201D11B1539E04C4BDB6C3E
:109460001B684D4C183CA34201D11B1530E0484B02
:10947000DB6C1B68474C4834A34201D11B1527E025
:10948000434BDB6C1B68444C603CA34202D14FF45D
:1094900080131DE03E4BDB6C1B683E4CA34202D1A7
:1094A0004FF4801314E03A4BDB6C1B683A4CA34238
:1094B00002D14FF480130BE0354BDB6C1B68354C4D
:1094C0006034A34202D14FF4801301E04FF0806377
:1094D000314CA03CE36078E0FFE72D4BDB6C1B6870
:1094E0002D4C903CA34201D110236BE0284BDB6C48
:1094F0001B68284C303CA34201D1102362E0244B6E
:10950000DB6C1B68244C303CA34201D1102359E092
:109510001F4BDB6C1B681F4C3034A34201D110235E
:1095200050E01B4BDB6C1B681B4C783CA34201D109
:109530001B1547E0164BDB6C1B68164C183CA3420E
:1095400001D11B153EE0124BDB6C1B68124C183C22
:10955000A34201D11B1535E00D4BDB6C1B680D4C94
:109560004834A34201D11B152CE0094BDB6C1B686E
:10957000094C603CA34202D14FF4801322E0044B1B
:10958000DB6C1B68034CA34208D14FF4801319E035
:109590005821002040640240A0600240F74BDB6C81
:1095A0001B68F74CA34202D14FF480130AE0F34B3F
:1095B000DB6C1B68F34CA34202D14FF4801301E033
:1095C0004FF08063EE4CA03CA360EC4BDB6C1B685F
:1095D000EC4C483CA34274D9E84BDB6C1B68E84C6C
:1095E000903CA34201D1082366E0E44BDB6C1B688E
:1095F000E44C903CA34201D108235DE0DF4BDB6CDF
:109600001B68DF4C303CA34201D1082354E0DB4B04
:10961000DB6C1B68DB4C303CA34201D108234BE0E0
:10962000D64BDB6C1B68D64C783CA34201D15B1552
:1096300042E0D24BDB6C1B68D24C783CA34201D198
:109640005B1539E0CD4BDB6C1B68CD4C183CA3425D
:1096500001D15B1530E0C94BDB6C1B68C94C183C71
:10966000A34201D15B1527E0C44BDB6C1B68C44CE3
:10967000603CA34202D14FF400231DE0BF4BDB6CE2
:109680001B68C04C603CA34202D14FF4002313E09E
:10969000BA4BDB6C1B68BA4CA34202D14FF40023D7
:1096A0000AE0B64BDB6C1B68B64CA34202D14FF408
:1096B000002301E04FF00073B24C943C236070E152
:1096C000FFE7AE4BDB6C1B68AD4C1834A34274D97A
:1096D000AA4BDB6C1B68AA4C903CA34201D1082327
:1096E00066E0A64BDB6C1B68A64C903CA34201D104
:1096F00008235DE0A14BDB6C1B68A14C303CA3420E
:1097000001D1082354E09D4BDB6C1B689D4C303C21
:10971000A34201D108234BE0984BDB6C1B68984CAB
:10972000783CA34201D15B1542E0944BDB6C1B6893
:10973000944C783CA34201D15B1539E08F4BDB6C34
:109740001B688F4C183CA34201D15B1530E08B4B5A
:10975000DB6C1B688B4C183CA34201D15B1527E0E6
:10976000864BDB6C1B68864C603CA34202D14FF4F5
:1097700000231DE0814BDB6C1B68824C603CA342E4
:1097800002D14FF4002313E07C4BDB6C1B687C4C54
:10979000A34202D14FF400230AE0784BDB6C1B6834
:1097A000784CA34202D14FF4002301E04FF0007344
:1097B000744C983C2360F4E0FFE7704BDB6C1B6853
:1097C0006F4C483CA34274D96C4BDB6C1B686C4CEF
:1097D000903CA34201D1082366E0684BDB6C1B6818
:1097E000684C903CA34201D108235DE0634BDB6CE5
:1097F0001B68634C303CA34201D1082354E05F4B0B
:10980000DB6C1B685F4C303CA34201D108234BE06A
:109810005A4BDB6C1B685A4C783CA34201D15B1558
:1098200042E0564BDB6C1B68564C783CA34201D19E
:109830005B1539E0514BDB6C1B68514C183CA34263
:1098400001D15B1530E04D4BDB6C1B684D4C183C77
:10985000A34201D15B1527E0484BDB6C1B68484CE9
:10986000603CA34202D14FF400231DE0434BDB6C6C
:109870001B68444C603CA34202D14FF4002313E028
:109880003E4BDB6C1B683E4CA34202D14FF40023DD
:109890000AE03A4BDB6C1B683A4CA34202D14FF40E
:1098A000002301E04FF00073354CA03CE36078E00A
:1098B000FFE7324BDB6C1B68314C903CA34201D17B
:1098C00008236CE02D4BDB6C1B682E4C903CA342B4
:1098D00001D1082363E0294BDB6C1B68284C303C2A
:1098E000A34201D108235AE0244BDB6C1B68254CB2
:1098F000303CA34201D1082351E0204BDB6C1B68B4
:109900001F4C783CA34201D15B1548E01B4BDB6C3C
:109910001B681C4C783CA34201D15B153FE0174B00
:10992000DB6C1B68164C183CA34201D15B1536E07A
:10993000124BDB6C1B68134C183CA34201D15B1526
:109940002DE00E4BDB6C1B680D4C603CA34202D13A
:109950004FF4002323E0094BDB6C1B68094C603C8F
:10996000A34202D14FF4002319E0044BDB6C1B68C7
:10997000034CA34208D14FF4002310E058210020EB
:10998000A0600240A0640240F84BDB6C1B68F84CFE
:10999000A34202D14FF4002301E04FF00073F54CD5
:1099A000A360F24BDB6C1B68F14C483CA34275D9B9
:1099B000EE4BDB6C1B68EF4C1034A34201D1042347
:1099C00068E0EA4BDB6C1B68E94C903CA34201D198
:1099D00004235FE0E54BDB6C1B68E64C7034A3426C
:1099E00001D1042356E0E14BDB6C1B68E04C303CBA
:1099F000A34201D104234DE0DC4BDB6C1B68DD4C42
:109A00002834A34201D19B1544E0D84BDB6C1B6882
:109A1000D74C783CA34201D19B153BE0D34BDB6C88
:109A20001B68D44C8834A34201D19B1532E0CF4B44
:109A3000DB6C1B68CE4C183CA34201D19B1529E07E
:109A4000CA4BDB6C1B68CB4C4034A34202D14FF4B1
:109A500080231FE0C54BDB6C1B68C54C603CA342F8
:109A600002D14FF4802315E0C04BDB6C1B68C14C66
:109A7000A034A34202D14FF480230BE0BB4BDB6C3C
:109A80001B68BB4CA34203D14FF4802302E005E0E6
:109A90004FF08073B64C943C236071E1B34BDB6CA8
:109AA0001B68B44CB834A34275D9B04BDB6C1B684F
:109AB000B04C1034A34201D1042367E0AB4BDB6C04
:109AC0001B68AB4C903CA34201D104235EE0A74B42
:109AD000DB6C1B68A74C7034A34201D1042355E012
:109AE000A24BDB6C1B68A24C303CA34201D1042387
:109AF0004CE09E4BDB6C1B689E4C2834A34201D18A
:109B00009B1543E0994BDB6C1B68994C783CA34256
:109B100001D19B153AE0954BDB6C1B68954C883462
:109B2000A34201D19B1531E0904BDB6C1B68904C3C
:109B3000183CA34201D19B1528E08C4BDB6C1B68C1
:109B40008C4C4034A34202D14FF480231EE0874B5B
:109B5000DB6C1B68864C603CA34202D14FF480232F
:109B600014E0824BDB6C1B68824CA034A34202D110
:109B70004FF480230AE07D4BDB6C1B687C4CA342D6
:109B800002D14FF4802301E04FF08073784C983C71
:109B90002360F5E0FFE7754BDB6C1B68754C5834B0
:109BA000A34274D9714BDB6C1B68724C1034A34216
:109BB00001D1042368E06D4BDB6C1B686C4C903C5E
:109BC000A34201D104235FE0684BDB6C1B68694C46
:109BD0007034A34201D1042356E0644BDB6C1B6854
:109BE000634C303CA34201D104234DE05F4BDB6C5E
:109BF0001B68604C2834A34201D19B1544E05B4BA9
:109C0000DB6C1B685A4C783CA34201D19B153BE0AE
:109C1000564BDB6C1B68574C8834A34201D19B1513
:109C200032E0524BDB6C1B68514C183CA34201D113
:109C30009B1529E04D4BDB6C1B684E4C4034A34216
:109C400002D14FF480231FE0484BDB6C1B68484C6B
:109C5000603CA34202D14FF4802315E0434BDB6C00
:109C60001B68444CA034A34202D14FF480230BE084
:109C70003E4BDB6C1B683E4CA34203D14FF4802368
:109C800002E004E04FF080733A4CE36078E0374B39
:109C9000DB6C1B68374C1034A34201D104236DE008
:109CA000324BDB6C1B68324C903CA34201D1042345
:109CB00064E02E4BDB6C1B682E4C7034A34201D148
:109CC00004235BE0294BDB6C1B68294C303CA3422E
:109CD00001D1042352E0254BDB6C1B68254C283452
:109CE000A34201D19B1549E0204BDB6C1B68204C43
:109CF000783CA34201D19B1540E01C4BDB6C1B68F8
:109D00001C4C8834A34201D19B1537E0174BDB6C08
:109D10001B68174C183CA34201D19B152EE0134B36
:109D2000DB6C1B68134C4034A34202D14FF48023F8
:109D300024E00E4BDB6C1B680D4C603CA34202D14F
:109D40004FF480231AE0094BDB6C1B68094CA034EC
:109D5000A34202D14FF4802310E0044BDB6C1B685C
:109D6000034CA34208D14FF4802307E05821002080
:109D7000A0640240006002404FF08073FE4CA3607C
:109D8000FE4BDB6C1B68FE4CA34276D9FB4BDB6CB5
:109D90001B68F94C1034A34201D1012369E0F74B51
:109DA000DB6C1B68F64C483CA34201D1012360E008
:109DB000F24BDB6C1B68F04C7034A34201D10123E1
:109DC00057E0EE4BDB6C1B68ED4C1834A34201D11D
:109DD00001234EE0E94BDB6C1B68E74C2834A342BF
:109DE00001D1402345E0E54BDB6C1B68E44C303C83
:109DF000A34201D140233CE0E04BDB6C1B68DE4C0E
:109E00008834A34201D1402333E0DC4BDB6C1B6878
:109E1000DB4C3034A34201D140232AE0D74BDB6C2A
:109E20001B68D54C4034A34202D14FF4803320E06C
:109E3000D24BDB6C1B68D24C183CA34202D14FF4CE
:109E4000803316E0CD4BDB6C1B68CB4CA034A342B7
:109E500002D14FF480330CE0C84BDB6C1B68C84C5C
:109E60004834A34203D14FF4803302E005E04FF4BD
:109E70008003C34C4C3C23606EE1C04BDB6C1B6821
:109E8000BD4CB834A34276D9BC4BDB6C1B68BA4CD2
:109E90001034A34201D1012369E0B84BDB6C1B688D
:109EA000B74C483CA34201D1012360E0B34BDB6CCB
:109EB0001B68B14C7034A34201D1012357E0AF4B72
:109EC000DB6C1B68AE4C1834A34201D101234EE079
:109ED000AA4BDB6C1B68A84C2834A34201D1402359
:109EE00045E0A64BDB6C1B68A54C303CA34201D17E
:109EF00040233CE0A14BDB6C1B689F4C8834A342A1
:109F000001D1402333E09D4BDB6C1B689C4C30340B
:109F1000A34201D140232AE0984BDB6C1B68964C8E
:109F20004034A34202D14FF4803320E0934BDB6CEA
:109F30001B68934C183CA34202D14FF4803316E0C7
:109F40008E4BDB6C1B688C4CA034A34202D14FF4C7
:109F500080330CE0894BDB6C1B68894C4834A3428E
:109F600003D14FF4803302E005E04FF48003844CCA
:109F7000503C2360F0E0814BDB6C1B687E4C583416
:109F8000A34275D97D4BDB6C1B687B4C1034A3421C
:109F900001D1012369E0794BDB6C1B68784C483CAC
:109FA000A34201D1012360E0744BDB6C1B68724C4F
:109FB0007034A34201D1012357E0704BDB6C1B6866
:109FC0006F4C1834A34201D101234EE06B4BDB6C84
:109FD0001B68694C2834A34201D1402345E0674BFC
:109FE000DB6C1B68664C303CA34201D140233CE053
:109FF000624BDB6C1B68604C8834A34201D1402368
:10A0000033E05E4BDB6C1B685D4C3034A34201D106
:10A0100040232AE0594BDB6C1B68574C4034A34269
:10A0200002D14FF4803320E0544BDB6C1B68544C5E
:10A03000183CA34202D14FF4803316E04F4BDB6C47
:10A040001B684D4CA034A34202D14FF480330CE086
:10A050004A4BDB6C1B684A4C4834A34203D14FF493
:10A06000803302E004E04FF48003434CE36073E08C
:10A07000424BDB6C1B68404C1034A34201D10123DE
:10A0800068E03E4BDB6C1B683D4C483CA34201D171
:10A0900001235FE0394BDB6C1B68374C7034A34203
:10A0A00001D1012356E0354BDB6C1B68344C18346E
:10A0B000A34201D101234DE0304BDB6C1B682E4CD9
:10A0C0002834A34201D1402344E02C4BDB6C1B68B5
:10A0D0002B4C303CA34201D140233BE0274BDB6CAF
:10A0E0001B68254C8834A34201D1402332E0234B26
:10A0F000DB6C1B68224C3034A34201D1402329E0A1
:10A100001E4BDB6C1B681C4C4034A34202D14FF445
:10A1100080331FE0194BDB6C1B68194C183CA342C1
:10A1200002D14FF4803315E0144BDB6C1B68124CEA
:10A13000A034A34202D14FF480330BE00F4BDB6C11
:10A140001B680F4C4834A34202D14FF4803301E026
:10A150004FF48003084CA360084B9B6C1B68084CB1
:10A16000A3427BD9054B9B6C1B68034C1034A34264
:10A1700008D120236EE0000000600240582100203A
:10A1800058640240F74B9B6C1B68F74CA34201D10B
:10A1900020235FE0F34B9B6C1B68F44CA34201D17E
:10A1A000202357E0EF4B9B6C1B68EF4C6034A342BD
:10A1B00001D120234EE0EB4B9B6C1B68EB4C483CE1
:10A1C000A34201D1DB1445E0E64B9B6C1B68E64CD7
:10A1D0001834A34201D1DB143CE0E24B9B6C1B68BA
:10A1E000E24C1834A34201D1DB1433E0DD4B9B6C0D
:10A1F0001B68DD4C7834A34201D1DB142AE0D94B33
:10A200009B6C1B68D94C303CA34202D14FF4001325
:10A2100020E0D44B9B6C1B68D34C3034A34202D15A
:10A220004FF4001316E0CF4B9B6C1B68CF4C3034BF
:10A23000A34202D14FF400130CE0CA4B9B6C1B6885
:10A24000C94C9034A34203D14FF4001302E005E05F
:10A250004FF00063C44C241F23606AE1C14B9B6C28
:10A260001B68C24C4834A34274D9BE4B9B6C1B681C
:10A27000BE4C603CA34201D1202366E0B94B9B6CED
:10A280001B68B94CA34201D120235EE0B54B9B6C07
:10A290001B68B64CA34201D1202356E0B14B9B6C06
:10A2A0001B68B14C6034A34201D120234DE0AD4B7B
:10A2B0009B6C1B68AD4C483CA34201D1DB1444E0CD
:10A2C000A84B9B6C1B68A84C1834A34201D1DB142B
:10A2D0003BE0A44B9B6C1B68A44C1834A34201D1F7
:10A2E000DB1432E09F4B9B6C1B689F4C7834A3427D
:10A2F00001D1DB1429E09B4B9B6C1B689B4C303CD1
:10A30000A34202D14FF400131FE0964B9B6C1B68D5
:10A31000954C3034A34202D14FF4001315E0914B19
:10A320009B6C1B68914C3034A34202D14FF4001354
:10A330000BE08C4B9B6C1B688B4C9034A34202D17E
:10A340004FF4001301E04FF00063874C083C23609A
:10A35000EFE0FFE7834B9B6C1B68844C183CA342E7
:10A3600074D9804B9B6C1B68804C603CA34201D12C
:10A37000202366E07B4B9B6C1B687B4CA34201D186
:10A3800020235EE0774B9B6C1B68784CA34201D185
:10A39000202356E0734B9B6C1B68734C6034A342C4
:10A3A00001D120234DE06F4B9B6C1B686F4C483CE8
:10A3B000A34201D1DB1444E06A4B9B6C1B686A4CDE
:10A3C0001834A34201D1DB143BE0664B9B6C1B6845
:10A3D000664C1834A34201D1DB1432E0614B9B6C14
:10A3E0001B68614C7834A34201D1DB1429E05D4B3A
:10A3F0009B6C1B685D4C303CA34202D14FF40013B0
:10A400001FE0584B9B6C1B68574C3034A34202D161
:10A410004FF4001315E0534B9B6C1B68534C3034C6
:10A42000A34202D14FF400130BE04E4B9B6C1B6810
:10A430004D4C9034A34202D14FF4001301E04FF091
:10A4400000634A4C703CE36073E0FFE7454B9B6C54
:10A450001B68464C603CA34201D1202366E0414B7F
:10A460009B6C1B68404CA34201D120235EE03D4B16
:10A470009B6C1B683D4CA34201D1202356E0394B15
:10A480009B6C1B68384C6034A34201D120234DE003
:10A49000344B9B6C1B68354C483CA34201D1DB1408
:10A4A00044E0304B9B6C1B682F4C1834A34201D105
:10A4B000DB143BE02B4B9B6C1B682C4C1834A342E9
:10A4C00001D1DB1432E0274B9B6C1B68264C78349F
:10A4D000A34201D1DB1429E0224B9B6C1B68234C67
:10A4E000303CA34202D14FF400131FE01D4B9B6C84
:10A4F0001B681D4C3034A34202D14FF4001315E009
:10A50000184B9B6C1B68194C3034A34202D14FF49A
:10A5100000130BE0134B9B6C1B68134C9034A3424D
:10A5200002D14FF4001301E04FF000630F4C703C78
:10A53000A3600C4B9B6C1B680B4C4834A3427AD92C
:10A54000084B9B6C1B68094C603CA34201D1102353
:10A550006DE0044B9B6C1B68034CA34208D1102395
:10A5600065E0000058210020106402407060024045
:10A57000F74B9B6C1B68F74CA34201D1102356E0AC
:10A58000F34B9B6C1B68F44CA34201D110234EE0AB
:10A59000EF4B9B6C1B68EF4C483CA34201D11B1551
:10A5A00045E0EB4B9B6C1B68EB4C483CA34201D154
:10A5B0001B153CE0E64B9B6C1B68E64C1834A34231
:10A5C00001D11B1533E0E24B9B6C1B68E24C183445
:10A5D000A34201D11B152AE0DD4B9B6C1B68DD4CAF
:10A5E000303CA34202D14FF4801320E0D84B9B6C47
:10A5F0001B68D94C303CA34202D14FF4801316E0C3
:10A60000D34B9B6C1B68D34C3034A34202D14FF424
:10A6100080130CE0CE4B9B6C1B68CF4C3034A342B4
:10A6200003D14FF4801302E005E04FF08063CA4C81
:10A63000643C23606AE1C64B9B6C1B68C54C483484
:10A64000A34274D9C24B9B6C1B68C24C603CA342B2
:10A6500001D1102366E0BE4B9B6C1B68BE4C603C76
:10A66000A34201D110235DE0B94B9B6C1B68B94C30
:10A67000A34201D1102355E0B54B9B6C1B68B64C2F
:10A68000A34201D110234DE0B14B9B6C1B68B14C30
:10A69000483CA34201D11B1544E0AD4B9B6C1B68A9
:10A6A000AD4C483CA34201D11B153BE0A84B9B6C31
:10A6B0001B68A84C1834A34201D11B1532E0A44BEF
:10A6C0009B6C1B68A44C1834A34201D11B1529E0D4
:10A6D0009F4B9B6C1B689F4C303CA34202D14FF4B4
:10A6E00080131FE09A4B9B6C1B689B4C303CA34231
:10A6F00002D14FF4801315E0954B9B6C1B68954C71
:10A700003034A34202D14FF480130BE0904B9B6C8A
:10A710001B68914C3034A34202D14FF4801301E006
:10A720004FF080638C4C683C2360EFE0FFE7884B80
:10A730009B6C1B68874C183CA34274D9844B9B6C60
:10A740001B68844C603CA34201D1102366E0804B1F
:10A750009B6C1B68804C603CA34201D110235DE0E0
:10A760007B4B9B6C1B687B4CA34201D1102355E0B3
:10A77000774B9B6C1B68784CA34201D110234DE0B2
:10A78000734B9B6C1B68734C483CA34201D11B1557
:10A7900044E06F4B9B6C1B686F4C483CA34201D15B
:10A7A0001B153BE06A4B9B6C1B686A4C1834A34238
:10A7B00001D11B1532E0664B9B6C1B68664C18344C
:10A7C000A34201D11B1529E0614B9B6C1B68614CB6
:10A7D000303CA34202D14FF480131FE05C4B9B6CD2
:10A7E0001B685D4C303CA34202D14FF4801315E04E
:10A7F000574B9B6C1B68574C3034A34202D14FF42B
:10A8000080130BE0524B9B6C1B68534C3034A342BB
:10A8100002D14FF4801301E04FF080634D4C703C47
:10A82000E36073E0FFE74A4B9B6C1B68494C603C5C
:10A83000A34201D1102366E0454B9B6C1B68464C3C
:10A84000603CA34201D110235DE0414B9B6C1B682F
:10A85000404CA34201D1102355E03D4B9B6C1B683B
:10A860003D4CA34201D110234DE0394B9B6C1B683A
:10A87000384C483CA34201D11B1544E0344B9B6C3F
:10A880001B68354C483CA34201D11B153BE0304BC3
:10A890009B6C1B682F4C1834A34201D11B1532E06E
:10A8A0002B4B9B6C1B682C4C1834A34201D11B15FD
:10A8B00029E0274B9B6C1B68264C303CA34202D1FD
:10A8C0004FF480131FE0224B9B6C1B68224C303CE2
:10A8D000A34202D14FF4801315E01D4B9B6C1B6803
:10A8E0001C4C3034A34202D14FF480130BE0184BC0
:10A8F0009B6C1B68184C3034A34202D14FF4801378
:10A9000001E04FF08063134C703CA360104B9B6CD4
:10A910001B68114C183CA3427AD90D4B9B6C1B68E9
:10A920000C4C603CA34201D108236DE0084B9B6CAA
:10A930001B68094C603CA34201D1082364E0044B2E
:10A940009B6C1B68034CA34208D108235CE0000009
:10A95000582100207060024070640240F74B9B6CED
:10A960001B68F74CA34201D108234DE0F34B9B6CCD
:10A970001B68F44CA34201D15B1545E0EF4B9B6C87
:10A980001B68EF4C483CA34201D15B153CE0EB4B0C
:10A990009B6C1B68EB4C6034A34201D15B1533E028
:10A9A000E64B9B6C1B68E64C1834A34201D15B1547
:10A9B0002AE0E24B9B6C1B68E24C1834A34202D1A4
:10A9C0004FF4002320E0DD4B9B6C1B68DC4C303CDB
:10A9D000A34202D14FF4002316E0D84B9B6C1B68B6
:10A9E000D84C7834A34202D14FF400230CE0D34B6F
:10A9F0009B6C1B68D24C3034A34203D14FF400232C
:10AA000002E005E04FF00073CD4C643C23606AE146
:10AA1000CA4B9B6C1B68CB4C9034A34274D9C74B78
:10AA20009B6C1B68C74C183CA34201D1082366E00D
:10AA3000C24B9B6C1B68C24C603CA34201D10823F3
:10AA40005DE0BE4B9B6C1B68BE4C4834A34201D1F9
:10AA5000082354E0B94B9B6C1B68B94CA34201D14D
:10AA600008234CE0B54B9B6C1B68B64CA34201D14C
:10AA70005B1544E0B14B9B6C1B68B14C483CA34256
:10AA800001D15B153BE0AD4B9B6C1B68AD4C60345A
:10AA9000A34201D15B1532E0A84B9B6C1B68A84C0C
:10AAA0001834A34201D15B1529E0A44B9B6C1B68B1
:10AAB000A44C1834A34202D14FF400231FE09F4B53
:10AAC0009B6C1B689E4C303CA34202D14FF4002388
:10AAD00015E09A4B9B6C1B689A4C7834A34202D1C8
:10AAE0004FF400230BE0954B9B6C1B68944C303467
:10AAF000A34202D14FF4002301E04FF00073904CC9
:10AB0000683C2360EFE0FFE78C4B9B6C1B688D4C2F
:10AB10003034A34274D9894B9B6C1B68894C183C18
:10AB2000A34201D1082366E0844B9B6C1B68844CD4
:10AB3000603CA34201D108235DE0804B9B6C1B6805
:10AB4000804C4834A34201D1082354E07B4B9B6CDA
:10AB50001B687B4CA34201D108234CE0774B9B6CD4
:10AB60001B68784CA34201D15B1544E0734B9B6C8E
:10AB70001B68734C483CA34201D15B153BE06F4B13
:10AB80009B6C1B686F4C6034A34201D15B1532E0B3
:10AB90006A4B9B6C1B686A4C1834A34201D15B154D
:10ABA00029E0664B9B6C1B68664C1834A34202D1AB
:10ABB0004FF400231FE0614B9B6C1B68604C303CE2
:10ABC000A34202D14FF4002315E05C4B9B6C1B6841
:10ABD0005C4C7834A34202D14FF400230BE0574B76
:10ABE0009B6C1B68564C3034A34202D14FF40023B7
:10ABF00001E04FF00073534C283CE36073E0FFE743
:10AC00004E4B9B6C1B684F4C183CA34201D1082350
:10AC100066E04A4B9B6C1B68494C603CA34201D1E7
:10AC200008235DE0454B9B6C1B68464C4834A342AF
:10AC300001D1082354E0414B9B6C1B68404CA3425C
:10AC400001D108234CE03D4B9B6C1B683D4CA3425B
:10AC500001D15B1544E0394B9B6C1B68384C483C78
:10AC6000A34201D15B153BE0344B9B6C1B68354C18
:10AC70006034A34201D15B1532E0304B9B6C1B6802
:10AC80002F4C1834A34201D15B1529E02B4B9B6C50
:10AC90001B682C4C1834A34202D14FF400231FE050
:10ACA000264B9B6C1B68264C303CA34202D14FF4D0
:10ACB000002315E0214B9B6C1B68224C7834A34287
:10ACC00002D14FF400230BE01C4B9B6C1B681C4C07
:10ACD0003034A34202D14FF4002301E04FF000735F
:10ACE000184C283CA360154B9B6C1B68144C183CFB
:10ACF000A3427AD9114B9B6C1B68124C183CA3429F
:10AD000001D104236DE00D4B9B6C1B680C4C603C27
:10AD1000A34201D1042364E0084B9B6C1B68094CDF
:10AD20004834A34201D104235BE0044B9B6C1B68B5
:10AD3000034CA34208D1042353E000005821002013
:10AD40007064024028600240F74B9B6C1B68F74C14
:10AD5000A34201D19B1544E0F34B9B6C1B68F44C60
:10AD6000A34201D19B153CE0EF4B9B6C1B68EF4C61
:10AD70006034A34201D19B1533E0EB4B9B6C1B6805
:10AD8000EB4C6034A34201D19B152AE0E64B9B6C4F
:10AD90001B68E64C1834A34202D14FF4802320E014
:10ADA000E14B9B6C1B68E24C1834A34202D14FF478
:10ADB000802316E0DC4B9B6C1B68DC4C7834A34290
:10ADC00002D14FF480230CE0D74B9B6C1B68D84C0E
:10ADD0007834A34203D14FF4802302E005E04FF022
:10ADE0008073D34C1C3C23606AE1CF4B9B6C1B6887
:10ADF000CE4C9034A34274D9CB4B9B6C1B68CB4C8C
:10AE0000183CA34201D1042366E0C74B9B6C1B682E
:10AE1000C74C183CA34201D104235DE0C24B9B6C9C
:10AE20001B68C24C4834A34201D1042354E0BE4BFA
:10AE30009B6C1B68BE4C4834A34201D104234BE0F9
:10AE4000B94B9B6C1B68B94CA34201D19B1543E0E5
:10AE5000B54B9B6C1B68B64CA34201D19B153BE0E4
:10AE6000B14B9B6C1B68B14C6034A34201D19B1564
:10AE700032E0AD4B9B6C1B68AD4C6034A34201D1FA
:10AE80009B1529E0A84B9B6C1B68A84C1834A34267
:10AE900002D14FF480231FE0A34B9B6C1B68A44C92
:10AEA0001834A34202D14FF4802315E09E4B9B6CD3
:10AEB0001B689E4C7834A34202D14FF480230BE0F0
:10AEC000994B9B6C1B689A4C7834A34202D14FF487
:10AED000802301E04FF08073954C203C2360EFE02D
:10AEE000FFE7914B9B6C1B68904C3034A34274D9A4
:10AEF0008D4B9B6C1B688D4C183CA34201D10423E5
:10AF000066E0894B9B6C1B68894C183CA34201D1BD
:10AF100004235DE0844B9B6C1B68844C4834A34243
:10AF200001D1042354E0804B9B6C1B68804C483457
:10AF3000A34201D104234BE07B4B9B6C1B687B4CF1
:10AF4000A34201D19B1543E0774B9B6C1B68784C67
:10AF5000A34201D19B153BE0734B9B6C1B68734C68
:10AF60006034A34201D19B1532E06F4B9B6C1B6890
:10AF70006F4C6034A34201D19B1529E06A4B9B6C56
:10AF80001B686A4C1834A34202D14FF480231FE09F
:10AF9000654B9B6C1B68664C1834A34202D14FF47E
:10AFA000802315E0604B9B6C1B68604C7834A34297
:10AFB00002D14FF480230BE05B4B9B6C1B685C4C15
:10AFC0007834A34202D14FF4802301E04FF0807324
:10AFD000564C283CE36073E0FFE7534B9B6C1B68C7
:10AFE000524C183CA34201D1042366E04E4B9B6CAB
:10AFF0001B684F4C183CA34201D104235DE04A4B2F
:10B000009B6C1B68494C4834A34201D1042354E093
:10B01000454B9B6C1B68464C4834A34201D104232A
:10B020004BE0414B9B6C1B68404CA34201D19B15EC
:10B0300043E03D4B9B6C1B683D4CA34201D19B15EB
:10B040003BE0394B9B6C1B68384C6034A34201D108
:10B050009B1532E0344B9B6C1B68354C6034A3422B
:10B0600001D19B1529E0304B9B6C1B682F4C183489
:10B07000A34202D14FF480231FE02B4B9B6C1B6833
:10B080002B4C1834A34202D14FF4802315E0264BF9
:10B090009B6C1B68254C7834A34202D14FF480236B
:10B0A0000BE0214B9B6C1B68214C7834A34202D1EE
:10B0B0004FF4802301E04FF080731C4C283CA360C8
:10B0C000194B9B6C1B681A4C3034A3427AD9164B2F
:10B0D0009B6C1B68154C183CA34201D101236DE009
:10B0E000114B9B6C1B68124C183CA34201D10123ED
:10B0F00064E00D4B9B6C1B680C4C4834A34201D19F
:10B1000001235BE0084B9B6C1B68094C4834A3424D
:10B1100001D1012352E0044B9B6C1B68034CA342FA
:10B1200008D140234AE00000582100202860024056
:10B1300028640240E74B9B6C1B68E74CA34201D19B
:10B1400040233BE0E34B9B6C1B68E44CA34201D1E2
:10B15000402333E0DF4B9B6C1B68DF4C6034A34221
:10B1600001D140232AE0DB4B9B6C1B68DB4C483C45
:10B17000A34202D14FF4803320E0D64B9B6C1B6876
:10B18000D54C1834A34202D14FF4803316E0D14B92
:10B190009B6C1B68D14C1834A34202D14FF480330E
:10B1A0000CE0CC4B9B6C1B68CB4C7834A34203D196
:10B1B0004FF4803302E005E04FF48003C64C1C3CA2
:10B1C00023606AE1C34B9B6C1B68C44C3034A342C0
:10B1D00074D9C04B9B6C1B68C04C783CA34201D116
:10B1E000012366E0BB4B9B6C1B68BB4C183CA34225
:10B1F00001D101235DE0B74B9B6C1B68B74C183C39
:10B20000A34201D1012354E0B24B9B6C1B68B24CAA
:10B210004834A34201D101234BE0AE4B9B6C1B6829
:10B22000AE4C603CA34201D1402342E0A94B9B6C51
:10B230001B68A94CA34201D140233AE0A54B9B6C6B
:10B240001B68A64CA34201D1402332E0A14B9B6C6A
:10B250001B68A14C6034A34201D1402329E09D4BDF
:10B260009B6C1B689D4C483CA34202D14FF4803339
:10B270001FE0984B9B6C1B68974C1834A34202D17B
:10B280004FF4803315E0934B9B6C1B68934C183440
:10B29000A34202D14FF480330BE08E4B9B6C1B68B2
:10B2A0008D4C7834A34202D14FF4803301E04FF447
:10B2B0008003894C203C2360EFE0FFE7854B9B6CCB
:10B2C0001B68864C303CA34274D9824B9B6C1B6834
:10B2D000824C783CA34201D1012366E07D4B9B6CFC
:10B2E0001B687D4C183CA34201D101235DE0794BE2
:10B2F0009B6C1B68794C183CA34201D1012354E09C
:10B30000744B9B6C1B68744C4834A34201D10123DD
:10B310004BE0704B9B6C1B68704C603CA34201D1AE
:10B32000402342E06B4B9B6C1B686B4CA34201D1EA
:10B3300040233AE0674B9B6C1B68684CA34201D1E9
:10B34000402332E0634B9B6C1B68634C6034A34228
:10B3500001D1402329E05F4B9B6C1B685F4C483C4C
:10B36000A34202D14FF480331FE05A4B9B6C1B6801
:10B37000594C1834A34202D14FF4803315E0554B99
:10B380009B6C1B68554C1834A34202D14FF4803398
:10B390000BE0504B9B6C1B684F4C7834A34202D19E
:10B3A0004FF4803301E04FF480034C4C883CE36061
:10B3B00073E0FFE7474B9B6C1B68484C783CA3420B
:10B3C00001D1012366E0434B9B6C1B68424C183C47
:10B3D000A34201D101235DE03E4B9B6C1B683F4CB7
:10B3E000183CA34201D1012354E03A4B9B6C1B68EB
:10B3F000394C4834A34201D101234BE0354B9B6CBF
:10B400001B68364C603CA34201D1402342E0314BE3
:10B410009B6C1B68304CA34201D140233AE02D4B7A
:10B420009B6C1B682D4CA34201D1402332E0294B79
:10B430009B6C1B68284C6034A34201D1402329E057
:10B44000244B9B6C1B68254C483CA34202D14FF413
:10B4500080331FE01F4B9B6C1B681F4C1834A342AA
:10B4600002D14FF4803315E01A4B9B6C1B681B4CC8
:10B470001834A34202D14FF480330BE0154B9B6C80
:10B480001B68154C7834A34202D14FF4803301E09D
:10B490004FF48003114C883CA360114B1B68D960AA
:10B4A000104B1B68D8600E4B1B685A600D4B1B6815
:10B4B0005A600B4B1B681B6843F00103084C24685F
:10B4C0002360084B1B681B6843F00103054C24688C
:10B4D000236010BD5821002028640240886002408B
:10B4E000082200206822002010B5594B1B685B68B9
:10B4F00043F00203564C24686360554B1B685B683D
:10B5000043F00103524C24686360514B1B681B6875
:10B5100043F040034E4C246823604E4B1B681B686D
:10B5200023F001034B4C2468236007E0494B1B6860
:10B530001B6823F00103474C24682360454B1B68BC
:10B540001B6803F00103002BF0D1424B1B68424CF7
:10B55000A34205D94FF400133F4C4C3C23601BE041
:10B560003C4B1B683D4CA34205D94FF400133A4CA9
:10B57000503C236010E0374B1B68384C603CA342C2
:10B5800005D94FF40013354CB83CE36004E04FF4A8
:10B590000013324CB83CA360314B2E4C2468A3609E
:10B5A0002C4B1B68D9602B4B1B685A60294B1B68BE
:10B5B0001B6843F01003274C24682360294B1B6849
:10B5C0001B6823F00103274C2468236007E0254B08
:10B5D0001B681B6823F00103224C24682360214B65
:10B5E0001B681B6803F00103002BF0D11D4B1B6887
:10B5F000194CA34205D94FF00063174C4C3C236013
:10B600001BE0184B1B68154CA34205D94FF0006393
:10B61000114C503C236010E0124B1B680F4C603CF7
:10B62000A34205D94FF000630C4CB83CE36004E042
:10B630004FF00063094CB83CA360094B094C2468E7
:10B64000A360084B1B68D860064B1B685A6010BD8E
:10B65000582100200822002058640240B8600240AF
:10B660000C300140682200207CB504460D46164689
:10B67000164800681821B0FBF1F01549B0FBF1F055
:10B680004FF47A71484301906068B0F5827F0DD124
:10B690002B46002280212046009600F01BF898B12E
:10B6A000606D40F02000606503207CBD00BF019804
:10B6B00000B908E00198401E019020688068C0F33E
:10B6C000C0100028F3D100BF0020EEE78404002062
:10B6D00040420F002DE9F84F04460D4690461E46A5
:10B6E000DDF82890F8F754FBA0EB0900371AF8F7BB
:10B6F0004FFB82462C480068C0F3CB307843009063
:10B7000045E0701C002842D0F8F742FBA0EB0A008D
:10B71000B84200D2A7BB2068406820F0E000216852
:10B7200048606068B0F5827F0DD1A068B0F5004F29
:10B7300003D0A068B0F5806F05D12068006820F0C4
:10B74000400021680860A06AB0F5005F0DD100BF1D
:10B750002068006820F400502168086020680068B4
:10B7600040F400502168086000BF012084F85100B7
:10B7700000BF002084F8500000BF0320BDE8F88F10
:10B78000FFE7009800B900270098401E009020684D
:10B7900080682840A84201D1012000E000204045F7
:10B7A000AFD10020EAE700008404002030B5014654
:10B7B0000A461378521C147843EA042030BD30B591
:10B7C0008DB004460D464FF48870ADF80000ADF81A
:10B7D0000240ADF8045001208DF8060000218DF8DC
:10B7E00007108DF808109DF8090020F00700401C94
:10B7F0008DF809009DF8090020F0380038308DF8E8
:10B800000900BDF8090020F470708030ADF809001F
:10B810009DF80A0020F03C0020308DF80A000F212E
:10B82000BDF80A0061F38E10ADF80A000621BDF8DC
:10B830000B0061F3CF10ADF80B00BDF80D006FF3F6
:10B840000900C01CADF80D004FF4AF61BDF80E004B
:10B8500061F38C00ADF80E004FF44D71BDF80F0090
:10B8600061F34F10ADF80F0040F2BA41BDF812007D
:10B8700061F38C00ADF8120040F2D111BDF8130055
:10B8800061F34F10ADF81300BDF81100810A890271
:10B89000ADF8111053208DF8150050218DF81610B9
:10B8A00045218DF817108DF8181044218DF81910C6
:10B8B00000218DF81A1033236A4640F20131A52089
:10B8C00009F010FB0DB030BD10B5F8F77FFE08F0A1
:10B8D00034FC10BD00B597B030210BA8F4F792FDF1
:10B8E000142106A8F4F78EFD002002900390049026
:10B8F000059000BF01902948006840F0805027491A
:10B9000008600846006800F08050019000BF00BF4A
:10B9100000BF002001902248006840F48040204988
:10B9200008600846006800F48040019000BF00BF36
:10B9300001200B9000040C900220119041051291FF
:10B9400006211391A8211491022115910721169126
:10B950000BA8FAF733F808B1F6F728FC0F20069089
:10B9600002200790002008904FF4A05009904FF457
:10B9700080500A90052106A8F9F7E0FE08B1F6F715
:10B9800015FC022002900748059002A8F9F706FE70
:10B9900008B1F6F70BFC17B000BD000040380240BC
:10B9A0000070004000031E001448006840F470005E
:10B9B000124908601248006840F001001049086010
:10B9C00000200F49083108600D4800680D49084003
:10B9D0000B4908600C48091D0860081F006820F426
:10B9E0008020091F0860002005490C3108604FF0D5
:10B9F00000600249803908607047000088ED00E06F
:10BA000000380240FFFFF6FE1030002410B5026837
:10BA1000294B98420ED0B0F1804F0BD0274B984263
:10BA200008D0274B984205D0264B984202D0264B8F
:10BA3000984203D122F070024B681A431E4B984281
:10BA400020D0B0F1804F1DD01C4B98421AD01C4B17
:10BA5000984217D01B4B984214D01B4B984211D0E0
:10BA60001A4B98420ED01A4B98420BD0194B984261
:10BA700008D0194B984205D0184B984202D0184B69
:10BA8000984203D122F44072CB681A4322F080031B
:10BA90004C6943EA040202608B68C3620B688362EC
:10BAA000054B984202D0084B984201D10B690363C1
:10BAB0000123436110BD000000000140000400406C
:10BAC00000080040000C004000040140004001401C
:10BAD000004401400048014000180040001C0040A4
:10BAE0000020004030B501F01F05012404FA05F3E1
:10BAF000046A9C430462046A01F01F0502FA05F51A
:10BB00002C43046230BD30B50C46816821F47F417E
:10BB100042EA032525432943816030BD0A468168F6
:10BB200021F0700142F00703194381607047000063
:10BB300030B5056A25F001050562026A436884692B
:10BB400024F0700424F003040D682C4322F0020258
:10BB50008D682A43104DA84200D103E00F4DA84242
:10BB600006D100BF22F00802CD682A4322F0040269
:10BB7000094DA84202D0094DA84207D123F4807391
:10BB800023F400734D692B438D692B43436084611B
:10BB90004D684563026230BD000001400004014071
:10BBA00030B5056A25F010050562026A43688469AC
:10BBB00024F4E04424F440740D6844EA052422F09F
:10BBC00020028D6842EA0512124DA84200D103E01E
:10BBD000114DA84207D100BF22F08002CD6842EA91
:10BBE000051222F040020B4DA84202D00A4DA84295
:10BBF00009D123F4806323F400634D6943EA85038C
:10BC00008D6943EA8503436084614D688563026200
:10BC100030BD0000000001400004014030B5056A5D
:10BC200025F480750562026A4368C46924F07004D3
:10BC300024F003040D682C4322F400728D6842EA5C
:10BC40000522124DA84200D103E0114DA84207D1B0
:10BC500000BF22F40062CD6842EA052222F480622D
:10BC60000A4DA84202D00A4DA84209D123F48053BC
:10BC700023F400534D6943EA05138D6943EA051324
:10BC80004360C4614D68C563026230BD000001407D
:10BC90000004014030B5056A25F480550562036A49
:10BCA0004468C26922F4E04222F440720D6842EA1C
:10BCB000052223F400538D6843EA0533084DA8425A
:10BCC00002D0084DA84204D124F480444D6944EACE
:10BCD00085144460C2614D680564036230BD000094
:10BCE000000001400004014030B50B461446026AD2
:10BCF000056A25F001050562816921F0F00141EA3C
:10BD0000041122F00A021A438161026230BD30B58B
:10BD10000B461446056A25F0100505628169026A22
:10BD200021F4704141EA043122F0A00242EA0312F8
:10BD30008161026230BD00002DE9F84F04462068A1
:10BD4000006920F44050E1680843216808612169D6
:10BD5000A068084361690843E169084300902068CE
:10BD6000C06849F20C618843009908432168C860A3
:10BD70002068406920F44070A16908432168486147
:10BD800076492068884203D075492068884203D1EB
:10BD9000F9F7ACFD814602E0F9F798FD8146E069CC
:10BDA000B0F5004F6CD102206168A0FB0150034642
:10BDB0001920A9FB007001462A463846F4F7D8FA44
:10BDC0006421B0FBF1F04FEA001A02206168A0FB89
:10BDD00001510B461920A9FB00712A463846F4F799
:10BDE000C7FA834602206168A0FB01500346192070
:10BDF000A9FB00712A463846F4F7BAFA6421B0FB71
:10BE0000F1F000EBC00101EB0010ABEB8000322140
:10BE100001EBC0006421B0FBF1F000F0F8000AEB88
:10BE2000400A02206168A0FB015003461920A9FBCB
:10BE3000007001462A463846F4F79AFA83460220F3
:10BE40006168A0FB015003461920A9FB00712A4636
:10BE50003846F4F78DFA6421B0FBF1F000EBC00135
:10BE600001EB0010ABEB8000322101EBC00064213C
:10BE7000B0FBF1F000F007005044216888606AE0F0
:10BE800004206168A0FB015003461920A9FB007043
:10BE900001462A463846F4F76BFA82460420616868
:10BEA000A0FB015003461920A9FB007001462A4659
:10BEB0003846F4F75DFA6421B0FBF1F000EBC00105
:10BEC00001EB0010AAEB8000322101EB001064218D
:10BED000B0FBF1F000F0F00A04206168A0FB0170F3
:10BEE00003461920A9FB00513A462846F4F740FAC8
:10BEF0006421B0FBF1F00AEB001A04206168A0FB9A
:10BF000001510B461920A9FB00712A463846F4F767
:10BF10002FFA834604206168A0FB015003461920D4
:10BF2000A9FB007001462A463846F4F721FA64213D
:10BF3000B0FBF1F000EBC00101EB0010ABEB8000B7
:10BF4000322101EB00106421B0FBF1F000F00F0092
:10BF5000504421688860BDE8F88F0000001001405F
:10BF60000014014008B544480068006800F0200053
:10BF700060B100BF002000903F480068006800905A
:10BF80003D4800684068009000BF74E03B4800688E
:10BF900000F0100000286ED000BF0020009036484E
:10BFA000006800680090344800684068009000BF56
:10BFB00000BF33480068006800F4002070BB3048C0
:10BFC0000068006820F001002D49096808602C48CD
:10BFD00000684068C0F124002A49088024202849CC
:10BFE0000968486026480068006840F40020244939
:10BFF0000968086022480068006840F00100204994
:10C00000096808601F480088122834D11E491F485B
:10C0100009F0A6F9002005F05FF92CE01848006847
:10C02000006820F00100164909680860144800689B
:10C030004068C0F124001349088024201049096891
:10C0400048601348806A20F40020114988620C4837
:10C050000068006840F00100094909680860094863
:10C060000088122807D108490848243009F078F9D7
:10C07000002005F031F908BDBC2400200048004034
:10C080000426002056030020604300207643002051
:10C090000060024008B54348006800F01000002826
:10C0A0007FD000BF002000903F48006800680090EB
:10C0B0003D4800684068009000BF00BF3A48806B70
:10C0C0000068006800F40020A8BB3748806B006857
:10C0D000006820F001003449896B09680860324823
:10C0E000806B00684068C0F50070304908804FF4EC
:10C0F00000702D49896B096848602B48806B006887
:10C10000006840F400202849896B096808602648C7
:10C11000806B0068006840F001002349896B096862
:10C120000860224802882249224806F020F80D20A3
:10C1300005F0D2F835E0FFE71B48806B0068006827
:10C1400020F001001849896B096808601648806B67
:10C1500000684068C0F50070144908804FF4007012
:10C160001149896B096848600F48806B0068006856
:10C1700020F400200C49896B096808600A48806B2C
:10C180000068006840F001000749896B0968086091
:10C19000064802880849074805F0E9FF0D2005F028
:10C1A0009BF808BD0014014000250020C2000020BB
:10C1B0002C1200202C1600202C1400202DE9F04118
:10C1C00004460D46D4F8C87204F53070D4F8D41281
:10C1D00050F8210010B90320BDE8F08104F530705B
:10C1E000D4F8D41250F8216005F00F0000EB800164
:10C1F00004F1140000EB8100406838B305F00F0033
:10C2000000EB800104F1140000EB8100416805F0AF
:10C210000F0000EBC00207F13C0000EB8200C06899
:10C22000B1FBF0F200FB121080B9002105F00F0005
:10C2300000EB800204F1140000EB82004160002357
:10C240001A462946204601F02CF917E00020C6F8CE
:10C25000140204F53170D4F8D41250F821000069AA
:10C2600060B1D6F8080204F53171D4F8D42251F83F
:10C2700022102A460B6906F5047198470020ABE7A7
:10C2800070B504460E4604F53070D4F8D41250F858
:10C290002150D4F8D41250F8210008B9032070BD01
:10C2A0003146204600F059FFC5F80C02D5F80402CB
:10C2B00004F53171D4F8D43251F82310CA6805F569
:10C2C000037190470020EAE770B504460D463048F8
:10C2D0000178204600F013FE00212D48007800F080
:10C2E0000F0000EB800204F1140000EB82000182D9
:10C2F00028480178204600F002FE002125480078F9
:10C3000000F00F0000EB800204F5AA7000EB820041
:10C31000018221480178204600F0F1FD00211E48ED
:10C32000007800F00F0000EB800204F1140000EB35
:10C33000820001821848007800F00F0000EB8002B4
:10C3400004F1140000EB8200418204F53070D4F84F
:10C35000D41250F82100C8B104F53171D4F8D422B8
:10C3600051F822104868804704F53071D4F8D4227F
:10C3700051F8220001F0BEFB002104F53070D4F822
:10C38000D42240F822100020C4F8BC02002070BD66
:10C390007B0200207C0200207D02002070B5044654
:10C3A00004F53070D4F8D41250F821500DB90320A0
:10C3B00070BD04F53170D4F8D41250F8210098B152
:10C3C00095F80002FF280FD095F8012295F8000299
:10C3D00004F53171D4F8D46251F826108B682946DF
:10C3E0009847FF2085F800020020E1E701460A2077
:10C3F0000880014870470000F40100202DE9F04159
:10C40000044682210D4800F0A0FC054601210B489E
:10C4100000F09BFC06468121084800F096FC074688
:10C420000DB11020A8710EB14020B0800FB1402096
:10C43000B880432020800148BDE8F0813802002008
:10C440002DE9F041044682210E4800F07EFC0546AD
:10C4500001210C4800F079FC06468121094800F0D2
:10C4600074FC07460DB11020A87116B14FF400708E
:10C47000B08017B14FF40070B8804320208001488D
:10C48000BDE8F081380200202DE9F0410446822108
:10C490000D4800F05AFC054601210B4800F055FC00
:10C4A00006468121084800F050FC07460DB11020D7
:10C4B000A8710EB14020B0800FB14020B880432059
:10C4C00020800148BDE8F0813802002070B50446A4
:10C4D0000E464FF4077001F00FFB054645B90021E9
:10C4E00004F53070D4F8D42240F82210022070BD38
:10C4F0004FF407712846F3F785FF04F53070D4F840
:10C50000D41240F82150D4F8D41250F82100C4F8C5
:10C51000BC02207C98BB4FF4007302225048017883
:10C52000204600F0BBFE01214D48007800F00F00CE
:10C5300000EB800204F1140000EB820001824B0248
:10C54000022248480178204600F0A8FE0121454813
:10C55000007800F00F0000EB800204F5AA7000EBF9
:10C560008200018210214048007800F00F0000EBAB
:10C57000800204F1140000EB8200418232E0FFE708
:10C580004023022236480178204600F087FE012130
:10C590003348007800F00F0000EB800204F1140033
:10C5A00000EB82000182402302222E4801782046BF
:10C5B00000F074FE01212B48007800F00F0000EB22
:10C5C000800204F5AA7000EB820001821021264847
:10C5D000007800F00F0000EB800204F1140000EB83
:10C5E00082004182082303221F480178204600F080
:10C5F00055FE01211C48007800F00F0000EB80027E
:10C6000004F1140000EB820001820020C5F804024E
:10C6100004F53171D4F8D42251F82210086880470B
:10C620000020C5F81402C5F81802D5F8040208B9AC
:10C6300002205CE7207C48B94FF400730948017878
:10C640002046D5F8042200F041FE07E040230548CB
:10C6500001782046D5F8042200F038FE002046E795
:10C660007B0200207C0200207D02002070B5044681
:10C6700004F53070D4F8D41250F82150D4F8D41204
:10C6800050F8210008B9032070BD207C48B94FF450
:10C690000073094801782046D5F8042200F016FE00
:10C6A00007E04023044801782046D5F8042200F032
:10C6B0000DFE0020E8E700007C020020024609B9D8
:10C6C0000320704702F53170D2F8D43240F82310BD
:10C6D0000020F6E710B5024602F53070D2F8D442D9
:10C6E00050F824300BB9032010BDC3F80412002009
:10C6F000FAE730B503460C4603F53070D3F8D45250
:10C7000050F8251009B9032030BDC1F80842C1F81E
:10C7100010220020F8E72DE9FC4105460C4605F5FE
:10C720003070D5F8D41250F82160002001900090AC
:10C73000804616B90320BDE8FC81207800F0600037
:10C7400000283DD020287CD1E08868B3207800F014
:10C750008000B8B1E288607805F53171D5F8D4C2AF
:10C7600051F82C108B6831469847E088072801D98A
:10C77000072000E0E08807463A463146284600F0A8
:10C7800015F91CE0607886F80002E088402801D2A4
:10C79000E08800E0402086F8010296F80122314648
:10C7A000284600F0E2F80AE0607805F53171D5F826
:10C7B000D42251F8221000228B682146984747E086
:10C7C000607830B1012832D00A2813D00B282FD13D
:10C7D00021E095F89C02032805D1022269462846EB
:10C7E00000F0E4F805E02146284600F0B2F84FF0EA
:10C7F000030824E095F89C02032805D1012201A931
:10C80000284600F0D3F805E02146284600F0A1F8BC
:10C810004FF0030813E095F89C02032805D0214649
:10C82000284600F096F84FF0030808E009E006E01B
:10C830002146284600F08DF84FF0030800BF00BFE6
:10C8400006E02146284600F084F84FF0030800BFB8
:10C8500000BF40466FE7000070B5044604F5307035
:10C86000D4F8D41250F821500126D4F8D41250F83C
:10C87000210008B9032070BDD5F81402C8B9012001
:10C88000C5F814020C48007800F00F0000EB80029D
:10C8900004F1140000EB8200D5F810124160064844
:10C8A00001782046D5F81032D5F8082200F0F9FDBD
:10C8B00000263046DFE700007B02002070B504460A
:10C8C0000D460026D4F8B802294642682046904713
:10C8D00000B10326304670BD70B504460D4694F88D
:10C8E0009C02012804D0022803D003280CD101E0C7
:10C8F00000BF00BF6888012805D10020C4F8A40249
:10C90000204600F064F804E02946204600F021F8B3
:10C9100000BF00BF70BD02460020704702460020E5
:10C92000704770B506460C4615462B462246002138
:10C93000304600F0CBFC002070BD70B506460C46BA
:10C9400015462B4622460021304600F0AAFD002065
:10C9500070BD70B504460D468021204600F075FD7F
:10C960000021204600F071FD70BD70B504460E46F2
:10C9700015460320C4F894024FF4AC700551001D15
:10C9800005512B4632460021204600F09FFC002036
:10C9900070BD10B504460520C4F8940200231A4661
:10C9A0001946204600F092FC002010BD70B50446E8
:10C9B0000E4615460220C4F89402A561E5612B4697
:10C9C00032460021204600F06CFD002070BD10B5FD
:10C9D00004460420C4F8940200231A46194620464F
:10C9E00000F05FFD002010BD70B505460C462DB966
:10C9F0002246064906A000F012FA04E02246034946
:10CA000003A000F00CFA014870BD0000842E002045
:10CA100043444320436F6E6669670000024612205C
:10CA20000880014870470000A801002070B5054645
:10CA30000C462DB92246064906A000F0F0F904E0A4
:10CA40002246034903A000F0EAF9014870BD000046
:10CA5000842E002043444320496E746572666163EE
:10CA6000650000000246042008800148704700006D
:10CA7000BC01002070B505460C462246024903A0C1
:10CA800000F0CDF9004870BD842E002053544D694C
:10CA900063726F656C656374726F6E6963730000B7
:10CAA00070B505460C462DB92246064906A000F091
:10CAB000B6F904E02246034903A000F0B0F90148AA
:10CAC00070BD0000842E002053544D33322056692F
:10CAD000727475616C20436F6D506F72740000004A
:10CAE00070B505460C461A202080F5F7B9FC0148C0
:10CAF00070BD0000C001002070B504460D46E888F6
:10CB0000012804D029462046FFF723FF1EE094F8B1
:10CB10009C02012804D0022803D0032810D109E088
:10CB200000BF0020A060012204F108012046FFF7A9
:10CB30003DFF0AE00122211D2046FFF737FF04E0F8
:10CB400029462046FFF705FF00BF00BF70BDF8B5BE
:10CB500004460E4600200090002700257088001231
:10CB6000082875D2DFE800F0C7040C20C7C7A5B5B8
:10CB7000207CD4F8B4120A68694690470746C1E0A1
:10CB8000207C40B9D4F8B802816A684688470746D5
:10CB90000220787007E0D4F8B802C16A6846884776
:10CBA000074602207870ADE0B078062878D2DFE83A
:10CBB00000F00316293C5063D4F8B402406838B141
:10CBC000207CD4F8B4124A6869469047074605E0CD
:10CBD00031462046FFF7BDFE681CC5B267E0D4F8B9
:10CBE000B402806838B1207CD4F8B4128A686946EF
:10CBF0009047074605E031462046FFF7AAFE681C2D
:10CC0000C5B254E0D4F8B402C06838B1207CD4F87E
:10CC1000B412CA6869469047074605E03146204687
:10CC2000FFF797FE681CC5B241E0D4F8B402006972
:10CC300038B1207CD4F8B4120A6969469047074697
:10CC400005E031462046FFF784FE681CC5B22EE0A1
:10CC500051E0D4F8B402406938B1207CD4F8B41261
:10CC60004A6969469047074605E031462046FFF786
:10CC700070FE681CC5B21AE0D4F8B402806940B1F5
:10CC8000207CD4F8B4128A6969469047074606E0CA
:10CC900006E031462046FFF75CFE681CC5B206E0A0
:10CCA00031462046FFF755FE681CC5B200BF00BFE5
:10CCB00028E0207C30B9D4F8B802416B6846884738
:10CCC000074605E031462046FFF743FE681CC5B223
:10CCD00018E0207C40B9D4F8B802016B6846884758
:10CCE00007460720787005E031462046FFF731FE01
:10CCF000681CC5B206E031462046FFF72AFE681CD4
:10CD0000C5B200BF00BF05B1F8BDF088C0B1BDF825
:10CD1000000080B1F088BDF80010884202DDBDF847
:10CD2000000000E0F0880090BDF800203946204661
:10CD3000FFF73CFE07E031462046FFF70AFE02E01F
:10CD40002046FFF744FE00BFDEE72DE9F841054627
:10CD50000F462C462E464FF00008708831788842E6
:10CD600018DD307800900FE06946204600F020F88A
:10CD700004466078052807D1A04698F80200B8421A
:10CD800000D106E04FF000087088BDF8001088421E
:10CD9000EADC00BF4046BDE8F881014600200A46B3
:10CDA00002E0431CD8B2521C1378002BF9D1704713
:10CDB00010B5024610460B88047823440B80037894
:10CDC000981810BD70B504460D4694F89C020128D1
:10CDD00004D0022803D003281AD101E000BF00BF0D
:10CDE000E888022804D029462046FFF7B2FD14E067
:10CDF0000120E060D4F8A40218B1E06840F002001D
:10CE0000E060022204F10C012046FFF7CFFD04E0B0
:10CE100029462046FFF79DFD00BF00BF70BD2DE9EC
:10CE2000F04107460D46904600240FB9BDE8F08159
:10CE30003E463046FFF7B1FF022101EB4000A8F863
:10CE4000000098F800002855601CC4B20320285543
:10CE5000601CC4B208E030782855761C601CC4B24F
:10CE600000202855601CC4B230780028F3D100BFE0
:10CE7000DCE70146002031B1012906D0022906D0A5
:10CE8000032908D105E0002007E0032005E0012088
:10CE900003E0032001E0032000BF00BF70472DE93D
:10CEA000F04104460D46164614B90320BDE8F08152
:10CEB0000020C4F8B802C4F8C402C4F8D0020DB10E
:10CEC000C4F8B452012084F89C022670204600F079
:10CED0004DF907463846E9E72DE9F04104460D468D
:10CEE000002600272946D4F8C802F7F7FCFC0646BE
:10CEF0003046FFF7BEFF07463846BDE8F0812DE912
:10CF0000F04104460D46002600272946D4F8C80201
:10CF1000F7F7B4FC06463046FFF7ABFF0746384646
:10CF2000BDE8F0812DE9F04704460F469146002FF9
:10CF300056D104F11405D4F89402022846D1D5E95B
:10CF4000020188420FD9D5E90201401AA86049467A
:10CF50002046AA68FFF7F1FC00231A46194620462E
:10CF600000F0B4F932E0D5E90210884217D1E9683F
:10CF70006868884213D36868D4F8981288420ED241
:10CF8000002211462046FFF7D8FC0020C4F8980282
:10CF900000231A461946204600F098F916E094F846
:10CFA0009C0203280BD1D4F8B802C06838B1002025
:10CFB000C4F8D402D4F8B802C1682046884780215A
:10CFC000204600F042FA2046FFF7E3FC94F8A00266
:10CFD00050B3204600F0BCFA002084F8A00223E001
:10CFE00047F080012046FFF796FC0646FF2E1BD037
:10CFF000D6B994F89C02032816D104F52E7050F887
:10D000002600406980B1C4F8D46204F52E7050F84F
:10D01000260039464269204690478046B8F1000F05
:10D0200002D04046BDE8F0870020FBE72DE9F0473D
:10D0300005460F4690464FF00009002F51D105F5E7
:10D04000AA76D5F8940203286FD1D6E90201884266
:10D0500010D9D6E90201401AB060D6E9020188422F
:10D0600001D2B06800E0F068024641462846FFF76A
:10D0700058FC5AE095F8AA0200F01F0020B10128E0
:10D0800004D0022812D109E0002411E040F2AE20C1
:10D09000415D2846FFF742FC044609E040F2AE201D
:10D0A000415D2846FFF737FC044601E0002400BF3D
:10D0B00000BF94B995F89C0203280ED105F52E7097
:10D0C00050F82400006940B1C5F8D44205F52E702F
:10D0D00050F824000169284688472846FFF777FC66
:10D0E00023E007F07F012846FFF715FC0446FF2CDC
:10D0F0001BD0D4B995F89C02032810D105F52E70E9
:10D1000050F82400806950B1C5F8D44205F52E705E
:10D1100050F8240039468269284690478146B9F183
:10D12000000F02D04846BDE8F0870020FBE701462B
:10D130000020704770B504460025012084F89C0249
:10D14000D4F8B80238B12179D4F8B8024268204640
:10D15000904700B10325284670BD70B504460D46C2
:10D160002946D4F8C802F7F7FCFB70BD10B5044699
:10D17000207800282AD11648C0F80845C4F8C8020B
:10D180004FF0A04012490860042048600221104876
:10D19000C16000210161022181610021C161016240
:10D1A0004162C1620163F8F742F808B1F4F7FEFF8B
:10D1B00080210748F7F7E7FA402200210448F7F7F3
:10D1C000E7FA802201210248F7F7E2FA002010BDB9
:10D1D0005827002010B50246D2F8C83201F080006E
:10D1E000802809D101F07F0000EBC00403F13C006E
:10D1F00000EB8400807810BD01F07F0000EBC004DC
:10D2000003F51F7000EB84008078F4E770B50446E6
:10D210000D4604F52E70D4F8D41250F8210008B948
:10D22000032070BD94F89C02032811D104F52E70E0
:10D23000D4F8D41250F82100006A48B104F52E70D9
:10D24000D4F8D41250F821002946026A20469047AB
:10D250000020E6E770B504460D4604F52E70D4F8BC
:10D26000D41250F8210008B9032070BD94F89C0234
:10D27000032811D104F52E70D4F8D41250F82100EF
:10D28000406A48B104F52E70D4F8D41250F8210049
:10D290002946426A204690470020E6E72DE9F047FC
:10D2A00004460F4615461E464FF00008C1462B4661
:10D2B00032463946D4F8C802F7F75EFB804640464E
:10D2C000FFF7D7FD81464846BDE8F0872DE9F047D6
:10D2D00004460D4616461F464FF00008C1463B4621
:10D2E00032462946D4F8C802F7F78CFB8046404600
:10D2F000FFF7BFFD81464846BDE8F08770B504469C
:10D300000025012084F89C020020C4F8940260608B
:10D31000C4F8A40284F8A002D4F8B80258B1D4F832
:10D32000B802406838B12179D4F8B8024268204682
:10D33000904700B103254023002211462046FFF705
:10D34000ADFF01214FF4B27001534021001F015184
:10D350004023002280212046FFF7A0FF0121A18465
:10D3600040212162284670BD014691F89C020428A4
:10D3700003D191F89D0281F89C020020704710B5FE
:10D38000044694F89C0203280BD1D4F8B80240B1AB
:10D39000D4F8B802C06920B1D4F8B802C1692046F7
:10D3A0008847002010BD02461174002070472DE907
:10D3B000F04104460D46002600272946D4F8C8024D
:10D3C000F8F788F806463046FFF753FD074638461B
:10D3D000BDE8F08170B504460D46294604F2AA2046
:10D3E00000F077F80120C4F894024FF42C70005B31
:10D3F000C4F8980294F8AA0200F01F0020B1012896
:10D4000009D0022815D10DE004F2AA21204600F02F
:10D4100083F9064616E004F2AA21204600F013FB29
:10D4200006460FE004F2AA21204600F0CCF9064699
:10D4300008E094F8AA0200F08001204600F005F808
:10D44000064600BF00BF304670BD2DE9F0410446DE
:10D450000D46002600272946D4F8C802F7F7FEFA41
:10D4600006463046FFF705FD07463846BDE8F08121
:10D4700070B5044600250026D4F8C802F8F74EF827
:10D4800005462846FFF7F5FC0646304670BD0146C6
:10D4900091F89C0281F89D02042081F89C020020F2
:10D4A00070472DE9F04704460D4616461F464FF0DB
:10D4B0000008C1463B4632462946D4F8C802F7F771
:10D4C00012FB80464046FFF7D4FC81464846BDE843
:10D4D000F08770B505460E46344620782870641CE7
:10D4E00020786870641C2046FEF760F96880641C30
:10D4F000641C2046FEF75AF9A880641C641C204670
:10D50000FEF754F9E88070BD38B504460D4600209A
:10D5100000900DB9032038BDC4F8B85204F52E7040
:10D52000D4F8D41250F82100C06A50B104F52E701E
:10D53000D4F8D42250F82200C16A68468847C4F85B
:10D54000D002D4F8D802401CC4F8D8020020E2E788
:10D5500001460020704770B504460D46A88810BBF0
:10D56000E88800BB688880281DD2A87800F07F0674
:10D5700094F89C02032804D129462046FFF7E9F9D4
:10D5800015E084F89E6231462046FFF710FF2046E2
:10D59000FFF71DFA1EB1022084F89C0207E001206B
:10D5A00084F89C0203E029462046FFF7D2F970BDBB
:10D5B00070B504460D460026D4F8B80230B1D4F850
:10D5C000B80229460268204690470646304670BD9C
:10D5D00070B504460E460025B0783D4908700846EF
:10D5E0000078012805D931462046FFF7B2F903201B
:10D5F00070BD94F89C02022802D0032859D11FE084
:10D6000033480078C0B13248007860603048017813
:10D610002046FFF7CDFF05463DB131462046FFF7D6
:10D6200098F9022084F89C0209E02046FFF7CFF920
:10D63000032084F89C0202E02046FFF7C8F943E08B
:10D640002348007870B9022084F89C0220480078B2
:10D6500060601F4801782046FFF730F92046FFF749
:10D66000B6F925E01A490978606888421DD0217909
:10D670002046FFF723F916480078606014480178C7
:10D680002046FFF795FF05465DB131462046FFF77E
:10D6900060F921792046FFF711F9022084F89C02F5
:10D6A00006E02046FFF793F902E02046FFF78FF9E6
:10D6B0000AE031462046FFF74CF90548017820463C
:10D6C000FFF7FCF8032500BF00BF284690E70000E5
:10D6D000F001002070B505460C466088012805D190
:10D6E000C5F8A4022846FFF772F90EE06088022808
:10D6F00007D1A088001285F8A0022846FFF767F935
:10D7000003E021462846FFF724F970BD10B5044612
:10D710002046FFF7ADFE10BD70B504460D4600264D
:10D72000287800F0600088B1202802D0402842D13B
:10D7300000E000BF04F52E70D4F8D41250F8210098
:10D740002946826820469047064639E068780A28CC
:10D750002AD2DFE800F01A24291F290A0529150F0B
:10D7600029462046FFF7F3F923E029462046FFF734
:10D77000F2FE1EE029462046FFF72AFF064618E083
:10D7800029462046FFF7B8F913E029462046FFF75F
:10D7900019FB0EE029462046FFF79CFF09E02946C9
:10D7A0002046FFF799F804E029462046FFF7D1F814
:10D7B00000BF00BF04E029462046FFF7CAF800BFBB
:10D7C00000BF304670BD2DE9F04705460F464FF0CB
:10D7D00000093C79387800F06000F8B1202802D0C8
:10D7E00040287DD100E000BF21462846FFF793F88E
:10D7F0000646FF2E11D086B9C5F8D46205F52E7005
:10D8000050F82600806840B105F52E7050F82600CB
:10D810003946826828469047814610E1787800288A
:10D820007AD001282FD003286ED195F89C020228C7
:10D8300002D0032820D110E054B1802C08D021461A
:10D840002846FFF702FE80212846FFF7FEFD03E091
:10D8500039462846FFF77DF813E0788840B93CB197
:10D86000802C05D0F88818B921462846FFF7EDFD31
:10D870002846FFF7ACF804E039462846FFF769F878
:10D8800000BF00BFD4E095F89C02022802D0032814
:10D890003BD110E054B1802C08D021462846FFF738
:10D8A000D4FD80212846FFF7D0FD03E03946284605
:10D8B000FFF74FF82EE0788820BB04F07F0018B106
:10D8C00021462846FFF708FB2846FFF780F8214647
:10D8D0002846FFF720F80646FF2E13D096B900E041
:10D8E000A8E0C5F8D46205F52E7050F826008068CF
:10D8F00040B105F52E7050F826003946826828465A
:10D900009047814606E007E08DE039462846FFF75C
:10D9100020F800BF00BF8BE095F89C02022802D0DF
:10D92000032879D126E034B1802C04D0394628462A
:10D93000FFF70FF875E004F08000802808D104F0AC
:10D940007F0000EB800105F1140000EB810007E08F
:10D9500004F07F0000EB800105F5AA7000EB810068
:10D9600080460020C8F80000022241462846FFF702
:10D970001DF856E004F0800080280ED104F00F005E
:10D9800000EB800105F1140000EB8100008A98B9DA
:10D9900039462846FEF7DDFF43E004F00F0000EBB8
:10D9A000800105F5AA7000EB8100008A20B9394694
:10D9B0002846FEF7CEFF34E004F08000802808D12E
:10D9C00004F07F0000EB800105F1140000EB810002
:10D9D00007E004F07F0000EB800105F5AA7000EB82
:10D9E000810080460CB1802C03D10020C8F80000D3
:10D9F0000CE021462846FFF7EDFB20B10120C8F8D6
:10DA0000000003E008E00020C8F8000002224146C0
:10DA10002846FEF7CBFF04E039462846FEF799FF7B
:10DA200000BF00BF04E039462846FEF792FF00BF62
:10DA300000BF04E039462846FEF78BFF00BF00BF59
:10DA40004846BDE8F0872DE9F04105460E4600271F
:10DA5000307800F0600030B1202802D0402840D15A
:10DA600000E000BF00BF95F89C02012804D0022806
:10DA700003D003282ED101E000BF00BF3079012878
:10DA800023D831792846FEF749FF0446FF2C14D0ED
:10DA90009CB905F52E7050F82400806858B1C5F87F
:10DAA000D44205F52E7050F824003146826828468D
:10DAB0009047074602E0032700E00327F08840B9BB
:10DAC0003FB92846FEF783FF03E031462846FEF7BC
:10DAD00040FF04E031462846FEF73BFF00BF00BF91
:10DAE00004E031462846FEF734FF00BF00BF384649
:10DAF000BDE8F08170470000014601487047000012
:10DB0000642C002070B504460B46224619785878DC
:10DB100001282CD140F61C0080581D7805F00F0616
:10DB20000125B540ADB2284340F61C05A85002F5CA
:10DB3000106000EB4110006800F40040F0BB9889D1
:10DB4000C0F30A001D7940EA854040EA815040F068
:10DB5000805040F4004002F5106505EB41152D683A
:10DB6000284302F5106505EB411528602DE040F6CD
:10DB70001C0080581D7805F00F060125B540144E95
:10DB800006EA0545284340F61C05A85002F530601A
:10DB900000EB4110006800F4004078B99889C0F3A8
:10DBA0000A001D7940EA854040F0805040F4004072
:10DBB00002F5306505EB41152D6800E005E02843CE
:10DBC00002F5306505EB41152860002070BD0000AE
:10DBD0000000FFFF01460A464FF410608058C30A58
:10DBE000DB024FF41060835040F60400805840F48C
:10DBF000807340F604008350002070470FB470B566
:10DC000004460A98012817D1A06B20F48030A06345
:10DC1000E0681A490840E060E06820F44010E060E5
:10DC20001198012803D1E06840F48010E06020469C
:10DC300000F026F8054612E0E06840F04000E060A1
:10DC4000204600F01DF805460E9820B9A06B40F460
:10DC50008030A06303E0A06B20F48030A0630898BC
:10DC6000012807D1A06840F00600A060A06840F03D
:10DC70002000A060284670BC5DF814FBBFFFBDFF0C
:10DC800008B501460020009000BF0098401C00909D
:10DC9000104A0098904201D9032008BD086900F09D
:10DCA00000400028F1D000200090086940F00100F9
:10DCB000086100BF0098401C0090064A00989042FE
:10DCC00001D90320E9E7086900F001000028F1D13B
:10DCD00000BFE2E7400D030070B504460B46224644
:10DCE00019785878012848D102F5106000EB4110EE
:10DCF000006800F00040B0F1004F17D102F510604D
:10DD000000EB4110006840F0006502F5106000EB88
:10DD10004110056002F5106000EB4110006840F012
:10DD2000804502F5106000EB4110056040F63C00B4
:10DD300080581D7805F00F060125B540ADB2A84307
:10DD400040F63C05A85040F61C0080581D7805F0B0
:10DD50000F060125B540ADB2A84340F61C05A850FA
:10DD600002F5106000EB411000682B4D284002F5D1
:10DD7000106505EB411528604BE002F5306000EBC3
:10DD80004110006800F00040B0F1004F17D102F5DB
:10DD9000306000EB4110006840F0006502F5306033
:10DDA00000EB4110056002F5306000EB41100068A7
:10DDB00040F0804502F5306000EB4110056040F610
:10DDC0003C0080581D7805F00F060125B540134E24
:10DDD00006EA0545A84340F63C05A85040F61C005D
:10DDE0008558187800F00F060120B0400B4E06EA67
:10DDF0000040854340F61C00855002F5306000EB82
:10DE000041100068064D284002F5306505EB4115CC
:10DE10002860002070BD0000007833EC0000FFFF98
:10DE20000078F3EF01460A46D2F8000E20F0030016
:10DE3000C2F8000E40F60400805820F0020340F6BD
:10DE4000040083500020704701460A46D2F8000EB5
:10DE500020F00300C2F8000E40F60400805840F0A5
:10DE6000020340F604008350002070470FB4F0B561
:10DE7000054600272E46002405E0002105F58270A6
:10DE800040F82410641C0F2CF7D31098A0B940F66A
:10DE90000400805940F0020140F604008151A86B53
:10DEA00040F40010A863A86B20F40020A863A86BBE
:10DEB00020F48020A86307E0A86B20F40010A8637A
:10DEC000A86B40F40020A8630020C6F8000ED6F826
:10DED0000008C6F800080B9801280BD1089820B953
:10DEE0000021284600F0BCFD08E00121284600F092
:10DEF000B7FD03E00321284600F0B2FD10212846BB
:10DF000000F0B2FC00B10127284600F083FC00B10C
:10DF1000012700214FF401608151001D815140F61D
:10DF20001C00815100242EE006F5106000EB441027
:10DF3000006800F00040B0F1004F10D13CB94FF044
:10DF4000006106F5106000EB441001600DE04FF039
:10DF5000904106F5106000EB4410016005E00021DF
:10DF600006F5106000EB44100160002106F510601A
:10DF700000EB441001614FF67F3106F5106000EBB5
:10DF800044108160641C0698A042CDD800242EE085
:10DF900006F5306000EB4410006800F00040B0F17E
:10DFA000004F10D13CB94FF0006106F5306000EB36
:10DFB000441001600DE04FF0904106F5306000EB39
:10DFC0004410016005E0002106F5306000EB4410CC
:10DFD0000160002106F5306000EB441001614FF64E
:10DFE0007F3106F5306000EB44108160641C0698B8
:10DFF000A042CDD84FF40160805920F480714FF4D5
:10E00000016081510020A8616FF08040686109982B
:10E0100018B9A86940F01000A861A8690949084327
:10E02000A8610C9818B1A86940F00800A861109880
:10E03000012803D1A86904490843A8613846F0BC07
:10E040005DF814FB00383C800400004001468868FD
:10E0500020F001008860002070470000F0B5054600
:10E060000B4614462A4619785878012875D19869C4
:10E0700020BB02F5106000EB411000696D4E30408E
:10E0800002F5106606EB4116306102F5106000EBF8
:10E090004110006940F4002602F5106000EB4110C9
:10E0A000066102F5106000EB41100069C60CF60431
:10E0B00002F5106000EB4110066137E002F51060D8
:10E0C00000EB41100069C60CF60402F5106000EB8D
:10E0D0004110066102F5106000EB41100069554ED9
:10E0E000304002F5106606EB41163061DE68986933
:10E0F000B04201D9D868986102F5106000EB411078
:10E10000006940F4002602F5106000EB4110066142
:10E1100002F5106000EB411000699E69C6F312061B
:10E12000304302F5106606EB41163061012C15D123
:10E13000586928B102F5106000EB41105E69466134
:10E1400002F5106000EB4110006840F0044602F553
:10E15000106000EB411006606AE01BE002F5106001
:10E1600000EB4110006840F0044602F5106000EB3F
:10E1700041100660986900285AD040F63400805853
:10E180001E7806F00F070126BE40304340F63406E5
:10E19000B0504DE002F5306000EB41100069C60C54
:10E1A000F60402F5306000EB4110066102F53060C4
:10E1B00000EB411000691F4E304002F5306606EB5F
:10E1C00041163061986908B1D8689861D868D861FB
:10E1D00002F5306000EB4110006940F4002602F5C2
:10E1E000306000EB4110066102F5306000EB411039
:10E1F0000069DE69C6F31206304302F5306606EBAD
:10E2000041163061012C07D1186928B102F5306040
:10E2100000EB41101E69466102F5306000EB4110D1
:10E22000006840F0044602F5306000EB41100660E3
:10E230000020F0BDFFFF07E070B503460C4619460D
:10E240001D6C1848854209D94FF43060405800F0E1
:10E250000040B0F1004F01D1002070BD0026C1F890
:10E26000106BD1F8100B40F40026C1F8106BD1F8F8
:10E27000100B40F01806C1F8106BD1F8100B40F0ED
:10E28000C046C1F8106B012C09D1C1F8142B4FF412
:10E290003060405840F080264FF4306046500020F7
:10E2A000DBE700000A30544F30B504460B462246E7
:10E2B0001978587801281ED102F5106000EB411042
:10E2C000006820F4001502F5106000EB41100560B5
:10E2D0001879032802D0187902282AD102F5106093
:10E2E00000EB4110006840F0805502F5106000EB33
:10E2F000411005601DE002F5306000EB4110006840
:10E3000020F4001502F5306000EB4110056018792B
:10E31000032802D0187902280BD102F5306000EBF7
:10E320004110006840F0805502F5306000EB41106C
:10E330000560002030BD30B504460B4622461978F2
:10E340005878012821D102F5106000EB41100068D7
:10E3500000F0004060B959B102F5106000EB4110C7
:10E36000006820F0804502F5106000EB4110056068
:10E3700002F5106000EB4110006840F4001502F552
:10E38000106000EB4110056020E002F5306000EB0A
:10E390004110006800F0004060B959B102F53060EA
:10E3A00000EB4110006820F0804502F5306000EB82
:10E3B0004110056002F5306000EB4110006840F448
:10E3C000001502F5306000EB41100560002030BD03
:10E3D0002DE9F84381460E4617464D46347870784D
:10E3E00001287DD1B06920BB05F5106000EB441019
:10E3F0000069C849084005F5106101EB4411086146
:10E4000005F5106000EB4410006940F4002105F5AB
:10E41000106000EB4410016105F5106000EB441042
:10E420000069C10CC90405F5106000EB44100161DE
:10E4300055E005F5106000EB44100069C10CC904FB
:10E4400005F5106000EB4410016105F5106000EB6C
:10E4500044100069AF49084005F5106101EB441113
:10E460000861F168B0690844401EB0FBF1F0A949A9
:10E47000C94301EAC04005F5106101EB4411096987
:10E48000084305F5106101EB4411086105F51060C2
:10E4900000EB44100069B169C1F31201084305F5AE
:10E4A000106101EB441108613079012817D105F59D
:10E4B000106000EB4410006920F0C04105F51060C9
:10E4C00000EB4410016105F5106000EB4410006999
:10E4D00040F0005105F5106000EB4410016100E0D0
:10E4E0007FE0012F36D1706928B105F5106000EB8F
:10E4F000441071694161307901281ED140F608004D
:10E50000405900F4807060B905F5106000EB4410CC
:10E51000006840F0005105F5106000EB4410016008
:10E520000BE005F5106000EB4410006840F08051EE
:10E5300005F5106000EB4410016005F5106000EB7C
:10E540004410006840F0044105F5106000EB4410F1
:10E550000160DCE005F5106000EB4410006840F05D
:10E56000044105F5106000EB44100160307901288A
:10E570000FD0B0690028ECD040F634004059317813
:10E5800001F00F0201219140084340F63401485147
:10E59000BDE040F60800405900F4807060B905F510
:10E5A000106000EB4410006840F0005105F5106069
:10E5B00000EB441001600BE005F5106000EB441027
:10E5C000006840F0805105F5106000EB44100160D8
:10E5D0000097308B83B232784846316900F0BEFA3A
:10E5E00095E005F5306000EB44100069C10CC904EA
:10E5F00005F5306000EB4410016105F5306000EB7B
:10E60000441000694349084005F5306101EB4411AD
:10E610000861B069D0B905F5306000EB44100069BD
:10E62000F168C1F31201084305F5306101EB4411B3
:10E63000086105F5306000EB4410006940F40021EA
:10E6400005F5306000EB4410016128E0F168B06925
:10E650000844401EB0FBF1F01FFA80F8F06800FBA0
:10E6600008F0F06105F5306000EB441000692949BD
:10E67000C94301EAC841084305F5306101EB441183
:10E68000086105F5306000EB44100069F169C1F3E1
:10E690001201084305F5306101EB44110861012FB7
:10E6A00007D1306928B105F5306000EB44103169BD
:10E6B0004161307901281ED140F60800405900F42C
:10E6C000807060B905F5306000EB4410006840F0E0
:10E6D000005105F5306000EB441001600BE005F5DA
:10E6E000306000EB4410006840F0805105F5306068
:10E6F00000EB4410016005F5306000EB4410006849
:10E7000040F0044105F5306000EB4410016000204A
:10E71000BDE8F883FFFF07E078B5034600240094C6
:10E7200000201A464C78012C35D10C7802F5106582
:10E7300005EB4414246804F00044B4F1004F60D1A8
:10E740000C7805EB4414246844F000660C7805EB63
:10E75000441426600C7805EB4414246844F0804689
:10E760000C7805EB4414266000BF009C641C0094E8
:10E7700042F21075009CAC4201D901200AE00C78ED
:10E7800002F5106505EB4414246804F00044B4F16C
:10E79000004FEAD035E00C7802F5306505EB441403
:10E7A000246804F00044B4F1004F2AD10C7805EB42
:10E7B0004414246844F000660C7805EB4414266089
:10E7C0000C7805EB4414246844F080460C7805EB83
:10E7D0004414266000BF009C641C009442F2107533
:10E7E000009CAC4201D901200AE00C7802F53065AA
:10E7F00005EB4414246804F00044B4F1004FEAD05F
:10E8000000BF78BD0146886840F0010088600020A4
:10E810007047000008B501460020009000BF009836
:10E82000401C00900F4A0098904201D9032008BD77
:10E83000086900F000400028F1D00020009010206E
:10E84000086100BF0098401C0090064A0098904262
:10E8500001D90320EBE7086900F010001028F1D07F
:10E860000020E4E7400D030008B5024600200090B8
:10E8700000BF0098401C0090104B0098984201D9AE
:10E88000032008BD106900F000400028F1D00020EE
:10E890000090202040EA8110106100BF0098401CC9
:10E8A0000090064B0098984201D90320E9E71069CF
:10E8B00000F020002028F1D00020E2E7400D030006
:10E8C00010B501460B4640F60804E45804F0060271
:10E8D0000AB9002006E0022A01D0062A01D102204E
:10E8E00000E00F2010BD0146486900F001007047AC
:10E8F00001460B4640F61800C258001DC0580240A1
:10E9000090B2704701460B4640F61800C258001DF1
:10E91000C0580240100C704770B5024613464FF4C1
:10E920000166F45840F63406F55801F00F0625FA52
:10E9300006F606F0010644EAC61403F5106606EB77
:10E940004116B66806EA040070BD10B502461346CB
:10E9500003F5306404EB4114A06840F61404E45855
:10E96000204010BD014648698A69104070472DE972
:10E97000F04104460D46274628464FEA920C02F025
:10E98000030300210AE04FF4805858F80780C0F8CC
:10E990000080401C401C401C401C491C6145F2D3B7
:10E9A0009BB100214FF4805858F8076000BF4FEA30
:10E9B000C10826FA08F880F80080491C401CA3F121
:10E9C00001081FFA88F3002BF1D1BDE8F08170B582
:10E9D00004460E460025E06820F0C040E060012EAD
:10E9E00010D1E06840F00050E06000BF0120F4F773
:10E9F0007DFF6D1C2046FFF776FF012815D0322DD4
:10EA0000F4D312E07EB9E06840F08040E06000BFDF
:10EA10000120F4F76BFF6D1C2046FFF764FF20B167
:10EA2000322DF5D301E0012070BD322D01D101203E
:10EA3000FAE70020F8E710B502460B461146D1F878
:10EA4000000820F4FE60C1F80008D1F800084FF477
:10EA5000FE6404EA03142043C1F80008002010BD3E
:10EA600002461346D3F800080843C3F80008002004
:10EA70007047000030B503461446022C49D12D489A
:10EA8000814204D32C48814201D20F2245E02A481A
:10EA9000814204D32948814201D20E223DE0274819
:10EAA000814204D32648814201D20D2235E0244818
:10EAB000814204D32348814201D20C222DE0214817
:10EAC000814204D32048814201D20B2225E01E4816
:10EAD000814204D31D48814201D20A221DE01B4815
:10EAE000814204D31A48814201D2092215E0184814
:10EAF000814204D31748814201D208220DE0154813
:10EB0000814204D31448814201D2072205E0062243
:10EB100003E00CB9092200E00922D86820F4705003
:10EB2000D860D8684FF4705505EA82252843D8602C
:10EB3000002030BDC0ACD800C0E1E4000024F400E7
:10EB400080730601A0491A01002D310140A44C0137
:10EB500000366E0120ABA6010048E8012DE9F04324
:10EB600004460D461E46DDF81CC0A0462946BCF1F1
:10EB7000000F12D1F01C870800230CE0D1F80090A0
:10EB800008F5805000EB0230C0F80090491C491C89
:10EB9000491C491C5B1CBB42F0D30020BDE8F0833C
:10EBA00000BFFEE74100080218BF04200A0E18BF8C
:10EBB00040F001004FF07F4232EA010108BF40F00F
:10EBC0000200012808BF05207047000002480068C5
:10EBD000C0F30220704700000CED00E010B50028E3
:10EBE00004DB0A07130E054A135406E00A07140E45
:10EBF000034A00F00F031B1FD45410BD00E400E0D3
:10EC000018ED00E0EFF310807047000010B54FF0F2
:10EC10000E402DED028BB0EE408A18EE104A00EB4C
:10EC20004400B0F1506F4AD84FF0FC40B0EB440FB5
:10EC300022D2B0EEC80AF7EE000A30EEC00AF6EEB5
:10EC4000000A60EE208A18EE900A07F061F801EEE3
:10EC5000100A14F0004F1DBFDFED2D0A9FED2D0AA5
:10EC6000B1EE411ADFED2C0A08BF9FED2C0AF8EE39
:10EC7000001A21EE218A05E0DFED290A68EE088AF4
:10EC8000B0EE600A9FED271ADFED271A30EE080A72
:10EC900048EE811A9FED251A08EEA11ADFED241A1D
:10ECA00048EE811A9FED231A08EEA11A68EE281A81
:10ECB000BDEC028B01EE810A30EE200A10BD4FF050
:10ECC000E440B0EB440F0CD918EE100AFFF76AFFCE
:10ECD000042808BF00F0BCF9B0EE480ABDEC028B76
:10ECE00010BD4FF07F40B0EB440F07D2B0EE480AA2
:10ECF000BDEC028BBDE8104000F09BB9012000F094
:10ED0000C1F9BDEC028BBDE8104000F099B90000DC
:10ED10000000C9BF22AAFDB90000C93F22AAFD39DF
:10ED20000000000024FE1C3DC78AD83C1E67383D09
:10ED30001B93993DAFAA2A3E70B54FF068422DED66
:10ED4000048BF0EE408A18EE900AB0EE608A18EE5E
:10ED5000101A02EB4003B3F1654F3CBF02EB4102D6
:10ED6000B2F1654F7DD200BFC0F3C753C1F3C752A4
:10ED70009A1A1B2A09DD10F0004F14BF9FED830A79
:10ED80009FED830ABDEC048B70BD12F11A0F36DAC9
:10ED900011F0004F09D010F0004F0CBF9FED7D0A1D
:10EDA0009FED7D0ABDEC048B70BD88EE889A19EE4C
:10EDB000100AFFF7F7FE042808BF00F049F918EE23
:10EDC000900AFFF7EFFE054618EE100AFFF7EAFE7D
:10EDD000044619EE100AFFF7E5FE042D18BF052DB5
:10EDE00008D1042C18BF052C04D1002804BF022030
:10EDF00000F048F9B0EE490ABDEC048B70BD42004A
:10EE0000B2EB410F3AD910F0004F19BFDFED630AA2
:10EE10009FED630ADFED630A9FED630AB0EE481AC7
:10EE20000A46B1EE688A80F00041F0EE418A104651
:10EE30000A1A5200B2F1807F34D2484010F0004FDD
:10EE4000DFED5A1A9FED5A2A1DBFBEEE001A70EE72
:10EE5000E10A30EE420AB6EE001A08BF70EEA10ACF
:10EE600000E040E008BF30EE020AB0EE682A01EE92
:10EE7000482A08EE818AC2EE081A15E011F0004F08
:10EE800004BF9FED4C0AF0EE400AD1D010F0004FC5
:10EE900019BFDFED490A9FED490ADFED490A9FEDF1
:10EEA000490AC5E7C8EE881A21EEA11A9FED462A45
:10EEB000DFED462A41EE022A9FED452A01EE222A85
:10EEC000DFED442A41EE022A9FED432ABDEC048B7C
:10EED00001EE222A21EE811A01EE020A30EE210A09
:10EEE00030EE200A70BD4FF07F42B2EB400F28BFDA
:10EEF000B2EB410F09D2F0EE480AB0EE680ABDEC61
:10EF0000048BBDE8704000F097B840EA01035B0055
:10EF100008BF41F0FF410BD0B2EB400F08BFB2EB8E
:10EF2000410F08D120F0804008EE900A21F0804186
:10EF300008EE101A18E7B2EB400F12BF5FEA410368
:10EF400040F0FF4001F000413FF40EAFB2EB410F43
:10EF500012BF5FEA400200F0004041F0FF413FF481
:10EF600003AF4A0092EA40033FF5FEAE002AACBF71
:10EF70009FED1A0A9FED1A0A68EE808A28EE008A31
:10EF800018EE900A18EE101AEEE60000DB0FC9BF6B
:10EF9000DB0FC93FDB0F4940DB0F49C00000C9BF91
:10EFA00022AAFDB90000C93F22AAFD390060ED3E4A
:10EFB000C30ACE3700000000000049C022AA7DBA73
:10EFC0000000494022AA7D3A2DAD65BD8FB8D53DE0
:10EFD0000FB511BE61C84C3EA8AAAABE0000804F62
:10EFE0000000802F2DED020B019820F000400190D1
:10EFF0009DED000B02B0704710B52DED028BB1EE08
:10F00000C08A18EE100A20F00040C0F1FF40C00F87
:10F010000AD010EE100A20F00040C0F1FF40C00FEF
:10F0200004BF012000F02EF8B0EE480ABDEC028BC0
:10F0300010BD30EE000A704730EE200A7047000025
:10F04000DFED020A80EEA00A704700000000000019
:10F050009FED020A20EE000A704700000000001039
:10F0600002E008C8121F08C1002AFAD17047704791
:10F07000002001E001C1121F002AFBD1704780F37C
:10F08000108870470149086070470000140500208F
:10F09000010E144A1170C0F30741127811FB02F1FE
:10F0A000114A1180C0F307210E4A127811FB02F1B8
:10F0B0000E4A1180C1B20B4A127811FB02F10C4AC0
:10F0C0001180114609880B4A126851630749098863
:10F0D000084A1268916304490988064A1268D16394
:10F0E00070470000700400207204002074040020A7
:10F0F00076040020A0230020D0ED000AF4EEC00A20
:10F10000F1EE10FA02DD80ED000A0CE0D0ED000A0D
:10F11000B1EE401AF4EEC10AF1EE10FA03D2F1EEAC
:10F12000400AC0ED000A704770B52DED028B8AB021
:10F1300005460C4616460DB104B11EB90AB0BDEC29
:10F14000028B70BD94ED000AB5EEC00AF1EE10FA24
:10F150000DD194ED010AB5EEC00AF1EE10FA06D118
:10F1600094ED020AB5EEC00AF1EE10FA7DD09FEDE3
:10F17000600AB0EE408A0020079008900990049041
:10F18000059006905B4A07CA01AB07C395ED010ADB
:10F19000D5ED030A20EE200AD5ED000A95ED021AFE
:10F1A00000EEC10AF0EE000A20EE200A8DED070AFB
:10F1B00095ED000AD5ED010A20EE200AD5ED020AF0
:10F1C00095ED031A00EE810AF0EE000A20EE200A07
:10F1D0008DED080A95ED000A20EE000AD5ED030A30
:10F1E00095ED031A00EE810AF7EE000AB0EE001A60
:10F1F00051EE000ACDED090A01AB22463146284600
:10F2000000F07AF8D4ED000A60EEA00A94ED011A3D
:10F21000D4ED011A41EE210A94ED021AD4ED021A3E
:10F2200041EE210AB0EE600AF1F7CEFDB0EE408A61
:10F2300094ED000A20EE080A84ED000A94ED010A1C
:10F2400020EE080A84ED010A94ED020A20EE080A75
:10F2500084ED020A94ED010ADDED090A20EE200A90
:10F26000D4ED020A9DED081A00E03EE000EEC10A6E
:10F270008DED040A94ED020ADDED070A20EE200A66
:10F28000D4ED000A9DED091A00EEC10A8DED050AC4
:10F2900094ED000ADDED080A20EE200AD4ED010A03
:10F2A0009DED071A00EEC10A8DED060A96ED000AE3
:10F2B000DDED010A9DED041A00EE810A86ED000ADB
:10F2C00096ED010ADDED020A9DED051A00EE810AB8
:10F2D00086ED010A96ED020ADDED030A9DED061AA0
:10F2E00000EE810A86ED020A00BF00BF26E700009B
:10F2F00000000000F07D01082DE9F0412DED048BA8
:10F3000007460D4614461E469FED580AB0EE409A39
:10F310009FED560AB0EE408A9FED540AF0EE408A07
:10F32000D4ED000A60EEA00A94ED011AD4ED011AA2
:10F3300041EE210A94ED021AD4ED021A41EE210A9F
:10F34000B0EE600AF1F740FDF7EE000A80EE801A99
:10F35000B0EE419AD5ED000AB0EE600AF1F7CAFBB3
:10F36000F0EE409AD5ED010AB0EE600AF1F7C2FB6B
:10F3700079EE809AD5ED020AB0EE600AF1F7BAFB99
:10F3800039EE800AF0EE408A3948D0ED000A79EE75
:10F39000600AB0EE600AF1F7ADFBB0EE408A9FED77
:10F3A000350AB4EEC08AF1EE10FA06DC9FED320A9F
:10F3B000F4EEC08AF1EE10FA53DD9FED2C2AB0EE88
:10F3C000420A9FED2A2AF0EE421AB7EE002AF0EE2A
:10F3D000420A9FED262AB0EE421AB5EEC08AF1EE3F
:10F3E00010FA05DD9FED232AC2EE082AB0EE620A6C
:10F3F0009FED222AB4EEC20AF1EE10FA03D29FED7D
:10F400001B2AB0EE420AF5EEC08AF1EE10FA05DDD5
:10F410009FED192AC2EE282AF0EE621AB7EE002AF2
:10F42000B4EEC20AF1EE10FA03D220EE802AF0EE1A
:10F43000420AB7EE002AF4EEC21AF1EE10FA03D235
:10F4400020EEA12AF0EE420A9FED0D2A20EE822A3C
:10F45000B0EE421A86ED001A86ED011A86ED021A08
:10F4600000BFBDEC048BBDE8F0810000000000008F
:10F4700010050020CDCCCC3D8FC2F53D9A99993E28
:10F48000CDCC4C3E10B52DED048B86B00446B0EECD
:10F49000408AF0EE608AB0EE419A0020039004901A
:10F4A0000590009001900290B0EE000AC8EE000AAC
:10F4B000F0EE609AB0EE690AF1F710FB8DED030AE9
:10F4C000B0EE000AC8EE800AF0EE609AB0EE690A6B
:10F4D000F1F704FB8DED040AB0EE000AC9EE000A54
:10F4E000F0EE609AB0EE690AF1F7F8FA8DED050AD0
:10F4F000B0EE000AC8EE000AF0EE609AB0EE690ABB
:10F50000F1F774FC8DED000AB0EE000AC8EE800A37
:10F51000F0EE609AB0EE690AF1F768FC8DED010A31
:10F52000B0EE000AC9EE000AF0EE609AB0EE690A89
:10F53000F1F75CFC8DED020A9DED050ADDED040A94
:10F5400020EE200ADDED030A20EE200ADDED020A9E
:10F550009DED011A60EE810A9DED001A00EE810A10
:10F5600084ED000A9DED020ADDED040A20EE200A7A
:10F57000DDED030A20EE200ADDED050A9DED011AFE
:10F5800060EE810A9DED001A00EEC10A84ED010AC9
:10F590009DED050ADDED010A20EE200ADDED030AEE
:10F5A00020EE200ADDED020A9DED041A60EE810ACC
:10F5B0009DED001A00EE810A84ED020A9DED050A18
:10F5C000DDED040A20EE200ADDED000A20EE200A1F
:10F5D000DDED020A9DED011A60EE810A9DED031A30
:10F5E00000EEC10A84ED030A06B0BDEC048B10BD29
:10F5F00070B505460C4600260DB1022C00D870BD32
:10F60000A11E06480288284602F0C4FF0646A01E36
:10F610002E54310A601E295400BFF0E72204002056
:10F6200070B505460C4600260DB1022C00D870BD01
:10F63000611EFF22284602F0C7FF0646601E2E54B8
:10F6400000BFF4E738B5002000900024F1F718FD62
:10F650008020F1F7EBFE5520F1F7E8FE5520F1F799
:10F66000E5FE0090F1F702FD9620F1F778FDF1F745
:10F6700007FD8020F1F7DAFE5520F1F7D7FE55207F
:10F68000F1F7D4FE0090F1F7F1FC9620F1F767FD59
:10F69000F1F7F6FCB6217E20F1F7F2FEF1F7E6FC79
:10F6A0005020F1F756FDF1F7EBFC8020F1F7BEFE9C
:10F6B0005520F1F7BBFE5520F1F7B8FE0090F1F7A9
:10F6C000D5FC9620F1F74BFDF1F7DAFC8020F1F73D
:10F6D000ADFE5520F1F7AAFE5520F1F7A7FE0090E8
:10F6E000F1F7C4FC9620F1F73AFD9DF800001E28C2
:10F6F00001D0FF2038BD002437E0F1F7C1FC04EB56
:10F7000044021C4B1A44517804EB4402985CF1F714
:10F71000B7FEF1F7ABFC9620F1F721FDF1F7B0FC55
:10F7200004EB4401134A515C41F08000F1F77EFE86
:10F730005520F1F77BFE5520F1F778FE0090F1F7A8
:10F7400095FC9620F1F70BFD04EB440009490844B1
:10F7500040789DF80010884205D004EB440005492C
:10F7600008448078C6E7601CC4B2062CC5DB0020C4
:10F77000C0E700003404002010B586B000200190DE
:10F78000029000900024F1F77BFC8020F1F74EFE00
:10F790005520F1F74BFE5520F1F748FE0090F1F7A8
:10F7A00065FC9620F1F7DBFCF1F76AFC8020F1F7AD
:10F7B0003DFE5520F1F73AFE5520F1F737FE009057
:10F7C000F1F754FC9620F1F7CAFCF1F759FCB62189
:10F7D0007E20F1F755FEF1F749FC5020F1F7B9FC16
:10F7E000F1F74EFC8020F1F721FE5520F1F71EFEC7
:10F7F0005520F1F71BFE0090F1F738FC9620F1F749
:10F80000AEFCF1F73DFC8020F1F710FE5520F1F73A
:10F810000DFE5520F1F70AFE0090F1F727FC962027
:10F82000F1F79DFC9DF800001E2802D0FF2006B0D5
:10F8300010BD00243AE0F1F723FC04EB44028C4BAA
:10F840001A44517804EB4402985CF1F719FEF1F781
:10F850000DFC9620F1F783FCF1F712FC04EB440158
:10F86000834A515C41F08000F1F7E0FD5520F1F74B
:10F87000DDFD5520F1F7DAFD0090F1F7F7FB96205A
:10F88000F1F76DFC04EB44007949084440789DF899
:10F890000010884205D004EB440075490844807884
:10F8A000C5E75020F1F755FC601CC4B2042CC2DB44
:10F8B00000246FE0F1F7E4FB221D02EB42026C4BE7
:10F8C0001A445178221D02EB4202985CF1F7D8FDF0
:10F8D000F1F7CCFB9620F1F742FCF1F7D1FB211DAB
:10F8E00001EB4101624A515C41F08000F1F79EFD5D
:10F8F0005520F1F79BFD5520F1F798FD0090F1F7A9
:10F90000B5FB9620F1F72BFC201D00EB4000584979
:10F91000084440789DF80010884206D0201D00EB76
:10F92000400053490844807881E75020F1F711FCEA
:10F93000F1F7A6FB9220F1F779FD062201A912202A
:10F94000F1F754FDF1F792FB9DF80500000200B2BB
:10F950009DF80410084304EB440103AA22F81100A7
:10F960009DF80700000200B29DF80610084304EB62
:10F97000440102EB410148809DF80900000200B2F9
:10F980009DF80810084304EB440102EB4101888014
:10F99000601CC4B2022C8DDBF1F772FB00216D20DC
:10F9A000F1F76EFDF1F762FB9620F1F7D8FBF1F766
:10F9B00067FBED20F1F73AFD5520F1F737FD5520B3
:10F9C000F1F734FD0090F1F751FB9620F1F7C7FBFA
:10F9D0009DF8000008B1042029E7F1F751FBB6219A
:10F9E0007E20F1F74DFDF1F741FB5020F1F7B1FB1F
:10F9F000BDF90C00BDF91210401A40F25551884271
:10FA000010DBBDF90E10BDF91400081A40F2555173
:10FA1000884207DBBDF91010BDF91600081AB0F5D1
:10FA20002A7F01DA802002E7F1F72AFB8020F1F734
:10FA3000FDFC5520F1F7FAFC5520F1F7F7FC00909A
:10FA4000F1F714FB9620F1F78AFBF1F719FB802000
:10FA5000F1F7ECFC5520F1F7E9FC5520F1F7E6FC55
:10FA60000090F1F703FB9620F1F779FB0020DEE62A
:10FA7000B27D010838B5002400200090F1F716FB94
:10FA800069460020F1F7C5FCF1F706FB9620F1F777
:10FA900066FBF1F70BFB69460020F1F7BAFCF1F7C2
:10FAA000FBFA9620F1F75BFBF1F700FBB62114207F
:10FAB000F1F7E6FCF1F7F0FA5020F1F74AFBF1F725
:10FAC000F5FA69460020F1F7A4FCF1F7E5FA962073
:10FAD000F1F745FBF1F7EAFA69460020F1F799FCE6
:10FAE000F1F7DAFA9620F1F73AFB9DF800000F28BB
:10FAF00001D0FF2038BD00242FE0F1F7D7FA04EB46
:10FB00004402184B1A44517804EB4402985CF1F714
:10FB1000B7FCF1F7C1FA9620F1F721FBF1F7C6FA2D
:10FB200004EB44010F4A505C6946F1F772FCF1F7AF
:10FB3000B3FA9620F1F713FB04EB4400094908449B
:10FB400040789DF80010884205D004EB4400054938
:10FB500008448078CEE7601CC4B2062CCDDB0020C0
:10FB6000C8E700004604002038B5002000900024BB
:10FB7000F1F79CFA69460020F1F74BFCF1F78CFA9B
:10FB80009620F1F7ECFAF1F791FA69460020F1F7C7
:10FB900040FCF1F781FA9620F1F7E1FAF1F786FAE5
:10FBA000B6211420F1F76CFCF1F776FA5020F1F74A
:10FBB000D0FAF1F77BFA69460020F1F72AFCF1F759
:10FBC0006BFA9620F1F7CBFAF1F770FA694600204C
:10FBD000F1F71FFCF1F760FA9620F1F7C0FAF1F7A0
:10FBE00065FA01213C20F1F74BFCF1F755FA502062
:10FBF000F1F7AFFA00BFF1F759FA69463C20F1F787
:10FC000008FCF1F749FA9620F1F7A9FA601CC4B292
:10FC10009DF8000000F0020008B90A2CEBDB0A2C6A
:10FC200001D1402038BD9DF8000000F0040008B16B
:10FC30004020F7E70020F5E7002002490968C86383
:10FC40007047000058230020034A12689062024A5D
:10FC50001268D163704700005823002070B5064633
:10FC60000C46354634B9294605F10C00F7F786FDF8
:10FC7000002070BD012C23D1124A294605F10C0049
:10FC8000F7F73EFD0F48008844F6206188420EDDFC
:10FC900000200C490880FFF7CFFF2420F9F716F861
:10FCA00055200949087003F043FE0120E1E7F9F708
:10FCB00035F842F210715F20FFF7C6FF0020D8E749
:10FCC0000020D6E774010020D000002000B58BB0E2
:10FCD0000120099000200790012008900020019049
:10FCE0000290039004900690059001A90C48F2F749
:10FCF000E1FD0B48F3F703FC02210948F2F71AFD76
:10FD00000E200A90069001A90648F2F7D3FD054897
:10FD1000F3F7F5FB02210348F2F70CFD0BB000BD31
:10FD20007C1F0020A41F002010B5044604B910BD9C
:10FD3000207B012803D1204600F05EFE1AE0207BE4
:10FD4000022803D1204600F0E3FC13E0207B0328C7
:10FD500003D1204601F056F90CE0207B042803D1A2
:10FD6000204600F0FBFD05E0207B052802D120465F
:10FD700000F054FE207B10B9204601F041FA00BF8C
:10FD8000D5E7000010B52DED048B044614B9BDEC89
:10FD9000048B10BDFC48C07A012802D103202073D7
:10FDA00027E0F948808A00F4006018B9F648C07A64
:10FDB000032804D102202073F449086019E0F248B6
:10FDC000808A00F4806018B9EF48C07A022810D108
:10FDD00001202073ED48006810B90320207308E06B
:10FDE000EA480068022802D10120207301E00320C4
:10FDF0002073E7480068012801D100202073E548FE
:10FE00000068012803D102202073E0490860E2481D
:10FE1000006801280FD12073DC48006810B9032066
:10FE2000207308E0D9480068022802D1012020731D
:10FE300001E00320207303F0CDF908B10120207305
:10FE4000002005F085FF08B100202073CE48808A8D
:10FE500000F4007010B90120D0490860CA48808AB7
:10FE600000F40070D0B1CD480068B8B10020CB4993
:10FE70000860C7480068012808D10020C44908600C
:10FE8000C54908600120C349086007E00120C04956
:10FE900008600020C0490860BE490860C04800688A
:10FEA000C0490860B848007D00F0100030B9B6487D
:10FEB000808A00F4804008B1012000E00020B849A9
:10FEC000086008460068B7490968401A01284DD102
:10FED000AF480068012825D1AE48006810BBAE4885
:10FEE0000068F8B9B048006801280DD102202073DD
:10FEF0000020A74908600120A64908600020A64903
:10FF00000860A949086031E0032020730120A0495E
:10FF1000086000209F4908609F4908600120A249AD
:10FF2000086023E003202073012099490860002025
:10FF3000984908609849086001209B4908609B48DF
:10FF400090ED490A10EE101A0846F0F797FB41ECC5
:10FF5000190B9FED970B53EC102BF0F706FB41ECC0
:10FF6000180BF0F7CFFB9149C1F82401207B03283F
:10FF700075D191484078012800D100E000208A49DD
:10FF8000096809B9012100E00021084020B19FED76
:10FF90008B0A8B4880ED000A87484078022801D1FF
:10FFA000012000E000208049096809B9012100E032
:10FFB0000021084020B1B7EE000A814880ED000A18
:10FFC0007D484078032801D1012000E000207649D7
:10FFD000096809B9012100E00021084020B1B7EE0D
:10FFE000080A774880ED000A73484078012800D15C
:10FFF00000E000206C490968012900D100E00021DF
:020000040801F1
:10000000084020B1B7EE000A6D4880ED000A6A484A
:100010004078022801D1012000E0002062490968EF
:10002000012900D100E00021084020B19FED650AC0
:10003000634880ED000A60484078032801D1012020
:1000400000E0002058490968012900D100E00021A2
:10005000084020B1B7EE080A594880ED000A5A4816
:1000600000685A4908604848007D00F0100030B12F
:100070004548007D00F0400008B1012000E000206C
:10008000514908600846006850490968401A01282B
:1000900008D1464890ED490ADFED4D0A30EE200ABE
:1000A00080ED490A4B4800684B4908603648007D9E
:1000B00000F0100030B93448007D00F0400008B175
:1000C000012000E0002043490860084600684249DA
:1000D0000968401A012816D1344890ED490A10EEFB
:1000E000101A0846F0F7CAFA41EC190B9FED3B0BCA
:1000F00053EC102BF0F798F941EC180BF0F702FBDA
:100100002A49C1F8240137480068374908601E4869
:10011000007D00F0100030B91B48007D00F0800029
:1001200008B1012000E000202E4908600846006860
:100130002D490968401A012816D11C4890ED490A3A
:1001400010EE101A0846F0F799FA41EC190B9FEDE2
:10015000230B53EC102BF0F708FA41EC180BF0F7D7
:10016000D1FA1249C1F824012048006820490860EA
:100170000548007D00F01000E0BB0348808A00F4D1
:100180008070B8B3012037E0604300200C030020EA
:10019000980200209C020020A0020020EC02002017
:1001A000BC020020C0020020B00200204C0E002043
:1001B000E02EF564DC349E3FEE430020CDCC4C3F76
:1001C000AC0200209A99993FC4020020C802002086
:1001D000DB0F4940CC020020D0020020000000606C
:1001E000FB21F93FD4020020D8020020DC020020CD
:1001F000E0020020FFE700206B4908600846006825
:100200006A490968401A01281BD169480068012819
:1002100017D0684890ED000ADFED670AB4EE600A77
:10022000F1EE10FA04D19FED650A80ED000A08E0B6
:100230005F480068012804D09FED5F0A5D4880EDAB
:10024000000A5F48C07A02281ED100205849086081
:100250005C4908605C4908605C4908605C4908606A
:100260005C4908605C4908605C4908605C4908605A
:100270005C4908605C4908605C4908605C4908604A
:1002800049490860494908604D48808A00F4806007
:1002900010B90120574908604948808A00F48060FD
:1002A000D8B154480068C0B100205249086046489F
:1002B0000068012808D100203D49086042490860D3
:1002C00001204049086008E0002039490860012009
:1002D0003D49086000203B4908603948808A00F4A5
:1002E000005048B10220207300203749086030498F
:1002F00008600120334908603148808A00F40070AA
:1003000010B901203C4908602D48808A00F4007033
:10031000D0B139480068B8B1002037490860244896
:100320000068012808D1002021490860264908609A
:1003300001202449086007E001201D4908600020D1
:10034000214908601F4908601D48007D00F0100029
:1003500038B91B48808A00F4806010B10120274919
:1003600008801748808A00F4007018B910480068A7
:10037000012801D1002020731148808A00F4006018
:1003800018B910480068012801D1002020730C48DA
:10039000808A00F4806018B90B480068012801D1F8
:1003A0000420207300BFF2E4DC020020E002002001
:1003B00098020020A8020020DB0F493F0000000047
:1003C000604300209C020020A0020020B402002014
:1003D000B8020020BC020020C0020020C40200209D
:1003E000C8020020CC020020D0020020D40200204D
:1003F000D8020020F0020020EC020020C000002003
:1004000010B52DED048B84B09FED640AB0EE408AE8
:100410009FED620AB0EE409A9FED600AF0EE408ACE
:100420000020009001900290039000245C48D0EDE1
:100430007A1AB0EE611AD0ED791AF0EE610AD0EDB9
:10044000781AB0EE610A684600F092FE5448007BCC
:10045000052802D05248007BA0B9684600EB840012
:1004600090ED000ABDEEC00A10EE100A01B204EBD6
:1004700084024B48103000EB8200018204B0BDECD6
:10048000048B10BD002423E0684600EB840090ED4F
:10049000000A04EB84014248103000EB810080ED3B
:1004A000030A04EB84013E48103000EB8100D0EDDC
:1004B000030AB0EE600A01F025FEF0EE408AB4EEC9
:1004C000E88AF1EE10FA01D2B0EE688A601CC4B27C
:1004D000042CD9DBB0EE000AB4EEC08AF1EE10FABB
:1004E0001DDDB0EE000AC0EE080AB0EE609A0024EE
:1004F00013E004EB84012A48103000EB810090EDFA
:10050000030A20EE090A04EB84012548103000EBB1
:10051000810080ED030A601CC4B2042CE9DB0024D6
:100520001DE004EB84021E49103101EB820191EDC4
:10053000031AF0EE410A04EB84021949103101EB71
:10054000820191ED021AB0EE410A04EB0412144943
:10055000603101EB8200F8F78DFA601CC4B2042C04
:10056000DFDB002415E004EB04110D48603000EBE4
:10057000810090ED070ABDEEC00A10EE100A01B22C
:1005800004EB84020648103000EB82000182601CFC
:10059000C4B2042CE7DB00BF70E7000000000000DD
:1005A000180C002010B5002400BF2AE004EB8401E1
:1005B0004F4850F82100B0F9020000EE100AB8EEE2
:1005C000C00ADFED4C0A20EE200A04EB8401484803
:1005D00000EB810080ED020A04EB04114448503026
:1005E00000EB810090ED0B0ADFED430A20EE200ABC
:1005F00004EB84013E4800EB810080ED010A601CA1
:10060000C4B2042CD2DB3A48103890ED060AD0ED83
:100610000B0A30EE600AD0ED100A30EE600AD0ED21
:10062000150A30EE200AF5EE000A20EE200A80EDD1
:10063000750A90ED060AD0ED0B0A30EE200AD0EDD7
:10064000100A30EE600AD0ED150A30EE600AF5EEC1
:10065000000A20EE200A80ED760A90ED060AB1EE3F
:10066000400AD0ED0B0A30EE600AD0ED100A30EEF1
:10067000600AD0ED150A30EE600AF5EE000A20EEB1
:10068000200ADFED1E0A80EE201A80ED771A1C4842
:10069000D0ED000A1B4890ED461A70EEC10AB0EE8C
:1006A000600A9FED191ADFED190A03F0A1FC10484A
:1006B000103880ED840A1248D0ED010A114890EDFF
:1006C000961A70EEC10AB0EE600A9FED0F1ADFEDC8
:1006D0000F0A03F08DFC0648103880ED850A0848A3
:1006E00090ED020A0248103880ED860A10BD000025
:1006F000280C00200A01DA390000FA43CDCC4C3E28
:10070000141E00204C0E0020DB0F4940DB0F49C0B7
:1007100010B52DED028B82B004461CB902B0BDECC1
:10072000028B10BD9FED460A8DED010A9FED440A34
:100730008DED000A2246694601A800F09BF99FED65
:10074000400AB0EE408A9FED3E0AF0EE408A2068F3
:10075000D0ED460AB1EE061A71EE600AB0EE600AFC
:10076000EFF7CCFDB0EE408A2068D0ED460AB1EE3E
:10077000061A71EE600AB0EE600AEFF783FDF0EE44
:10078000408A9DED010A84ED780A9DED000A84ED12
:10079000790A9FED2C1ADFED2C0A2C4890ED000A07
:1007A00003F026FCDFED2A0A30EE200ADFED290AED
:1007B00030EE600A84ED7C0A2068D0ED460AB1EE86
:1007C000061A70EEC10AB0EE600A9FED1E1ADFED48
:1007D0001E0A03F00DFC84ED7B0A94ED7C1AF0EE0A
:1007E000410A94ED7B1AB0EE410A04F5B870F8F7AF
:1007F00041F9B1EE400A84ED7A0AD4ED7E1AB0EEEA
:10080000611AD4ED7F1AF0EE610AD4ED781AB0EED9
:10081000610A01F02FFE84ED780AD4ED801AB0EE63
:10082000611AD4ED811AF0EE610AD4ED791AB0EEB6
:10083000610A01F01FFE84ED790A00BF6EE7000037
:1008400000000000DB0F4940DB0F49C0A802002078
:100850007EC33040C3F5484010B502F05DF82E4924
:10086000086002F037F82C49486000241BE020465D
:1008700001F05EFF04EB84022749103141F82200A9
:1008800004EB0412503101EB82009FED242ADFEDCE
:10089000241A9FED241ADFED240A9FED240AF8F7AD
:1008A0009FF9601CC4B2042CE1DB9FED212ADFED2F
:1008B000211AB1EE001ADFED200AB1EE080A1F4836
:1008C000F8F78EF91E499FED1F0A1C48443001F0CD
:1008D00051FD1D499FED1B0A1848543001F04AFD97
:1008E0009FED1A0A0C4880ED7E0A9FED190A80EDF3
:1008F0007F0AB0EE000A80ED800AB8EE000A80EDB3
:10090000810A9FED140A80ED820A9FED130A80EDA3
:10091000830AFFF747FE10BD180C002000401C465C
:100920000080BB45CDCCCC3C6F12033A00803B45E8
:10093000CDCC4C3E0000AF4300000000880D0020ED
:10094000407A01086F12033B447A010833331340A5
:10095000333313C06666E63F6666E6BF10B52DED1D
:10096000028B82B004461CB902B0BDEC028B10BDF4
:100970009FED1E0A8DED010A9FED1C0A8DED000A08
:100980009FED1A0AB0EE408A2246694601A800F09F
:1009900071F81748B0F9040000EE100AB8EEC00A6A
:1009A000DFED140A20EE200AB0EE408A84ED7A8A48
:1009B00094ED7E0AB0EE401A94ED7F0AF0EE400A04
:1009C0009DED010A01F056FD84ED780A94ED800A50
:1009D000B0EE401A94ED810AF0EE400A9DED000A57
:1009E00001F048FD84ED790A00BFBDE7000000007A
:1009F000604300200AD7233C00B970479FED060AE8
:100A000080ED780A9FED040A80ED790A9FED020AD5
:100A100080ED7A0A00BFF0E70000000000B97047DF
:100A20001349B1F9001001EB8101490000EE101AE1
:100A3000B8EEC00A80ED780A0D49B1F902104942BA
:100A400001EB8101490000EE101AB8EEC00A80EDFA
:100A5000790A0749B1F90410494201EB81014900C3
:100A600000EE101AB8EEC00A80ED7A0A00BFD6E791
:100A7000604300202DE9F0412DED0A8B07468846A2
:100A800014461CB117B1B8F1000F03D1BDEC0A8BAD
:100A9000BDE8F081E9480068012805D1E848D0EDBB
:100AA000008A90ED018A2FE0E648B0F900000A289C
:100AB00005DCE448B0F9000010F10A0F03DAE14860
:100AC000B0F9005000E00025DE48B0F902000A2825
:100AD00005DCDC48B0F9020010F10A0F03DAD9484E
:100AE000B0F9026000E0002600EE105AB8EEC00A2D
:100AF000DFEDD50A60EE208A00EE106AB8EEC00A7B
:100B0000DFEDD20A20EE208ACE48007D00F00400FE
:100B1000C8B3CC48007D00F02000C8B194ED7E0A37
:100B2000B4EEE80AF1EE10FA0DDDC94890ED000AC6
:100B3000DFEDC80A30EE200A80ED000A90ED000AD1
:100B4000F0EE408A6FE094ED7E0AF0EE408A6AE0B3
:100B5000BC48007D00F01000B0B194ED7E0A10EEAC
:100B6000101A0846EFF78AFD41EC1A0B9FEDBA0BFD
:100B700053EC102BEFF7FFFC41EC190BEFF7C2FD24
:100B800008EE900A4FE004E094ED7E0AF0EE408A11
:100B900049E0AC48007D00F00800C8B3A948007DDA
:100BA00000F02000C8B194ED7F0AB4EEE80AF1EE3F
:100BB00010FA0DD2A64890ED000ADFEDA60A30EE3D
:100BC000600A80ED000A90ED000AF0EE408A2AE00B
:100BD00094ED7F0AF0EE408A25E09A48007D00F00F
:100BE0001000B0B194ED7F0A10EE101A0846EFF72E
:100BF00045FD41EC1A0B9FED980B53EC102BEFF7D2
:100C0000BAFC41EC190BEFF77DFD08EE900A0AE003
:100C100004E094ED7F0AF0EE408A04E09FED900A34
:100C20008B4880ED000A8748007D00F0020098B3F1
:100C30008448007D00F02000C8B194ED800AB4EE35
:100C4000C80AF1EE10FA0DDD864890ED000ADFEDDE
:100C5000860A30EE200A80ED000A90ED000AB0EE20
:100C6000408A63E094ED800AB0EE408A5EE094ED45
:100C7000800AB4EEC80AF1EE10FA0EDD794890ED64
:100C8000000ADFED7A0A30EE200A80ED000A90EDCE
:100C9000000AB0EE408A49E004E094ED800AB0EE2C
:100CA000408A43E06748007D00F0010098B3654842
:100CB000007D00F02000C8B194ED810AB4EEC80AAE
:100CC000F1EE10FA0DD2674890ED000ADFED660AEA
:100CD00030EE600A80ED000A90ED000AB0EE408A26
:100CE00024E094ED810AB0EE408A1FE094ED810A81
:100CF000B4EEC80AF1EE10FA0ED25A4890ED000A8E
:100D0000DFED5A0A30EE600A80ED000A90ED000A2D
:100D1000B0EE408A0AE004E094ED810AB0EE408A29
:100D200004E09FED4F0A4F4880ED000AB0EE680ADC
:100D300004F5DA7001F0F4FAB0EE480A04F5E27056
:100D400001F0EEFA9FED4A0AF4EEC08AF1EE10FAD5
:100D50000AD29FED480AF4EEC08AF1EE10FA03DDE4
:100D60009FED3F0A84ED6E0A9FED430AB4EEC08A00
:100D7000F1EE10FA0AD29FED410AB4EEC08AF1EE0C
:100D800010FA03DD9FED360A84ED720A18EE900A20
:100D9000EFF774FC41EC1C0B9FED390B53EC102B5F
:100DA000EFF7E9FB41EC1A0B37480068EFF766FCF8
:100DB00041EC1C0B9FED350B53EC102BEFF7DBFBDD
:100DC00041EC1B0B53EC1A2BEFF72EFB41EC190BEC
:100DD000EFF798FC2C49086018EE100AEFF74EFC6C
:100DE00041EC1C0B9FED260B53EC102BEFF7C3FBD4
:100DF00041EC1A0B27480068EFF740FC41EC1C0B54
:100E00009FED220B53EC102BEFF7B5FB41EC190BC8
:100E100053EC1A2BEFF708FB41EC1B0BEFF772FCBE
:100E20001C490860184890ED000A87ED000A084642
:100E300090ED000A88ED000A00BF27E60C030020B1
:100E40007045002060430020A69BC4BB0AD7A3BB0B
:100E5000F80200206F12833A000000000000F83F03
:100E600000000000FC020020A69B443B0AD7233C64
:100E700090C2753D90C275BDCCCC4C3DCCCC4CBD28
:100E8000D7A3703D0AD7EF3F040300207B14AE4781
:100E9000E17A743F0803002010B50248FEF744FFD2
:100EA00010BD0000180C002010B50248FEF76AFFC4
:100EB00010BD0000180C002040F2651005F066FC23
:100EC000FFF7CAFC02E0022005F060FC012004F0FC
:100ED0003FFF0028F7D1022004F03AFF0028F2D1AA
:100EE000032004F035FF0028EDD1042004F030FF8A
:100EF0000028E8D177E0FFF7D7FFFFF753FBFFF7B4
:100F0000CBFFFFF77DFA002419E0E0B201F010FCFE
:100F100004EB8402344941F8220004EB04125031FE
:100F200001EB82009FED312ADFED311A9FED311A7E
:100F3000DFED310A9FED310AF7F752FE641C042CF5
:100F4000E3DB2948103890ED060A2D4880ED000AB1
:100F50002548103890ED0B0A294880ED010A2248F7
:100F6000103890ED100A264880ED020A1E4810380D
:100F700090ED150A224880ED030A1B48103890EDC9
:100F8000070A1F4880ED040A1748103890ED0C0A34
:100F90001B4880ED050A1448103890ED110A1848D6
:100FA00080ED060A1048103890ED160A144880EDBE
:100FB000070A002004F0CCFE30B100231A4619467F
:100FC0001846F0F779FA0BE0074C103CB4F95C30A6
:100FD000B4F94820B4F93410B4F92000F0F76CFAF1
:100FE000022005F0D3FB86E7280C002000401C46B9
:100FF00000007A45CDCCCC3C6F12033A00803B45D3
:10100000F00B002010B52DED0A8B82B004461CB900
:1010100002B0BDEC0A8B10BD9FED4E0A8DED010AAA
:101020009FED4C0A8DED000A9FED4A9A22466946D3
:1010300001A8FFF71FFD9FED470AB0EE408A9FED24
:10104000450AF0EE408A2068D0ED460AB1EE061A55
:1010500071EE600AB0EE600AEFF750F9B0EE408A28
:101060002068D0ED460AB1EE061A71EE600AB0EEC5
:10107000600AEFF707F9F0EE408A9DED010A28EECD
:10108000800ADDED000A08EE600A84ED780A9DED25
:10109000010A28EE000ADDED000A08EEA00A84ED40
:1010A000790A9DED010AB5EEC00AF1EE10FA06D1FB
:1010B0009DED000AB5EEC00AF1EE10FA04D0264804
:1010C000808A00F4007048B1244890ED000AF2EEE6
:1010D000060A20EE200A84ED7A0A19E01F4800680B
:1010E000EFF7CCFA41EC1C0B9FED1D0B53EC102BD2
:1010F000EFF741FA41EC1B0B9FED1B0B53EC102B50
:10110000EFF739FA41EC1A0BEFF7FCFAC4F8E801F3
:10111000D4ED821AB0EE611AD4ED831AF0EE610AB2
:10112000D4ED781AB0EE610A01F0A4F984ED780AE2
:10113000D4ED821AB0EE611AD4ED831AF0EE610A92
:10114000D4ED791AB0EE610A01F094F984ED790AD0
:1011500000BF5DE70000000060430020AC020020FB
:10116000666666666666E63F000000000000264090
:10117000F1EE401A9FED1F2A61EE821A9FED1D2AA3
:1011800040EE821A9FED1C2A42EE011AC0ED001AB1
:10119000F1EE401A9FED192A61EE821A9FED152A91
:1011A00040EE821A9FED142A42EE011AC0ED011A98
:1011B000F1EE401A9FED112A61EE821A9FED0F2A7F
:1011C00040EE821A9FED0C2A42EE011AC0ED021A7F
:1011D000F1EE401A9FED072A61EE821A9FED072A71
:1011E00040EE821A9FED042A42EE011AC0ED031A66
:1011F00070470000F4FD343FCDCC4C3EF4FD34BFCD
:1012000000B970479FED060A80ED780A9FED040A49
:1012100080ED790A9FED020A80ED7A0A00BFF0E7BF
:10122000000000007CB504460D464FF48070ADF818
:101230000000ADF80450ADF8024002208DF8060021
:1012400000208DF8070008236A4640F20131A520EE
:1012500003F048FE7CBD0000074800680749B0FB6A
:10126000F1F007490870044800684FF47A71B0FB48
:10127000F1F00449086070478404002040420F00E8
:10128000580400205C04002070B5034600240021AF
:101290000020002200254FF0E02675690D4E3678BB
:1012A00003FB06F44FF0E026B16910E04FF0E026B2
:1012B000B06988420BD0884202D20E1A324402E052
:1012C0002E1A0E4432440146A24200D300E0EDE75C
:1012D00000BF70BD5804002010B5044604EBC400E4
:1012E000454901EB8000006804EBC401424A02EB6F
:1012F0008101486006F0F6F804EBC4013E4A02EBB7
:101300008101086004EBC400114601EB8000C07C41
:10131000C0F38010B0B104EBC40001EB8000C07CCE
:1013200020F0400004EBC40102EB8101C87404EB1F
:10133000C400114601EB8000006804EBC40102EB1D
:101340008101C86004EBC4002B4901EB8000806977
:1013500090B304EBC401284A02EB810188698047FD
:1013600058B304EBC400244901EB8000C07C20F09A
:101370002000203004EBC4011F4A02EB8101C87435
:1013800004EBC400114601EB8000C07C20F080001B
:10139000803004EBC40102EB8101C87404EBC4008B
:1013A000114601EB8000006A28B304EBC40102EB94
:1013B0008101086A80471EE00FE0FFE704EBC400EC
:1013C0000D4901EB8000C07C20F0800004EBC401DB
:1013D000094A02EB8101C8740DE004EBC400064920
:1013E00001EB8000C07C20F0800004EBC401024AC5
:1013F00002EB8101C87410BDCD1A002010B598B061
:1014000004465C22554901A8EEF7E3FF00209FE067
:1014100000EB400101AA32F8112000EBC001504B53
:1014200003EB8101098A62F30B0100EBC00203EBBD
:101430008202118200EB400101AA02EB41014A88BD
:1014400000EBC00103EB8101B1F8111062F30F1141
:1014500000EBC00203EB8202A2F8111000EB400186
:1014600001AA02EB4101097900EBC00203EB820201
:10147000D27C61F3440200EBC00103EB8101CA742A
:10148000002100EBC00203EB8202916100EBC0027D
:1014900003EB8202D16100EBC00203EB8202116216
:1014A00000EBC0011A4602EB8101C97C21F0010169
:1014B000491C00EBC00203EB8202D17400EBC001B7
:1014C0001A4602EB8101C97C21F02001203100EB9A
:1014D000C00203EB8202D17400EBC0011A4602EB9A
:1014E0008101C97C21F04001403100EBC00203EBD7
:1014F0008202D17400EBC0011A4602EB8101C97C63
:1015000021F08001803100EBC00203EB8202D17434
:101510009FED140A10EE101A00EBC00203EB8202DA
:10152000516100EBC0011A4602EB81010C6000EB37
:10153000C00102EB81014C6000EBC00102EB8101B4
:101540008C6000EBC00102EB8101CC60411CC8B291
:101550000F28FFF65DAF18B010BD0000487A0108F3
:10156000CD1A00200000000005F0BCFF9B49086078
:1015700008460068FFF742FF392005F007F92CE123
:1015800005F0B0FF954908600F209549087095480F
:1015900090F82F0220F04001924880F82F1290F826
:1015A0002F0220F020018F4880F82F12002409E13B
:1015B00004EBC4008B4901EB8000C07C00F001000B
:1015C00000B9FEE004EBC400864901EB800000682E
:1015D00082490968081A04EBC401824A02EB8101BE
:1015E000098AC1F30B01884260D904EBC40011469B
:1015F00001EB8000C07CC0F3401008BB04EBC400CA
:1016000001EB8000C07C20F04000403004EBC401BE
:1016100002EB8101C87404EBC400114601EB8000A9
:10162000C07C20F02000203004EBC40102EB8101DB
:10163000C8746A48006804EBC40102EB8101886049
:1016400004EBC400674901EB8000C07CC0F3430099
:101650006349097801EBC101624A02EB8101C97C4F
:10166000C1F34301884201DD5D490C705D4890F88B
:101670002F0220F0400040305A4981F82F020846DE
:1016800090F82F0220F02000203081F82F0204EB88
:10169000C40001EB8000C069002806D004EBC4013F
:1016A000504A02EB8101C869804789E004EBC4001D
:1016B0004C4901EB8000C06848490968081A04EBEE
:1016C000C401484A02EB8101B1F81110B0EB111FBF
:1016D0001BD204EBC400114601EB8000C07C20F05B
:1016E000400004EBC40102EB8101C87404EBC400A8
:1016F000114601EB8000C07C20F02000203004EB7C
:10170000C40102EB8101C8745AE004EBC4003549FE
:1017100001EB8000C07C20F0400004EBC401314AA2
:1017200002EB8101C87404EBC400114601EB800098
:10173000C07CC00968B104EBC40001EB8000C07C30
:1017400020F02000203004EBC40102EB8101C874BA
:101750000DE004EBC400234901EB8000C07C20F0C5
:10176000200004EBC4011F4A02EB8101C87404EBA2
:10177000C4001C4901EB8000006804EBC401194A55
:1017800002EB8101496888421AD904EBC400114672
:1017900001EB8000006804EBC40102EB81014968A1
:1017A000401A00EE100AF8EE400A9FED0F1A81EE83
:1017B000200A10EE100A04EBC40102EB810148611B
:1017C00000BF641C0F2CFFF6F3AE0A2004F0DEFF0E
:1017D000002004F053FE05490860D1E6C80000204F
:1017E000CC000020CD1A002000007A44C400002064
:1017F00070B58AB005460E4614464FF48170ADF8B8
:101800000400ADF80650ADF8086000208DF80A001D
:1018100000218DF80B102D218DF80C109DF80D0076
:1018200020F0380008308DF80D009DF80D0064F3AD
:1018300002008DF80D00BDF80D0020F4707000F569
:10184000107001A9ADF80D009DF80E0020F03C00CD
:1018500010308DF80E00BDF811006FF30900C01CA8
:10186000ADF8110040F22A31BDF8120061F38C008E
:10187000ADF812006421BDF8130061F34F1001A907
:10188000ADF8130040F25641BDF8160061F38C002C
:10189000ADF816008221BDF8170061F34F1001A9C1
:1018A000ADF8170000218DF819108DF81A102E21AF
:1018B0008DF81B109DF81C0020F038018DF81C10CD
:1018C0009DF81C1064F302018DF81C10BDF81C007B
:1018D00020F4707101F5E07101A8ADF81C109DF8BD
:1018E0001D0020F03C0108318DF81D10BDF82000CE
:1018F000810A89021C3101A8ADF820104FF44B7207
:10190000BDF8211062F38C01ADF821107322BDF8EF
:10191000221062F34F11ADF822100D48808800F2BA
:101920002A31BDF8252061F38C0201A8ADF82520ED
:101930007322BDF8261062F34F11ADF82610242350
:1019400001AA40F20131A52003F0CCFA0AB070BD23
:101950000004002070B58EB005460E4614464FF4C4
:101960008870ADF80400ADF80650ADF808600020AE
:101970008DF80A0000218DF80B1009218DF80C104C
:101980009DF80D0064F302008DF80D009DF80D0028
:1019900020F0380038308DF80D00BDF80D0020F42F
:1019A0007070403001A9ADF80D008E480188BDF877
:1019B0000E0061F38E10ADF80E00BDF811006FF34C
:1019C0000900801C01A9ADF8110040F21451BDF8C6
:1019D000120061F38C00ADF812004FF44D71BDF8A8
:1019E000130061F34F1001A9ADF813000021BDF8F9
:1019F000160061F38C00ADF81600BDF8170061F316
:101A00004F1001A9ADF81700BDF81500810A890231
:101A100001A8ADF815101E211530EEF7F3FC724841
:101A2000007B06282FD2DFE800F0032F54758EB715
:101A30009DF80E0020F03C0020308DF80E000A21A9
:101A4000BDF80F0061F3CF1001A9ADF80F005A20C7
:101A50008DF8190045218DF81A1052218DF81B10B0
:101A60004F218DF81C105F218DF81D1046218DF837
:101A70001E104F218DF81F10522101A8017743211C
:101A8000417745218177A3E09DF80E0020F03C00CE
:101A900020308DF80E000821BDF80F0061F3CF1043
:101AA00001A9ADF80F004E208DF819004F218DF8D7
:101AB0001A105F218DF81B104D218DF81C104F213D
:101AC0008DF81D1056218DF81E1045218DF81F1020
:101AD0007EE09DF80E0020F03C0020308DF80E00D6
:101AE0000621BDF80F0061F3CF1001A9ADF80F007A
:101AF00046208DF819004F218DF81A104C218DF8D1
:101B00001B108DF81C104F218DF81D1057218DF8DA
:101B10001E105DE09DF80E0020F03C00001D8DF8C9
:101B20000E000321BDF80F0061F3CF1001A9ADF83D
:101B30000F0054208DF819004F218DF81A105021F4
:101B40008DF81B1044E09DF80E0020F03C00203082
:101B50008DF80E000A21BDF80F0061F3CF1001A926
:101B6000ADF80F004E208DF819004F218DF81A1096
:101B70005F218DF81B1046218DF81C104F218DF828
:101B80001D104C218DF81E108DF81F104F2101A83B
:101B90000177572141771BE09DF80E0020F03C00B3
:101BA00020308DF80E000521BDF80F0061F3CF1035
:101BB00001A9ADF80F004F208DF8190050218DF8C4
:101BC0001A1045218DF81B104E218DF81C1000BFF6
:101BD00000BF332301AA40F20131A52003F082F9AE
:101BE0000EB070BD0C040020180C00203E48007898
:101BF000652840D007DC07286DD2DFE800F06C0CC8
:101C0000141C242C34006638052864D2DFE800F068
:101C10003B434B535B0001203449088040F20110E4
:101C2000334908805DE00220304908804FF481701C
:101C30002F49088055E003202C49088040F203100A
:101C40002B4908804DE00420284908804FF4827019
:101C50002749088045E005202449088040F2051006
:101C6000234908803DE00620204908804FF4837016
:101C70001F49088035E065201C49088040F2651046
:101C80001B4908802DE06620184908804FF4B37086
:101C90001749088025E067201449088040F2671042
:101CA000134908801DE06820104908804FF4B47083
:101CB0000F49088015E069200C49088040F269103E
:101CC0000B4908800DE06A20084908804FF4B57080
:101CD0000749088005E0002004490880044908807D
:101CE00000BF00BF70470000EE4300200804002042
:101CF0000A04002070B58AB005460E4614464FF41B
:101D00008170ADF80400ADF80650ADF80860002011
:101D10008DF80A0000218DF80B1019218DF80C1098
:101D20009DF80D0020F0380008308DF80D009DF86A
:101D30000D0064F302008DF80D00BDF80D0020F4D5
:101D4000707000F5107001A9ADF80D009DF80E003F
:101D500020F03C018DF80E10BDF811006FF3090062
:101D6000C01C01A9ADF8110040F2FA51BDF81200F3
:101D700061F38C00ADF812004FF4E171BDF813006F
:101D800061F34F1001A9ADF8130040F28661BDF870
:101D9000160061F38C00ADF8160040F22621BDF864
:101DA000170061F34F1001A9ADF8170000218DF85D
:101DB00019108DF81A101A218DF81B109DF81C00AF
:101DC00020F038018DF81C109DF81C1064F30201FE
:101DD0008DF81C10BDF81C0020F4707101F5E07145
:101DE00001A8ADF81C109DF81D0020F03C010C313D
:101DF0008DF81D10BDF82000810A8902891C01A8F8
:101E0000ADF820104FF4C862BDF8211062F38C01C8
:101E1000ADF821104FF4FA72BDF8221062F34F11A1
:101E2000ADF822100F48008800F5C861BDF82520E4
:101E300061F38C0201A8ADF825200A48408800F51E
:101E4000FA71BDF8262061F34F1201A8ADF82620E3
:101E5000242301AA40F20131A52003F043F80AB07F
:101E600070BD0000BC45002070B58EB005460E4622
:101E700014464FF48870ADF80400ADF80650ADF884
:101E8000086000208DF80A0000218DF80B10312128
:101E90008DF80C109DF80D0064F302008DF80D0014
:101EA0009DF80D0020F0380038308DF80D00BDF899
:101EB0000D0020F47070803001A9ADF80D009DF880
:101EC0000E0020F03C0020308DF80E003A480088CB
:101ED000BDF80E1060F38E11ADF80E10BDF81100B4
:101EE0006FF30900801C01A9ADF811006421BDF851
:101EF000120061F38C00ADF812004FF41171BDF8BF
:101F0000130061F34F1001A9ADF813000021BDF8D3
:101F1000160061F38C00ADF81600BDF8170061F3F0
:101F20004F1001A9ADF81700BDF81500810A89020C
:101F300001A8ADF815101E211530EEF763FA09213E
:101F4000BDF80F0061F3CF1001A9ADF80F005320C9
:101F50008DF8190045218DF81A1052218DF81B10AB
:101F600056218DF81C104F218DF81D1020218DF861
:101F70001E104F218DF81F10462101A801774177CF
:101F80000E48006878B10821BDF80F0061F3CF104A
:101F900001A9ADF80F004F218DF81F104E2101A8A7
:101FA000017700214177332301AA40F20131A520B6
:101FB00002F098FF0EB070BD0C04002090000020CD
:101FC00070B58EB005460E4614464FF48870ADF8D5
:101FD0000400ADF80650ADF8086000208DF80A0046
:101FE00000218DF80B1032218DF80C109DF80D009A
:101FF00064F302008DF80D009DF80D0020F038000C
:1020000038308DF80D00BDF80D0020F47070803070
:1020100001A9ADF80D009DF80E0020F03C00203025
:102020008DF80E0035480088BDF80E1060F38E1153
:10203000ADF80E10BDF811006FF30900801C01A966
:10204000ADF811006421BDF8120061F38C00ADF809
:1020500012004FF42071BDF8130061F34F1001A975
:10206000ADF813000021BDF8160061F38C00ADF847
:102070001600BDF8170061F34F1001A9ADF8170065
:10208000BDF81500810A890201A8ADF815101E21BE
:102090001530EEF7B7F91A48006888B90321BDF882
:1020A0000F0061F3CF1001A9ADF80F004C208DF89F
:1020B00019004F218DF81A1057218DF81B1013E0CD
:1020C0000421BDF80F0061F3CF1001A9ADF80F0096
:1020D00048208DF8190049218DF81A1047218DF8F4
:1020E0001B1048218DF81C10332301AA40F2013146
:1020F000A52002F0F7FE0EB070BD00000C04002019
:10210000B0020020F0EE400AF5EEC00AF1EE10FA3F
:1021100002D2B1EE600A7047B0EE600AFBE770B51C
:1021200004460026FCF76EFD054672B6616820691C
:10213000884201D920682061206906782069401C06
:102140002061A068401CA060E068401EE060284656
:10215000FCF795FF304670BD034619608818401E95
:1021600058609A600020D8601961596170472DE964
:10217000F047044688461546FCF744FD824672B691
:10218000B8F1000F00D13CE0A06800B939E0616807
:102190006069884201D920686061A068A84201DDB9
:1021A000284600E0A068054661696068401A461C40
:1021B000AE4209DB2E46324641466069EEF709F928
:1021C0006069304460610FE0A5EB06093246414684
:1021D0006069EEF7FEF808EB06014A462068EEF764
:1021E000F8F8206848446061A068401BA060E0687F
:1021F0002844E0602F465046FCF741FF3846BDE8D2
:10220000F0875046FCF73BFF4FF0FF30F7E7014601
:10221000C86870474FF4967004F0B8FA03F034FBC6
:1022200003F084F902E0052004F0B0FA082003F07E
:102230008FFD0028F7D1092003F08AFD0028F2D194
:1022400062E003F0A1FB03F09FFA03F0BBF92F4813
:1022500090ED410AF2EE040A20EE200A2C4880EDAF
:10226000000A2A4890ED420AF2EE040A20EE200A03
:10227000274880ED010A254890ED2B0AB1EE400A6F
:10228000F2EE040A20EE200A214880ED020A1F48DF
:1022900090ED2C0AF2EE040A20EE200A1C4880ED94
:1022A000030A1A48B0F80C011A4908801748B0F818
:1022B000B400194908801548B0F85C001749088037
:1022C000082003F045FDE0B9092003F041FDC0B945
:1022D000002003F03DFD38B100210846EFF714F966
:1022E0000020EFF75DF90CE00B48B0F90010094849
:1022F000B0F90000EFF708F90848B0F90000EFF76F
:102300004FF9052004F042FA9BE700000811002075
:10231000F4100020B4000020B6000020B800002017
:1023200010EE101A0160816800EE901AC16801EE8B
:10233000101A70EE811A816800EE901A80EEA11AD0
:10234000416800EE901A61EE200A816801EE101AD1
:10235000C16801EE901A31EE212A01EE101AC1EE89
:10236000021A016801EE101A41EE810A10EE901A6D
:102370004160704710EE102AC2600A688260DFED8B
:10238000050A10EE902A0260DFED020A10EE902A94
:10239000426070470000000030B587B005460C462B
:1023A000284600F07DF8049000200290022006905C
:1023B0000594F1F75BFB01A902A8F1F7ABFAF1F77D
:1023C000FFFA07B030BD70B504460D461646B200A0
:1023D00021462846EDF7FDFF70BD00002DE9F041D4
:1023E00004460D461646F1F741FB1E4804602046A0
:1023F00000F0F8F91C4908601C48056000201C49E1
:10240000086024E01948006807683A460023154828
:1024100001680220F1F7DEFA98B912480068001D41
:102420001049086011480068001D104908601048F4
:102430000068401C0E49086008460068B04206D19A
:102440000BE0F1F7BDFA4FF0FF30BDE8F081054831
:102450000068054909688842D4D900BFF1F7B0FA8D
:102460000020F2E7600400206404002068040020DB
:102470006C040020F0EE401AF4EEE01AF1EE10FACF
:1024800002D2B0EE600A7047F4EEC11AF1EE10FA13
:1024900002DDB0EE410AF6E7B0EE610AF3E70000B4
:1024A00001460020304A914203D2B1F1006F00D3BF
:1024B00058E02E4A914204D22B4A914201D3012086
:1024C00050E02B4A914204D2284A914201D3022083
:1024D00048E0284A914204D2254A914201D3032080
:1024E00040E0254A914204D2224A914201D304207D
:1024F00038E0224A914204D21F4A914201D305207A
:1025000030E01F4A914204D21C4A914201D3062076
:1025100028E01C4A914204D2194A914201D3072073
:1025200020E0194A914204D2164A914201D3082070
:1025300018E0164A914204D2134A914201D309206D
:1025400010E0134A914204D2104A914201D30A206A
:1025500008E0B1F1016F04D20D4A914201D30B2082
:1025600000E00B20704700000040000800800008D9
:1025700000C0000800000108000002080000040874
:10258000000006080000080800000A0800000C0807
:1025900000000E0830B5034613B94FF6FF7030BD8A
:1025A00009E013F8014B82EA0400C0B2054D35F88A
:1025B000100080EA2222081EA1F10101F1D110468B
:1025C000EDE70000B27B010830B5034605E013F8E3
:1025D000010B80EA02040448025D081EA1F101011A
:1025E000F5D1104630BD0000B17A0108134991EDD4
:1025F000000A80ED000A91ED010A80ED010A91EDDB
:10260000020A80ED020A0E4991ED000A80ED030AEC
:1026100091ED010A80ED040A91ED020A80ED050AB0
:10262000084991ED000A80ED060A91ED010A80ED5E
:10263000070A91ED020A80ED080A7047D41E0020B7
:10264000A01E0020AC1E00202DE9F04104460D46DE
:1026500016461F4614B10DB106B10FB9BDE8F081A1
:10266000D4ED010A94ED031A60EE810A94ED001A8C
:10267000D4ED021A41EE610AB8EE001A60EE810A4A
:10268000B0EE600AEEF70EFA86ED000A94ED001A3D
:1026900021EE011AD4ED011A94ED012A01EE821AFD
:1026A000F7EE001AB0EE002A52EE011AF0EE610ABF
:1026B00094ED001AD4ED031A21EE211AD4ED011A7B
:1026C00094ED022A01EE821AF0EE001A21EE211A90
:1026D000B0EE410AEEF7F2F985ED000A94ED001A2A
:1026E00021EE011AD4ED031A94ED032A01EE821AA9
:1026F000F7EE001AB0EE002A52EE011AF0EE610A6F
:1027000094ED001AD4ED011A21EE211AD4ED021A2B
:1027100094ED032A01EE821AF0EE001A21EE211A3E
:10272000B0EE410AEEF7CAF987ED000A00BF95E75F
:10273000014601F0030000EB8000024A02EB80003A
:10274000704700004444002010B501211D48F1F7F6
:1027500011FBC0B900201C4908601C480068401CDF
:102760001A49086008460068B0F5FA6F29DD4FF491
:10277000FA6008600120164908700122C10215485C
:10278000F1F700FB1DE001210E48F1F7F3FA0128F3
:1027900014D100200D4908600B480068401C0A490C
:1027A00008600846006832280BDD322008600022ED
:1027B0004FF400610748F1F7E5FA02E0002006490E
:1027C000087010BD000002407C010020780100204C
:1027D000D1000020001C0240D300002000487047B8
:1027E000D0440020014600202D4A914204D2B1F18C
:1027F000006F01D3104651E02A4A914204D2284A80
:10280000914201D3274849E0274A914204D2254A00
:10281000914201D3244841E0244A914204D2224A01
:10282000914201D3214839E0214A914204D21F4A02
:10283000914201D31E4831E01E4A914204D21C4A03
:10284000914201D31B4829E01B4A914204D2194A04
:10285000914201D3184821E0184A914204D2164A05
:10286000914201D3154819E0154A914204D2134A06
:10287000914201D3124811E0124A914204D2104A07
:10288000914201D30F4809E00F4A914204D20D4A08
:10289000914201D30C4801E04FF001607047000005
:1028A000004000080080000800C000080000010887
:1028B00000000208000004080000060800000808E4
:1028C00000000A0800000C0800000E0800487047CD
:1028D000A8440020004870478C0F00200048704733
:1028E000E44400200148007870470000EE430020D7
:1028F000034A12890280034A52890A807047000005
:10290000EE4300200944002000487047BC440020EA
:102910000048704794440020004870474C0E002047
:1029200010B52DED048B0446B0EE408AF0EE608ABF
:10293000B0EE419A24B99FED260ABDEC048B10BD80
:1029400084ED048AC4ED038A78EEC89A9FED211ABB
:10295000DFED210AB0EE690A01F04AFB84ED050AB9
:1029600094ED000AD4ED050A20EE200A84ED080A51
:1029700094ED090AD4ED010A94ED051A00EE810ADE
:1029800084ED090A94ED020A20EE090A84ED0A0A90
:10299000D4ED070AB0EE600A04F12400FCF7ACFBAA
:1029A00094ED080AD4ED090A30EE200AD4ED0A0AA3
:1029B00030EE200A84ED0B0AD4ED060AB0EE600A70
:1029C00004F12C00FCF798FB94ED0B0AB5E700002E
:1029D00000000000DB0F4940DB0F49C000B9704721
:1029E0009FED090A80ED040A80ED030A80ED050AD7
:1029F0009FED050A80ED0A0A80ED090A80ED080ABC
:102A000080ED0B0A00BFEAE70000000000B9704744
:102A100080ED000AC0ED010A80ED021ADFED062A02
:102A2000C0ED052ADFED042AC0ED042A80ED072A57
:102A3000C0ED061A00BFEAE70000000070B52DEDFA
:102A4000088B04460D4616460CB105B116B9BDEC0F
:102A5000088B70BD5248B0F904000A2805DC5048C4
:102A6000B0F9040010F10A0F04DA4D4880884D498E
:102A7000088002E000204B4908804948B0F9060070
:102A80000A2805DC4648B0F9060010F10A0F04DAFE
:102A90004348C0884449088002E000204249088039
:102AA0003F488089414908803D48C08940490880A5
:102AB0003E48B0F90000EDF7D0FD41EC1B0B9FED57
:102AC0003D0B53EC102BEDF756FD41EC190B3B4839
:102AD0000068EDF7D3FD41EC1B0B9FED390B53EC78
:102AE000102BEDF748FD41EC1A0B53EC192BEDF7C9
:102AF0009BFC41EC180BEDF705FE304908602C48B3
:102B0000B0F90000EDF7A9FD41EC1B0B9FED290B7F
:102B100053EC102BEDF72FFD41EC180B2A48006801
:102B2000EDF7ACFD41EC1B0B9FED250B53EC102B8F
:102B3000EDF721FD41EC1A0B53EC182BEDF774FC6B
:102B400041EC190BEDF7DEFD1F4908601548B0F99F
:102B5000000000EE100AB8EEC00ADFED1C0A20EEFD
:102B6000200A1648D0ED000A9FED191A00EEC10A9E
:102B700084ED000A0C48B0F9000000EE100AB8EE2F
:102B8000C00ADFED120A20EE200A0846D0ED000A46
:102B90009FED101A00EE810A85ED000A00BF56E78E
:102BA000604300204E030020500300202803002033
:102BB0002A030020EC51B81E85EBB13F34030020FE
:102BC000C3F5285C8FC2ED3F38030020ACC5A7B623
:102BD000F7CC923882A8FB3870B52DED048B0446F3
:102BE0000D4616460CB105B116B9BDEC048B70BD8F
:102BF0009FEDCE8ACE480078012801D100F028FB55
:102C0000CC480078012804D14FF49670CA49088056
:102C10000DE0C848007850B9C848006838B99FED41
:102C2000C30A84ED000A9FEDC10A85ED000AC2487F
:102C3000008800286FDD0020C1490870C149087074
:102C4000C1480078072839D1C0480078092833D214
:102C5000DFE800F0050A0F14191E23282D009FED50
:102C6000B30AB0EE408A28E09FEDB00AB0EE408A89
:102C700023E09FEDB70AB0EE408A1EE09FEDB50A53
:102C8000B0EE408A19E09FEDB40AB0EE408A14E03D
:102C90009FEDB20AB0EE408A0FE09FEDB10AB0EEB0
:102CA000408A00BF9FEDAF0AB0EE408A05E09FED7D
:102CB000AE0AB0EE408A00E000BF78E0A24800789B
:102CC0006B283AD1A1480078092834D2DFE800F017
:102CD000050A0F14191E24292E009FED940AB0EE48
:102CE000408A29E09FEDA10AB0EE408A24E09FEDE2
:102CF000A00AB0EE408A1FE09FED9E0AB0EE408A27
:102D00001AE09FED9D0AB0EE408A15E09FED9B0A08
:102D1000B0EE408A10E0E1E09FED990AB0EE408A03
:102D200000BF9FED980AB0EE408A05E09FED960A3D
:102D3000B0EE408A00E000BF39E0844800780928FE
:102D400033D2DFE800F0050A0F14191E23282D00E6
:102D50009FED760AB0EE408A28E09FED740AB0EE4F
:102D6000408A23E09FED7A0AB0EE408A1EE09FED94
:102D7000790AB0EE408A19E09FED840AB0EE408AED
:102D800014E09FED770AB0EE408A0FE09FED800AD5
:102D9000B0EE408A00BF9FED7F0AB0EE408A05E0AA
:102DA0009FED7D0AB0EE408A00E000BF00BF6148A1
:102DB000007801287AD1794890ED010A10EE101AB6
:102DC0000846EDF75BFC41EC190B9FED750B53ECDE
:102DD000102BEDF77FFC10D9704890ED010A10EE32
:102DE000101A0846EDF74AFC41EC190B9FED6E0BEB
:102DF00053EC102BEDF756FC09D8684890ED010A0A
:102E0000DFED6B0A20EE200A84ED000A17E063482C
:102E100090ED010AB5EEC00AF1EE10FA08D19FED6F
:102E2000430A84ED000A9FED410A85ED000A06E0A1
:102E30009FED3E0A84ED000A012041490870574881
:102E400090ED040AF0EE000AB4EEE00AF1EE10FA9A
:102E500008DA90ED040AF8EE000AB4EEE00AF1EEAA
:102E600010FA09D84D4890ED040ADFED520A20EE21
:102E7000200A85ED000A2CE0484890ED040AB5EEE2
:102E8000C00AF1EE10FA09D19FED280A84ED000A7C
:102E90009FED260A85ED000A1BE007E09FED230A5F
:102EA00085ED000A01202749087012E021480078CA
:102EB00058B92248006840B99FED1C0A84ED000A09
:102EC0009FED1A0A85ED000A03E09FED180A85EDD3
:102ED000000A19480088401E1749088017480068F2
:102EE000012821D1344890ED020AB5EEC00AF1EE76
:102EF00010FA04DD9FED310A84ED000A14E02E483B
:102F000090ED020AB5EEC00AF1EE10FA04D29FED80
:102F10002C0A84ED000A07E09FED040A84ED000A04
:102F20009FED020A85ED000A00BF5EE6000000008A
:102F3000380000203C0300203E0300200C0300204A
:102F40004403002045030020EE4300203D03002001
:102F5000A69B443AA69BC43A6F12033B52491D3BC1
:102F60000AD7233BD044583B24977F3BCDAFE6386C
:102F70002E56543AEA78CC3ACDAFE63A82A8FB3ADC
:102F800068E81F3B213C5A3B82A87B3B99BB163B20
:102F90003480373BFAED6B3B6F12833BC803002054
:102FA000000000000000024000000000000006C019
:102FB000C573B6B817B751B870450020BD37863510
:102FC000BD3786B570B505460E4614460DB106B13F
:102FD00004B970BD3748007828B9224631462846E2
:102FE00000F06EFC26E033480078022805D1224626
:102FF00031462846FFF722FD1CE02E4800780328C2
:1030000005D122463146284600F094FA12E02948BC
:103010000078042805D122463146284600F04CFAB3
:1030200008E024480078052804D122463146284685
:10303000FFF7D2FD204800781E490978884233D036
:1030400094ED980A84ED990A94ED480A84ED490AB2
:1030500018480078052809D194ED980A84ED990A5A
:103060000020164908800120154908809FED150AA7
:10307000154880ED000A9FED130A144880ED000A00
:103080009FED100A124880ED000A9FED0E0A1148CC
:1030900080ED000A9FED0B0A0F4880ED000A9FEDBE
:1030A000090A0E4880ED000A0248007802490870BB
:1030B00000BF8EE72C0300204C0300202E030020CD
:1030C0003003002000000000100300201403002043
:1030D000180300201C0300202003002024030020EC
:1030E00010B5044604B910BD204600F045F821484B
:1030F000007830B9002084F80801002184F84812D3
:1031000035E01C480078012806D1022084F8080127
:10311000022184F848122AE016480078022806D1D5
:10312000012084F80801012184F848121FE01148A9
:103130000078032806D1022084F80801022184F8CF
:10314000481214E00B480078042806D1022084F8C5
:103150000801022184F8481209E006480078052891
:1031600005D1012084F80801012184F8481200BF2C
:10317000B9E700002C03002010B5044604B910BDC7
:103180001248C07A012803D10520114908700EE0C9
:103190000E48C07A032803D102200D49087006E0CA
:1031A0000A48C07A022802D1052009490870002087
:1031B00002F0CEFD10B10020054908700348C07C24
:1031C00010B105200249087000BFD8E76043002015
:1031D0002C03002007480078012806D00548007815
:1031E000042802D00348007808B901207047002065
:1031F000FCE700002C03002005480078012802D0DD
:103200000348007808B9012070470020FCE700005F
:103210002C03002010B50C4890F8080120B90020BC
:103220000949A1F83C0102E0074800F055F90648B9
:1032300090F8480220B900210348A0F87C1202E06F
:10324000024800F049F910BD4C0E00208C0F002000
:1032500010B507480078052804D103F067F800206E
:103260000349087002480078401C0149087010BDED
:103270005800002010B52DED028B2B4A92ED930AD9
:10328000BCEEC00A10EE102A91B2274AD2F84021B3
:10329000128890B200F026FFB1EE400A224880ED7D
:1032A000960A224890ED010A1F4880ED980A1F48AF
:1032B00090ED040A1C4880ED9A0A024692ED430AFA
:1032C000BCEEC00A10EE102A91B2024612681288B3
:1032D00090B200F007FFB1EE400A134880ED460AB5
:1032E000134890ED000A104880ED480AD0ED960A88
:1032F000B0EE600AECF7C6FF0C48D0ED050A20EEF0
:10330000208A0948D0ED960AB0EE600AECF7F6FF85
:103310000648D0ED030A00EE608A034880ED4A8A31
:10332000BDEC028B10BD00004C0E0020141E0020CE
:103330002C04002010B5FFF7EBFA4D490860FFF7A9
:10334000C5FA4B49C1F84001002081F8090181F814
:1033500008010021464880F8491280F84812B1EE71
:10336000060A80ED430AB0EE080A80ED440AB8EE82
:10337000080A80ED450A9FED3F0A80ED930A9FED14
:103380003E0A80ED940ABDEE000A80ED950A9FED9D
:103390003B2AF1EE041A9FED3A1AF2EE040AB3EE5C
:1033A000060A001DFFF732FB9FED362ADFED361AC5
:1033B0009FED361ADFED360A9FED360A2C48C430F1
:1033C000F5F70EFC9FED342AF3EE041A9FED331A45
:1033D000DFED330AB3EE040A3248FFF717FB9FED27
:1033E000292ADFED311A9FED311AF0EE000A9FED28
:1033F000290A2C48C030F5F7F3FB1D48001DFFF7E4
:10340000EDFA1B489430FFF7E9FA26488038F5F7C3
:10341000C1FB2448FFF7E2FA22489030FFF7DEFABA
:103420002048C030F5F7B6FBFFF724FF104890EDB9
:10343000480A80ED490A90ED460A80ED470A90ED72
:103440004A0A80ED4B0A9FED1A0A80ED990A90ED29
:10345000960A80ED970A90ED9A0A80ED9B0A00F596
:10346000187014490860A0F59C70486010BD0000F9
:103470004C0E0020002001453333333F0000000094
:103480000AD7233C00007A4400A00C46CDCCCC3EA9
:103490009A99993E0080BB45CDCC4C3E3333B33E28
:1034A0000AD7A33C900F002000A08C4600002042C9
:1034B0004A0C823E7C45002008B101B102B9704738
:1034C0009FED040A80ED000A9FED020A81ED000ADB
:1034D00000BFF4E70000000010B5044604B910BDB9
:1034E000D4ED4A1AB0EE611AD4ED491AF0EE610A31
:1034F000D4ED481AB0EE610A201DFFF711FA84EDF1
:103500004B0A94ED4B1AF0EE410A94ED4A1AB0EED4
:10351000410A04F1C400F5F7ADFA84ED4E0A94EDCA
:103520004E0ABDEEC00A10EE100A00B2A4F83C012B
:1035300000BFD4E710B508B101B102B910BD2C4BE2
:10354000B3F904300A2B05DC294BB3F9043013F12D
:103550000A0F04DA264B9B88264C238002E00023C6
:10356000244C2380224BB3F906300A2B05DC204B78
:10357000B3F9063013F10A0F04DA1D4BDB881E4C39
:10358000238002E000231C4C23801A4BB3F9003047
:1035900000EE103AB8EEC00ADFED180A20EE200A5D
:1035A000134BB3F90C3000EE903AF8EEE00A9FEDC1
:1035B000141A00EEC10A80ED000A0F4BB3F9003077
:1035C00000EE103AB8EEC00ADFED0C0A20EE200A39
:1035D000074BB3F90E3000EE903AF8EEE00A9FED9B
:1035E000091A00EE810A81ED000A00BFA6E700007B
:1035F000604300205203002054030020ACC5A7B64E
:10360000F7CC923882A8FB3810B5134890ED480AE1
:10361000124880ED000A104890ED980A104880ED9D
:10362000000A0D4A0F491048FFF7CCFC0A4890EDFC
:10363000490A0D48D0ED000A30EE200A064880ED18
:10364000490A90ED990A0748D0ED000A30EE200AA9
:10365000014880ED990A10BD4C0E00204800002062
:103660004C000020440000204000002010B502481B
:10367000FFF736FD10BD00004C0E0020C92003F0FE
:1036800085F8FFF757FE7A48FBF702FD02207949DB
:10369000086002E0012003F079F8052002F058FBF1
:1036A0000028F7D1062002F053FB0028F2D1DDE01C
:1036B000FFF7DCFF002002F04BFBB8B100206E49A1
:1036C00008706E4908709FED6E0A6E4880ED010A21
:1036D0009FED6B0A80ED040AFFF72CFE022065497E
:1036E00008609FED690A694880ED970A01206249E8
:1036F0000870FFF7BFFDFFF787FFFFF78BFD6448FA
:10370000007B03281CD19FED5E2AF1EE041A9FED89
:10371000611AF2EE040AB3EE090A5C483430FFF78E
:1037200075F99FED5D2ADFED5D1A9FED5D1ADFED06
:103730005D0A9FED5D0A5548C430F5F751FA1BE06C
:103740009FED4F2AF1EE041A9FED581AF2EE040A8B
:10375000B3EE060A4D48001DFFF758F99FED4E2ABB
:10376000DFED4E1A9FED4E1ADFED4E0A9FED4E0A29
:103770004648C430F5F734FA4448B0F83C014C49A7
:1037800008804248B0F87C02404200B249490880B3
:10379000052002F0DDFA18B1062002F0D9FAC8B906
:1037A000002002F0D5FA68B100210846EDF7D2FEFC
:1037B0009FED410A354880ED990A90ED480A80ED69
:1037C000490A07E03B48B0F900103948B0F9000059
:1037D000EDF7C0FE052002F0BBFA28B1B1EE040AF5
:1037E000364880ED070A08E0062002F0B1FA20B161
:1037F000B9EE040A314880ED070A244890ED980A92
:103800002E4880ED000A214890ED990A2B4880ED62
:10381000010A1E4890ED480A284880ED020A1B481C
:1038200090ED490A254880ED030A1848D0F8400178
:10383000B0F9040000EE100AB8EEC00A1F4880ED8F
:10384000040A104890ED040A1C4880ED050A0D4852
:1038500090ED010A194880ED060A0C4890ED460AE1
:10386000164880ED080A012002F090FF20E70000D2
:10387000FF0000FF0C030020380000203C03002064
:1038800000000000C80300209A99193E4C0E002049
:10389000180C0020CDCC4C3E00007A4400A00C4611
:1038A000CDCCCC3E9A99993E0080BB450AD7233CAB
:1038B0003A0000203C0000204A0C823ECC10002040
:1038C00008B101B102B970479FED040A80ED000A0A
:1038D0009FED020A81ED000A00BFF4E7000000003E
:1038E00038B500240E49601818220E49FEF76BFD0A
:1038F00018340B49601801226946FEF764FD9DF8F3
:1039000000000949087008460078552803D00120B6
:103910000649087003E000210248FCF79FF938BD12
:1039200000000A08101D0020D0000020D100002057
:1039300010B500240A49081918220A49ECF749FD74
:103940001834074808490978015501210748FEF74E
:1039500023FD122202490548FEF740FD10BD00007C
:10396000441D0020101D0020D000002000000A0887
:1039700008B101B102B9704790ED000AD1ED000A1B
:103980009FED0F1A01EE600A80ED000A90ED010A2A
:10399000D1ED010A9FED0A1A01EE600A80ED010ADD
:1039A00090ED020AD1ED020A9FED051A01EE600AC0
:1039B00080ED020A13885B1C138000BFDBE7000068
:1039C00052499D39F0B50546059C00207FE093EDF6
:1039D000050A00EB4006404F07EB8606D6ED000ACD
:1039E00020EE200AD3ED060A00EB400607EB860620
:1039F00096ED011A00EE810AD3ED070A00EB4006AE
:103A000007EB860696ED021A00EE810A334E06EBAE
:103A10008006D6ED000A30EE200A05EB800686ED22
:103A2000000A93ED010A00EB40062D4F07EB8606D6
:103A3000D6ED000A20EE200AD3ED020A00EB400684
:103A400007EB860696ED011A00EE810AD3ED030A14
:103A500000EB400607EB860696ED021A00EE810A9F
:103A6000204E06EB8006D6ED000A30EE200A01EB70
:103A7000800686ED000A94ED010A00EB40061A4F1D
:103A800007EB8606D6ED000A20EE200AD4ED020AE6
:103A900000EB400607EB860696ED011A00EE810A60
:103AA000D4ED030A00EB400607EB860696ED021AFA
:103AB00000EE810A0D4E06EB8006D6ED000A30EED0
:103AC000200A02EB800686ED000A461CF0B20328AD
:103AD000FFF67DAFF0BD000000010020BC1D0020FE
:103AE00024010020D41D002048010020FC1D0020DE
:103AF00010B500BF5021EFF3118081F31188BFF39F
:103B00004F8FBFF36F8F00BF04465748007800F017
:103B1000010088B35548806C0068006800F001001F
:103B200050BB5248C06C0068006800F0010018BB30
:103B30004F48007800F00200F0B94E48007800F0DD
:103B40000200C8B94848007820F0010046490870D2
:103B50000846007840F00200087000220121464823
:103B6000F0F710F9082245494548F5F71FF900BF5D
:103B700084F3118800BF10BDFFE73D48007800F0D6
:103B8000010088B33948806C0068006800F00100CB
:103B900050BB3648C06C0068006800F0010018BBDC
:103BA0003148007800F00200F0B93248007800F0A7
:103BB0000200C8B92E48007820F001002C49087096
:103BC0000846007840F002000870002210212D48BD
:103BD000F0F7D8F809222C492C48F5F7E7F800BF90
:103BE00084F3118800BFC6E7FFE72248007800F0A1
:103BF000010088B31D48806C0068006800F0010077
:103C000050BB1A48C06C0068006800F0010018BB87
:103C10001548007800F00200F0B91548007800F06F
:103C20000200C8B91348007820F00100114908705B
:103C30000846007840F00200087000221021114868
:103C4000F0F7A0F8042212491248F5F7AFF800BFC8
:103C500084F3118800BF8EE7FFE700BF84F311886B
:103C600000BF00BF87E70000F900002058210020B6
:103C7000FA000020FB00002000040240D8000020D1
:103C8000E0000020000002408C1D0020E800002021
:103C9000F1000020F50000200149096848637047E1
:103CA0003024002010B52DED028BB0EE408A204864
:103CB0000078F0B1DFED1F0AB0EE480A1E48F4F7B5
:103CC000D9FE1D4890ED070AB5EEC00AF1EE10FAD4
:103CD00003D29FED1A0A80ED070A174890ED070AF4
:103CE000BCEEC00A10EE100A84B22046FFF7D4FFE3
:103CF0001BE09FED100AB4EEC08AF1EE10FA10DD61
:103D00000F480078401C0E49087008460078C82803
:103D100007DD0120064908709FED0A0A064880ED7C
:103D2000090A41F28730FFF7B7FFBDEC028B10BDE7
:103D30006C01002000003442381E0020000000000A
:103D40006D01002000401C4510B51B48002101609A
:103D500001711A4801600171194801808170194888
:103D600001701C211848ECF74DFB18480021016038
:103D700017480160174801808170174801801B2196
:103D80001648ECF73FFB0E211548ECF73BFB1021E2
:103D90001448ECF737FB14480021017013480180E8
:103DA0001348017013480160818013480170134863
:103DB00001604160816010BD590300205E03002056
:103DC0006303002066030020D24300206703002025
:103DD0006B0300206F03002072030020EE430020DD
:103DE00009440020174400207403002075030020BC
:103DF00077030020780300207E0300202744002062
:103E000070470000FEB504460D46164664200123A7
:103E100022461C21CDE9005602900248F0F7A6F890
:103E2000FEBD0000742000201FB50446642001215F
:103E300003AA0B46CDE90021029022461C2103482B
:103E4000F0F794F89DF80C0004B010BD7420002029
:103E500013B584B004466420012105AA0B46CDE9C0
:103E60000021029022461C210248F0F7F9F906B021
:103E700010BD00007420002010B50122402102482E
:103E8000EFF780FF10BD00000018024010B50022BF
:103E900040210248EFF776FF10BD000000180240F5
:103EA000704710B50446204600F036F910BD0000FA
:103EB00070B500250024FFF7A3FFFFF7F1FFFFF720
:103EC000E5FF3220FFF7EDFFFFF7D6FF3220FFF7C7
:103ED000E8FF0020FFF7A8FF0546102D01D0402085
:103EE00070BD0120FFF7DDFF002424E004EB440255
:103EF000134B1A44517804EB4402985CFFF7A8FF77
:103F00000120FFF7CEFF04EB44010D4A505CFFF7A0
:103F10008BFF05460120FFF7C4FF04EB440008496E
:103F200008444078A84204D004EB44000844807858
:103F3000D6E7601CC4B2042CD8DB0020D0E7000018
:103F4000C47D010810B52DED028B82B0044600201F
:103F500008EE100A062269460320FFF753FF9DF87A
:103F600000009DF8011040EA012000B208EE100A9E
:103F7000B8EEC80ADFED150A20EE200A84ED000A2B
:103F80009DF802009DF8031040EA012000B208EEFF
:103F9000100AB8EEC80ADFED0D0A20EE200A84ED03
:103FA000010A9DF804009DF8051040EA012000B2C6
:103FB00008EE100AB8EEC80ADFED040A20EE200A67
:103FC00084ED020A02B0BDEC028B10BD9A99993EB5
:103FD000002002490968C8637047000010230020D0
:103FE00042F2CF0001490968C863704710230020DE
:103FF000B4EEE01AF1EE10FA00D27047B4EEC10A46
:10400000F1EE10FA0EDD31EE602AF0EE421A03E016
:1040100030EE612AB0EE420AB4EEC10AF1EE10FAB7
:10402000F6DC13E0B4EEE00AF1EE10FA0ED231EE57
:10403000602AF0EE421A03E030EE212AB0EE420A86
:10404000B4EEE00AF1EE10FAF6D300BF00BFD4E7F9
:10405000F0F7C8FAF7F73EFCF3F726FFF4F7A8FBF2
:10406000F3F764FEF3F79AFDF3F7D0FDF3F706FEDE
:10407000F3F728FEF4F742F8F4F7C4F8F4F718FA67
:10408000F4F768FAF4F75AFBF4F7C6FAF3F73EFED2
:10409000F4F78EF8F4F750F8F4F76CF8F4F798F8B2
:1040A000F4F7D4F8F4F72CF9F4F7B0F9F4F7F2F8E0
:1040B000F4F728FBF4F760FBFBF708FEFDF7CCF8FC
:1040C00001F044F902F0BCF9F3F794FE00F030F887
:1040D00000BFFEE701460020842901D0CA1C10441D
:1040E000704700000246501AB0F5805F03DDA0F56E
:1040F000F850FF3805E010F5805F02DA41F6FF73F3
:10410000184400EE100AB8EEC00ADFED020A20EEF5
:10411000200A7047DB0F493A70B5044625460DB1B9
:10412000294600E00121084602F030FB002070BD66
:1041300010B502F01FFC002010BD10B503F0C2F94D
:10414000012801D002F0ACFD10BD7FB504460D463C
:10415000606998B1A06988B1B4F90800FFF7BAFFA7
:104160000646D4E90510CDE9006102902B4622698C
:10417000D4E9001003F0F6F8039013E0B4F9080056
:10418000FFF7A8FF064603A8CDE90060238A9AB28C
:104190002B46D4E9001003F0B3F8012802D0002028
:1041A00004B070BD0398FBE7014611B909480068E7
:1041B00000E00846024652B900BF502080F3118843
:1041C000BFF34F8FBFF36F8F00BF00BFFEE702F159
:1041D00034007047880400202DE9F04105460E4662
:1041E0001F48076800201F49096881F852001D48D0
:1041F0000068001D02F02EF950B91A48006890F8C6
:104200002C10012088401849096881431648016034
:10421000681C38B936B113480168091D134802F00B
:1042200083F91AE07C190F4800684460BC4207D249
:104230000C480168091D0E48006802F05BF90CE0AB
:1042400008480168091D0B48006802F053F90A4844
:104250000068844201D208480460BDE8F081000093
:104260009C04002088040020A004002004470020B3
:10427000900400208C040020B804002010B50446EF
:1042800002F05EF923480068401C22490860224879
:10429000006840B9204804600846006801280DD134
:1042A00000F0FAF90AE01D48006838B91A480068B9
:1042B000C06AE16A884201D817480460184800685B
:1042C000401C1749086094F82C10012088401549BB
:1042D0000968084313490860E16A01EB8101124A49
:1042E00002EB8100211D02F01FF902F053F90B4887
:1042F000006868B108480068C06AE16A884207D26D
:104300004FF0805009490860BFF34F8FBFF36F8FA4
:1043100010BD00009804002088040020A4040020A0
:10432000B4040020A00400202846002004ED00E092
:1043300008B502F005F912480068E8B9114802F022
:10434000C9F8114802F0C6F80E48104908600E4836
:104350000F49086000200F4B0F4A102100900A20DF
:1043600002F0B8FC064908600846006820B10BA1BD
:104370000348006802F0CEF902F00CF908BD000015
:10438000CC040020184700202C470020C404002043
:10439000C80400204047002088470020546D725117
:1043A0000000000010B516E002F0CAF80C48C06822
:1043B000C468201D02F04EF80A480068401E0949F2
:1043C000086009480068401E0749086002F0E2F8EA
:1043D000204600F05FF8044800680028E4D110BDD2
:1043E000F0460020980400209404002070B5044694
:1043F0000D46206C70B1216CE0680144E160D4E9A5
:104400000210884201D32168E1602846226CE168ED
:10441000EBF7DFFF70BD2DE9F04104460F4615466E
:104420004FF00008A66B206C48B9206800282CD1FA
:10443000A06803F001F980460020A06025E07DB966
:104440003946226C6068EBF7C4FF216C6068084451
:104450006060D4E90101884217D32068606014E0ED
:104460003946226CE068EBF7B4FF216CE068411A32
:10447000E1602168E068884203D2216CA068411A9B
:10448000E160022D01D106B1761E701CA06340468A
:10449000BDE8F08110B5044694F8510030B9206BA6
:1044A00002F096F8204602F093F81AE094F85100D2
:1044B000012803D1204602F08BF812E094F8510055
:1044C000022801D1012000E0002050B900BF502097
:1044D00080F31188BFF34F8FBFF36F8F00BF00BF12
:1044E000FEE710BD0146084A126812680AB90122A7
:1044F00000E000220A600A6822B9034A1268D26802
:10450000106800E000207047C404002030B54FF46C
:10451000C043174800F007042CB1C01D20F007006D
:10452000134C041B1B1B0246124C22600024114D2D
:104530006C60D018083820F007000F4C2060002471
:104540000D4D2D686C600C4D2D682C601146441A81
:104550004C60094C24680C60084D4C682C60084D78
:104560004C682C604FF00044064D2C6030BD0000BC
:1045700028480020D8040020E0040020E80400209F
:10458000E4040020F404002000BFFFF70BFF0648FE
:1045900000680128F9D94FF0805004490860BFF342
:1045A0004F8FBFF36F8FF0E72846002004ED00E047
:1045B0002DE9F04106460D4617469846069C0DB972
:1045C000246000E02760E66325640121204602F0B4
:1045D000F1FBBDE8F0812DE9F05F82460E46904682
:1045E0009B460A9F0C9C4FEA8801A522206BEBF7A3
:1045F00002FFA8F10100216B01EB800929F00709F6
:1046000009F0070008B9012000E0002050B900BF00
:10461000502080F31188BFF34F8FBFF36F8F00BF1F
:1046200000BFFEE786B1002507E0715D04F13400AC
:104630004155705D00B902E06D1C102DF5D300BF2F
:1046400000214320015502E0002084F83400072FA8
:1046500000D30627E76267640020A064201D01F0F4
:1046600046FF04F1180001F042FF2461C7F1070082
:10467000A06164620020E06484F8500084F8520075
:104680005A465146484600F0D5FB20600B9808B1C9
:104690000B980460BDE8F09F10B5002407E004EB20
:1046A00084010F4A02EB810001F014FF641C072C07
:1046B000F5D30C4801F00EFF0B4801F00BFF0B483F
:1046C00001F008FF0A4801F005FF0A4801F002FF67
:1046D00004480949086004480849086010BD000002
:1046E00028460020B4460020C8460020DC460020B2
:1046F000F0460020044700208C0400209004002095
:1047000010B50146164800E0006803688B42FBD3F1
:104710000246436813448B4204D143684C682344E7
:10472000436001460A464B6813440468A34211D112
:104730000C4C03682468A34208D04B680468646882
:1047400023444B6003681B680B6005E0054B1B6846
:104750000B6001E003680B60884200D0016010BD6F
:10476000D8040020E00400202DE9F04104460D4665
:1047700016461F464FF0000865602461B5420CD80C
:10478000F01BA169884202D34FF0010811E0211DFE
:104790000948006801F0AEFE0BE0BE4204D2BD4203
:1047A00002D34FF0010804E0211D0448006801F025
:1047B000A1FE4046BDE8F081C8040020C4040020EA
:1047C00070B5054601F0BCFEA86B08B9012400E0F5
:1047D000002401F0DFFE204670BD70B5054601F0F3
:1047E000AFFEA86BE96B884201D1012400E00024F0
:1047F00001F0D0FE204670BDF8B505460F461A48B8
:104800000068C068C468201D01F024FE94F82400EC
:1048100000F00400E8B1A06941192B463A46204651
:10482000FFF7A2FFD8B1002003462A4601460090B8
:10483000204603F06FF8064656B900BF502080F3BB
:104840001188BFF34F8FBFF36F8F00BF00BFFEE72C
:1048500005E094F8240020F0010084F824002046AC
:10486000216A8847F8BD0000C4040020F0B587B075
:10487000A0E00398002811DA04AE56B900BF50201A
:1048800080F31188BFF34F8FBFF36F8F00BF00BF5E
:10489000FEE7D6E90020B168904700BF03980028E2
:1048A000E6DB059C606908B9012000E0002010B932
:1048B000201D01F0CFFD02A800F0DEF805460398A8
:1048C0000A2875D2DFE800F00905073941630608B8
:1048D0003A4200BF00BF00BF00BF94F8240040F080
:1048E000010084F824000498A269811803462A462E
:1048F0002046FFF739FFF8B12046216A884794F82F
:10490000240000F00400B8B1002000900498A169D0
:10491000421800231946204602F0FCFF074657B90B
:1049200000BF502080F31188BFF34F8FBFF36F8F0C
:1049300000BF00BFFEE700BF3BE000BF94F82400CB
:1049400020F0010084F8240033E000BF94F8240034
:1049500040F0010084F824000498A061A06908B127
:10496000012000E0002050B900BF502080F31188E2
:10497000BFF34F8FBFF36F8F00BF00BFFEE7A0698B
:1049800041192B462A462046FFF7EEFE11E094F827
:10499000240000F0020018B9204601F019FE05E0DD
:1049A00094F8240020F0010084F8240001E0FFE7DF
:1049B00000BF00BF002203A90448006802F098FB72
:1049C00000287FF456AF07B0F0BD0000CC040020F3
:1049D000F8B505460C4602F029F8684600F04CF898
:1049E0000646009820BB44B9B54206D802F0D4FE72
:1049F00031462846FFF700FF1CE03CB10E48006836
:104A0000006808B9012000E000200446A91B2246E6
:104A10000A48006801F094FE02F0BEFE50B94FF063
:104A2000805007490860BFF34F8FBFF36F8F01E0DD
:104A300002F0B2FEF8BD0000C8040020CC04002043
:104A400004ED00E00A490968096809B9012100E09C
:104A5000002121B14FF0FF31064A116006E0044900
:104A60000968C968C868034A416811607047000056
:104A70008C040020B804002070B5044602F032FD1A
:104A8000054607480068854204D200F063F801201B
:104A9000206001E00020206001480560284670BDCC
:104AA000D40400202DE9F04302460D46002710688B
:104AB00000284CD01046D0F80480D8F80480C0F804
:104AC000048000F10808D0F80490C14505D1D0F861
:104AD0000480D8F80480C0F80480D0F80480D8F8A6
:104AE0000C6000BF1046D0F80480D8F80480C0F8ED
:104AF000048000F10808D0F80490C14505D1D0F831
:104B00000480D8F80480C0F80480D0F80480D8F875
:104B10000C104FF0000C002311E001F13400C45CD4
:104B2000E85CA04202D04FF0010C03E014B90F463C
:104B30004FF0010CBCF1000F00D002E05B1C102B09
:104B4000EBD300BF07B101E0B142CBD100BF384683
:104B5000BDE8F0832DE9F84334E025480068C068DB
:104B6000056823480068C068C468201D01F072FC15
:104B70002046216A884794F8240000F0040008B316
:104B8000A0694619AE4207D966602461211D184804
:104B9000006801F0AFFC15E0002003462A460146FC
:104BA0000090204602F0B6FE074657B900BF5020DD
:104BB00080F31188BFF34F8FBFF36F8F00BF00BF2B
:104BC000FEE700BF0A480068006808B9012000E05D
:104BD00000200028C1D00648D0F8008005480068B1
:104BE000034908600348C0F80080BDE8F88300006E
:104BF000C4040020C80400200246002101E0521C29
:104C0000491C1078A528FAD0890888B2704700009E
:104C10000E480068401C08B9012000E0002050B98F
:104C200000BF502080F31188BFF34F8FBFF36F8F09
:104C300000BF00BFFEE700BF502080F31188BFF324
:104C40004F8FBFF36F8F00BF00BFFEE7F804002057
:104C500008B500BF6846FFF745FC044620460099AA
:104C6000FFF7B6FEFFF702FEF4E770B5044601F069
:104C700067FC94F9455010E0606A08B9012000E033
:104C8000002038B904F1240002F03AFD18B101F017
:104C9000B7FD00E003E0681E45B2002DECDC00BF6C
:104CA000FF2084F8450001F075FC01F049FC94F9FF
:104CB000445010E0206908B9012000E0002048B904
:104CC00004F1100002F01CFD08B101F099FD681E0E
:104CD00045B200E001E0002DECDC00BFFF2084F8CD
:104CE000440001F057FC70BD2DE9F04104464FF03F
:104CF000000801F09BFE4948006808B9FFF706FC70
:104D0000474800682040002870D1D4B1083404F02E
:104D10000700B0B104F00700C0F10800044404F03B
:104D2000070008B9012000E0002050B900BF502062
:104D300080F31188BFF34F8FBFF36F8F00BF00BFA9
:104D4000FEE7002C52D03748006884424ED8364ED9
:104D50003046056801E02E462D686868A04202D200
:104D600028680028F7D12D48006885423ED0306879
:104D700000F10808286830606868001B102819D9FD
:104D80002F1907F0070008B9012000E0002050B9F2
:104D900000BF502080F31188BFF34F8FBFF36F8F98
:104DA00000BF00BFFEE76868001B78606C60384693
:104DB000FFF7A6FC1B4968680968081A19490860CA
:104DC0000846006819490968884203D215480068F6
:104DD000164908601249686809680843686000203D
:104DE000286013480068401C1149086002F0D4FC98
:104DF00008F0070008B9012000E0002050B900BF0A
:104E0000502080F31188BFF34F8FBFF36F8F00BF27
:104E100000BFFEE74046BDE8F0810000E00400204E
:104E2000F4040020E4040020D8040020E80400205A
:104E3000EC040020001F4FF080730360001F21F07E
:104E400001030360001F054B036014380260001F5C
:104E50006FF002030360203870470000114C010816
:104E600010B52DED028B04469FED1D0AB0EE408A71
:104E7000D4ED000A60EEA00A94ED011AD4ED011AF7
:104E800041EE210A94ED021AD4ED021A41EE210AF4
:104E900094ED031AD4ED031A41EE210AB0EE600A34
:104EA000EBF792FFB0EE408A94ED000A20EE080A7C
:104EB00084ED000A94ED010A20EE080A84ED010A4F
:104EC00094ED020A20EE080A84ED020A94ED030A2A
:104ED00020EE080A84ED030ABDEC028B10BD000031
:104EE000000000007FB5A0B004461546BDF88C0058
:104EF000093086B280216846EBF784FA8DF80040CD
:104F0000BDF88C00ADF80100144800788DF803005E
:104F100005216846FAF784FBBDF88400ADF805006A
:104F2000BDF88C2029460DF10700EBF752FA314607
:104F30006846FAF75DFB09480078FF2803D1002096
:104F40000649087004E005480078401C03490870D1
:104F50003146684601F074F924B070BD1804002091
:104F600038B504460020009000254C4821680160B7
:104F7000217901716D1D601900880090AD1CBDF88C
:104F8000000040F20222811A904256D016DCB0F5A1
:104F9000817F3AD00ADC012821D0022826D00328BC
:104FA00028D0A0F20110002875D129E0A0F203104A
:104FB00080B3012836D0FE286DD138E0042951D0C5
:104FC00006DC01293FD0022943D0032963D144E004
:104FD00005294BD0062950D0FF295CD151E060193A
:104FE0002F4902880A808078887055E02D48615DDD
:104FF000017051E061191C222B48EBF7EAF94BE0F4
:1050000061192A480968016046E061192848096861
:10501000016041E0FFE76019264902880A80807834
:10502000887039E0611924480988018034E06119E9
:105030001B222248EBF7CDF92EE061190E22204801
:10504000EBF7C7F928E0611910221E48EBF7C1F908
:1050500022E01D48615D01701EE061191B4809884E
:10506000018019E01A48615D017015E06019194965
:1050700002680A60808888800EE01748615D0170D0
:105080000AE06019154902680A6042684A6080684F
:10509000886001E0FFE700BF00BF38BD5903002072
:1050A0006303002066030020D24300206703002032
:1050B0006B0300206F03002072030020EE430020EA
:1050C00009440020174400207403002075030020C9
:1050D00077030020780300207E030020274400206F
:1050E00070B50025A5264F4C95E04F48FDF717F801
:1050F000054694F8860006287ED2DFE800F0031407
:105100002038445FB5420AD10120873404F8010CED
:105110002188481C24F88709A01D455402E000207E
:10512000A4F8870076E0A580B4F88710481CA4F89E
:105130008700A01D4554022084F886006AE0A088FC
:1051400040EA0520A080B4F88710481CA4F8870026
:10515000A01D4554A088772803D2032084F8860038
:1051600004E0002084F88600A4F8870052E034F8B8
:10517000871F2088401C24F88709A01D455404205F
:1051800084F8860046E034F8871F2088401C24F805
:105190008709A01D4554B4F8870005280DD10521C5
:1051A000A01D01F0B1FC18B1052084F8860004E0D0
:1051B000002084F88600A4F887002BE0B4F887105C
:1051C000A0880930814207D234F8871F2088401C0C
:1051D00024F88709A01D4554B4F88710A088093029
:1051E000814210D3002084F88600A4F88700A088AC
:1051F00000F10901A01D00E006E001F065FC10B11E
:10520000A01DFFF7ADFE05E0002084F88600A4F89D
:10521000870000BF00BF0448FCF7F9FF00287FF4B7
:1052200064AF70BD441A00202C1600200024FCF747
:10523000DDFCFEF789FD4FF480623E493E48FCF7F5
:105240008BFF4FF400723D49A1F5007000F05CFF48
:105250006FE004F10A0084B2FFF742FF384801888A
:1052600038480088FBF7DEFF3748008810B100207F
:105270003549088041F28830844201D1002455E04C
:1052800040F2262094FBF0F100FB114030B92C488D
:1052900001882C480088F6F792FA47E04FF4E67050
:1052A00094FBF0F100FB114038B902222448018838
:1052B00024480088FCF74EFB38E04FF4AF7094FBB5
:1052C000F0F100FB114038B902221D4801881D4849
:1052D0000088FCF7C9FD29E04FF4A57094FBF0F1BC
:1052E00000FB114038B90222154801881548008892
:1052F000FCF766FE1AE0142094FBF0F100FB11406D
:1053000038B902220E4801880E480088FCF770FA6E
:105310000CE0322094FBF0F100FB114030B9022286
:105320000748018807480088FCF7E4FC0A20FEF7DC
:10533000F3FE8EE7441600202C1600202C140020CB
:105340000A04002008040020C000002010B5242218
:105350000249A1F12400F3F76BFC10BD9A43002031
:1053600000B101B970470278437842EA0322C2F3E0
:105370000A020A804278D210837842EA4312C2F3CA
:105380000A024A8082789211C37842EA8302037942
:1053900042EA8322C2F30A028A80027952104379D8
:1053A00042EAC312C2F30A02CA804279C2F301126E
:1053B0008A72427912119308CB728279C37942EAD8
:1053C000032212B28A81027A437A42EA032213B29A
:1053D00001F10C02CB81827AC37A42EA032213B232
:1053E00001F10C020B82037B8B74437BCB74827BB9
:1053F000C37B42EA03228A82027C437C42EA032284
:1054000012B20A810A88A2F5806212B20A804A8822
:10541000A2F5806212B24A808A88A2F5806212B236
:105420008A80CA88A2F5806212B2CA800A89A2F56F
:10543000806212B20A8100BF94E7000010B5C2B0CA
:105440000024374890ED000A364880ED000A3448C1
:1054500090ED010A334880ED010A314890ED020ACF
:10546000304880ED020A2E4890ED030A2D4880ED69
:10547000030A47222146641C02A8425456222146B0
:10548000641C425401222146641C42542044254994
:1054900009680160241D02A820442249496801606E
:1054A000241D02A820441F4989680160241D02A808
:1054B00020441C49C9680160241D02A801191A482A
:1054C000D0F820010860241D02A8204400210968AA
:1054D0000160241D144890ED980A8DED010A02A880
:1054E000204401990160241D02A82044002109687C
:1054F0000160241D02A82044002109680160241DC8
:1055000002A82044002109880180A41C47222146CA
:10551000641C02A842542146ECF7B6F842B010BD14
:10552000281D0020884500204C0E002010B517488B
:10553000F1F712F900211548F1F7F8FB042113489F
:10554000F1F7F4FB08211148F1F7F0FB0C210F48AB
:10555000F1F7ECFB0E48F1F7FFF800210C48F1F7EA
:10556000E5FB04210A48F1F7E1FB08210848F1F7BF
:10557000DDFB0848F1F7F0F808210648F1F7D6FB03
:1055800041F25C2001490968C86310BDC8220020AF
:10559000E8230020102300200748007858B9074866
:1055A00090ED150ADFED060A30EE600A80ED160A6E
:1055B0000120014908707047940000200811002064
:1055C0000080A24410B566480078B8B9FEF700FD27
:1055D0009FED640A624880ED140A9FED620A80ED37
:1055E000420A9FED600A80ED2C0A9FED5F0A80ED74
:1055F000320A9FED5D0A80ED1C0A50E058480078A1
:10560000012830D19FED570A554880ED140A90EDDE
:105610002B0A5648D0ED000A9FED551A60EE810A1C
:10562000B4EEE00AF1EE10FA08DD9FED520A4C48A4
:1056300080ED320A9FED4F0A80ED1C0A4B4890ED39
:10564000000ADFED4D0A20EE200A454880ED420AAF
:10565000464890ED000ADFED490A20EE200A404856
:1056600080ED2C0A1BE03E480078022809D1FFF7A4
:1056700093FF9FED430A3A4880ED140A00F074FB53
:105680000DE037480078032809D19FED3D0A3448E2
:1056900080ED140A00F068FB00203A490870394890
:1056A0000078012815D12E4890ED150AD0ED160A84
:1056B00030EE600AB5EEC00AF1EE10FA06DD9FED9D
:1056C000300A80ED140A00F04FFB02E000202D4963
:1056D0000870FEF785FC224890ED141AF0EE410A9E
:1056E00090ED131AB0EE410A0830F3F7C3F91C48E5
:1056F00090ED090ABDEEC00A10EE100A01B218487A
:10570000A0F85C1090ED421AF0EE410A90ED411ABB
:10571000B0EE410ABC30F3F7ADF9114890ED360A0E
:10572000BDEEC00A10EE100A01B20D48A0F80C112F
:1057300090ED2C1AF0EE410A90ED2B1AB0EE410AD2
:105740006430F3F797F9064890ED200ABDEEC00AE1
:1057500010EE100A01B20248A0F8B41010BD00000B
:1057600008110020000000000000FA44B0000020F2
:1057700000007AC500C0DA4500409C4500409CC549
:105780000080BBC4940000203D48406890ED040AAE
:105790003B4880ED150A4068B0F9020000EE100A9F
:1057A000B8EEC00A364880ED130AD0F8B800B0F958
:1057B000020000EE100AB8EEC00A314880ED410A3E
:1057C000006EB0F9020000EE100AB8EEC00A2C48D4
:1057D00080ED2B0A90F81001294981F81201084642
:1057E00090F8110181F813012648807C81F810019E
:1057F0002448C07C81F81101084690F8100158B186
:105800000846B0F8140164280ADA0846B0F8140112
:10581000401CA1F8140103E000201949A1F814016B
:10582000174890F8110160B11548B0F816016428C6
:105830000BDA1348B0F81601401C1149A1F8160103
:1058400003E000200E49A1F816010D48007888B148
:105850000C48807A01280DD10948B0F81801B0F53C
:10586000C87F0BDA0648B0F81801401C0449A1F8BB
:10587000180103E000200249A1F818017047000058
:10588000081100206043002010B50020374908703F
:10589000FDF73AF835494860FCF7A0FF3349C1F8F5
:1058A000B800FDF71BF8314908669FED312ADFED9E
:1058B000311A9FED311ADFED310AB3EE030A01F11F
:1058C0000800F3F78DF99FED2E2ADFED2E1A9FEDDC
:1058D0002B1ADFED2A0AB2EE080A2448BC30F3F78F
:1058E0007FF99FED272ADFED271A9FED241ADFEDC0
:1058F000230AB2EE040A1D486430F3F771F9FFF78A
:1059000043FF0021194880F85E10406890ED040ABA
:10591000164880ED150AA0F85C1090ED150A80ED90
:10592000160A9FED160A80ED130A9FED140A80ED0A
:10593000140A9FED120A80ED400A9FED100A80EDD7
:10594000410A9FED0E0A80ED420AA0F80C119FED6E
:105950000B0A80ED2A0A9FED090A80ED2B0A9FEDC4
:10596000070A80ED2C0AA0F8B41010BD0811002021
:105970000080BB4500701446CDCCCC3D000000003B
:1059800000007A4400C0DA4510B5CD480068CD4922
:105990000860CD4890F81001C9490860CB49881EBD
:1059A000FCF7A6FF0D2000F0D3F9D8B9C648B0F82F
:1059B00020011930C449B1F81E11884212DDC248D5
:1059C0000078022807D0C0480078032803D0BE48DA
:1059D0000078012809D10120BB4908700020BC498A
:1059E000086002E00120BA490860B948006838B18F
:1059F000B848807A012803D10220B3490870CAE070
:105A0000B448007D00F0100018B9B248807A03282D
:105A100055D10120AC490870A9480068A949096816
:105A2000401A012807D0AB48808A00F4005010B912
:105A30000120A9490860A2480068A2490968401AE3
:105A4000012804D0A348808A00F4005060B1A24825
:105A5000006848B19E48006830B100209E49086047
:105A60000220994908700EE0012097490870994872
:105A7000007D00F0200030B10020087097490860D8
:105A800001209749086097480078012807D1964877
:105A90000078012803D14FF47A7094490860934844
:105AA0000068002877DD8A48006810B10220864926
:105AB00008708E480068401E8C4908606BE085487D
:105AC000007D00F0200018B98248807A022862D157
:105AD00000207D490870864908707E48007D00F0EE
:105AE000100018B97D480068012839D10120764995
:105AF00008707348006873490968401A012807D084
:105B00007448808A00F4005010B90120724908607E
:105B10006B4800686B490968401A012804D06D4839
:105B2000808A00F4005060B16B48006848B1684852
:105B3000006830B10020684908600220624908709E
:105B40000EE00120604908706248007D00F02000EE
:105B500030B1002008706149086001206049086088
:105B600060480078012807D15F480078012803D1F8
:105B70004FF47A705D4908605C48006800280ADDCF
:105B80005348006810B102204F4908705748006818
:105B9000401E564908604F48007D00F0100018B9BB
:105BA0004E480068012811D10120474908704B492F
:105BB000086000204A490860434890F8100128B165
:105BC0004348006810B102203F4908704148007DF9
:105BD00000F0200038B100203B4908703F490860C0
:105BE00001203F4908603B48808A00F4006020B1F2
:105BF00000203A4908603A4908603348B0F8140177
:105C0000642805D03048B0F81801B0F5C87F08D135
:105C10002F48006828B103202B4908700020344920
:105C20000870344840780A2802D03248407828B9B1
:105C30009FED310A314880ED000A0CE02D48407894
:105C4000022803D02B484078032804D19FED2A0A6C
:105C50002A4880ED000AFDF7CFFA10B100201A495A
:105C6000087027480068274908601A48007D00F03E
:105C7000100030B91748808A00F4805008B1012024
:105C800000E000201E490860084600681D490968B8
:105C9000401A012813D11C48006840B941F25C2029
:105CA0001A490968C86301201749086007E04FF4E2
:105CB000487016490968C86300201349086010BD80
:105CC000880000208C0000200811002028120020ED
:105CD00098000020604300209C000020A8000020C5
:105CE000AC0000204403002045030020BC0000203D
:105CF00094000020EE4300208195933FB0000020E7
:105D0000800000208400002090000020C822002095
:105D100010B500EE100A2DED028BB1EEC08A18EE20
:105D2000100A20F00040C0F1FF40C00F0AD010EE72
:105D3000100A20F00040C0F1FF40C00F04BF012056
:105D4000F9F7A0F918EE100ABDEC028B10BD0000A7
:105D5000014601EBC100034A02EB8000C07CC0F3A6
:105D600040107047CD1A002010B52DED048B2C4843
:105D7000B0F81A01192805DA294890ED140A80EDC7
:105D8000140A06E0264890ED140AB1EE400A80EDB0
:105D9000140A234890ED130A10EE101A0846EAF789
:105DA0006DFC41EC190BB0EE490AF0EE690AF9F707
:105DB00019F9B0EE408AF0EE608A9FED1A0B53ECB1
:105DC000102B51EC180BEAF76DFC0FD21448B0F809
:105DD0001A0119280ADA1248B0F81A01401C1049B1
:105DE000A1F81A010020A1F81C0115E00C48B0F838
:105DF0001A0119280CD10A48B0F81C01C82807DA82
:105E00000748B0F81C01401C0549A1F81C0103E03B
:105E100000200349A1F81A01BDEC048B10BD00005D
:105E200008110020000000000000F03F70B5064699
:105E30000D4600F085FB18480068C06C88B9012049
:105E40001549096881F850005DB101212846FEF727
:105E5000C3F94FF0805011490860BFF34F8FBFF373
:105E60006F8F00F097FB00F06BFB0B480068C46C71
:105E70004CB126B1002008490968C86403E0601EDF
:105E800005490968C86400200349096881F8500081
:105E900000F080FB204670BD8804002004ED00E087
:105EA00091ED000AB1EE400A80ED010A91ED010A80
:105EB000B1EE400A80ED020A91ED020AB1EE400A0D
:105EC00080ED030A91ED000A80ED040A91ED020ACB
:105ED00080ED060A91ED010AB1EE400A80ED070A55
:105EE00091ED010A80ED080A91ED020AB1EE400A37
:105EF00080ED090A91ED000A80ED0B0A91ED020A8E
:105F000080ED0C0A91ED010A80ED0D0A91ED000A79
:105F1000B1EE400A80ED0E0A7047000010B54A4B02
:105F20001B685B6943F04003474C24686361464B40
:105F30001B685B6943F08003434C24686361424BF8
:105F40001B68DB6843F010033F4C2468E3603F4B61
:105F50001B681B6823F001033C4C2468236007E0A6
:105F60003A4B1B681B6823F00103384C24682360FC
:105F7000364B1B681B6803F00103002BF0D1334B39
:105F80001B68334CA34204D9E314314C4C3C2360CE
:105F900019E02E4B1B682F4CA34204D9E3142C4C60
:105FA000503C23600FE0294B1B682A4C603CA34205
:105FB00004D9E314274CB83CE36004E04FF40063D9
:105FC000244CB83CA360244B204C2468A3601F4B96
:105FD0001B68D8601D4B1B6819611C4B1B685A60FD
:105FE0001A4B1B681B6843F48023184C24682360F9
:105FF000164B1B681B6843F00103144C2468236094
:10600000164B1B681B6823F00103144C24682360A3
:1060100007E0124B1B681B6823F001030F4C246838
:1060200023600E4B1B681B6803F00103002BF0D1AB
:10603000094B0A4C2468A3600023084C2468E360E1
:10604000064C2468636010BD78240020A42500203D
:1060500058640240B860024004100140442500200A
:10606000264A1268126822F00102244B1B681A604B
:1060700007E0224A1268126822F001021F4B1B68D7
:106080001A601E4A1268126802F00102002AF0D15A
:106090001A4A12681A4B9A4205D94FF00062184BFF
:1060A0004C3B1A601BE0154A1268164B9A4205D900
:1060B0004FF00062124B503B1A6010E00F4A12681A
:1060C000104B603B9A4205D94FF000620D4BB83B34
:1060D000DA6004E04FF000620A4BB83B9A60074A6E
:1060E0001268D060054A12685160044A126812684A
:1060F00042F00102014B1B681A60704744250020E2
:1061000058640240B860024010B5474B1B685B6999
:1061100043F04003444C24686361434B1B685B6954
:1061200043F08003404C246863613F4B1B68DB688D
:1061300043F010033C4C2468E3603C4B1B681B6835
:1061400023F00103394C2468236007E0374B1B68B8
:106150001B6823F00103354C24682360334B1B6814
:106160001B6803F00103002BF0D1304B1B68304C4F
:10617000A34204D9E3142E4C4C3C236019E02B4B72
:106180001B682C4CA34204D9E314294C503C2360D7
:106190000FE0264B1B68274C603CA34204D9E31454
:1061A000244CB83CE36004E04FF40063214CB83C5D
:1061B000A360214B1D4C2468A3601C4B1B68D86056
:1061C0001A4B1B681961194B1B685A60174B1B68E7
:1061D0001B6843F48023154C24682360134B1B6811
:1061E0001B6843F00103114C24682360134B1B68A8
:1061F0001B6823F00103114C2468236007E00F4B58
:106200001B681B6823F001030C4C246823600B4BB4
:106210001B681B6803F00103002BF0D1064B074CF1
:106220002468A36010BD0000002500206426002023
:1062300058640240B860024004140140C4260020A3
:10624000264A1268126822F00102244B1B681A6069
:1062500007E0224A1268126822F001021F4B1B68F5
:106260001A601E4A1268126802F00102002AF0D178
:106270001A4A12681A4B9A4205D94FF40012184B69
:106280004C3B1A601BE0154A1268164B9A4205D91E
:106290004FF40012124B503B1A6010E00F4A126884
:1062A000104B603B9A4205D94FF400120D4BB83B9E
:1062B000DA6004E04FF400120A4BB83B9A60074AD8
:1062C0001268D060054A12685160044A1268126868
:1062D00042F00102014B1B681A607047C42600207F
:1062E00058640240B860024070B504460D462078FC
:1062F000562819D16078472816D1E07E562813D148
:10630000E41C14F8010CA870206868606068A8603C
:10631000A068E860E0682861206968616069E41E3F
:10632000A8610E20FAF7D8FF70BD00001FB53C48E9
:106330000068D8BB00233B48008900B2394949684E
:1063400000EE101ABDEEC00A10EE101A09B2354A5E
:10635000528812B2344CCDE90203CDE9002194ED0C
:10636000150ADFED320A20EE200ABDEEC00A10EE5B
:10637000104A23B22C4C94ED100ADFED2C0A20EECB
:10638000200ABDEEC00A10EE104A22B2264C94ED4F
:106390000B0ADFED260A20EE200ABDEEC00A10EE41
:1063A000104A21B2204C94ED060A00E00BE0DFED2C
:1063B0001F0A20EE200ABDEEC00A10EE104A20B2DD
:1063C000EAF7BEFD2BE0FCF78DFA072803DC00207E
:1063D0001749087202E001201549087215488088A3
:1063E00032214843642190FBF1F0124949888842E8
:1063F00003DC00201049087002E001200E490870FB
:10640000FF200E4908700A48007A48700A48007850
:106410008870FE20C87004210848FFF721FE1FBDC8
:10642000EC03002009440020180C00200000C842A2
:106430007C450020EE430020F8030020F9030020F3
:1064400010B512220249A1F11200FFF767FD10BD3D
:10645000AA45002001460A69D1E901309860D1E9D6
:10646000010358605068884201D18868506000205C
:1064700008611068401E1060106870472DE9F041F7
:10648000044614B90648006800E0204607463D6B04
:106490002846FEF7B1FB06463046BDE8F081000015
:1064A00088040020034B0360034B0B6080231360C0
:1064B000704700003005002084050020034B036076
:1064C000034B0B604FF48073136070478407002008
:1064D000D807002000F1080141604FF0FF318160D2
:1064E00000F10801C16001610021016070470021D5
:1064F0000161704710B502460B685C1C0CB910694D
:1065000007E002F1080000E04068446824689C420B
:10651000FAD944684C604C68A160886041600A61A7
:106520001468641C146010BD42684A6093688B60F4
:10653000936859609160086103685B1C0360704751
:1065400000BF502080F31188BFF34F8FBFF36F8FD0
:1065500000BF0E480068401C0C49086008460068EF
:10656000012812D10A480068C0B208B9012000E031
:10657000002050B900BF502080F31188BFF34F8F27
:10658000BFF36F8F00BF00BFFEE77047F804002025
:1065900004ED00E00D48006850B900BF502080F3C2
:1065A0001188BFF34F8FBFF36F8F00BF00BFFEE7AF
:1065B00006480068401E054908600846006820B982
:1065C000002080F3118800BF00BF7047F80400204E
:1065D00070B506463546002E44D0083D2C4622496B
:1065E00060680968084008B1012000E0002050B947
:1065F00000BF502080F31188BFF34F8FBFF36F8F20
:1066000000BF00BFFEE7206808B9012000E00020BD
:1066100050B900BF502080F31188BFF34F8FBFF3F4
:106620006F8F00BF00BFFEE70F4960680968084030
:10663000C0B12068B0B90C496068096888436060DF
:1066400000F0F4F9094960680968084407490860DE
:106650002046FEF755F806480068401C04490860CB
:1066600001F09AF870BD0000F4040020E40400205A
:10667000F004002000204FF0E02108618861064806
:1066800000684FF47A71B0FBF1F0401E4FF0E0214A
:1066900048610720086170478404002070B5E9F75D
:1066A000DBFD0446102C16D304F1E02090F8F053E3
:1066B00015480078854201DB012000E0002050B938
:1066C00000BF502080F31188BFF34F8FBFF36F8F4F
:1066D00000BF00BFFEE70D48006800F4E0600C4911
:1066E0000968884201D8012000E0002050B900BFAD
:1066F000502080F31188BFF34F8FBFF36F8F00BF1F
:1067000000BFFEE770BD0000FC0400200CED00E0BF
:1067100000050020024600200BE0084B53F8303003
:1067200033B9064B43F8301003EBC0035A6002E064
:10673000401C0828F1D300BF70470000E845002046
:106740002DE9F04105460E4617462C46FFF7F8FEA8
:1067500094F94400401C10B9002084F8440094F9D6
:106760004500401C10B9002084F84500FFF712FFD7
:10677000A06B28B93A46314604F1240000F0DAF85B
:106780002046FEF772FABDE8F081000070B50446BD
:106790000025D4B11248006808B9012000E00020AB
:1067A00050B900BF502080F31188BFF34F8FBFF363
:1067B0006F8F00BF00BFFEE700F038F900212046D0
:1067C000FDF70AFD00F0E8FF05463DB94FF08050A7
:1067D00004490860BFF34F8FBFF36F8F70BD000097
:1067E000C004002004ED00E003490968016003498A
:1067F0000968416070470000B00400209C0400203C
:106800000120014908607047AC0400202DE9F041E7
:1068100005460F4655B900BF502080F31188BFF3DD
:106820004F8FBFF36F8F00BF00BFFEE7FFF736FF4C
:106830002C4600BF5021EFF3118081F31188BFF384
:106840004F8FBFF36F8F00BF064694F85080022031
:1068500084F85000E06C401CE064B8F1010F3AD1BC
:10686000A06A08B9012000E0002050B900BF502004
:1068700080F31188BFF34F8FBFF36F8F00BF00BF4E
:10688000FEE718480068A8B9201DFFF7E3FD94F85B
:106890002C100120884014490968084312490860F7
:1068A000E16A01EB8101114A02EB8100211DFFF732
:1068B0003BFE04E004F118010D48FFF735FE0D49D9
:1068C000E06A0968C96A884205D90FB101203860B9
:1068D00001200949086000BF86F3118800BFBDE8A8
:1068E000F0810000C0040020A00400202846002001
:1068F000DC46002088040020AC04002070B504466B
:106900000D4654B900BF502080F31188BFF34F8F5C
:10691000BFF36F8F00BF00BFFEE705480168183165
:106920002046FFF7E7FD01212846FDF755FC70BD25
:106930008804002070B505460E46144655B900BFC0
:10694000502080F31188BFF34F8FBFF36F8F00BFCC
:1069500000BFFEE70648016818312846FFF7E4FD4E
:106960000CB14FF0FF3621463046FDF735FC70BDC7
:106970008804002010B586B000200590049003AA7A
:1069800004A905A8FFF78EFD0022DDE904101346D7
:10699000CDE9002102901EA11F48039A00F0E2FCFD
:1069A0001E4908600846006808B1012400E0002480
:1069B000012C02D100F072FF0446012C15D100BF5A
:1069C000502080F31188BFF34F8FBFF36F8F00BF4C
:1069D0004FF0FF3012490860012012490860002082
:1069E0001149086000F0A8F810E0601C08B101200F
:1069F00000E0002050B900BF502080F31188BFF3A1
:106A00004F8FBFF36F8F00BF00BFFEE706B010BD12
:106A100049444C450000000089450108BC040020A1
:106A2000B8040020A40400209C0400200248006850
:106A3000401C014908607047C00400201D480068E0
:106A400018B101201C49086032E000201A49086092
:106A50001A480068B0FA80F0C0F11F0101EB810014
:106A6000174A52F8200008B1012000E0002050B978
:106A700000BF502080F31188BFF34F8FBFF36F8F9B
:106A800000BF00BFFEE701EB81020D4B03EB82006C
:106A900042685268426000F108024368934202D1A2
:106AA0004268526842604268D268064B1A6000BF72
:106AB00070470000C0040020AC040020A0040020A7
:106AC000284600208804002070B505460C460026A4
:106AD0000DB1022C01D8002070BDA11E094802880A
:106AE0002846FBF757FD0646F1B2A01E285C8142FE
:106AF00006D1601E285CB0EB162F01D10120EBE718
:106B00000020E9E72204002070B505460C46002667
:106B10000DB1022C01D8002070BD611EFF22284655
:106B2000FBF752FD0646601E285CB04201D10120F1
:106B3000F2E70020F0E700001CB552480068524917
:106B4000884201D0012000E0002050B900BF502051
:106B500080F31188BFF34F8FBFF36F8F00BF00BF6B
:106B6000FEE7484800684849491E884201D0012094
:106B700000E0002050B900BF502080F31188BFF31F
:106B80004F8FBFF36F8F00BF00BFFEE73F4908463E
:106B900000780190FF200A461070084600780090A7
:106BA0009DF8000000F0F0009DF80020904201D117
:106BB000012000E0002050B900BF502080F3118870
:106BC000BFF34F8FBFF36F8F00BF00BFFEE79DF88D
:106BD000000000F050002E4A107007202D4A10606F
:106BE00009E02C480068401E2A4A10609DF8000009
:106BF0004006000E00909DF8000000F08000802804
:106C0000EFD024480068C0F10700042801D101201A
:106C100000E0002050B900BF502080F31188BFF37E
:106C20004F8FBFF36F8F00BF00BFFEE719480068AA
:106C30000002184A10601046008800F4E0601060FE
:106C4000124A019810700F482030006840F470001C
:106C50000C49203108600846006840F07040086028
:106C6000FFF708FD00200C490860E9F7BDFA0B4862
:106C7000006840F0404009490860E9F7A1FA0020A7
:106C80001CBD000000ED00E071C20F4100E400E017
:106C9000FC04002000050020F804002034EF00E090
:106CA00010B500BF502080F31188BFF34F8FBFF3A2
:106CB0006F8F00BF00F01CFC18B14FF080500449EA
:106CC000086000BF002080F3118800BF10BD0000E5
:106CD00004ED00E02DE9F84380460E4617461D46B8
:106CE000DDF82090B8F1000F01D0012000E0002075
:106CF00050B900BF502080F31188BFF34F8FBFF30E
:106D00006F8F00BF00BFFEE70DB1012000E0002043
:106D100050B900BF502080F31188BFF34F8FBFF3ED
:106D20006F8F00BF00BFFEE707B10EB1012000E08A
:106D3000002050B900BF502080F31188BFF34F8F5F
:106D4000BFF36F8F00BF00BFFEE707B90EB9012088
:106D500000E0002050B900BF502080F31188BFF33D
:106D60004F8FBFF36F8F00BF00BFFEE7482000903A
:106D70000098482801D1012000E0002050B900BF50
:106D8000502080F31188BFF34F8FBFF36F8F00BF88
:106D900000BFFEE700BF2C464CB1012084F846003E
:106DA0004B463A46314640460094FDF701FC2046EA
:106DB000BDE8F88370B505460E462C4654B900BFB1
:106DC000502080F31188BFF34F8FBFF36F8F00BF48
:106DD00000BFFEE7FFF7B4FBD4E90F12206801FB08
:106DE0000200A0600020A06320686060E06B401E8D
:106DF000226C216800FB0211E160FF2084F844004E
:106E000084F845009EB9206908B9012000E00020FF
:106E1000A8B904F1100000F073FC80B14FF080506D
:106E200009490860BFF34F8FBFF36F8F07E004F18C
:106E30001000FFF74FFB04F12400FFF74BFBFFF7B7
:106E4000A9FB012070BD000004ED00E02DE9FF4327
:106E500083B0064688461D464FF00009344654B9B3
:106E600000BF502080F31188BFF34F8FBFF36F8FA7
:106E700000BF00BFFEE7B8F1000F01D1206C08B9D8
:106E8000012000E0002050B900BF502080F311889D
:106E9000BFF34F8FBFF36F8F00BF00BFFEE7022D20
:106EA00002D1E06B012801D1012000E0002050B99F
:106EB00000BF502080F31188BFF34F8FBFF36F8F57
:106EC00000BF00BFFEE700F0FDFA08B9059808B959
:106ED000012000E0002050B900BF502080F311884D
:106EE000BFF34F8FBFF36F8F00BF00BFFEE700BF40
:106EF000FFF726FBA06BE16B884201D3022D28D15E
:106F00002A4641462046FDF786FA0746606A08B9D8
:106F1000012000E0002068B904F1240000F0F0FB3B
:106F200088B14FF0805032490860BFF34F8FBFF3F4
:106F30006F8F08E03FB14FF080502D490860BFF3DC
:106F40004F8FBFF36F8FFFF725FB012007B0BDE820
:106F5000F083059818B9FFF71DFB0020F6E7B9F19B
:106F6000000F04D101A8FFF73FFC4FF00109FFF724
:106F700011FBFFF75BFDFFF7E3FA94F94400401CB7
:106F800010B9002084F8440094F94500401C10B961
:106F9000002084F84500FFF7FDFA05A901A800F0DC
:106FA0005BF9F0B92046FDF718FCA0B104F1100020
:106FB0000599FFF7A3FC2046FDF757FE00F0ECFB18
:106FC000002895D14FF0805009490860BFF34F8FDA
:106FD000BFF36F8F8CE72046FDF747FE00F0DCFB28
:106FE00086E72046FDF741FE00F0D6FB0020ADE726
:106FF00004ED00E02DE9F84F07468A4690461E460C
:107000003C4654B900BF502080F31188BFF34F8F26
:10701000BFF36F8F00BF00BFFEE7BAF1000F01D1D1
:10702000206C08B9012000E0002050B900BF5020BA
:1070300080F31188BFF34F8FBFF36F8F00BF00BF86
:10704000FEE7022E02D1E06B012801D1012000E011
:10705000002050B900BF502080F31188BFF34F8F3C
:10706000BFF36F8F00BF00BFFEE7FFF717FB00BF46
:107070005021EFF3118081F31188BFF34F8FBFF3DD
:107080006F8F00BF0546A06BE16B884201D3022ED3
:1070900025D194F945B0A06B009032465146204668
:1070A000FDF7B9F90BF1010088B9606A08B9012050
:1070B00000E0002050B904F1240000F021FB28B1C9
:1070C000B8F1000F02D00120C8F8000004E00BF175
:1070D000010040B284F845004FF0010901E04FF093
:1070E000000900BF85F3118800BF4846BDE8F88F4E
:1070F0002DE9F74183B005460E464FF000082C46B7
:1071000054B900BF502080F31188BFF34F8FBFF3F5
:107110006F8F00BF00BFFEE70EB9206C08B90120D9
:1071200000E0002050B900BF502080F31188BFF369
:107130004F8FBFF36F8F00BF00BFFEE700F0C2F9B3
:1071400008B9059808B9012000E0002050B900BF37
:10715000502080F31188BFF34F8FBFF36F8F00BFB4
:1071600000BFFEE700BFFFF7EBF9A76BF7B13146B1
:107170002046FDF73BF9781EA063206908B901207D
:1071800000E0002060B904F1100000F0B9FA38B155
:107190004FF080502F490860BFF34F8FBFF36F8FC0
:1071A000FFF7F8F9012006B0BDE8F081059818B99D
:1071B000FFF7F0F90020F6E7B8F1000F04D101A8BD
:1071C000FFF712FB4FF00108FFF7E4F9FFF72EFC81
:1071D000FFF7B6F994F94400401C10B9002084F878
:1071E000440094F94500401C10B9002084F8450083
:1071F000FFF7D0F905A901A800F02EF8F0B9204654
:10720000FDF7DEFAA0B104F124000599FFF776FB43
:107210002046FDF72AFD00F0BFFA0028A3D14FF069
:1072200080500C490860BFF34F8FBFF36F8F9AE710
:107230002046FDF71AFD00F0AFFA94E72046FDF76F
:1072400014FD00F0A9FA2046FDF7BAFA00288AD00A
:107250000020A8E704ED00E070B506460C4656B9DC
:1072600000BF502080F31188BFF34F8FBFF36F8FA3
:1072700000BF00BFFEE754B900BF502080F3118863
:10728000BFF34F8FBFF36F8F00BF00BFFEE7FFF765
:1072900057F9184802687068131A1748006890F880
:1072A000520030B100201449096881F852000125CC
:1072B0001CE02068401C08B9002517E00F49306821
:1072C0000968884204D07068904201D801250DE019
:1072D0002068984207D92068C01A20603046FFF71E
:1072E00083FA002502E0002020600125FFF752F913
:1072F000284670BD9C04002088040020B0040020B3
:107300002DE9FF4F85B0804689461746DDE912AB6F
:10731000B800FDF7E9FC064656B15420FDF7E4FC41
:1073200004460CB1266304E03046FFF751F900E053
:1073300000248CB1002084F85100CDE900ABCDE9E8
:1073400002403A4649464046089BFDF744F920462C
:10735000FCF794FF012501E04FF0FF35284609B006
:10736000BDE8F08F2DE9F04F85B00746884691467D
:107370009A46DDE90EB6109C0EB1012000E0002017
:1073800050B900BF502080F31188BFF34F8FBFF377
:107390006F8F00BF00BFFEE70CB1012000E00020AE
:1073A00050B900BF502080F31188BFF34F8FBFF357
:1073B0006F8F00BF00BFFEE754200390039854284E
:1073C00001D1012000E0002050B900BF502080F31F
:1073D0001188BFF34F8FBFF36F8F00BF00BFFEE771
:1073E00000BFB4B1AEB125462C462E63022085F80D
:1073F0005100002004A953464A46CDE900B1CDE929
:10740000025041463846FDF7E6F82846FCF736FFBD
:1074100001E000200490049805B0BDE8F08F000062
:1074200070B5064607253046E8F7F7FF102801D269
:10743000012000E0002050B900BF502080F31188E7
:10744000BFF34F8FBFF36F8F00BF00BFFEE7FFF7A3
:10745000EDFA00BF6D1E05EB8501154A02EB8100B8
:107460003146FDF71FFB044604B101E0002DF1D1C8
:1074700000BF2CB931460F480068FDF713FB0446E6
:107480002CB931460C480068FDF70CFB044624B9C2
:1074900031460A48FDF706FB044624B93146084840
:1074A000FDF700FB044600F077F9204670BD0000B0
:1074B000284600208C04002090040020044700206F
:1074C000F04600200549096809B9012005E0044992
:1074D000096809B9022000E000207047A4040020D8
:1074E000C004002001490868704700009C04002087
:1074F0002DE9F0414FF000084448006800287CD195
:1075000043480068451C4248056015BB4148006877
:10751000006808B9012000E0002050B900BF5020E9
:1075200080F31188BFF34F8FBFF36F8F00BF00BF91
:10753000FEE738480768384800683649086036482A
:10754000076036480068401C34490860FDF77AFA45
:1075500000BF3348006885423CD300BF2D48006817
:10756000006808B9012000E0002020B14FF0FF3092
:107570002B4908602DE027480068C068C468666829
:10758000B54202D22648066023E0201DFEF762FFC6
:10759000A06A18B104F11800FEF75CFF94F82C10F3
:1075A000012088401F49096808431E490860E16AB4
:1075B00001EB81011C4A02EB8100211DFEF7B4FFA3
:1075C0001A49E06A0968C96A8842C7D34FF00108BE
:1075D000C4E700BF15480068C06A00EB800012498C
:1075E00051F82000012801D94FF001081048006827
:1075F00008B14FF0010805E0FFE70E480068401CA5
:107600000C4908604046BDE8F0810000C00400203D
:107610009C0400208C04002090040020B004002072
:10762000B8040020A0040020284600208804002080
:10763000AC040020A804002070B505462C460026A6
:10764000002D55D02B480068844201D1012000E074
:10765000002050B900BF502080F31188BFF34F8F36
:10766000BFF36F8F00BF00BFFEE7A06C50B900BF33
:10767000502080F31188BFF34F8FBFF36F8F00BF8F
:1076800000BFFEE7A06C401EA064616CE06A884207
:107690002ED0A06C60BB201DFEF7DCFE78B9E06A3E
:1076A00000EB8000144951F8200040B994F82C10E8
:1076B0000120884011490968814310480160606CCD
:1076C000E062E06AC0F10700A06194F82C1001208C
:1076D00088400A490968084308490860E16A01EBE3
:1076E0008101054A02EB8100211DFEF71DFF0126E5
:1076F000304670BD8804002028460020A0040020E9
:1077000070B50646F068C46854B900BF502080F3D5
:107710001188BFF34F8FBFF36F8F00BF00BFFEE72D
:1077200004F11800FEF796FE15480068A8B9201D60
:10773000FEF790FE94F82C1001208840114909684A
:10774000084310490860E16A01EB81010E4A02EB2F
:107750008100211DFEF7E8FE04E004F118010B484A
:10776000FEF7E2FE0A49E06A0968C96A884204D95C
:10777000012501200749086000E00025284670BD6A
:10778000C0040020A004002028460020DC46002081
:1077900088040020AC04002070B500240026364880
:1077A000006850B900BF502080F31188BFF34F8F9D
:1077B000BFF36F8F00BF00BFFEE7FEF7C1FE2E488C
:1077C0000068401E2C4908600846006800284FD118
:1077D0002A48006800284BD024E02948C068C468C3
:1077E00004F11800FEF736FE201DFEF733FE94F874
:1077F0002C1001208840234909680843214908606A
:10780000E16A01EB8101204A02EB8100211DFEF7B4
:107810008BFE1E49E06A0968C96A884202D30120CA
:107820001B4908601648006808B9012000E00020E4
:107830000028D2D00CB1FDF705F91648056865B1EE
:1078400000BFFFF755FE10B10120114908606D1E01
:10785000002DF6D100200F4908600D48006838B1AE
:10786000012630070C490860BFF34F8FBFF36F8FBD
:10787000FEF790FE304670BDC00400209804002042
:10788000DC460020A00400202846002088040020B8
:10789000AC040020A804002004ED00E010B586B080
:1078A0000024FCF745FD16480068D0B10020059083
:1078B000049003AA04A905A8FEF700FE0222DDE950
:1078C00004100023CDE9002102900EA10F48039A75
:1078D000FFF748FD0E4908600846006800B1012422
:1078E00000BF54B900BF502080F31188BFF34F8F01
:1078F000BFF36F8F00BF00BFFEE7204606B010BD8C
:10790000CC040020546D722053766300514C010862
:10791000D00400202DE9FF4704460D4616461F46B9
:10792000DDF830804FF0000954B900BF502080F3DB
:107930001188BFF34F8FBFF36F8F00BF00BFFEE70B
:107940001448006810B3009501960294062D15DACC
:10795000FFF7B8FD022808D10023424669460D48CA
:107960000068FFF773FA814610E000231A46694663
:1079700008480068FFF76AFA814607E000233A46A4
:10798000694604480068FFF735FB8146484604B065
:10799000BDE8F087CC04002014860108B90E010868
:1079A00001000000000000000002000000000000D4
:1079B00000000000088601087D3601080200000072
:1079C00000000000000200000000000000000000B5
:1079D000008601082D52010802000000000000008E
:1079E0000002000000000000000000002C860108DA
:1079F0001522010802000000000000000002000043
:107A00000000000000000000208601086915010840
:107A10000200000000000000000100000000000063
:107A20000000000038860108C57700080300000048
:107A30000000000000040000000000000000000042
:107A4000ABAA2A3EABAAAA3E1E0028000F000A00DD
:107A50000A000B000A000A000A000A000A000900D6
:107A60000A000A000800020003000E0002000300E2
:107A70000D000A000A000C000A000A0010000A00AB
:107A80000A001100020003000700050005000700BE
:107A90002800C8000700640064000500200364009B
:107AA0000F0000005AF8F63F5D896EBFD5A9183B5C
:107AB000FF005EBCE2613FDD83C29C7E20A3FD1F10
:107AC000419DC3217FFCA2401E5F01E3BD3E608259
:107AD000DC237D9FC1421CFEA0E1BF5D0380DE3C34
:107AE00062BEE0025CDF81633D7C22C09E1D43A13B
:107AF000FF4618FAA427799BC584DA3866E5BB5996
:107B000007DB856739BAE406581947A5FB7826C410
:107B10009A653BD987045AB8E6A7F91B45C6987AF7
:107B200024F8A6441A99C7257B3A6486D85B05E7F2
:107B3000B98CD2306EEDB3510F4E10F2AC2F719361
:107B4000CD114FADF3702ECC92D38D6F31B2EC0EC0
:107B500050AFF1134DCE90722C6D33D18F0C52B0CB
:107B6000EE326C8ED0530DEFB1F0AE4C1291CF2DA2
:107B700073CA947628ABF517490856B4EA6937D525
:107B80008B5709EBB536688AD495CB2977F4AA4888
:107B900016E9B7550B88D6346A2B7597C94A14F67F
:107BA000A8742AC896154BA9F7B6E80A54D7896B6A
:107BB00035000000891112239B322446AD573665EB
:107BC000BF74488CC19D5AAFD3BE6CCAE5DB7EE959
:107BD000F7F88110080193331A22A5562C47B77580
:107BE0003E64C99C408DDBBF52AEEDDA64CBFFF939
:107BF00076E802218B30100299132667AF76344461
:107C0000BD554AADC3BC588ED19F6EEBE7FA7CC818
:107C1000F5D983310A2091121803A7772E66B5543F
:107C20003C45CBBD42ACD99E508FEFFB66EAFDD8F8
:107C300074C904428D5316619F702004A915322720
:107C4000BB364CCEC5DF5EEDD7FC6888E1997AABD8
:107C5000F3BA85520C4397711E60A1142805B337FF
:107C60003A26CDDE44CFDFFD56ECE9986089FBBBB8
:107C700072AA06638F7214409D512225AB343006E0
:107C8000B9174EEFC7FE5CCCD5DD6AA9E3B8788A98
:107C9000F19B87730E6295501C41A3352A24B116BF
:107CA0003807CFFF46EEDDDC54CDEBB962A8F99A78
:107CB000708B088481951AA793B62CC2A5D33EE198
:107CC000B7F04008C919522BDB3A644EED5F766D70
:107CD000FF7C899400859BB712A6ADD224C3BFF167
:107CE00036E0C1184809D33B5A2AE55E6C4FF77D50
:107CF0007E6C0AA583B4188691972EE3A7F23CC048
:107D0000B5D14229CB38500AD91B666FEF7E744C2F
:107D1000FD5D8BB502A499961087AFF326E2BDD026
:107D200034C1C3394A28D11A580BE77F6E6EF55C0F
:107D30007C4D0CC685D71EE597F42880A1913AA307
:107D4000B3B2444ACD5B5669DF78600CE91D722FEF
:107D5000FB3E8DD604C79FF516E4A9902081BBB3E6
:107D600032A2C55A4C4BD7795E68E11C680DF33FCF
:107D70007A2E0EE787F61CC495D52AA1A3B03882C7
:107D8000B193466BCF7A5448DD59622DEB3C700EAF
:107D9000F91F8FF706E69DD414C5ABB122A0B992A6
:107DA0003083C77B4E6AD5585C49E33D6A2CF11E8F
:107DB000780F40AC037D04014103057C00026D0D8A
:107DC000026D09020B080141090242C0030A0B04BB
:107DD000000610160006101600000000000000004B
:107DE0000102030406070809000000000102030461
:107DF000CDCC4C3ECDCC4C3ECDCC4C3E000000001A
:107E0000920E493CB10AC93C2BC3163D2EFB483D9E
:107E1000752B7B3D04A9963D80B6AF3D36BDC83D70
:107E20002FBCE13D73B2FA3D87CF093E8340163E39
:107E3000B5AB223EA2102F3ECF6E3B3EC2C5473EA1
:107E40000115543E135C603E7F9A6C3ECCCF783E69
:107E5000C07D823E938E883E229A8E3E32A0943E12
:107E600086A09A3EE59AA03E128FA63ED47CAC3EF8
:107E7000EF63B23E2A44B83E491DBE3E15EFC33EF5
:107E800053B9C93ECA7BCF3E4136D53E80E8DA3E83
:107E90004F92E03E7533E63EBBCBEB3EEA5AF13EF5
:107EA000CBE0F63E275DFC3EE4E7003F3D9C033F10
:107EB000824B063F9BF5083F6B9A0B3FDA390E3F2A
:107EC000CDD3103F2A68133FD9F6153FC07F183F26
:107ED000C6021B3FD17F1D3FCBF61F3F9967223F54
:107EE00025D2243F5636273F1594293F4AEB2B3F96
:107EF000DE3B2E3FBB85303FC9C8323FF304353FE0
:107F0000233A373F4268393F3B8F3B3FF9AE3D3F15
:107F100067C73F3F70D8413F01E2433F03E4453F1D
:107F200065DE473F12D1493FF8BB4B3F029F4D3FB3
:107F3000207A4F3F3D4D513F4918533F31DB543F6D
:107F4000E595563F5348583F6AF2593F1A945B3FB4
:107F5000532D5D3F05BE5E3F2146603F97C5613FA3
:107F60005A3C633F59AA643F880F663FD86B673F0E
:107F70003CBF683FA7096A3F0C4B6B3F5E836C3F79
:107F800093B26D3F9ED86E3F73F56F3F0809713F06
:107F90005213723F4714733FDD0B743F0BFA743F6B
:107FA000C6DE753F07BA763FC58B773FF853783FFB
:107FB0009812793F9DC7793F02737A3FBE147B3F89
:107FC000CDAC7B3F283B7C3FC9BF7C3FAC3A7D3F7B
:107FD000CCAB7D3F23137E3FB0707E3F6DC47E3FB0
:107FE000580E7F3F6D4E7F3FAB847F3F0FB17F3F89
:107FF00097D37F3F43EC7F3F11FB7F3F0000803FE3
:1080000011FB7F3F43EC7F3F97D37F3F0FB17F3F13
:10801000AB847F3F6D4E7F3F580E7F3F6DC47E3FE8
:10802000B0707E3F23137E3FCCAB7D3FAC3A7D3FAB
:10803000C9BF7C3F283B7C3FCDAC7B3FBE147B3F20
:1080400002737A3F9DC7793F9812793FF853783F82
:10805000C58B773F07BA763FC6DE753F0BFA743F94
:10806000DD0B743F4714733F5213723F0809713F91
:1080700073F56F3F9ED86E3F93B26D3F5E836C3F4A
:108080000C4B6B3FA7096A3F3CBF683FD86B673F0B
:10809000880F663F59AA643F5A3C633F97C5613FCA
:1080A0002146603F05BE5E3F532D5D3F1A945B3F06
:1080B0006AF2593F5348583FE595563F31DB543FEC
:1080C0004918533F3D4D513F207A4F3F029F4D3F4E
:1080D000F8BB4B3F12D1493F65DE473F03E4453FC4
:1080E00001E2433F70D8413F67C73F3FF9AE3D3F94
:1080F0003B8F3B3F4268393F233A373FF304353FDC
:10810000C9C8323FBB85303FDE3B2E3F4AEB2B3F99
:108110001594293F5636273F25D2243F9967223FA1
:10812000CBF61F3FD17F1D3FC6021B3FC07F183FCC
:10813000D9F6153F2A68133FCDD3103FDA390E3FE9
:108140006B9A0B3F9BF5083F824B063F3D9C033FDC
:10815000E4E7003F275DFC3ECBE0F63EEA5AF13E05
:10816000BBCBEB3E7533E63E4F92E03E80E8DA3E15
:108170004136D53ECA7BCF3E53B9C93E15EFC33E0B
:10818000491DBE3E2A44B83EEF63B23ED47CAC3EAD
:10819000128FA63EE59AA03E86A09A3E32A0943E5B
:1081A000229A8E3E938E883EC07D823ECCCF783E12
:1081B0007F9A6C3E135C603E0115543EC2C5473E3B
:1081C000CF6E3B3EA2102F3EB5AB223E8340163E03
:1081D00087CF093E73B2FA3D2FBCE13D36BDC83DA5
:1081E00080B6AF3D04A9963D752B7B3D2EFB483DE7
:1081F0002BC3163DB10AC93C920E493C0000000059
:10820000920E49BCB10AC9BC2BC316BD2EFB48BD9A
:10821000752B7BBD04A996BD80B6AFBD36BDC8BD6C
:108220002FBCE1BD73B2FABD87CF09BE834016BE35
:10823000B5AB22BEA2102FBECF6E3BBEC2C547BE9D
:10824000011554BE135C60BE7F9A6CBECCCF78BE65
:10825000C07D82BE938E88BE229A8EBE32A094BE0E
:1082600086A09ABEE59AA0BE128FA6BED47CACBEF4
:10827000EF63B2BE2A44B8BE491DBEBE15EFC3BEF1
:1082800053B9C9BECA7BCFBE4136D5BE80E8DABE7F
:108290004F92E0BE7533E6BEBBCBEBBEEA5AF1BEF1
:1082A000CBE0F6BE275DFCBEE4E700BF3D9C03BF0C
:1082B000824B06BF9BF508BF6B9A0BBFDA390EBF26
:1082C000CDD310BF2A6813BFD9F615BFC07F18BF22
:1082D000C6021BBFD17F1DBFCBF61FBF996722BF50
:1082E00025D224BF563627BF159429BF4AEB2BBF92
:1082F000DE3B2EBFBB8530BFC9C832BFF30435BFDC
:10830000233A37BF426839BF3B8F3BBFF9AE3DBF11
:1083100067C73FBF70D841BF01E243BF03E445BF19
:1083200065DE47BF12D149BFF8BB4BBF029F4DBFAF
:10833000207A4FBF3D4D51BF491853BF31DB54BF69
:10834000E59556BF534858BF6AF259BF1A945BBFB0
:10835000532D5DBF05BE5EBF214660BF97C561BF9F
:108360005A3C63BF59AA64BF880F66BFD86B67BF0A
:108370003CBF68BFA7096ABF0C4B6BBF5E836CBF75
:1083800093B26DBF9ED86EBF73F56FBF080971BF02
:10839000521372BF471473BFDD0B74BF0BFA74BF67
:1083A000C6DE75BF07BA76BFC58B77BFF85378BFF7
:1083B000981279BF9DC779BF02737ABFBE147BBF85
:1083C000CDAC7BBF283B7CBFC9BF7CBFAC3A7DBF77
:1083D000CCAB7DBF23137EBFB0707EBF6DC47EBFAC
:1083E000580E7FBF6D4E7FBFAB847FBF0FB17FBF85
:1083F00097D37FBF43EC7FBF11FB7FBF000080BFDF
:1084000011FB7FBF43EC7FBF97D37FBF0FB17FBF0F
:10841000AB847FBF6D4E7FBF580E7FBF6DC47EBFE4
:10842000B0707EBF23137EBFCCAB7DBFAC3A7DBFA7
:10843000C9BF7CBF283B7CBFCDAC7BBFBE147BBF1C
:1084400002737ABF9DC779BF981279BFF85378BF7E
:10845000C58B77BF07BA76BFC6DE75BF0BFA74BF90
:10846000DD0B74BF471473BF521372BF080971BF8D
:1084700073F56FBF9ED86EBF93B26DBF5E836CBF46
:108480000C4B6BBFA7096ABF3CBF68BFD86B67BF07
:10849000880F66BF59AA64BF5A3C63BF97C561BFC6
:1084A000214660BF05BE5EBF532D5DBF1A945BBF02
:1084B0006AF259BF534858BFE59556BF31DB54BFE8
:1084C000491853BF3D4D51BF207A4FBF029F4DBF4A
:1084D000F8BB4BBF12D149BF65DE47BF03E445BFC0
:1084E00001E243BF70D841BF67C73FBFF9AE3DBF90
:1084F0003B8F3BBF426839BF233A37BFF30435BFD8
:10850000C9C832BFBB8530BFDE3B2EBF4AEB2BBF95
:10851000159429BF563627BF25D224BF996722BF9D
:10852000CBF61FBFD17F1DBFC6021BBFC07F18BFC8
:10853000D9F615BF2A6813BFCDD310BFDA390EBFE5
:108540006B9A0BBF9BF508BF824B06BF3D9C03BFD8
:10855000E4E700BF275DFCBECBE0F6BEEA5AF1BE01
:10856000BBCBEBBE7533E6BE4F92E0BE80E8DABE11
:108570004136D5BECA7BCFBE53B9C9BE15EFC3BE07
:10858000491DBEBE2A44B8BEEF63B2BED47CACBEA9
:10859000128FA6BEE59AA0BE86A09ABE32A094BE57
:1085A000229A8EBE938E88BEC07D82BECCCF78BE0E
:1085B0007F9A6CBE135C60BE011554BEC2C547BE37
:1085C000CF6E3BBEA2102FBEB5AB22BE834016BEFF
:1085D00087CF09BE73B2FABD2FBCE1BD36BDC8BDA1
:1085E00080B6AFBD04A996BD752B7BBD2EFB48BDE3
:1085F0002BC316BDB10AC9BC920E49BC0000008055
:10860000524546455245450067696D62616C54614B
:10861000736B0000636861737369735461736B00FB
:108620006465746563745461736B000073686F6F85
:10863000745461736B000000696D755461736B0055
:10864000608601080000002018050000EC08000802
:10865000948701081805002010C3000070F000087E
:1086600001B2032C803F4B82FF015A920842FF5A0D
:10867000A208F9540B1880BF70091E24E998091E3E
:10868000100112131DCA1B0865041A75041AA104EF
:108690001AE10413E9C91B082D0813120114020280
:1086A00002164083044057260201020301071A0400
:1086B0000309041A031B31163C190413E9151B089E
:1086C00055081A7D0441130A0632021A4043111359
:1086D000CDC41408C9C24C0817C71C139DC3140885
:1086E000BDC11B088114C11A41281AFD1C1A890832
:1086F0001AED081C090243871125C03209041B0129
:10870000020B13052416100105240110090104248D
:108710000202052406170107058203081C1009043C
:10872000BD320A2E0705010240072A810704308165
:108730000182035C803F021F020213050584524937
:108740001D390322FFFE021F010A13102E800BFFAA
:10875000FFE7416B3A58A08B3A157D04017C160265
:1087600040AB03411009055308065804070F1608CB
:1087700010820911160A15800B1605240C18010D1C
:1087800029703966037124F41AAA0101102DCDCC89
:048790001C41044143
:040000050800018965
:00000001FF
