:020000040800F2
:10000000F803012475040008C7AA0008DD88000869
:10001000C5AA0008E918000879E2000800000000FD
:10002000000000000000000000000000B503000810
:10003000D1200008000000001104000835B80008B5
:100040009304000893040008930400089304000834
:100050009304000893040008930400089304000824
:100060009304000893040008930400089304000814
:1000700093040008691B0008751B0008811B000819
:100080008D1B0008991B000893040008C521000877
:10009000DD210008D1210008E921000893040008AF
:1000A00093040008930400089304000893040008D4
:1000B00093040008930400089304000893040008C4
:1000C00093040008930400089304000893040008B4
:1000D000F5B6000893040008EDC600089304000874
:1000E0009304000893040008000000009304000833
:1000F000930400089304000893040008A51B00085B
:100100009304000893040008930400089304000873
:10011000930400082DBE000893040008930400080F
:10012000B11B0008BD1B0008C91B00089304000890
:100130009304000893040008930400080D220008AB
:1001400000000000000000000000000000000000AF
:100150009304000893040008930400089304000823
:100160009304000893040008930400089304000813
:100170009304000801AD000893040008000000008B
:10018000930400089304000839BE00089304000893
:1001900093040008930400089304000893040008E3
:1001A0009304000893040008930400080000000072
:1001B00093040008930400089304000893040008C3
:1001C00093040008930400080000000000000000F1
:1001D0000000000000000000930400080000000080
:1001E000000000000000000000000000000000000F
:1001F00000000000000000009304000893040008C1
:100200009304000893040008000000009304000811
:100210009304000893040008930400089304000862
:100220009304000800000000930400080000000090
:1002300093040008930400080000000093040008E1
:100240009304000893040008930400089304000832
:100250009304000893040008930400089304000822
:100260009304000893040008930400089304000812
:1002700093040008930400089304000800000000A1
:1002800093040008930400089304000893040008F2
:100290000000000093040008930400080000000020
:1002A0000000000093040008930400089304000871
:1002B000E1C600089304000893040008F521000833
:1002C00001220008C5B900089304000800F002F8F4
:1002D00000F060F80AA090E8000C82448344AAF180
:1002E0000107DA4501D100F055F8AFF2090EBAE87E
:1002F0000F0013F0010F18BFFB1A43F0010318475A
:10030000E4460100044701000A444FF0000C10F8D5
:10031000013B13F0070408BF10F8014B1D1108BF83
:1003200010F8015B641E05D010F8016B641E01F823
:10033000016BF9D113F0080F1EBF10F8014BAD1C73
:100340000C1B09D16D1E58BF01F801CBFAD505E091
:1003500014F8016B01F8016B6D1EF9D59142D6D3EB
:10036000704700000023002400250026103A28BF13
:1003700078C1FBD8520728BF30C148BF0B60704717
:100380001FB513F049FB9DE8030000F067FF1FBD98
:1003900010B510BD00F0F4FF1146FFF7F1FF11F0AA
:1003A00001F801F012F803B4FFF7F2FF03BC01F00B
:1003B00049F800002C4B19680868B0E8F04F80F34A
:1003C0000988BFF36F8F4FF0000080F311887047EA
:1003D0000000000008480068006880F308884FF0BB
:1003E000000080F3148862B661B6BFF34F8FBFF38D
:1003F0006F8F00DF00BF00BF08ED00E0DFF80C00EA
:10040000016841F470010160704700BF88ED00E0B1
:10041000EFF30980BFF36F8F134B1A681EF0100FB4
:1004200008BF20ED108A20E9F04F106009B44FF0AA
:10043000500080F31188BFF34F8FBFF36F8F12F01E
:1004400017FC4FF0000080F3118809BC1968086898
:10045000B0E8F04F1EF0100F08BFB0EC108A80F328
:100460000988BFF36F8F7047A8000024EFF3058061
:10047000704700000A4880470A4880470A480047FA
:10048000FEE7FEE7FEE7FEE7FEE7FEE7FEE7FEE744
:10049000FEE7FEE705480649064A074B704700009D
:1004A000A9210008EDB80008CD020008F8FD0024DD
:1004B000F8030124F8FF0024F8FF00249FED1A1A26
:1004C000F5EE000A40EE010ABDEEE00AF5EEC00AC4
:1004D00010EE100AF1EE10FA38BF401E00EE100ABE
:1004E0001349F7EE001AB8EEC00A30EEC00ADFED8D
:1004F0000F0A20EE200AFCEEC00A10EE900AC0F3AC
:10050000080000EE900A01EB8000F8EE600A90ED22
:10051000011A70EE600A90ED000A71EEE01A21EE09
:10052000800A00EE810A704783F9223E00000044F1
:1005300084400108DFED190AB5EEC00A60EE200A1A
:10054000BDEEE01A11EE100AF1EE10FA38BF401EAF
:1005500000EE100A1349F7EE001AB8EEC00A30EEAA
:10056000C00ADFED0F0A60EE200ABCEEE00A10EED2
:10057000100AC0F3080000EE100A01EB8000B8EE8C
:10058000400A90ED011A70EEC00A90ED000A71EE7B
:10059000E01A21EE800A00EE810A704783F9223EBC
:1005A000000000448440010870B405880E88446847
:1005B000D1F804C05368B54208D1408849888842C0
:1005C00001BF11888D425188884203D070BC6FF002
:1005D0000200704705FB00F1880827D094ED001A4F
:1005E000DCED000A94ED010ADCED011A31EE201A6F
:1005F000D4ED020A70EE211A9CED020A83ED001A76
:10060000C3ED011A94ED031ADCED031A30EE800AF3
:10061000401E71EE210A83ED020A04F11004C3EDBD
:10062000030A03F110030CF1100CD7D111F00300F1
:1006300030D0B0F1004F30D200282BDD211F1B1F1E
:10064000ACF1040210F0010F0AD091ED010AD2EDD5
:10065000010A091D121D30EE200A83ED010A1B1D3F
:10066000400817D091ED010AD2ED010A401E30EE8C
:10067000200A83ED010A91ED020AD2ED020A01F18E
:10068000080102F1080230EE200A83ED020A03F1AC
:100690000803E7D170BC00207047B4EC010A401E8B
:1006A000FCEC010A30EE200AA3EC010AF5D1F1E7D7
:1006B00001804280436070472DE9F34F84B0049875
:1006C00040680090486801900498B0F800E04588C0
:1006D000DFEDFE0A00200290B0EE600AAE4506D1C2
:1006E00008884988884204BF7146864504D06FF067
:1006F000020006B0BDE8F08F01985FEA010C18BF58
:10070000B7EE001A3DD000BFBEEB0C0117D0B1F11F
:10071000004F80F01F82002911DD021F11F0010F30
:100720001CBFC2ED010A121D4B1006D0C2ED010A1A
:10073000C2ED020A08325B1EF8D100EB8100BCF169
:100740000102A0EC011A19D0B2F1004F80F008822A
:10075000002A13DD031F12F0010F1CBFC3ED010AB5
:100760001B1D511008D000BFC3ED010AC3ED020AE2
:10077000491E03F10803F7D100EB8200BCF1010C24
:10078000C2D14FF000080395002D14BFB0EE602ACF
:10079000002000F0BF8100BF009908FB05F001EBCD
:1007A000800B0199DBED002A01EB80000346F0EE9F
:1007B000421AC64552D9AEEB0802ABEB850112F0E6
:1007C000010F17D001EB850191ED000AB5EEC00ACB
:1007D000F1EE10FA07DDB4EEE10AF1EE10FA09DDF0
:1007E000F0EE401A06E0B1EE400AF4EEC01AF1EE67
:1007F00010FAF5D3521031D001EB850C9CED000AB4
:10080000B5EEC00AF1EE10FA05DDB4EEE10AF1EE44
:1008100010FA09DD06E0B1EE400AF4EEC01AF1EE7E
:1008200010FA01D2F0EE401A01EBC50191ED000A79
:10083000B5EEC00AF1EE10FA05DDB4EEE10AF1EE14
:1008400010FA09DD06E0B1EE400AF4EEC01AF1EE4E
:1008500010FA01D2F0EE401A521ECDD1F5EEC01AB8
:10086000F1EE10FA00F07381F5EEC02A0126F1EEE8
:1008700010FA0099D4BFB1EE620AB0EE620AB4EE8B
:10088000610AF1EE10FA1CBFAEEB0802B2F1010CE6
:1008900047D005FB08F201EB820292ED001A00BF7F
:1008A000B0EE410A05FB06F4B5EEC00A00EB840485
:1008B000F1EE10FACCBFF0EE400AF1EE400AF4EE91
:1008C000610AF1EE10FA28D1B5EB080C11D0BCF199
:1008D000004F7DD2BCF1000F0BDD00BF92ED000A8E
:1008E000D1ED000ABCF1010CE2EC010AA1EC010A15
:1008F000F4D129000ED0B1F1004F6AD2002909DDF0
:1009000094ED000AD0ED000A491EE4EC010AA0ECC7
:10091000010AF5D1012002900BE0761CBCF1010C1C
:10092000BED10298012804D0F5EEC02AF1EE10FAEB
:100930007ED09BED000AB5EB08009A465946064664
:1009400022D0B0F1004F74D200281DDD091F10F035
:10095000010F06D0F0EE400A80EEA01A81ED011AD8
:10096000091D401010D000BFD1ED010A401E80EEDD
:10097000801A81ED011A91ED021AC1EE000AC1ED53
:10098000020A01F10801EFD1280026D0B0F1004F92
:100990007ED2002821DDAAF1040110F0010F06D05B
:1009A000D1ED010A80EE801A81ED011A091D401077
:1009B00013D000BFD1ED010A401E80EE801A81EDF8
:1009C000011AD1ED020A80EE801A81ED021A01E0CF
:1009D000CBE0D6E001F10801ECD1DDE900124FF0E7
:1009E00000095FEA0E0773D0C14504BF01EB860121
:1009F00002EB850274D091ED000ADC4650463300CC
:100A000035D01C46B6F1004F7ED2002C2FDD0B1FD7
:100A1000ABF1040C16F0010F0FD0F0EE400ADCED44
:100A2000011AB0EE601A00EEE11A83ED011A01E03E
:100A30008DE0B1E01B1D0CF1040C741015D000BF4B
:100A4000D3ED010A9CED011A40EE410AC3ED010A03
:100A5000D3ED020A9CED021A0CF1080C40EE410A9B
:100A6000C3ED020A0833641EEAD101EB86012B00B4
:100A700036D0B3F1004F72D2002B31DDA2F1040C5D
:100A8000AAF1040013F0010F0CD0DCED010A00E024
:100A90008BE090ED011A001D40EE410ACCED010AF9
:100AA0000CF1040C5C1019D0DCED010A90ED011A78
:100AB00040EE410ACCED010ADCED020A90ED021A8B
:100AC000083040EE410ACCED020A03E000000000CD
:100AD0000DE005E0641E0CF1080CE5D102EB830289
:100AE00001EB88017F1E09F101097FF47DAF0098B9
:100AF00008F10108001D00900398401E03907FF448
:100B00004BAE0299012900E058E004BF06B0BDE8F1
:100B1000F08F00BFB5EEC00AF1EE10FA7FF4E9AD38
:100B200004990EFB05F3002B4A684FF000010BD926
:100B300002EB810C9CED000AB5EEC00AF1EE10FA52
:100B400002D1491C8B42F3D88B427FF4D2AD6FF0B7
:100B50000400CEE5E0EC010A491EFBD1EFE538E0E8
:100B6000E0EC010A521EFBD108E692ED000AD1ED3D
:100B7000000ABCF1010CE2EC010AA1EC010AF4D17B
:100B8000B7E694ED000AD0ED000A491EE4EC010A34
:100B9000A0EC010AF5D1BDE6D1ED000A401E80EEC1
:100BA000801AA1EC011AF7D1EEE6D3ED000A401E3F
:100BB00080EE801AA3EC011AF7D10EE7BCEC011A03
:100BC000D1ED000A5B1E40EE410AE1EC010AF5D1CD
:100BD0004DE7B0EC011AD2ED000A5B1E40EE410A6F
:100BE000E2EC010AF5D17BE72DE9F04F82B04668CF
:100BF00053680193058847884B8800200090088837
:100C0000874201BFB2F800C06545528893421EBFBB
:100C10006FF0020002B0BDE8F08F9FED412A4FEA6D
:100C2000970EC7F3400B00BFDDE9000202EB800A1C
:100C30004A6898464FF00009B0EE420AB4465FEAAF
:100C40000E0025D092ED001ADCED001A02EB8302B3
:100C5000DCED010A01EE810A92ED001A02EB83023B
:100C6000401ED2ED001A02EB830200EE810A9CEDD9
:100C7000021ADCED030A00040CF1100C000C01EE6A
:100C8000210A92ED001A02EB830200EE810AD9D10B
:100C900017F0030026D0ACF10404A2EB830210F09D
:100CA000010F08D002EB8302D4ED010A92ED001A85
:100CB000241D00EE810A5FEA0B0013D002EB830CC7
:100CC000D4ED010A9CED001A02EBC302401E00EEB7
:100CD000810AD4ED020A92ED001A04F1080400EE34
:100CE000810AEBD109F10100AAEC010A1FFA80F98F
:100CF000486800EB8902A8F101001FFA80F8B8F1FA
:100D0000000F99D1009806EB8706184480B2009036
:100D1000681E05042D0C87D102B00020BDE8F08FBD
:100D20000000000070B405880E884468D1F804C043
:100D30005368B54208D140884988884201BF11886C
:100D40008D425188884203D070BC6FF0020070471A
:100D500005FB00F1880827D094ED001ADCED000AAD
:100D600094ED010ADCED011A31EE601AD4ED020AAD
:100D700070EE611A9CED020A83ED001AC3ED011AB0
:100D800094ED031ADCED031A30EEC00A401E71EE3A
:100D9000610A83ED020A04F11004C3ED030A03F1B2
:100DA00010030CF1100CD7D111F0030030D0B0F1CA
:100DB000004F30D200282BDD211F1B1FACF1040295
:100DC00010F0010F0AD091ED010AD2ED010A091DC0
:100DD000121D30EE600A83ED010A1B1D400817D07A
:100DE00091ED010AD2ED010A401E30EE600A83ED5A
:100DF000010A91ED020AD2ED020A01F1080102F1A5
:100E0000080230EE600A83ED020A03F10803E7D11D
:100E100070BC00207047B4EC010A401EFCEC010AD3
:100E200030EE600AA3EC010AF5D1F1E72DE9F04FAD
:100E300002884768B0F802804888D1F8049082B0F0
:100E40004FF0000A1646824207BF098888456FF0B6
:100E5000020002B018BFBDE8F08F4FEA980B02EB1A
:100E600042000190C8F34000CDF8000009EB8A0170
:100E7000BBF1000F33D0019801EB820C01EB800431
:100E80003B46E64601EBC2054FEA0B0093ED000A34
:100E9000401E81ED000A93ED010A01EB02118CED79
:100EA000000A93ED020A0CEB021C85ED000A93ED9B
:100EB000030A05EB021584ED000A04EB021403F1AA
:100EC0001003E3D10EEB820000EB820000EB820105
:100ED000ABF10100504307EB0B1701EB001118F0C9
:100EE000030C21D03B1FA1EB82011CF0010F06D0A7
:100EF00093ED010A01EB82011B1D81ED000A0098B0
:100F000080B100BF93ED010A01EB820401EBC20145
:100F100084ED000A93ED020A401E81ED000A03F100
:100F20000803EFD107EB8C070AF101001FFA80FAE2
:100F3000701E0604360C99D102B00020BDE8F08F77
:100F400070B5064600F06EF9056806F10B0020F05A
:100F50000704B4429CBF002070BD2B466A68BAB13A
:100F60001068A04210D304F1080188423CBF5068C9
:100F7000586007D35168101941601168091B01605E
:100F800058601460101D70BD13465268002AE7D1E6
:100F90002146284600F04EF90028DED170BD53EA04
:100FA000020C00F069802DE9F04B4FF00006002B99
:100FB0001FBFB3FA83F503FA05F424FA05F65E4081
:100FC00012BF1643B2FA82F502FA05F4C5F1200504
:100FD0001EBF22FA05FC44EA0C04203556EA044CF4
:100FE0004FEA144418BF641C4FF000084FF000098A
:100FF000904271EB030C39D3002919BFB1FA81F784
:1010000001FA07F6B0FA80F700FA07F6C7F12007F1
:101010001EBF20FA07FC46EA0C062037B6FBF4FC9C
:10102000A7EB0507103F07F01F0BCBF120060CFACA
:101030000BFB2CFA06F644BFB3460026202FA4BFB4
:101040005E464FF0000B5BEA060C08BF4FF0010B49
:1010500019EB0B09ABFB027C48EB0608C01B06FB37
:1010600002CC0BFB03CC71EB0C01C1E70B46024633
:1010700041464846BDE8F08B13B54FF000004FF0F5
:101080000001AFF30080BDE81C407047032A40F226
:10109000308010F0030C00F0158011F8013BBCF11A
:1010A000020F624498BF11F801CB00F8013B38BF32
:1010B00011F8013BA2F1040298BF00F801CB38BF40
:1010C00000F8013B11F0030300F02580083AC0F05E
:1010D000088051F8043B083A51F804CBA0E8081006
:1010E000F5E7121D5CBF51F8043B40F8043BAFF339
:1010F0000080D20724BF11F8013B11F801CB48BF93
:1011000011F8012B24BF00F8013B00F801CB48BFC8
:1011100000F8012B704710B5203AC0F00B80B1E801
:101120001850203AA0E81850B1E81850A0E818501C
:10113000BFF4F5AF5FEA027C24BFB1E81850A0E825
:10114000185044BF18C918C0BDE810405FEA827C3F
:1011500024BF51F8043B40F8043B08BF7047D20756
:1011600028BF31F8023B48BF11F8012B28BF20F8F7
:10117000023B48BF00F8012B704702F0FF0343EA2F
:10118000032242EA024200F002B84FF000020429B2
:10119000C0F0128010F0030C00F01B80CCF1040CA6
:1011A000BCF1020F18BF00F8012BA8BF20F8022BDA
:1011B000A1EB0C0100F00DB85FEAC17C24BF00F880
:1011C000012B00F8012B48BF00F8012B70474FF0AE
:1011D000000200B5134694469646203922BFA0E887
:1011E0000C50A0E80C50B1F12001BFF4F7AF090793
:1011F00028BFA0E80C5048BF0CC05DF804EB890084
:1012000028BF40F8042B08BF704748BF20F8022BC6
:1012100011F0804F18BF00F8012B704770477047DE
:101220007047000000487047A0FD002470477047D9
:101230007047704738B504460A4600206946AFF348
:101240000080002808BF38BD02460099204600F003
:1012500075F8012038BD012000F08AB8F8B5AFF369
:101260000080054600200C46102000BF0646A81945
:10127000A0420DD9324669460020AFF30080070036
:1012800008BF00F075F80098A04218BF0546C419C1
:10129000FFF7C8FF05600746F01D20F0070046195C
:1012A000284600F00AF8B44208BFF8BDA21B314638
:1012B0003868BDE8F84000F041B800210160C0E99D
:1012C000011070471020704770B50446051FFFF7E6
:1012D000A9FF0068002C14BF446870BD002C18BF23
:1012E000AC423CBF20466468F8D301680A18AA42A1
:1012F00018BF456003D12A6805461144016028687B
:101300004119A1421CBF6C6070BD616869602168B1
:101310000844286070BD10B500F00CF8006810BDDE
:1013200010B5044600F006F8046010BD0048704790
:1013300098FD00240048704798FD0024034640684B
:101340008C46002818BF88423CBF03464068F8D34B
:1013500018681844884207D00CF1030020F00700F9
:10136000001D411A521A0146081D0A60FFF7ACBF62
:1013700010B500F03FF8BDE8104000F02FB87047FE
:101380007546FFF7D3FFAE4605006946534620F089
:101390000700854618B020B5FFF77CF8BDE820406F
:1013A0004FF000064FF000074FF000084FF0000B21
:1013B00021F00701AC46ACE8C009ACE8C009ACE8D4
:1013C000C009ACE8C0098D46704710B50446AFF3BC
:1013D00000802046BDE81040FEF7E5BF002801D0A0
:1013E00000F030B8704710B500F064F8BDE8104068
:1013F000FFF7F4BF10B5012805D0002103A000F0CD
:101400003FF8012010BD09A1F8E7000053494752F9
:10141000544D454D3A204F7574206F6620686561C4
:1014200070206D656D6F7279000000003A2048658C
:101430006170206D656D6F727920636F7272757067
:101440007465640001491820ABBEFEE72600020067
:101450001FB584B000200A9C06AB04AA02A9009420
:10146000AFF3008018B1DDE9020108B010BD0348F8
:101470002040FFF7B8FF00200146F6E70000207C7F
:1014800070B505460C460A2000E06D1C00F068F8B7
:1014900035B128780028F8D102E0641C00F060F82B
:1014A00014B120780028F8D1BDE870400A2000F07F
:1014B00057B8000010B5022803D0410103D50DA193
:1014C00012E0002010BD010101D50FA10CE0C10008
:1014D00001D511A108E0810001D512A104E040006E
:1014E00001D513A100E0002115A0FFF7C9FF0120DD
:1014F00010BD0000496E76616C6964204F706572A2
:101500006174696F6E000000446976696465204209
:1015100079205A65726F00004F766572666C6F773E
:1015200000000000556E646572666C6F7700000005
:10153000496E657861637420526573756C74000040
:101540005349474650453A2041726974686D657445
:10155000696320657863657074696F6E3A20000076
:1015600008B569468DF800000320ABBE08BD000039
:1015700001220248114603F03AB90000000802585F
:1015800000220248012103F032B90000000802588D
:101590007047000001220248082103F028B900002A
:1015A0000008025800220248082103F020B9000078
:1015B00000080258704730B54FF47A75044602E0CF
:1015C000284600F004F8601E84B2F9D230BD4FF016
:1015D000E02370B55D69C0EB0010996944010022F9
:1015E00098698842FCD002D2A1EB000102E0A5EB91
:1015F000000631440A440146A242F1D370BD10B541
:10160000FFF7C6FFFFF7D6FF0DF0CCFD08B1802431
:1016100002E00DF031FD04460DF094FF10B144F0EE
:10162000400010BD0DF01EFF204310BD2DE9FC4110
:10163000002790460E46054600970197FFF7A0FF4A
:10164000922000F0CFF806226946122000F0ACF894
:10165000FFF78EFF9DF801009DF80010504C00022E
:1016600000B2084300EE100AD4ED010AB8EEC00A39
:1016700020EE200A86ED000A9DF803009DF8021076
:10168000D4ED010A000200B2084300EE100AB8EEE1
:10169000C00A20EE200A86ED010A9DF805009DF89B
:1016A0000410000200B2084300EE100AB8EEC00AAF
:1016B00020EE200A86ED020AFFF774FF0822694631
:1016C000002000F071F8FFF765FF9DF800000F287B
:1016D00033D02078401CC0B220700A2807D99FED73
:1016E000310A85ED000A85ED010A85ED020AFFF752
:1016F00047FFA22000F076F802226946222000F07F
:1017000053F8FFF735FF9DF800109DF80100C90060
:1017100041EA5010B0F5806F01DBA0F5006000EEEB
:10172000100AB4EE001AF3EE070AB8EEC00A40EE53
:10173000010AC8ED000ABDE8FC819DF803009DF890
:101740000210D4ED020A000200B2084300EE100AB3
:10175000B8EEC00A20EE200A85ED000A9DF80500CB
:101760009DF80410D4ED020A000200B2084300EE16
:10177000100AB8EEC00A20EE200A85ED010A9DF895
:1017800007009DF80610000200B2084300EE100AA0
:10179000B8EEC00A20EE200A85ED020A2770A6E7FF
:1017A0006C0400240000000070B540F08000144676
:1017B0000D4600F017F806E0552000F013F8641EFF
:1017C00005F8010BE4B2002CF6D170BD10B540F065
:1017D00080000C4600F006F8552000F003F8207059
:1017E00010BD000001B582B04FF47A700123009063
:1017F00001AA034802A905F0E3FC9DF804000EBD10
:10180000A440002410B50C46FFF7ECFF2046BDE8CD
:101810001040FFF7E7BFB6EE000A92ED021AB0EEF5
:10182000403AD2ED030A01EE413A92ED012AD2ED9F
:10183000002AF0EE001A62EE013A90EC034A00EE44
:10184000E03A22EE202A42EEE03A02EE812A63EEEE
:10185000040A43EEA40A42EE050AB0EE402A60EE06
:10186000A10AC1ED000A92ED011A92ED023AD2ED01
:10187000002AD2ED030A61EE033A01EE412A90EC10
:10188000034A23EE203A42EEA03A00EEE02A02EEAE
:10189000C13A63EE840A42EE240A43EE050A60EE82
:1018A000A10AC1ED010A92ED011AD2ED032AD2ED8F
:1018B000020A92ED002A21EE223A60EEA22AD0EC32
:1018C000033A01EE410A02EE603A42EE012A00EECE
:1018D000E00A23EE231A02EE841A00EE241A21EE07
:1018E000210A81ED020A7047FEE700002DE9F04170
:1018F000144C00264FF4007508274FEA102CC4E959
:101900000056114D4FEA112EC4E90267170A85F8F7
:1019100000C04FEA132C68704FF0004085F802E0D9
:10192000E97021462F716A712A4685F806C0EB716D
:10193000C4E90406A661E6612662BDE8F0410348F9
:1019400001F07EBF04E80024D0010024643F00249D
:10195000104B0022F0B4104C08254FF400771F60A4
:101960005A60060AC3E9022526700F0A607028072C
:10197000A770E170194622716271A271E271C3E928
:1019800004029A61DA611A622246F0BC034801F04F
:1019900057BF0000E0E70024C801002404400024F1
:1019A0002DE9F0471C4D00241C4E4FF0080940F271
:1019B000FE280746080A3246C5E90084C5E90249FF
:1019C00034704FF0004A7470B070F1702946347171
:1019D0007471B471F471C5E904A4AC61EC61104890
:1019E0002C6201F02DFFC5E90084C5E9024934707D
:1019F000390A74703246B470F470317129467771C7
:101A0000B471F471C5E904A4AC61EC612C62BDE869
:101A1000F047034801F014BFE0E70024C8010024A8
:101A2000044000240F4A002130B4082340F2FF1480
:101A3000050A0D48C2E90041C2E902131B070570FF
:101A400045708170C170017141718171C171C2E9CC
:101A500004319161D1611162024630BC01490348F1
:101A600001F0EEBEE0E70024C8010024C43E0024DB
:101A7000002070470020704705490022054810B536
:101A80000BF020F8044903480BF00FF8002010BDBC
:101A9000FC55002420490024FC4D002410B50649C3
:101AA000044610F0D1FE054821460AF0FEFF034827
:101AB0000AF0D4FF002010BDD0E800242049002403
:101AC00000207047094A10B5D2F8BC22D2F814227F
:101AD0000AB1012010BD0A46014604480AF0F2FF8F
:101AE000BDE8104001480BF063B800002049002415
:101AF0000188B0F908309FED171BCA1AC16800EEC3
:101B0000102AB8EEC00BB4EEC10BF1EE10FA01DDF5
:101B1000491E0BE000EE102A9FED101BB8EEC00B23
:101B2000B4EEC10BF1EE10FA01D2491CC1609FED79
:101B30000D1AC1EB4131194400EE101AF3EE030AFD
:101B4000B8EEC00A20EE010A80EE201A80ED041AD9
:101B5000704700000000000000FFAF4000000000E0
:101B600000FFAFC0A005343D014800F073BF000086
:101B7000B4410024014800F06DBF00002C42002455
:101B8000014800F067BF0000F4460024014800F05F
:101B900061BF00008C450024014800F05BBF0000DD
:101BA0006C470024014800F055BF000004460024A3
:101BB000014800F04FBF00007C460024014800F0BF
:101BC00049BF0000E4470024014800F043BF000083
:101BD0005C480024294A016891423AD0274A1832C9
:101BE000914236D0254A3032914232D0234A48328F
:101BF00091422ED0214A603291422AD01F4A783237
:101C0000914226D01D4A9032914222D01B4AA832DE
:101C100091421ED01A4A91421BD0194A1832914261
:101C200017D0174A3032914213D0154A48329142A8
:101C30000FD0134A603291420BD0114A7832914250
:101C400007D00F4A9032914203D00D4AA8329142F8
:101C500011D1CAB21823103AB2FBF3F26FF30901A3
:101C6000032A02F00703074AD25CC26500D9091DA6
:101C700081650846704721F0FF01F9E71000024036
:101C800010040240A43E010830B5224A0123016835
:101C90009142CAB21BD01F4C1434A14217D01D4C24
:101CA0002834A14213D01B4C3C34A1420FD0194C14
:101CB0005034A1420BD0174C6434A14207D0154CCC
:101CC0007834A14203D0134C8C34A1420CD114219E
:101CD000114C083AB2FBF1F10F4A803201F01F05B6
:101CE00004EB8101AB4010E00C4D1824103A0D4478
:101CF000B2FBF4F1A82D00D80831094A01F01F0405
:101D000002EB8101064AA3408032603080E80E0079
:101D100030BD00000854025800580258F0FBFDBFC7
:101D20000008024010B50279531E072B2DD8174C1E
:101D30000168A1421BD0154C1434A14217D0134C9A
:101D40002834A14213D0114C3C34A1420FD00F4C87
:101D50005034A1420BD00D4C6434A14207D00B4C3F
:101D60007834A14203D0094C8C34A14203D10849F4
:101D7000074C443102E00749064C443104EB82022F
:101D8000C0E91B2101219940416710BD0854025848
:101D9000FC580258FC08024010B583694FF0C0742B
:101DA000826A0146002053B1B3F5005F15D072B1CD
:101DB000012A0CD0022A0AD0032A09D104E01AB160
:101DC000012A06D0022A03D1C96AC90100D501201F
:101DD00010BDC96AA142FAD010BD002AF7D0012A6D
:101DE000F2D0022AF3D0032AF3D010BD2DE9F04F30
:101DF000804E804FDFF8FC911836DFF8F8A14837A5
:101E00000468856D0AF1300ADFF8ECB14C45DFF863
:101E1000ECC1DFF8ECE16DD0B4426BD0544569D031
:101E2000BC4267D0DFF8D081A8F11808444561D0E2
:101E30005C455FD064455DD074455BD0DFF8C481FC
:101E4000444557D0DFF8BC8108F11808444551D00B
:101E5000DFF8B08108F1300844454BD0DFF8A481A9
:101E600008F14808444545D0DFF8988108F160083A
:101E700044453FD0DFF88C8108F17808444539D0DB
:101E8000DFF8808108F19008444533D0DFF8748191
:101E900008F1A80844452DD0DFF86C81444529D0CD
:101EA000DFF8648108F11408444523D0DFF8588135
:101EB00008F1280844451DD0DFF84C8108F13C08A2
:101EC000444517D0DFF8408108F15008444511D04F
:101ED000DFF8348108F1640844450BD0DFF828812D
:101EE00008F17808444505D0DFF81C8108F18C081A
:101EF000444509D1D0E91948C4F80480C46E1CB126
:101F0000D0E91C48C4F8048004684C452ED0B44283
:101F10002CD054452AD0BC4228D0374E183EB4426B
:101F200024D05C4522D0644520D074451ED0354E67
:101F3000B4421BD0334E1836B44217D0314E30362F
:101F4000B44213D02F4E4836B4420FD02D4E6036D7
:101F5000B4420BD02B4E7836B44207D0294E90367F
:101F6000B44203D0274EA836B44215D190F85C6035
:101F70003F2406F01F06B440AC600468256825F4D1
:101F8000802525602EE09A600068C160BDE8F08F72
:101F900099600068C260F9E71B4EB4421BD01A4E2C
:101FA0001436B44217D0184E2836B44213D0164E09
:101FB0003C36B4420FD0144E5036B4420BD0124EC1
:101FC0006436B44207D0104E7836B44203D00E4E79
:101FD0008C36B442DAD190F85C60012406F01F061A
:101FE000B4406C60046863608368402B0368CFD1A1
:101FF000C9E700001000024088000240A000024033
:10200000B800024010040240085402580A4808B5BB
:10201000017800290ED10949012202704A68009214
:1020200043699A4202D20269521C02614968002245
:102030004161027008BD000038030024001000E078
:1020400000B50E492DED028B81B049680C4A009114
:102050000168D2ED010A009A0260511A00EE101ACE
:10206000F8EE600AB8EE400A80EE208AFFF7CEFF55
:1020700001B0B0EE480ABDEC028B00BD001000E0DC
:10208000380300240E490023F0B40E4A0C68504374
:102090000D4A44F080740C60536011684FF47A74F8
:1020A000084DB0FBF4F4B0FBF5F541F0010607492B
:1020B00016600B61091D81E83100F0BCFFF7A6BF77
:1020C000FCED00E040420F00001000E03803002467
:1020D0007047B6EE000A92ED021AB0EE403AD2ED29
:1020E000030A01EE413A92ED012AD2ED002AF0EE08
:1020F000001A62EE013A90EC034A00EEE03A22EE5A
:10210000202A42EEA03A02EEC12A63EE040A43EE10
:10211000A40A42EE050AB0EE402A60EEA10AC1ED23
:10212000000A92ED011A92ED023AD2ED002AD2EDA8
:10213000030A61EE033A01EE412A90EC034A23EED2
:10214000203A42EEE03A00EEE02A02EE813A63EEF7
:10215000840A42EE240A43EE050A60EEA10AC1EDAC
:10216000010A92ED011AD2ED032AD2ED020A92ED94
:10217000002A21EE223A60EEA22AD0EC033A01EEC8
:10218000410A02EE203A42EE412A00EEE00A23EE36
:10219000231A02EE841A00EE241A21EE210A81EDA0
:1021A000020A704772B6FEE7054805490839026819
:1021B00042F00202026008688004FCD5704700000B
:1021C0000C480258014801F0BFBC0000C43E002486
:1021D000014801F0B9BC0000C43E0024014801F0F0
:1021E000B3BC0000643F0024014801F0ADBC000016
:1021F000643F0024014801F0A7BC00000440002413
:10220000014801F0A1BC000004400024044810B5BE
:1022100001F09AFCBDE81040024801F095BC0000B6
:10222000C43E0024643F0024F0B503684FF6FC71FF
:102230006D4C426BD3F884508D4345EA8205C3F858
:102240008450036853F8845F068F25F47F0545EAC0
:1022500006451D60836B654D9F180268D2F8883073
:102260008B4343EA8703C2F88830026852F8883FFC
:10227000868F23F4FE0343EA06431360066856F88C
:10228000A03FC26B8B4307EB420243EA82033360F9
:10229000076857F8A03FB0F8406023F4FE0343EA14
:1022A00006433B60D0E9103603FB06220368D3F8EF
:1022B000B0608E4346EA8206C3F8B0600368B0F8A7
:1022C0004860D3F8B07027F4FE0747EA0646C3F823
:1022D000B060D0E91267036806FB0722D3F8AC6050
:1022E0008E4346EA8206C3F8AC60D0E914670368FF
:1022F00006FB0722D3F8F0608E4346EA8206C3F855
:10230000F0600368B0F85860D3F8F07027F47C17D9
:1023100047EA0646C3F8F0600368876D53F8C06F5C
:1023200002EB47028E4346EA820119600168B0F869
:102330005C20D1F8C03023F47C1343EA0242C1F898
:10234000C020016890F86020D1F8C03023F07C53A1
:1023500043EA0262C1F8C020416B04EB8101C1660F
:10236000826B01EB82020267C36B02EBC30242671E
:10237000D0E91034634302EB83028267D0E9123460
:10238000634302EB8302C267D0E91434634302EB78
:102390008302C0F88020836D02EBC303C0F8843051
:1023A000C46D826E544303EB8403C0F88830046E1E
:1023B000544303EB8402C0F89020AA420AD9D0F813
:1023C0009C20032142F02002C0F89C2080F8981045
:1023D0000120F0BD002200E004C1D0F890308B4213
:1023E000FAD80020F0BD000000AC0040FCD3004053
:1023F000F0B58E680C69D1E9005744EA0604DFB1F4
:1024000045F080452C43866ED1E906C54F695E4391
:1024100091F8203045EA0C05B1F80CC0D0F884E002
:10242000002047EA0363104F1D430EEB860345EA85
:102430000C45E3E8024511E044EA8544E3E714185B
:10244000155CA67894F803C094F801E0360445EAD8
:102450000C6446EA0E252C43001D10C3CC683C5D7D
:102460008442ECD8F0BD0000AC3E01082DE9F84FE5
:10247000044602F0C1F900903CB194F835000228FE
:1024800006D0802161650020E4E00120BDE8F88FDE
:10249000C74DC74EC649183520683036DFF814835B
:1024A000DFF814938842DFF814A3DFF814B32ED0BA
:1024B000A8422CD0B0422AD0404528D0484526D04A
:1024C000504524D0584522D0BD4A183290421ED0E3
:1024D000BC4A90421BD0BB4A1832904217D0B94A2E
:1024E0003032904213D0B74A483290420FD0B54AAA
:1024F000603290420BD0B34A7832904207D0B14A52
:102500009032904203D0AF4AA832904209D102687B
:1025100022F01E0202602068426922F080024261BD
:1025200003E0026822F00E02026027688F423846FC
:102530004DD0A8424BD0B04249D0404547D0484545
:1025400045D0504543D0584541D09D4A183290421D
:102550003DD09C4A90423AD09A4A1832904236D0A6
:10256000984A3032904232D0964A483290422ED029
:10257000944A603290422AD0924A7832904226D0D1
:10258000904A9032904222D08E4AA83290421ED079
:102590008D4A90421BD08C4A1432904217D08A4AFE
:1025A0002832904213D0884A3C3290420FD0864A5B
:1025B000503290420BD0844A6432904207D0824A13
:1025C0007832904203D0804A8C32974204D1206EF8
:1025D000026822F48072026075492068884228D01F
:1025E000A84226D0B04224D0404522D0484520D031
:1025F00050451ED058451CD071491831884218D01A
:102600007049884215D06F491831884211D06D4900
:10261000303188420DD06B494831884209D0694930
:102620006031884205D067497831884201D06549D8
:102630009031016821F0010101600EE002F0DCF848
:102640000099401A052808D920226265032100203C
:1026500084F8351084F8340017E73868C007EDD1E6
:10266000534A0121206890422ED0A8422CD0B0427B
:102670002AD0404528D0484526D0504524D058453A
:1026800022D04F4B183398421ED04E4B98421BD04D
:102690004C4B1833984217D04A4B3033984213D0E2
:1026A000484B483398420FD0464B603398420BD08A
:1026B000444B7833984207D0424B9033984203D032
:1026C000404BA833984208D194F85C703F23A06D2A
:1026D00007F01F07BB40836007E094F85C30A06DF3
:1026E00003F01F0301FA03F34360206890424DD0CA
:1026F000A8424BD0B04249D0404547D0484545D08C
:10270000504543D0584541D02D4A183290423DD0D3
:102710002C4A90423AD02B4A1832904236D0294A5D
:102720003032904232D0274A483290422ED0254A49
:10273000603290422AD0234A7832904226D0214AF1
:102740009032904222D01F4AA83290421ED01E4A98
:1027500090421BD01C4A1432904217D01A4A283299
:10276000904213D0184A3C3290420FD0164A503251
:1027700090420BD0144A6432904207D0124A783209
:10278000904203D0104A8C3290420BD1D4E9190206
:102790004260E06E30B1026822F480720260D4E9D7
:1027A0001C024260002084F8351084F834006DE685
:1027B00010000240580002407000024088000240B1
:1027C000A000024010040240085402582DE9F05FB6
:1027D00028B190F83510022904D0802141650120EC
:1027E000BDE8F09F904C904B0168183C18338E4A1E
:1027F000DFF83C92A1428D4CDFF838E28E4FDFF8D3
:102800003CB2DFF83CA28F4D8F4E31D091422FD099
:1028100099422DD0A1422BD0494529D0714527D0CE
:10282000B94225D0DFF810C20CF1180C61451FD059
:10283000DFF808C2ACF1600C614519D0DFF8FCC1CB
:10284000ACF1480C614513D0DFF8F0C1ACF1300CAD
:1028500061450DD0DFF8E4C1ACF1180C614507D03B
:10286000594505D0514503D0A94201D0B1422CD1E0
:10287000DFF8B4C14FF0040880F83580ACF1180CD3
:1028800061451DD091421BD0994219D0A14217D069
:10289000494515D0714513D0B94211D0664818305A
:1028A00081420DD065486038814209D0634848387C
:1028B000814205D061483038814201D05F481838E4
:1028C000086820F001000860ABE0D1F800C02CF0EF
:1028D0000E08DFF854C1C1F80080ACF1180C016893
:1028E000614527D0914225D0994223D0A14221D0E1
:1028F00049451FD071451DD0B9421BD0DFF838C102
:102900000CF1180C614515D0DFF830C1ACF1600C4A
:1029100061450FD0DFF824C1ACF1480C614509D006
:10292000DFF818C1ACF1300C614503D0DFF80CC101
:10293000ACF1180CD1F800C02CF0010CC1F800C0AB
:10294000DFF8E4804FF0010C0168A8F11808414558
:1029500046D0914244D0994242D0A14240D049450C
:102960003ED071453CD0B9423AD0334A18329142F8
:1029700036D0324A603A914232D0304A483A914297
:102980002ED02E4A303A91422AD02C4A183A9142FF
:1029900026D0594524D0514522D0A94220D0B14259
:1029A0001ED02A4A91421BD0284A1432914217D095
:1029B000264A2832914213D0244A3C3291420FD009
:1029C000224A503291420BD0204A6432914207D0C1
:1029D0001E4A7832914203D01C4A8C32914218D15F
:1029E000016E0A6822F480720A6090F85C20816DA2
:1029F00002F01F020CFA02F24A60D0E919124A6092
:102A0000C16E31B10A6822F480720A60D0E91C12EA
:102A10004A600022016D80F835C080F8342001B191
:102A200088470020DCE600002800024058000240F1
:102A30007000024088000240A00002407004024082
:102A400088040240A0040240B8040240085402581E
:102A5000406D70472DE9FC5F0446F74E0020DFF81B
:102A6000D88300904FF41652F44808F11808A56D69
:102A7000DFF8C493DFF8C0A3016809F130092068CA
:102A80000AF1480AB1FBF2F1B04201912F68D5F882
:102A900000C0DFF8ACB335D04146884232D048455B
:102AA00030D050452ED058452CD0E54918318842B9
:102AB00028D0E3493031884224D0E1494831884266
:102AC00020D0E04988421DD0DE491831884219D013
:102AD000DC493031884215D0DA494831884211D07A
:102AE000DFF860E30EF1600E70450BD0D54A783206
:102AF000904207D0D34B9033984203D0D149A831AC
:102B000088427DD194F85C20082102F01F0201FA6E
:102B100002F23A424AD0B04232D0404530D0484525
:102B20002ED050452CD058452AD0C54A1832904254
:102B300026D0C34A3032904222D0C14A4832904215
:102B40001ED0C04A90421BD0BE4A1832904217D0C5
:102B5000BC4A3032904213D0BA4A483290420FD029
:102B6000B84A603290420BD0B64A7832904207D0D1
:102B7000B44A9032904203D0B24AA832904203D174
:102B8000026802F0040202E0026802F008026AB180
:102B9000026822F00402026094F85C0000F01F005A
:102BA0008140A960606D40F00100606594F85C00B0
:102BB000012100F01F008140394240D02068B0421E
:102BC00034D0404532D0484530D050452ED05845BD
:102BD0002CD09B4A1832904228D0994A30329042E9
:102BE00024D0974A4832904220D0964A90421DD035
:102BF000944A1832904219D0924A3032904200E002
:102C0000AFE113D08F4A483290420FD08D4A6032E4
:102C100090420BD08B4A7832904207D0894A90324A
:102C2000904203D0874AA83290427DD1406910F08B
:102C3000800F04D0A960606D40F00200606594F8D8
:102C40005C00042100F01F00814039423ED0206822
:102C5000B04232D0404530D048452ED050452CD0DF
:102C600058452AD0764A1832904226D0744A3032DB
:102C7000904222D0724A483290421ED0714A90420D
:102C80001BD0704A1832904217D06E4A30329042B0
:102C900013D06C4A483290420FD06A4A6032904258
:102CA0000BD0684A7832904207D0664A9032904200
:102CB00003D0644AA83290424ED1006810F0020F4F
:102CC00004D0A960606D40F00400606594F85C0079
:102CD000102100F01F008140394258D02068B042D6
:102CE00034D0404532D0484530D050452ED058459C
:102CF0002CD0534A1832904228D0514A3032904258
:102D000024D04F4A4832904220D04E4A90421DD0A3
:102D10004C4A1832904219D04A4A3032904215D06B
:102D2000484A4832904200E014E00FD0454A6032F1
:102D300090420BD0434A7832904207D0414A9032B9
:102D4000904203D03F4AA832904207D1006800F079
:102D5000080006E0006872E70068B7E7006800F066
:102D60000400A0B1A96020680168490304D5006887
:102D7000000308D5A16C07E00168C90503D4016808
:102D800021F008010160216C09B12046884794F8C0
:102D90005C00202100F01F008140394279D020687A
:102DA000B04232D0404530D048452ED050452CD08E
:102DB00058452AD0224A1832904226D0204A303232
:102DC000904222D01E4A483290421ED01D4A904264
:102DD0001BD01C4A1832904217D01A4A3032904207
:102DE00013D0184A483290420FD0164A60329042AF
:102DF0000BD0144A7832904207D0124A9032904257
:102E000003D0104AA832904203D1006800F01000AD
:102E100002E0006800F00200B0B3A96094F8350049
:102E20000428206801680FD049037ED5006800039C
:102E30002BD4616C2AE0000010000240A0000024A6
:102E4000700002401004024021F016010160206869
:102E5000416921F080014161206C08B9A06C20B16A
:102E60002068016821F00801016094F85C303F217E
:102E7000012003F01F0300229940A96084F8350067
:102E800084F83420216D65E003E0E16B09B1204650
:102E90008847606D00287DD0606DC00759D02068DC
:102EA000042184F83510B0422BD0404529D0484544
:102EB00027D0504525D0584523D09D49884220D061
:102EC0009B49183188421CD099493031884218D02A
:102ED0009849884215D097491831884211D09549B0
:102EE000303188420DD093494831884209D0914908
:102EF0006031884205D08F497831884201D08D49B0
:102F00009031016821F00101016020680099019A67
:102F1000491C0091914202D80168C907F6D10068A6
:102F2000C00710D003200FE0FFE70168C905ACD44B
:102F300003680121002223F01003036084F8351098
:102F400084F83420A1E7012084F83500002084F8BB
:102F50003400E16C00291DD002B02046BDE8F05FCE
:102F60000847754988421DD073491431884219D0E9
:102F700071492831884215D06F493C31884211D0BF
:102F80006D49503188420DD06B496431884209D077
:102F9000694900E084E07831884203D066498C3189
:102FA00088427DD194F85C800427016808F01F08EE
:102FB00007FA08F717EA0C0F009746D04F0744D5D9
:102FC00000980F04686003D5C8033CD4A16CC1E726
:102FD000880638D42068B0422DD0554960398842DF
:102FE00029D0484527D0504525D0584523D05049B1
:102FF000884220D04E49183188421CD04C4930318B
:10300000884218D04B49884215D04A491831884225
:1030100011D04849303188420DD046494831884264
:1030200009D0704507D0904205D0984203D041495D
:10303000A831884203D1016821F0080102E001684B
:1030400021F004010160216C84E7022707FA08F7E8
:1030500017EA0C0F00974ED08F074CD500980F043D
:10306000686003D5C80344D4616C73E7880640D414
:103070002068B0422FD02E49603988422BD0484575
:1030800029D0504527D0584525D02949884222D0FB
:103090002749183188421ED025493031884200E046
:1030A00044E018D02349884215D02249183188427B
:1030B00011D02049303188420DD01E494831884214
:1030C00009D0704507D0904205D0984203D01949E5
:1030D000A831884203D1016821F0140102E001689F
:1030E00021F00A010160012184F83510002084F8E4
:1030F0003400E16B2EE7082202FA08F212EA0C0F04
:1031000014D0090712D5016821F00E01016094F86E
:103110005C100120002201F01F0100FA01F169603A
:10312000606584F8350084F8342012E7BDE8FC9F20
:103130008800024010040240085402582DE9F05F54
:10314000044601F059FB002C07467DD0E24E0221D7
:1031500020684FF00308DFF884934FF00005DFF894
:1031600080A3B042DFF87CB334D0DB4A18329042FF
:1031700030D048452ED050452CD058452AD0D94A79
:103180001832904226D0D74A3032904222D0D54AC7
:10319000483290421ED0D44A90421BD0D24A1832B4
:1031A000904217D0D04A3032904213D0CE4A4832A3
:1031B00090420FD0CC4A603290420BD0CA4A78324B
:1031C000904207D0C84A9032904203D0C64AA832F3
:1031D00090427DD184F83510B04284F834502ED01E
:1031E000BD49183188422AD0484528D0504526D0BC
:1031F000584524D0BB491831884220D0B9493031D4
:1032000088421CD0B7494831884218D0B649884214
:1032100015D0B5491831884211D0B34930318842B0
:103220000DD0B1494831884209D0AF496031884258
:1032300005D0AD497831884201D0AB499031016861
:1032400021F00101016008E025E100BF01F0D4FA9E
:10325000C01B052801D920211AE120680068C00799
:10326000F4D1D4E902032168103418438E4694E85F
:103270008410D4E9033809683A4310439B4A40EA72
:103280000C00676918431140103C40EA0800042F05
:1032900040EA010003D1D4E90B12114308436168ED
:1032A000A1F12902052A0BD9163A032A08D9083AAE
:1032B000012A05D9083A032A02D97439032901D809
:1032C00040F48010CEF800002068676A406900E092
:1032D00020E0042F20F0070047EA00070DD1D4E9D1
:1032E0000A01074349B12046FEF756FD28B14020A8
:1032F0006065012184F83510CDE0206847612046E3
:10330000FEF768FC94F85C203F2102F01F02914018
:10331000816055E0764A90421BD0754B1433984239
:1033200017D0734B2833984213D0714B3C339842DB
:103330000FD06F4B503398420BD06D4B6433984293
:1033400007D06B4B7833984203D0694B8C3398424B
:103350007ED184F8351084F83450664B0168A26839
:1033600001EA030E402A74D0802A73D05FF0000275
:10337000D4E90378D4E9053142EAD70242EAD80811
:103380005B4AD4E9077C48EAD30848EAD10141EA1C
:10339000D701524241EA1C11142341EA0E01016097
:1033A00020681044B0FBF3F08000E0652046FEF793
:1033B00011FC94F85C20012102F01F029140416051
:1033C0002068B04257D044491831884253D048450C
:1033D00051D050454FD058454DD0424918318842C0
:1033E00049D040493031884245D03E494831884231
:1033F00041D03D4988423ED03B49183188423AD0BD
:1034000039493031884236D037494831884232D044
:103410003549603188422ED03349783188422AD0EC
:1034200031499031884226D02F49A831884222D094
:103430002F4988421FD02E49143188421BD02C4975
:103440002831884217D02A493C31884213D002E003
:103450001DE017E018E02649503188420BD024497E
:103460006431884207D022497831884203D020490C
:103470008C31884229D12046FEF706FCA0688028BE
:103480000CD00CE0102273E74FF4804270E740212B
:10349000616584F835800120BDE8F09F6560216E8C
:1034A00020790860D4E9190141606068401E07284E
:1034B00008D82046FEF736FCE06E0560D4E91C0112
:1034C000416002E0E566256765670120656584F86F
:1034D00035000020E0E700001000024040000240FC
:1034E0005800024070000240100402403F8010FE6D
:1034F000085402580F00FEFF2DE9F84F04008C46D7
:103500004FF00000009014D094F83400012812D03D
:1035100094F835500120002184F83400012D0CD09E
:10352000C00260650120009084F834100098BDE866
:10353000F88F0120FBE70220F9E78C4D0226206876
:1035400084F83560A8428A4D61658A4E8A4FDFF85B
:103550002C82DFF82C92DFF82CA2DFF82CB226D0D8
:10356000A84224D0B04222D0B84220D040451ED03C
:1035700048451CD050451AD0584518D08349884238
:1035800015D082491831884211D0804930318842A3
:103590000DD07E494831884209D07C49603188424B
:1035A00005D07A497831884201D078499031016854
:1035B00021F00101016061462046FEF717FC6B49CE
:1035C000206888422CD0A8422AD0B04228D0B842E5
:1035D00026D0404524D0484522D0504520D05845DB
:1035E0001ED06A4A90421BD0684A1832904217D0C7
:1035F000664A3032904213D0644A483290420FD02B
:10360000624A603290420BD0604A7832904207D0D2
:103610005E4A9032904203D05C4AA83290420CD16C
:10362000026822F01E0242F016020260206C88B18D
:103630002068026842F008020BE0026822F00E02E5
:1036400042F00A020260206C20B12068026842F059
:1036500004020260206888424BD0A84249D0B042A0
:1036600047D0B84245D0404543D0484541D0504569
:103670003FD058453DD0454A90423AD0434A18324F
:10368000904236D0414A3032904232D03F4A48329E
:1036900090422ED03D4A603290422AD03B4A783246
:1036A000904226D0394A9032904222D0374AA832EE
:1036B00090421ED0364A90421BD0354A1432904276
:1036C00017D0334A2832904213D0314A3C329042CC
:1036D0000FD02F4A503290420BD02D4A6432904284
:1036E00007D02B4A7832904203D0294A8C3290423C
:1036F0000DD1206E0268D20303D5026842F48072B5
:103700000260E06E18B1026842F4807202602068C4
:10371000884226D0A84224D0B04222D0B84220D03D
:1037200040451ED048451CD050451AD0584518D0A9
:103730001649884215D015491831884211D01349CD
:10374000303188420DD011494831884209D00F49A3
:103750006031884205D00D497831884201D00B494B
:103760009031016841F001010160DFE61000024084
:103770002800024040000240580002407000024011
:1037800088000240A0000240B8000240100402403D
:103790000854025870B5044601F02EF80546601C26
:1037A00002D004480078044401F026F8401BA042EF
:1037B000FAD370BD9400002410B590F89830012B16
:1037C00009D0022B07D0D0F89C1041F00201C0F8BC
:1037D0009C10012010BD03689C6D0C4203D1DC6D70
:1037E00044F0010404E09C6D31EA04041FD003247A
:1037F000DC658B0505D50368D3F8E0401443C3F8B6
:10380000E0404B0505D50368D3F8E4401443C3F802
:10381000E4400068084A01EA0203446D074A1C4379
:103820004465106840EA91701060002010BDDC6DA6
:1038300044F00204DCE70000FFFFCF3F14A8004083
:1038400070B5044690F89800022804D0D4F89C0083
:1038500040F008000DE02068D0F8C03013F07C5F25
:103860000BD0D0F8C4309B020CD5D4F89C0040F4A7
:103870000070C4F89C00012070BDD4F89C0040F09A
:103880002000F6E7D0F8C400C0F3044520462B46DC
:10389000FEF7AEFD21680120A840C1F8D000C4F8B1
:1038A0009400002070BD704790F89830012B07D02D
:1038B000D0F89C1041F00401C0F89C100120704722
:1038C00061B10068012913D0D0F8B01021F0FE4199
:1038D00041EA0261C0F8B010002070470068D0F8DB
:1038E000F01021F07C5141EA0261C0F8F010F3E7DA
:1038F000D0F8A01021F0FE4141EA0261C0F8A0100A
:10390000EAE770B590F89820012A09D0022A07D07A
:10391000D0F89C1041F00201C0F89C10012070BD4D
:103920000B68CA6883B10B69072A43EA427325D042
:103930000C7A4A6942EA84724968006F00EBC10060
:10394000C0E90032002070BD072A0DD00C7AD606DF
:103950000D8A4B6943EA847246EA0543C06E4968A2
:103960001A4340F82120EDE70B8A4FF06055D1E96A
:10397000062442EA034245EA0423EFE78A69DBE7CB
:1039800030B590F89850039C012D07D0D0F89C10CA
:1039900041F00401C0F89C10012030BD0D01016808
:1039A00045EA820040EA43002043C1F8800000203D
:1039B00030BD704770470000F0B590F89850002473
:1039C000022D04D0D0F89C1041F0080129E04029D4
:1039D00005D0412929D0056D8D4219D942E00568ED
:1039E000D5F8A06016F4FE0F12D0D5F8A4607606C4
:1039F00013D0D5F8A460F60105D5D5F8A06016F06F
:103A0000004F00D50124D5F8A470466F456C24E022
:103A1000D0F89C1041F0200103E0D0F89C1041F454
:103A20008071C0F89C100120F0BD0568D5F8B06029
:103A300016F4FE0FECD0D5F8B4607606EDD0D5F8CC
:103A4000B460F60105D5D5F8B06016F0004F00D58A
:103A50000124D5F8B470866FC56CC7F305273C44C4
:103A6000654302E0456DC66F4D4306EB85052E6844
:103A700016F0804656602E6836D026F060461660F6
:103A8000D5F800C000262E4F0CF0005CC2F808C02C
:103A9000D5F800C00CF0004CC2F810C0B5F804C056
:103AA0001FFA8CFCC2F81CC0D5F804C0CCF3034C40
:103AB000C2F80CC0D5F804C00CF4801CC2F814C0C5
:103AC000D5F804C00CF4001CC2F818C0D5F804C026
:103AD000CCF3066CC2F820C0D5F804C008354FEA14
:103AE000DC7CC2F824C008E0C6F38A46C7E700BF02
:103AF00015F806C003F806C0761CD2F80CC017F8FB
:103B00000CC0B445F4D840290AD041290CD0202952
:103B10004FF001020CD200688A40C0F898200DE0F6
:103B20000068C0F8A84009E00068C0F8B84005E0A7
:103B3000006801F01F018A40C0F89C200020F0BD01
:103B4000AC3E0108704700002DE9FF5FDFF80CB3C1
:103B500004460BF10401DBF8000025680F68AA4653
:103B60008007D5F85090696DD5F850806E6D2A6D3C
:103B7000D5F854C02B6D00EA8770009009F47049A5
:103B80006F6D286D01EA09010191DAF85410DAF835
:103B90005490DAF8505008F00F0806EA080602962A
:103BA00002F0F00203F071536FEA09061F4000F0C3
:103BB00060700CEA020CCDF80CC0F20501EA0009B5
:103BC0000CD4E843C00509D400214FF48073CAF82F
:103BD0005030CBF800102046FFF7B4FF700512D428
:103BE000E84340050FD4206800234FF48068D0F8E4
:103BF000DC20D0F8E410C0F85080CBF80030114041
:103C0000204600F0DDFCDFF858A2009850B1226891
:103C1000830F00EA0A001065CBF8003020460099B7
:103C2000FFF741FE019850B12268830F00EA0A00B5
:103C30001065CBF800302046019900F0C3FC0298D3
:103C400050B12268830F00EA0A001065CBF80030FB
:103C50002046029900F01AFB039850B12268830FA6
:103C600000EA0A001065CBF800302046039900F006
:103C700087FC30050CD4E843000509D423680020F4
:103C80004FF400621A65CBF80000204600F09BFC60
:103C9000B00512D4E84380050FD4206800234FF408
:103CA0000078D0F8D820D0F8E010C0F85080CBF8D9
:103CB00000301140204600F084FC30030CD4E8436F
:103CC000000309D4236800204FF400221A65CBF8C2
:103CD0000000204600F0D8FAF0030CD4E843C003FB
:103CE00009D4236800204FF480321A65CBF8000015
:103CF000204600F064FC70030CD4E843400309D470
:103D0000226800204FF480231365CBF80000204682
:103D100000F054FCB0030FD4E84380030CD42368B4
:103D200000204FF400321A65CBF80000D4F89C0054
:103D300040F08000C4F89C00B9F1000F0BD022685D
:103D40004FEA997309EA0A001065CBF8003049463A
:103D50002046FFF72FFE5FB12268BB0F07EA0A007B
:103D60001065CBF80030D4F89C003843C4F89C00B0
:103D70003C492068884268D1606881468068800735
:103D800063D0D9F82060D9F82410D9F82080D9F868
:103D90002400D9F820C0D9F82470D9F82030D9F8F7
:103DA0002450D9F8202003F4FC4306F00F0AD9F878
:103DB00024601D40D9F824B008F030080CF4C07C11
:103DC00002F4F02211EA0A0100EA080807EA0C07E7
:103DD00006EA0206D9F820A004D0C9F8201020462F
:103DE00000F0E9FBB8F1000005D0616808624146C7
:103DF000204600F0E2FB6FEA0B0040060ED46FEAAB
:103E00000A0040060AD460684021C36BC26B01629D
:103E10002046190C02F03F0200F0CEFB2FB1606883
:103E200007623946204600F0C5FB35B1606805627F
:103E3000D4F89C002843C4F89C0036B16068066240
:103E4000D4F89C003043C4F89C00D4F89C000028AF
:103E500002D02046FFF7ADFDBDE8FF9F10A800404F
:103E6000FFFFCF3F00A000402DE9F04194B08D4905
:103E70004C2204466846FDF74EF964B18A4D20682D
:103E8000A84202D100F58070606094F898004FF06D
:103E9000000820B108E0012014B0BDE8F081204600
:103EA00084F8998000F002F92068816921F01001FE
:103EB000816100F0A1FC0327064604E000F09CFCB1
:103EC000801B0A2811D8206880690007F6D4206872
:103ED000816941F00101816100F08EFC06460DE030
:103EE00000F08AFC801B0A2808D9D4F89C0040F016
:103EF0000100C4F89C0084F89870CCE720688069C1
:103F0000C007EDD02068816941F002018161207C09
:103F100001282068816937D041F040018161607CCF
:103F200001282068816932D021F480418161A07C20
:103F30000128206881692DD041F480518161206879
:103F4000A268816921F4407111438161206881690F
:103F500021F0A40181612068016921F01001016153
:103F6000E068012819D010B302281BD020688169AD
:103F700041F0800181612068016941F01001016117
:103F8000E06803280ED012E021F04001C6E741F4BA
:103F90008041CBE721F48051D0E72068816941F06E
:103FA000040103E02068816941F020018161207EE5
:103FB0006FF0FF02D4E90773A68A1102400602EBF4
:103FC0000727A0F10070384327685B1E184301EBF8
:103FD00006463043F861A068B0F5407F11D104F186
:103FE0002800A68C6FF00F0C89C801EB0641401E1B
:103FF00002EB0322104322680CEB0713184308431B
:10400000D060206E30B12068626ED0F8C0101143CD
:10401000C0F8C010D4E917126846D14209D021680F
:10402000A36E51F8C82F50F8233022F007021A432C
:104030000A60216C49B12168626C51F8BC3F50F8AC
:10404000226023F0070232430A60A16C51B121685B
:10405000E36C51F8BC2F50F8233022F0700242EA92
:1040600003120A60216D51B12168626D51F8BC3FA5
:1040700050F8220023F4E06242EA00200860206841
:10408000A84204D16068816821F003018160C4F80E
:1040900094800121C4F89C8084F898102046FEF793
:1040A000C3F8F9E6BC3E010800A000402DE9F04746
:1040B000B4B0814614212EA8FDF789F8B8216846CE
:1040C000FDF785F86A4C0026D9F800004FF08051C2
:1040D000684A0C3C654F4FF00208654D9042DFF88E
:1040E00098A14FF0090938D100201B914A13CDE95E
:1040F0000020684601F034FB08B1FEF753F8386839
:10410000401C3860012807D1286840F4807028607E
:10411000286800F480703390206840F00800206028
:10412000206803222E922EA900F00800CDE92F86E8
:104130003196CDE93290504600F046FA0022052132
:10414000132000F0F7FB132000F0E6FB002205210E
:10415000152000F0EFFB15203BE0484A904246D185
:1041600000201B914FF40042CDE90020684601F089
:10417000F7FA08B1FEF716F83868401C38600128D5
:1041800007D1286840F480702860286800F48070A7
:104190003390206840F002002060206860222E9258
:1041A0002EA900F00200CDE92F863196CDE932909C
:1041B000334800F009FA00220521142000F0BAFB70
:1041C000142000F0A9FB00220521162000F0B2FB0C
:1041D000162000F0A1FB002205213F2000F0AAFBE1
:1041E0005FF03F0000F098FB34B0BDE8F087254A4F
:1041F0009042F9D100201B914FF40042CDE90020FC
:10420000684601F0ADFA08B1FDF7CCFF3868401CF4
:104210003860012807D1286840F480702860286839
:1042200000F480703390206840F00800206020681F
:104230004FF440512E91052200F00800CDE92F8661
:104240002EA93196CDE93220504600F0BDF900226A
:1042500005219F2000F06EFB9F2000F05DFB0022F7
:104260000521A02000F066FBA020BBE71C00002475
:10427000EC44025800A00040000C025800A400408A
:104280000004025800D400407047000010B590B000
:10429000044618216846FCF79AFF40216B4606AA9F
:1042A0002046FFF789FBAB4884427DD1069940F256
:1042B0000222A9489142A1F2022233D018DCFF2940
:1042C0005AD0A1F50071013940D101880181BDF8B2
:1042D000001049BA0180BDF8021049BA4180BDF80A
:1042E000041049BA81809DF80610817101202BE0ED
:1042F000012A2DD0022A29D1818FA0F84410BDF8BF
:10430000001049BA8187BDF8021049BAC187BDF8CB
:10431000041049BAA0F840109DF8061080F8421029
:10432000042011E0818A8183BDF8001049BA81829E
:10433000BDF8021049BAC182BDF8041049BA018320
:104340009DF80610817602200BF06AFE10B010BDB9
:10435000018D0186BDF8001049BA0185BDF8021033
:1043600049BA4185BDF8041049BA81859DF8061007
:1043700080F82E100320E7E79FED780ABDF80010C3
:10438000774800EE901A4ABAB8EE601A00EE902A0A
:1043900080ED001AF8EE600A80EE801A80ED011AB6
:1043A000BDF8021049BA00E021E009B200EE901A0F
:1043B000F8EEE00A80EE801A80ED021A9DF80410F3
:1043C00000EE101AB8EE400A80ED030A9DF80510C1
:1043D00000EE101AB8EE400A80ED040A9DF80610AF
:1043E00000EE101AB8EE400A80ED050AAEE75D480F
:1043F000844259D1584806998C30A1F50071013991
:1044000019D001292AD03C3809293AD00A299DD14E
:1044100001880181BDF8001049BA0180BDF8021081
:1044200049BA4180BDF8041049BA81809DF8061050
:104430008171052088E701880181BDF8001049BA23
:104440000180BDF8021049BA4180BDF8041049BA94
:1044500081809DF806108171082075E7818A81832B
:10446000BDF8001049BA8182BDF8021049BAC18274
:10447000BDF8041049BA01839DF806108176092021
:1044800062E7818A8183BDF8001049BA8182BDF854
:10449000021049BAC182BDF8041049BA01839DF8DF
:1044A0000610817606204FE72F4884429ED1069859
:1044B000A0F50070053899D1274C783420882081E8
:1044C000BDF8000040BA2080BDF8020040BA60800C
:1044D000BDF8040040BAA0809DF80600A0712046F7
:1044E000FDF706FB07200BF09BFD20499FED201BED
:1044F000A1F10800204BD1ED000AC1ED010A22888C
:1045000000EE102AB8EE402B22EE011BB7EEC10BD5
:1045100081ED000A70EE600A10EE901A994202DDF9
:104520000188491E06E010EE901A144A914202D901
:104530000188491C018002884FF4B47112FB01F11B
:1045400000EE901AF8EEE00A30EE800A80ED010AE3
:10455000FCE60000643F002404E7002400007A44E5
:1045600028E8002404400024C43E0024C0010024A4
:10457000BA490C022B87A63F00003443000034C325
:10458000704790F89810012907D0D0F89C1041F09E
:104590000401C0F89C1001207047022180F8981097
:1045A000002201688B6923F001038B61C0F89C2015
:1045B00010467047704770477047704770477047A4
:1045C00070477047704770472DE9F84F03247A4DC4
:1045D00000234FF001094FF0B04B4FF00F0AE4E019
:1045E00009FA03F6324078D00F7907F00307012F5C
:1045F00001D0022F1AD187684FEA430ED1F80CC0C0
:1046000004FA0EF827EA08070CFA0EFC4CEA070C2D
:10461000C0F808C0476891F804C0B743CCF3001C49
:104620000CFA03FC4CEA070CC0F804C00E79F64300
:10463000B6070BD0C6684FEA43088F6804FA08FC37
:1046400026EA0C0607FA08F73743C7600E7906F02A
:104650000306022E12D1DE080F694FEA437C00EBFD
:104660008606B646366A4FEADC6C0AFA0CF807FA98
:104670000CF726EA08063743CEF820700F79066853
:104680004FEA430807F0030704FA08FC07FA08F7A3
:1046900026EA0C06374307604E6816F4403F1CD0EC
:1046A000464E376847F00207376036689F0706F0C6
:1046B0000206009623F0030606F1B046B6463F0F09
:1046C000D6F80864DFF8F8800AFA07FC404526EAC5
:1046D0000C0603D14FF0000C3AE065E0DFF8E4C0CF
:1046E000604502D14FF0010C32E0DFF8DCC06045DC
:1046F00002D14FF0020C2BE0DFF8D0C0604502D1B0
:104700004FF0030C24E0DFF8C8C0604502D14FF041
:10471000040C1DE0DFF8BCC0604502D14FF0050C71
:1047200016E0DFF8B4C0604502D14FF0060C0FE090
:10473000DFF8A8C0604502D14FF0070C08E0DFF8B1
:10474000A0C0604502D14FF0090C01E04FF00A0C07
:104750000CFA07FC4CEA060CCEF808C44F68DBF8EC
:104760000060FF0226EA020600D516435F46CBF83A
:104770000060D1F804C0DBF804605FEA8C2C26EA04
:10478000020600D516437E606E684F6826EA020670
:10479000BF0300D516436E602E684F6826EA0206F6
:1047A000FF0300D516432E605B1C0A6832FA03F63D
:1047B0007FF416AFBDE8F88F80000058F44402582B
:1047C000000002580004025800080258000C025869
:1047D000001002580014025800180258001C025819
:1047E000002402580069084000D0012070470AB137
:1047F000816170470904FBE7014880687047000049
:104800009400002402488168027811448160704756
:1048100094000024032010B500F0ACF801F0E0FD96
:104820000F4A104914681368C4F3032203F00F03FE
:104830008A5CC95C02F01F0201F01F01D0400A4AE5
:1048400020FA01F11160094908600F2000F010F80A
:1048500008B1012010BD00F04DF8002010BD00008F
:1048600018440258303F0108A4000024A00000248E
:1048700010B5102804468AB02AD200220146A12091
:1048800000F058F8A12000F047F8154804601548DA
:10489000016841F080710160006808A900F0807033
:1048A0000990684601F028FD01F088FD0E4940009E
:1048B00000220E4CB0FBF1F10D4840F2E7330460EA
:1048C000C0E90332491EC0E9011202F087FE10B1AF
:1048D00001200AB010BD064802F0B2FEF9E7000060
:1048E00098000024EC44025840420F0000E00040D1
:1048F000D4480024074882B0016841F002010160F9
:10490000006800220F2100F002000090901E02B00B
:1049100000F010B8F4440258002809DB410900F007
:104920001F028900012001F1E0219040C1F800013F
:10493000704700000E4BF0B41B680D46C3F3022312
:10494000C3F10706042E00D90426191D072901D238
:10495000002300E0DB1E012404FA06F19C40491EFE
:104960002940641E994014402143F0BC09F0FFBC6B
:104970000CED00E0064900F0070210B54FF6FF0409
:104980000868044B204040EA02201843086010BD2C
:104990000CED00E00000FA0501680123C0F8D834EE
:1049A000002280F8CC248869044A40F000608861C5
:1049B000486D104348650020704700000300001058
:1049C00070470068416200207047F0B503685D6A77
:1049D00039B19F6A4C1E00204FF4827605EB1745D3
:1049E0000BE045EA0240986210E0471C06EB8000AD
:1049F00053F800C0F8B205EB1C45A042F5D34FF4C4
:104A0000807000EB810045EA02421A500020F0BDA0
:104A1000D0F8E00408F06DBB01EBC10200EB8202AC
:104A2000D0F8E004126A08F0C0BA01EBC10200EB52
:104A30008202D0F8E004D2F8602208F012BBD0F86D
:104A4000E00408F058BB0A0601F00F0101EBC101B8
:104A500000EB810101D5143101E001F51571006809
:104A600009F046BA01F00F020B0670B502EBC20165
:104A700004464FF001004FF0000504EB810102D520
:104A80004875143103E081F8555201F515710A702B
:104A900094F89424012A08D084F89404206808F03B
:104AA00045FF002084F8945470BD022070BD70B59D
:104AB0000279044601F00F00904201D9012070BD37
:104AC00001F00F024FF000050B0602EBC2014FF0A0
:104AD000010204EB810102D54A75143103E081F82B
:104AE000555201F515718D70087094F894040128E1
:104AF00008D084F89424206809F082F8002084F813
:104B0000945470BD022070BD01F00F0101EBC10192
:104B100000EB8100D0F8680270472DE9F04101F008
:104B20000F0604460D064FF0010006EBC6014FF0DC
:104B3000000504EB810102D54875143103E081F8CA
:104B4000555201F51571C2F30A024F780B718A6054
:104B50000E7007B14E83022B00D14D7194F894244E
:104B6000012A09D084F89404206808F027FE28461A
:104B700084F89454BDE8F0810220FBE770B501F0A1
:104B80000F05002405EBC50100EB810101F518714B
:104B900081E81C0001F80B4C01F80C5D8379012BB6
:104BA00000D1CA618279006809F082F8002070BDE6
:104BB00070B50D460179044605F00F00884201D911
:104BC000012070BD29064FF000064FF0010206D506
:104BD00000EBC00104EB81014A75143107E005EBDD
:104BE000C50104EB810181F8556201F515718A70E8
:104BF000087094F89404012807D084F8942420685D
:104C000009F02AF8280702D007E0022070BDA17938
:104C100004F29C42206808F0C7FF002084F89464E6
:104C200070BD70B501F00F04002504EBC40101262E
:104C300000EB8101203181E82C0001F80B6C01F8B8
:104C40000C4D8379012B00D1CA618279006809F08B
:104C50002FF8002070BD00002DE9FC5F05680446B8
:104C6000284609F0E1F900287ED1206809F008FA09
:104C7000002879D0D5F80808C0F30D20C4F8D40472
:104C8000206809F0FDF9800704D52068416901F02A
:104C900002014161206809F0F3F9C10604F29C4069
:104CA000009035D52068816921F0100181612F6A5B
:104CB00007F00F01C7F3434001EBC101022804EBE9
:104CC000810606F5157602D0062812D01BE047F6BD
:104CD000F070074217D0C7F30A12F168174628464A
:104CE00009F0D2F97169F068394471613844F060B3
:104CF00009E000990822284609F0C6F97069C7F34F
:104D00000A11084470612068816941F010018161D5
:104D1000206809F0B5F900034FF0080B4FF0000AC6
:104D20004FF001097CD52068002609F088F9074674
:104D300074E0F80770D02068F1B209F099F9804664
:104D4000C00707D005EB4611C1F8089B3146204645
:104D500005F0DCFF5FEA087024D505EB4611C1F8C9
:104D600008BBFA49206800E03EE2026C00EB461006
:104D700001928A42D0F8081B05D9090403D54FF4E3
:104D80000041C0F8081B204600F021FBEF490198C4
:104D9000884207D9A079012804D120680121009A0E
:104DA00008F002FF5FEAC86004D505EB4611102049
:104DB000C1F8080B5FEA88701DD56869000605D543
:104DC000D5F8040840F48061C5F8041806EBC60065
:104DD00004EB800090F8571200F51570012905D1F9
:104DE00080F803A02046F1B200F004FA05EB46116A
:104DF0000220C1F8080B5FEA886004D505EB461174
:104E00002020C1F8080B5FEA884005D505EB461164
:104E10004FF40050C1F8080B7F08761C002F88D192
:104E2000206809F02DF940036ED5206809F000F9DB
:104E30000026074666E0F80762D02068F1B209F064
:104E400005F98046C00723D0D5F8342806F00F0CAA
:104E500005EB461309FA0CF08243C5F83428C3F871
:104E60000899A07901280FD106EBC60004EB800059
:104E7000D0E907211144016236B9606A20B920687F
:104E80000121009A08F090FE2046F1B2FFF7C4FD20
:104E90005FEA087003D505EB4611C1F808B95FEA6F
:104EA000C86004D505EB46111020C1F808095FEA77
:104EB000486004D505EB46114020C1F808095FEAB7
:104EC000887016D53146284609F083F806EBC600EF
:104ED00004EB8000C17D1430012905D180F803A0C6
:104EE0002046F1B200F082F905EB46110220C1F82C
:104EF00008095FEA086003D53146204605F06CFFDB
:104F00007F08761C002F96D1206809F0B9F8002898
:104F100011DAD5F8040820F00101C5F8041894F856
:104F2000CC0401283BD0204600F036FA20684169C5
:104F300001F000414161206809F0A2F800050BD59D
:104F4000D5F80808C00702D0204600F069FA2068AA
:104F5000416901F400614161206809F091F80001A4
:104F60000AD52068416901F00061416194F8CC04E0
:104F7000E0B1204600F054FA206809F081F8C0043E
:104F800072D5D5F8040820F00100C5F8040820689F
:104F9000102109F01EF800214FF67F322DE000218C
:104FA000204684F8CCA4FFF70BFDBFE784F8CC942F
:104FB0002068406D0121C0F38300C4F8D00420466E
:104FC000FFF7FEFCD8E700BF05EB4110C0F8082949
:104FD000D0F8003923F40013C0F80039C0F8082BCA
:104FE000D0F8003B23F40013C0F8003BD0F8003B9E
:104FF00043F00063C0F8003B491C20798842E3D8A5
:10500000D5F81C0840F00111C5F81C18E07B68B108
:10501000D5F8840840F00B01C5F88418D5F8440889
:1050200040F00B012846C5F844180DE0D5F81408E7
:1050300042F22B010843C5F81408D5F8100840F0D7
:105040000B012846C5F81018D0F8000820F4FE61BE
:10505000C5F80018A1792068009A08F0A5FD20681D
:10506000416901F480514161206809F009F8800428
:1050700016D5206808F0E2FB206808F0C8FFE07150
:1050800001F068F923680146E279184609F05CF8F6
:10509000204600F06BF92068416901F4005141613C
:1050A000206808F0EDFF000707D5204600F078F9EA
:1050B0002068416901F008014161206808F0E0FFC3
:1050C000000615D5A869012620F08001A9610CE031
:1050D00006EBC60004EB800090F85702012803D1CC
:1050E0002046F1B2FFF7AFFC761C2079B042EFD832
:1050F000206808F0C5FFC0021FD501264F4614E006
:1051000006EBC60005EB461304EB8001D3F800095B
:105110000A7E012A08D1002806DAF0B2CF7540F0E5
:1051200080012046FFF78FFC761C2079B042E7D83B
:105130002068416901F480114161206808F0A0FFF6
:10514000800234D501204A4629E000000A30544F3D
:1051500000EBC00305EB401604EB8301D6F8006BAF
:1051600091F85832012B19D1002E17DA94F8D43463
:10517000C6F3004603F00103B3420FD181F8572272
:10518000A96941F08003AB616969090606D4D5F8C5
:10519000040840F40070C5F8040803E0401C2179BD
:1051A0008142D5D82068416901F40011416120682D
:1051B00008F066FF400007D52046FFF729FC20686D
:1051C000416901F080414161206808F059FF4007C2
:1051D0000AD520684568680702D52046FFF72FFCEE
:1051E0002068416829434160BDE8FC9FD0F8E00495
:1051F00007F0D9BFD0F8E00407F0E9BFF8B5040024
:1052000004D094F89504002510B106E00120F8BD03
:10521000204684F8945400F057F8032084F895044D
:10522000206808F0BBFC207C8DF8000094E80F009B
:1052300008F012FB0226B0BB2068002108F044FFF2
:1052400088BB002001270CE000EBC001421C04EBEE
:1052500081014F750D76CD610D624D620875C8856F
:10526000D0B221798142EFD8002011E000EBC001DB
:10527000421C04EB810181F8555281F85852C1F863
:105280005C52C1F86052C1F8645281F85402D0B245
:1052900021798142EAD8207C8DF8000094E80F0043
:1052A00008F0C6FB10B184F89564AFE7207B657405
:1052B00084F89574012802D12046FFF76DFB206821
:1052C00008F0A8FB0020F8BD10B5B4B00446B82122
:1052D0006846FBF77CFF2249206888423DD121487F
:1052E000016841F0010101600068142100F0010033
:1052F00033902EA8FBF76BFF2EAC01210222002376
:105300004FF4805084E80F0017482EA9FFF75CF98E
:105310000520FEF73FFA00204FF480214FF44012A1
:105320002192CDE90010684600F01AFA08B1FCF7A6
:1053300039FF00F0B7F80B480838016841F00071F8
:10534000016000680022052100F0007033904D20BC
:10535000FFF7F0FA4D20FFF7DFFA34B010BD000080
:1053600000000440E04402580000025870B50446B2
:10537000C079012570B1022801D0FCF713FFD4F8E1
:10538000E004294607F092FFD4F8E004BDE870403D
:1053900007F046BF0025F2E7D0F8E00407F06FBF42
:1053A000D0F8E00407F075BF10B5044690F89404F7
:1053B00001280AD00120617484F89404206808F060
:1053C000B2FE002084F8940410BD022010BDD0F875
:1053D000E02400F29C41104607F074BF10B590F82D
:1053E000941404460068012909D0012184F894141A
:1053F000C168490609D5617B012902D005E0022078
:1054000010BD816B41F480318163206808F0BFFDDD
:10541000206808F0F1FA002084F8940410BD000020
:1054200010B50446D0F8E00407F08EFF2068D0F8ED
:10543000001E41F00101C0F8001EE07A002804D0EF
:105440000248016841F00601016010BD10ED00E066
:10545000134970B50A68D243520705D5096801F0AF
:105460000701814213D118E00A6822F007020243C3
:105470000A60FFF7C1F90A4D4FF47A760446083DF9
:1054800007E000BFFFF7B8F9001BB04201D90120C7
:1054900070BD2868C0438004F4D4002070BD0000B3
:1054A0000C4802580248016841F080710160704761
:1054B0000C48025810B500F04DFF05490968054A2F
:1054C000C1F30211515C01F01F01C84010BD000082
:1054D00020440258303F0108494930B5484C0B1D63
:1054E0000A68143409681D68246802F00303C5F3D0
:1054F0000012C1F30531C4F3CC04002914FB02F2FD
:1055000000EE102AF8EE400A75D03F4A9FED3D1A92
:10551000B7EE000A6BB1DFED3D1A012B01D0022B73
:1055200064D002EE101A1168F8EE422A81EEA22A27
:1055300021E0334C283C23689B0612D5344B246869
:1055400001EE901A1168C4F3C104F8EE612AE34039
:1055500001EE903AC1F30801F8EE611A81EEA22A39
:105560000BE001EE901ADFED2B2A00BFF8EE611A76
:10557000116882EEA12AC1F3080101EE901A1168A8
:10558000F8EE611A40EE811A71EE800A62EE200A8E
:10559000C1F3462101EE101AB8EE411A31EE001A9D
:1055A000C0EE811ABCEEE11A80ED001A1168C1F359
:1055B000064101EE101AB8EE411A31EE001AC0EEA3
:1055C000811ABCEEE11A80ED011A1168C1F306617F
:1055D00001EE101AB8EE411A31EE000A80EE801A80
:1055E000BCEEC10A80ED020A30BD04E001EE901A63
:1055F000DFED092ABAE70021016041608160F3E72D
:105600002844025800000039384402580024744AE3
:105610000090D0030024744C001BB74B494930B5AF
:10562000484C0B1D0A681C3409681D68246802F088
:105630000303C5F30022C1F30551C4F3CC040029D0
:1056400014FB02F200EE102AF8EE400A75D03F4A31
:105650009FED3D1AB7EE000A6BB1DFED3D1A012B4D
:1056600001D0022B64D002EE101A1168F8EE422A23
:1056700081EEA22A21E0334C283C23689B0612D5F8
:10568000344B246801EE901A1168C4F3C104F8EE9B
:10569000612AE34001EE903AC1F30801F8EE611A85
:1056A00081EEA22A0BE001EE901ADFED2B2A00BF5B
:1056B000F8EE611A116882EEA12AC1F3080101EE29
:1056C000901A1168F8EE611A40EE811A71EE800AA4
:1056D00062EE200AC1F3462101EE101AB8EE411A1B
:1056E00031EE001AC0EE811ABCEEE11A80ED001A0C
:1056F0001168C1F3064101EE101AB8EE411A31EEFD
:10570000001AC0EE811ABCEEE11A80ED011A116890
:10571000C1F3066101EE101AB8EE411A31EE000A2B
:1057200080EE801ABCEEC10A80ED020A30BD04E0B2
:1057300001EE901ADFED092ABAE70021016041600D
:105740008160F3E7284402580000003940440258C1
:105750000024744A0090D0030024744C001BB74B03
:105760002DE9FE4F0546DFF800A450F8081B002481
:10577000FD4FC943019005F1280026460AF1240A8D
:10578000009008011DD4686E50B1B0F5801F0CD098
:10579000B0F5001F0ED0B0F5401F1ED001240FE061
:1057A000386840F40030386017E00198022105F0B5
:1057B00081FE03E00098022105F00CFF04000CD0EC
:1057C00026462888C043C00523D4A86D05281ED2CC
:1057D000DFE800F00C11161B1B006A6EDAF80010EF
:1057E00021F440111143CAF80010EAE7386840F488
:1057F0000030386009E00198002105F05BFE03E00D
:105800000098002105F0E6FE0446C4B100E0012442
:1058100026462888DFF85083C04308F12C0840054D
:105820002FD4D5F8A400B0F5C00F28D010DCB8B143
:10583000B0F5001F19D0B0F5800F0FD11AE0AA6D96
:10584000DAF8001021F007011143CAF80010E0E770
:10585000B0F5000F13D0B0F5200F10D001240FE0E9
:10586000386840F40030386009E00198002105F004
:1058700021FE03E00098002105F0ACFE044694B13F
:1058800026462888C043000530D4D5F8A800B0F1DA
:10589000407F29D011DCC0B1B0F1807F1AD0B0F1C7
:1058A000007F10D11BE0D5F8A420D8F8001021F417
:1058B00060011143C8F80010E3E7B0F1806F13D026
:1058C000B0F1A06F10D001240FE0386840F4003030
:1058D000386009E00198002105F0ECFD03E0009834
:1058E000002105F077FE044694B126462868DFF8CB
:1058F00078B2C0430BF1200B80011FD4E86CD8B103
:1059000010280FD0202812D0302815D0012414E000
:10591000D5F8A820D8F8001021F0E0611143C8F8AC
:105920000010E3E7386840F40030386004E0019884
:10593000022105F0BFFD044674B126462888C04305
:10594000C0042BD4E86DB0F5005F20D00DDCA0B111
:10595000B0F5805F0FD115E0EA6CDBF8001021F0A4
:1059600030011143CBF80010E8E7B0F5405F13D0E9
:10597000B0F5804F10D001240FE0386840F40030BB
:10598000386009E00198002105F094FD03E00098DB
:10599000002105F01FFE04468CB126462888C0432E
:1059A000800429D4286EB0F5403F23D010DC08B322
:1059B000B0F5803F14D0B0F5003F0FD115E0EA6D8F
:1059C000DAF8001021F4E0411143CAF80010E5E7CD
:1059D000B0F5802F0ED0B0F5A02F0BD001240AE037
:1059E0000198012105F066FD03E00098012105F012
:1059F000F1FD044694B126462888C04340042AD4C9
:105A0000D5F8AC00B0F1405F23D010DC08B3B0F1A2
:105A1000805F14D0B0F1005F0FD115E02A6EDAF884
:105A2000001021F4E0211143CAF80010E4E7B0F1BE
:105A3000804F0ED0B0F1A04F0BD001240AE00198A6
:105A4000012105F037FD03E00098012105F0C2FDBA
:105A5000044674B126462888C04300041FD4E86E6B
:105A6000D8B1B0F1805F0ED0B0F1005F10D001244A
:105A700014E0D5F8AC20D8F8001021F0E041114333
:105A8000C8F80010E7E7386840F40030386004E0F8
:105A90000198012105F00EFD044674B126462868E0
:105AA000C043C0011ED4A86CD0B101280ED002287A
:105AB00011D0032814D0012413E0EA6EDAF80010A4
:105AC00021F040511143CAF80010E8E7386840F46B
:105AD0000030386004E00198022105F0EBFC044638
:105AE0006CB126462868C043400255D41F4801685F
:105AF00041F480710160FEF77FFE81460EE0AA6CE2
:105B0000DBF8001021F003011143CBF80010E9E7A6
:105B1000FEF772FEA0EB090064283BD8134800682A
:105B2000C005F5D5BCBBDFF84090B5F8B01009F161
:105B30004409D9F8000001F4407100F44070884233
:105B400011D0D9F80010D9F8002021F4407142F4A6
:105B50008032C9F80020D9F8002022F48032C9F838
:105B60000020C9F8001003E02C44025800480258F5
:105B7000D5F8B000B0F5807F19D1FEF73DFE029058
:105B800011E000BFFEF738FE0299411A41F2883059
:105B9000814208D9032426462878DFF81494C043AC
:105BA000C00721D03CE0D9F800008007EAD5D5F83D
:105BB000B010C1F301200328FE480DD0016821F484
:105BC0007C510160B5F8B020D9F80010C2F30B0287
:105BD0001143C9F80010DFE7F74A036802EA11121F
:105BE00023F47C511143ECE7A86F182816D005DC8C
:105BF000A0B1082808D0102804D10AE020280DD030
:105C000028280BD001240AE00198012105F052FC5C
:105C100003E00098012105F0DDFC044664B126464E
:105C20002878C04380071ED4686F062819D2DFE8A1
:105C300000F0160C11161616AA6FD9F8001021F0F4
:105C400038011143C9F80010EAE70198012105F075
:105C500031FC03E00098012105F0BCFC04467CB156
:105C600000E0012426462878C04340071FD4D5F819
:105C70009000062819D2DFE800F0160C111616164F
:105C80006A6FD9F8001021F007011143C9F800101C
:105C9000E9E70198012105F00DFC03E000980121DE
:105CA00005F098FC0446A4B100E0012426462878BB
:105CB000C04380062BD4D5F88C00B0F1405F24D0CF
:105CC00011DC10B3B0F1805F15D0B0F1005F10D1DE
:105CD00016E0D5F89020D8F8001021F00701114304
:105CE000C8F80010E3E7B0F1804F0ED0B0F1A04F3C
:105CF0000BD001240AE00198002105F0DBFB03E052
:105D00000098022105F066FC044694B126462878E6
:105D1000C04340062BD4D5F89800B0F5406F24D08E
:105D200011DC10B3B0F5806F15D0B0F5006F10D155
:105D300016E0D5F88C20D9F8001021F0E04111438D
:105D4000C9F80010E3E7B0F5805F0ED0B0F5A05FB2
:105D50000BD001240AE00198002105F0ABFB03E021
:105D60000098022105F036FC044694B126462878B6
:105D7000C04300062BD4D5F89C00B0F5C04F24D00A
:105D800011DC10B3B0F5005F15D0B0F5804F10D125
:105D900016E0D5F89820D8F8001021F4E05111430E
:105DA000C8F80010E3E7B0F5004F0ED0B0F5204F73
:105DB0000BD001240AE00198002105F07BFB03E0F1
:105DC0000098022105F006FC044654B126462878C6
:105DD000C04300071ED4D5F88000B0F5805F0AD01C
:105DE0000FE0D5F89C20D8F8001021F46041114351
:105DF000C8F80010EBE70098022105F0EBFB00B1BA
:105E00000126D5F88020D9F8001021F44051114323
:105E1000C9F800102878C043C00613D4D5F8940000
:105E2000B0F5807F05D10098022105F0D3FB00B1C9
:105E30000126D5F89420D8F8001021F440711143C0
:105E4000C8F800102868C043000316D4D5F8A00095
:105E500038B1B0F5803F09D0B0F5003F0BD0012438
:105E60000AE00198002105F025FB03E000980221DB
:105E700005F0B0FB04468CB126462868C0434003B9
:105E800022D4D5F88400B0F5801F11D0B0F5001FE2
:105E900013D0B0F5401F15D0012414E0D5F8A02090
:105EA000D8F8001021F440311143C8F80010E4E79D
:105EB000386840F40030386004E00098012105F0B3
:105EC00089FB04465CB126462868C043C0031CD445
:105ED000286D70B1B0F5803F10D0012414E0D5F8E2
:105EE0008420D9F8001021F440111143C9F80010A2
:105EF000EAE7386840F40030386004E00198022195
:105F000005F0D8FA0446DCB126462868C043800074
:105F100005D40098022105F05DFB00B10126286838
:105F2000C04380031BD4E86FB8B1B0F5807F10D0B8
:105F3000B0F5007F11D0B0F5407F0ED001240DE008
:105F40002A6DDBF8001021F480311143CBF80010EA
:105F5000DBE7386840F4003038607CB326462868B8
:105F6000C043C00207D42A6FDAF8001021F00041C4
:105F70001143CAF800102868C043800207D4AA6EF3
:105F8000DAF8001021F080711143CAF80010286877
:105F9000C043400009D40748016821F40041016072
:105FA0000168D5F8B420114301602868C04306E0B9
:105FB0005444025810440258CFFFFF001DE007D49C
:105FC0006A6DDBF8001021F040511143CBF800104E
:105FD0002868C043000208D4D5F88820D9F80010FA
:105FE00021F440011143C9F8001028790024C0436E
:105FF00000F00100204309D00EE0EA6FD9F800104C
:1060000021F440711143C9F80010A8E7019800215C
:1060100005F050FA00B106462879C04300F00200AE
:10602000204305D10198012105F044FA00B106464C
:106030002879C04300F00400204305D101980221D3
:1060400005F038FA00B106462879C04300F0080090
:10605000204305D10098002105F0BCFA00B10646A6
:106060002879C04300F01000204305D10098012199
:1060700005F0B0FA00B106462879C04300F02000D0
:10608000044304D10098022105F0A4FA00B916B126
:106090000120BDE8FE8F0020FBE700002DE9F05F46
:1060A00004000F467ED0DFF83882D8F8000000F0F8
:1060B0000F00B8420CD2D8F8001021F00F0139437C
:1060C000C8F80010D8F8000000F00F00B84269D1FD
:1060D0002078844D40070AD52069296801F07001B5
:1060E000884204D9296821F0700101432960207891
:1060F0007C4E361D00070AD56069316801F07001D9
:10610000884204D9316821F0700101433160207860
:10611000C0060AD5A069316801F4E061884204D95B
:10612000316821F4E061014331602078DFF8B4B1D7
:1061300080060BF1080B0CD5E1695846DBF800200E
:1061400002F07002914204D9026822F070020A4300
:106150000260207880070AD5E068296801F00F0105
:10616000884204D9296821F00F0101432960207871
:10617000C0073ED05B49A2682868183920F47060D7
:10618000104328606068022818D0032819D00968D5
:10619000012819D0490700294ADADFF848A1AAF1F5
:1061A000080A00E044E0DAF8002022F00702024387
:1061B000CAF80020FEF720FB814612E00968890337
:1061C000E9E709688901E6E7C905E4E7FEF714FB9A
:1061D000A0EB090141F28830814202D90320BDE8D9
:1061E000F09F6168DAF8000000F03800B0EBC10FF2
:1061F000ECD1207880070AD5E068296801F00F010A
:10620000884204D2296821F00F0101432960D8F89F
:106210000010404601F00F01B9420BD9016821F08E
:106220000F0139430160006800F00F00B84201D04F
:106230000120D4E7207840070AD52069296801F0B9
:106240007001884204D2296821F07001014329605D
:10625000207800070AD56069316801F07001884232
:1062600004D2316821F07001014331602078C0060A
:106270000AD5A069316801F4E061884204D231682E
:1062800021F4E06101433160207880060CD5E1699A
:106290005846DBF8002002F07002914204D20268F6
:1062A00022F070020A43026000F09AF80E492A6850
:1062B0002B68C2F3032203F00F038A5CC95C02F06F
:1062C0001F0201F01F01D040084A20FA01F11160BD
:1062D0000749086007480068BDE8F05FFEF7C8BAE4
:1062E0000020005218440258303F0108A400002446
:1062F000A00000249800002470B5144C3F220260D6
:10630000124A24680832131D114D04F0070444603A
:1063100016681C1D06F470668660166806F00F0687
:10632000C660126802F0700202611A6802F0700220
:1063300042611A6802F4E0628261226802F070022F
:10634000C261286800F00F00086070BD1044025858
:106350000020005230B500F043F80B4A0B490C4BBB
:1063600015681468C5F3032204F00F048A5C095D04
:1063700002F01F0201F01F01D040064A20FA01F18D
:1063800019601060084630BD18440258303F0108BB
:10639000A4000024A000002400B5FFF7DBFF05499E
:1063A0000968054AC1F30211515C01F01F01C840A0
:1063B00000BD00001C440258303F010800B5FFF743
:1063C000C9FF05490968054AC1F30221515C01F082
:1063D0001F01C84000BD00001C440258303F0108A6
:1063E000454970B545480968434B103B11F03802E8
:1063F00008D00111082A03D0102A0BD0182A0BD07C
:10640000084670BD19688906FBD51968C1F3C1013A
:10641000C84070BD3A4870BD3749374D18310C1D22
:1064200024350A68096826682D6802F0030406F01E
:106430000102C1F30511C5F3CC0515FB02F200EE14
:10644000102AB8EE400AE9B32F4ADFED2E0AB7EE64
:10645000001A6CB1DFED2D1A012C01D0022C43D0B3
:1064600002EE101A1068F8EE422A81EEA22A1EE00F
:106470001C68A40611D51B6801EE901A1168C3F3BD
:10648000C103F8EE612AD84001EE900AC1F308007A
:10649000F8EE611A81EEA22A0BE001EE901ADFED10
:1064A0001C2A00BFF8EE611A106882EEA12AC0F320
:1064B000080001EE900AF8EE611A40EE201A31EE63
:1064C000810A00E015E022EE000A1068C0F34620C1
:1064D000401C00EE900AF8EE600A80EE201ABCEE36
:1064E000C10A10EE100A70BD01EE901ADFED092A04
:1064F000D8E7002070BD0000104402580090D0037F
:1065000000366E0100000039304402580024744AFD
:106510000024744C001BB74B2DE9F05F04007DD0C4
:10652000FF4F2078FE4D1837DFF8F483103DC00789
:1065300048D0D8F80000396800F03800102815D08D
:10654000182803D101F0030002280FD06068B0F5CD
:10655000803F12D010B1B0F5A02F18D0286820F4D9
:1065600080302860286820F4802009E028688003B3
:1065700028D560680028D2D024E0286840F4803014
:106580002860606888B1FEF737F9064609E0286898
:1065900040F480202860F0E7FEF72EF9801B642885
:1065A0007ED828688003F7D50CE0FEF725F906466B
:1065B00005E000BFFEF720F9801B6428F0D82868AA
:1065C0008003F7D42078800756D5D8F80000DFF88C
:1065D0005093396810F03800A9F10C090ED0182832
:1065E00001D188070AD0E068A8B3296821F0190111
:1065F00001432960FEF700F9064628E028684007B5
:1066000002D5E06800288AD0E168286820F01900E7
:1066100008432860FEF7F0F8064606E0D2E000BF27
:10662000FEF7EAF8801B0228BAD828684007F7D599
:10663000217CD9F8002022F0FE4242EA0161C9F82B
:10664000001019E0FEF7D8F8801B0228A8D82868A7
:106650004007F7D5ECE7FFE7286820F00100286045
:10666000FEF7CAF8064604E0FEF7C6F8801B0228CB
:1066700096D828684007F7D42078C00646D5D8F8C1
:106680000000DFF89C92396800F03800A9F1040995
:10669000082812D0182805D101F00300012800E0D5
:1066A000CEE00AD0E0690028286820D040F08000C1
:1066B0002860FEF7A1F8064615E02868C00502D557
:1066C000E06980287ED194F82010D9F8002022F0CB
:1066D0007C5242EA0161C9F8001017E0FEF78CF81D
:1066E000801B0228A0D82868C005F7D5EBE720F06A
:1066F00080002860FEF780F8064604E0FEF77CF88C
:10670000801B022890D82868C005F7D4207800079D
:1067100029D583486169643000298146016811D018
:1067200041F001010160FEF767F8064605E000BF91
:10673000FEF762F8801B022888D8D9F8000080078D
:10674000F6D510E021F001010160FEF755F806468C
:1067500005E000BFFEF750F8801B022870D8D9F87A
:1067600000008007F6D42078800623D5A069002891
:10677000286810D040F480502860FEF73DF80646A7
:1067800005E000BFFEF738F8801B022858D82868BB
:106790008004F7D50EE020F480502860FEF72CF836
:1067A000064604E0FEF728F8801B022848D828682F
:1067B0008004F7D42078400751D5DFF86891D9F8E4
:1067C000001000E015E141F48071C9F80010FEF7F7
:1067D00013F8064605E000BFFEF70EF8801B64289C
:1067E0002ED8D9F80000C005F6D54D4EA068603609
:1067F00001280AD008B1052813D0306820F0010024
:106800003060306820F0040002E0306840F00100A1
:106810003060A06841F2883A98B1FDF7EDFF8146FB
:106820000AE0306840F004003060EEE7FDF7E4FF76
:10683000A0EB0901514503D830688007F6D50EE07A
:1068400072E0FDF7D9FF814606E000BFFDF7D4FFF7
:10685000A0EB0901514567D830688007F6D4606A1B
:1068600000287CD0DFF8B8A0D8F800100AF1200A80
:106870004FF6F87B0AF10408C1F3C2010329AAF11B
:1068800004096DD00228286820F08070286003D0A9
:10689000FDF7B2FF044681E0FDF7AEFF064604E0D7
:1068A000FDF7AAFF801B022875D828688001F7D45D
:1068B000E26A40F2F331386854F8283F884340EAEE
:1068C000021018433860217B4FF4FE0C22894FF0F0
:1068D000FE47208A4902267D521E401EA1F5007106
:1068E00089B2C2F308021143761E0CEA004001434C
:1068F000484607EA06621143CAF80010D9F80010AA
:1069000021F00101C9F80010D8F80030266A23EA06
:106910000B0343EAC601C8F80010D9F8001004E0E0
:10692000104402580048025835E0A26921F00C01D9
:106930001143C9F800100168E26921F00201114316
:106940000160016841F480310160016841F4003167
:106950000160016841F480210160016801E06CE0A0
:1069600020E041F001010160286840F0807028605B
:10697000FDF742FF044604E0FDF73EFF001B02283E
:1069800009D828688001F7D557E000BFFDF734FF2C
:10699000001B022802D90320BDE8F09F286880016F
:1069A000F4D44AE039680128DAF8000021D0A26A5C
:1069B00001F0030393421CD1E26AC1F305118A423C
:1069C00017D1216BC0F30802491E8A4211D1616BB5
:1069D000C0F34622491E91420BD1A16BC0F306427F
:1069E000491E914205D1E16BC0F30660491E814208
:1069F00001D00120D0E7A16C4646D8F80000C0F3D2
:106A0000CC00814219D0D9F800004D4620F0010099
:106A1000C9F80000FDF7F0FE4FEA0007FDF7ECFEB5
:106A2000B842FBD0A26C306820EA0B0040EAC200FA
:106A30003060286840F0010028600020ACE7704713
:106A40002DE9F04704460068002103694269876820
:106A500094F8816000F130095FEA025C03EA020504
:106A60000AD51A0708D5816941F400618161204681
:106A700000F083FABDE8F08715F0600F08D16807D1
:106A800006D5616F20468847216F2046884701213F
:106A900005F04100012805D1680703D4216F204685
:106AA0008847012105F02200022806D1680704D496
:106AB000616F2046BDE8F04708470029DAD1280772
:106AC0004FF001085BD52068816941F008018161C0
:106AD0002068816941F0100181612068816941F479
:106AE000006181612068016921F00801016120686D
:106AF000806810F4404F20D023E0E0680F2806D9CA
:106B00002068616E006B0860606E001D0FE0072852
:106B100006D9B9F80000616E0880606E801C06E03E
:106B20002068616E90F830000870606E401C6066EE
:106B3000B4F86A00401EA4F86A00B4F86A0000289D
:106B4000DBD1204604F0DCFD84F88180D4F8840099
:106B500018B12046FFF773FF8CE7052E07D0042EEF
:106B600009D0032E86D1204600F0CEFC82E72046D5
:106B700000F0CBFC7EE7204600F0FEF97AE715F442
:106B8000587FE9D068060AD5D4F8840040F00400A4
:106B9000C4F884002068816941F040018161A80542
:106BA0000AD5D4F8840040F00100C4F884002068BD
:106BB000816941F400718161E8050AD5D4F8840047
:106BC00040F00800C4F884002068816941F48071B5
:106BD0008161A8060AD5D4F8840040F08000C4F88A
:106BE00084002068816941F020018161D4F884002B
:106BF0000028B1D0206840F26B32C7F381310368BE
:106C0000032923F0010101602068016921EA0201E2
:106C1000016102D084F881809BE72068104D816873
:106C200021F440418160E06F50B10565E06FFBF7F2
:106C3000CDFD28B1D4F8840040F04000C4F88400B1
:106C4000A06F002888D00565A06FFBF7BFFD002866
:106C50008CD0D4F8840040F04000C4F8840009E7E8
:106C6000BDB700082DE9F047040029D0594A4FF07C
:106C700000092068584B594D9042C4F8289006D01E
:106C8000984204D0A84202D0E1680F2918D8E168E0
:106C90004FF0010AE76B0831C9080AEB5716714338
:106CA000904205D0984203D0A84201D0082907D8C5
:106CB000904203D0984201D0A84204D1102902D9B1
:106CC0000120BDE8F08794F8810020B9204684F8BF
:106CD000809000F085F8022084F881002068016827
:106CE00021F0010101602068A1698268B1F1806F23
:106CF00002F4F81110D16268B2F5800F01D01AB118
:106D00000AE0A26B22B107E0A26BB2F1805F03D16F
:106D1000026842F4805202606068400209D5E0686F
:106D2000072806D32068236D026822F480721A4374
:106D300003E02068026822F480720260A66AE069BB
:106D4000E26B25683043E3680A4310431843A860A8
:106D5000D4E90D02D4E90581636A25691843D4F8A2
:106D600020C00A43266810432843A56DD4E9017268
:106D7000D4E9123140EA080040EA0C0038430843E5
:106D8000104318432843F060606868B92068816840
:106D900021F4C05141F4006181602068816821F4D0
:106DA000C06141F4806181602068016D21F00101C2
:106DB00001656068400206D52068626DC16821F0F7
:106DC00000411143C160C4F8849084F881A0002080
:106DD00077E700000030014000380040003C0040F0
:106DE0002DE9F041B4B0074614212EA8FAF7EFF9C7
:106DF000B8216846FAF7EBF95749022538680024AC
:106E0000564E884277D1811417940020CDE90010A6
:106E10006846FEF7A5FC08B1FBF7C4F94F480830F7
:106E2000016841F480410160006800F480403390C3
:106E3000306840F004003060306800F004003390A7
:106E4000306840F002003060306805262EA900F05E
:106E50000200339006202E90CDE92F544048CDE912
:106E60003146FDF7B1FB4FF400502E90CDE92F5481
:106E70003C482EA9CDE93146FDF7A6FB3A4E4FF42A
:106E800080683A492722304631604FF44031C6E9E4
:106E90000124C6E903487461B461C6E9074174621C
:106EA000FCF74CF908B1FBF77DF92F4D40232F4932
:106EB00028227835FE671831B76302C5D902281F2A
:106EC00085E81C012C616C61C5E906412C622D1F0F
:106ED000FCF734F908B1FBF765F9BD67002205211D
:106EE000AF632420FDF726FD2420FDF715FD34B007
:106EF000BDE8F081FFE71E498842F8D100204FF439
:106F000080414FF0A0422B92CDE900106846FEF779
:106F100027FC08B1FBF746F910481430016841F02E
:106F200020010160006800F020003390306840F0DC
:106F300001003060306808220321309400F0010025
:106F40003390A020CDE93112CDE92E0509482EA9B4
:106F5000FDF73AFBCBE7000000380040E044025860
:106F60000008025800040258B441002440000240C6
:106F70000014005800000258704770472DE9F84F80
:106F8000044600689946174600F1200B8A46FDF733
:106F900033FC064694F88100012839D1BAF1000F7C
:106FA0007ED0002FFCD094F88000012830D0A26859
:106FB00000254FF0010884F88080032184F88110B7
:106FC000C4F88450C4F85CA06566A4F8685065678E
:106FD00025672C34B2F5C02FA786E786E58754F8DD
:106FE0002C0D18D0C16821F4C02141F40031C160DA
:106FF000206841686FF30F013943416020680168E0
:1070000041F0010101606068B0F5800F08D00CE02C
:107010000220BDE8F88F016841F400610160E7E7F4
:107020002068016841F400710160E0680F281CD8F5
:1070300020E02068416989070BD5E16D096801628C
:10704000E06D001DE065B4F86200401EA4F8620027
:107050000BE0FDF7D1FB811B494503D3B9F1FF3F9D
:1070600003D09DE0B9F1000F32D0B4F862000028DF
:10707000DFD179E007282FD872E0206841698907BD
:107080001ED5B4F8621001290DD9E16B59B1E16D3B
:1070900009680162E06D001DE065B4F8620000E07F
:1070A0007CE0801E09E0E06D0188ABF80010E06D27
:1070B000801CE065B4F86200401EA4F862000BE09A
:1070C000FDF79AFB811B494503D3B9F1FF3F03D07C
:1070D00066E0B9F1000F63D0B4F862000028CCD1AB
:1070E00042E02068416989072ED5B4F8621003296F
:1070F0000CD9E16B402909D9E16D09680162E06DA5
:10710000001DE065B4F86200001F1AE0B4F86210D8
:1071100001290CD9E16B51B1E06D0188ABF8001089
:10712000E06D801CE065B4F86200801E09E0E16D4E
:10713000097880F82010E06D401CE065B4F862002A
:10714000401EA4F862000BE0FDF756FB811B494589
:1071500003D3B9F1FF3F03D022E0B9F1000F1FD0F4
:10716000B4F862000028BCD100224B46082120461A
:10717000009604F031FB28B1D4F8840040F02000E0
:10718000C4F88400204604F0BBFA84F88180D4F867
:10719000840084F8805000283FF43BAF012038E79A
:1071A000204604F0ADFAD4F8841084F8805041F4FD
:1071B0008071C4F8841084F88180032029E70000DE
:1071C0002DE9FF4F0446C06B17461D4683B04209A8
:1071D0002068521C00F1200130301FFA82FBCDE9FB
:1071E0000001FDF709FB824694F881002E46012834
:1071F00035D1049800287CD0002FFCD0002DFAD087
:1072000094F8800001282AD04FF0010984F880907A
:1072100005224FF0000884F88120C4F88480676656
:10722000A4F86A50A4F868500499E165A4F8625083
:10723000A4F86050C4F87080C4F874802068C168F5
:1072400021F4C021C160AD492068884205D0AC4915
:10725000884202D0AB49884205D1102704E00220C1
:1072600007B0BDE8F08F082741686FF30F0129438D
:1072700041602068016841F0010101606068B0F57B
:10728000800F04D12068016841F400710160E0685A
:107290000F284CD9BF0838E020684169890710D50C
:1072A0007EB1F119A9420CD9E16D09680162E06D66
:1072B000001DE065B4F86200401EA4F86200B4F856
:1072C00062602068416905B34269D20703D15D4518
:1072D00010D209040ED5006B616E0860606E001D4F
:1072E0006066B4F86A00401EA4F86A00B4F86A50F8
:1072F0000BE0F0E0FDF780FAA0EB0A011098814264
:1073000002D3401C01D004E018B156EA0500C3D1F5
:10731000C8E0204604F0F4F9D4F8840084F88080B2
:1073200040F48070C4F8840084F88190E2E007287B
:107330007BD97F084EE020684069800711D586B16F
:10734000F019A8420DD9E06D018801980180E06D27
:10735000801CE065B4F86200401EA4F86200B4F836
:107360006260216848692DB34969C9070AD000984D
:107370000088616E0880606E801C6066B4F86A00E8
:10738000401E13E05D4516D2010414D50098008814
:10739000616E0880606E801C6066009909880180BB
:1073A000606E801C6066B4F86A00801EA4F86A00F3
:1073B000B4F86A500EE0012D01D18004D7D4FDF756
:1073C0001BFAA0EB0A011098814202D3401C01D0A5
:1073D00083E058B356EA0500ADD163E02068416907
:1073E000890711D586B1F119A9420DD9E16D097846
:1073F00080F82010E06D401CE065B4F86200401E8B
:10740000A4F86200B4F86260206841696DB1426915
:10741000D2070CD090F83000616E0870606E401C8E
:107420006066B4F86A00401E24E038E055E05D452F
:1074300025D20A0423D590F83000616E0870606E82
:10744000401C6066216891F830100170606E401C2D
:107450006066216891F830100170606E401C6066B3
:10746000216891F830100170606E401C6066B4F8BD
:107470006A00001FA4F86A00B4F86A500FE0042DF7
:1074800002D211F4C04FC5D1FDF7B6F9A0EB0A0145
:107490001098814202D3401C01D01EE0E8B156EAA8
:1074A00005009BD1109B002208212046CDF800A0AA
:1074B00004F092F928B1D4F8840040F02000C4F818
:1074C0008400204604F01CF984F88190D4F88410DC
:1074D00084F8808081B10120C2E6204604F010F9D2
:1074E000D4F8842084F8808042F48072C4F8842028
:1074F00084F881900320B3E60020B1E6003001401B
:1075000000380040003C004070477047024A136852
:1075100083430B431360704704040058704770475F
:1075200070470000F0B590F83C20012A41D0224E6F
:10753000012480F83C40022280F83D2002681F4D63
:107540005368B242D2F808C001D0AA4203D14F68B2
:1075500023F470033B430F6823F070031F4357600D
:107560000268B24219D0B2F1804F16D0144B9A4241
:1075700013D0144B9A4210D0134B9A420DD0AA420A
:107580000BD0124B9A4208D0114B9A4205D0114BA6
:107590009A4202D0104B9A4204D189682CF08003A1
:1075A00019439160002180F83D4080F83C10084666
:1075B000F0BD0220F0BD00000000014000040140C9
:1075C0000004004000080040000C0040001800408B
:1075D0000040014000E0004000E4004010B504001D
:1075E00003D094F83D0010B107E0012010BD002049
:1075F00084F83C00204600F022F8022084F83D0088
:107600002068211D04F0E4F9012084F8480084F882
:107610003E0084F83F0084F8400084F8410084F87C
:10762000420084F8430084F8440084F8450084F85C
:10763000460084F8470084F83D00002010BD7047E4
:1076400090F83D10012901D0012070471A4A02210B
:1076500080F83D100168CB6843F00103CB600068FF
:1076600090421AD0B0F1804F17D01449884214D0FC
:107670001349884211D0134988420ED012498842DA
:107680000BD01249884208D01149884205D01149CF
:10769000884202D01049884207D181680F4A1140C0
:1076A000062906D0B1F5803F03D0016841F0010101
:1076B000016000207047000000000140000400400D
:1076C00000080040000C0040000401400018004089
:1076D0000040014000E0004000E4004007000100DD
:1076E00070472DE9F041044600680027C668056927
:1076F000A90713D5B10711D5FA1E0261012121771F
:10770000206880698007204602D0FFF7E9FF04E087
:1077100000F0C4F8204600F0A5F92777680716D5D1
:10772000700714D5226802206FF0040111612077E0
:107730002068806910F4407F204602D0FFF7D0FF18
:1077400004E000F0ABF8204600F08CF9277728071A
:1077500015D5300713D5226804206FF00801116198
:1077600020772068C0698007204602D0FFF7B8FF65
:1077700004E000F093F8204600F074F92777E8065B
:1077800016D5F00614D5226808206FF0100111619B
:1077900020772068C06910F4407F204602D0FFF7B0
:1077A0009FFF04E000F07AF8204600F05BF92777AD
:1077B000E80708D0F00706D021686FF001000861E3
:1077C000204600F0E3F9280601D4A80408D53006C5
:1077D00006D521686FF4025008612046FFF79FFE2E
:1077E000E80508D5300606D521686FF48070086179
:1077F0002046FFF793FE680608D5700606D5216877
:107800006FF040000861204600F0CAF9A8060AD5CA
:10781000B00608D521686FF0200008612046BDE859
:10782000F041FFF77DBEBDE8F081000030B587B0C4
:10783000044614216846F9F7CAFC24680021144D57
:107840000223124A1348AC4209D1146844F00204DE
:1078500014601268009302F0020205920CE00E4DD3
:10786000AC4210D1146844F002041460126802F0B3
:1078700002020592EA130092CDE90131CDE903132A
:107880006946FCF7A1FE07B030BD0000E044025895
:10789000000400400004025800180040704770B512
:1078A000044690F83C0000260D4601280BD001202C
:1078B00084F83C000C2A4AD007DC82B1042A20D08C
:1078C000082A06D131E0022070BD102A53D0142AB4
:1078D00063D00126002084F83C00304670BD20684B
:1078E00004F0F4F82068816941F0080181612068A2
:1078F000816921F00401816120682A69816911434D
:1079000011E0206804F034F92068816941F40061D5
:1079100081612068816921F4806181612068296921
:10792000826942EA01218161D4E7206804F06CF9A0
:107930002068C16941F00801C1612068C16921F076
:107940000401C16120682A69C169114311E02068FE
:1079500004F0A6F92068C16941F40061C1612068A2
:10796000C16921F48061C16120682969C26942EA64
:107970000121C161AEE7206804F0CEF92068416DB5
:1079800041F0080141652068416D21F00401416525
:1079900020682A69416D114311E0206804F0F6F96E
:1079A0002068416D41F4006141652068416D21F41A
:1079B0008061416520682969426D42EA0121416583
:1079C00088E710B5040003D094F83D0010B107E03B
:1079D000012010BD002084F83C00204600F022F871
:1079E000022084F83D002068211D03F0F1FF0120F2
:1079F00084F8480084F83E0084F83F0084F8400092
:107A000084F8410084F8420084F8430084F844007C
:107A100084F8450084F8460084F8470084F83D0067
:107A2000002010BD08B50C4A01680C48914207D1EE
:107A3000016841F002010160006800F0020009E005
:107A4000074A914207D1016841F040010160006896
:107A500000F04000009008BD00040040E8440258D7
:107A6000001800407047000030B504464FF0020295
:107A700069B1042912D0082917D00C291CD010296B
:107A800021D094F84300012824D0012030BD94F87F
:107A90003E000128F9D184F83E201DE094F83F0013
:107AA0000128F2D184F83F2016E094F84000012824
:107AB000EBD184F840200FE094F841000128E4D194
:107AC00084F8412008E094F842000128DDD184F8D0
:107AD000422001E084F843200122206803F0E8FFFF
:107AE0001E4920681E4A1F4B884209D0904207D089
:107AF000984205D01C4DA84202D01C4DA84203D18B
:107B0000456C45F4004545642068884218D0B0F1C2
:107B1000804F15D01649884212D0164988420FD09E
:107B2000154988420CD090420AD01449884207D0A7
:107B3000984205D01249884202D01249884207D1A2
:107B40008168114A1140062906D0B1F5803F03D063
:107B5000016841F001010160002030BD00000140DA
:107B60000004014000400140004401400048014041
:107B70000004004000080040000C004000180040D5
:107B800000E0004000E400400700010000680349F5
:107B9000884201D1FCF736BE7047000000E000408B
:107BA000704730B590F88410012918D0012280F870
:107BB00084202421C0F888100022202401680B684A
:107BC0000D6823F0005325F001050D604266016841
:107BD0000B60C0F8884080F88420104630BD022039
:107BE00030BD10B50446D0F88C00202801D002200A
:107BF00010BD61B15AB10123E36600202067204621
:107C000004F0D0FC0028F3D1E16E012901D001205D
:107C100010BD226810211162226852E8001F41F055
:107C2000100142E80013002BF6D110BD2DE9F04100
:107C30000268054641488615824207D10A464049F6
:107C400028460AF039FD3E4932460EE03D483E4C9A
:107C500082420CD10BF0A6FB0121A0602170E168EB
:107C600009B13A48884739491922284660E038481E
:107C7000824203D1354932461931F6E7354882420E
:107C80005AD1354835490068884238D033491831CF
:107C9000884234D031493031884230D02F49483180
:107CA00088422CD02D496031884228D02B49783128
:107CB000884224D029499031884220D02749A831D0
:107CC00088421CD02649884219D02549183188425B
:107CD00015D023493031884211D02149483188429A
:107CE0000DD01F496031884209D01D497831884242
:107CF00005D01B499031884201D01949A83140680C
:107D000005221849C0F180036079451C00EB8016FC
:107D1000E8B2B0FBF2F701EB4605A5F8803002FBB4
:107D200017006071802200EB801001EB40010E48CB
:107D3000BDE8F0410AF0C2BCBDE8F081004400405B
:107D400080F60024005000407803002480F70024CF
:107D500000780040001C0140E4470024100002406D
:107D6000100402409AF80024F8440024704770B5CB
:107D7000044690F8840001281DD0012284F8842054
:107D80002420C4F8880020680568026822F00102F7
:107D900002602068826822F060620A4382602046A6
:107DA00004F050F82268202100201560C4F88810E3
:107DB00084F8840070BD022070BD70B5044690F850
:107DC000840001281DD0012284F884202420C4F8D6
:107DD000880020680568026822F0010202602068BD
:107DE000826822F060420A438260204604F02AF84A
:107DF0002268202100201560C4F8881084F88400CF
:107E000070BD022070BD70477047000070B5044619
:107E1000216851E8000F20F4907041E80002002A28
:107E2000F6D1244A2068083050E8001F114040E88D
:107E30000013002BF6D1E06E012808D1216851E82B
:107E4000000F20F0100041E80002002AF6D120685F
:107E500000258068400618D52068083050E8001FCB
:107E600021F0400140E80012002AF5D1D4F880004A
:107E700058B10565D4F88000FAF7F8FA28B1D4F8BB
:107E80008000FAF7E5FD20280FD00F20A4F85E50FF
:107E90002268202110622068826942F00802826113
:107EA000C4F88C10E566002070BD1020C4F8900066
:107EB000032070BDFEFFFFEF1A4910B5884206D1BE
:107EC0000846FFF7A3FF18491922164825E017496D
:107ED0004FF48074884206D10846FFF797FF144993
:107EE0002246124819E01349884207D10846FFF795
:107EF0008DFF0D4922460F4819310EE00E49884288
:107F00000FD10846FFF782FF0C4880220C494079C8
:107F100000EB801001EB40010748BDE81040FFF77F
:107F200060BE10BD3C43002480F70024644400245C
:107F300080F60024D0430024F84400247803002471
:107F40009AF800242DE9F04107680025044640F620
:107F50000F030226F8693968BA6818420AD1830605
:107F60007ED501F0200302F0805C53EA0C0377D049
:107F7000616F7EE1D44BDFF854C3134001EA0C0C6F
:107F800053EA0C0C6CD05FEAC07C0CD05FEAC15C99
:107F900009D54FF0010CC7F820C0D4F8907047F015
:107FA0000107C4F89070870709D5D70707D027685D
:107FB0003E62D4F8906046F00406C4F8906046072C
:107FC0000AD5D60708D0276804263E62D4F8906008
:107FD00046F00206C4F8906006070CD501F02006B2
:107FE0001E4308D0266808233362D4F8903043F04B
:107FF0000803C4F8903003050BD54B0109D526685A
:108000004FF400633362D4F8903043F02003C4F897
:108010009030D4F89030002B3DD0800609D501F087
:10802000200002F08051084303D0616F09B120465F
:1080300088472168D4F890008968490602D410F076
:10804000280F2AD0204604F07DF82068806840067A
:108050001ED52068083050E8001F21F0400100E0E4
:1080600021E040E80012002AF3D1D4F8800078B172
:1080700097490165D4F88000FAF7A8FB00280AD0D8
:10808000D4F88000016D00E02046BDE8F0410847CB
:108090002046FFF711FFBDE8F0812046FFF70CFFF7
:1080A000C4F89050F7E7D4F86CC02023BCF1010F5E
:1080B0007ED15FEAC06C7BD55FEAC16C78D51020B9
:1080C000386220688068400673D5D4F880208149E2
:1080D0001068884234D07F491831884230D07D49B9
:1080E000303188422CD07B494831884228D07949A8
:1080F0006031884224D077497831884220D0754950
:10810000903188421CD07349A831884218D07249F6
:10811000884215D070491831884211D06E493031EB
:1081200088420DD06C494831884209D06A49603193
:10813000884205D068497831884201D0664990313B
:1081400040684FF480770004000C40D0B4F85C1015
:1081500081423CD9A4F85E00D069B8422FD0216892
:1081600051E8000F20F4807041E80002002AF6D1A7
:108170002068083050E8001F21F0010140E800129B
:10818000002AF5D12068083050E8001F21F0400196
:1081900040E80012002AF5D1C4F88C30E56620686A
:1081A00050E8001F21F0100140E80012002A01E011
:1081B0004AE019E0F3D1D4F88000FAF757F92667BE
:1081C000B4F85C00B4F85E10401A81B208E0B4F86C
:1081D0005C1081427FF466AFD069B842FAD126675D
:1081E0002046FFF723FD56E7B4F85C00B4F85E10B4
:1081F000B4F85E20401A81B2002AF4D00029F2D0EF
:10820000226852E8000F20F4907042E80007002F27
:10821000F6D1324F206800F1080050E8002F02EA42
:10822000070240E8002CBCF1000FF3D1C4F88C30F9
:10823000E5666567226852E8000F20F0100042E80A
:108240000003002BF6D1CAE7C60209D5560207D5AE
:108250004FF4801038622046BDE8F041FFF7D4BDEE
:1082600006060AD501F0800602F40002164304D087
:10827000A16F00297FF408AF0DE7420611D54A0629
:108280000FD52046016851E8002F22F0400241E856
:108290000024002CF6D1C0F88830856700F07AFA07
:1082A000F9E6020206D54A0004D52046BDE8F041B1
:1082B000FFF7A9BDC00196D5002994DA2046BDE894
:1082C000F041FFF753BD0000010000102001000441
:1082D000FBBF00081000024010040240FEFFFFEF49
:1082E00010B5040003D0D4F8880010B107E00120D5
:1082F00010BD002084F88400204600F027F82420D8
:10830000C4F888002068016821F001010160A06ABA
:1083100010B1204603F0B8FD204603F055FF0128B8
:10832000E6D02068416821F490414160206881686E
:1083300021F02A0181602068016841F0010101609B
:108340002046BDE8104003F003BE00002DE9F04FC9
:10835000B5B0044614212EA8F8F739FFB8216846B5
:10836000F8F735FFDA4A0226D84D002120684FF091
:10837000040ADFF85883083D171590425AD10022AD
:108380008946022368461D91CDE90032FDF7E8F9E0
:1083900008B1F9F707FFD8F8001041F48011C8F8C8
:1083A0000010D8F8000000F480103390286840F0E6
:1083B00004002860286800F004003390286840F02A
:1083C0000800286028680825B0464E4669022E91AC
:1083D00000F00800CDE92F892EA9CDF8C490CDE991
:1083E0003250BC48FCF7F0F8CDF8B8A02EA9CDE982
:1083F0002F86B948CDE93165FCF7E6F8B74D412144
:10840000B74885E84300C5E903676E612846AE6159
:10841000EE612E626E62FAF791FE08B1F9F7C2FEC4
:10842000C4F8805000220521AC633520FCF782FAA5
:1084300035206CE0AB4A4FF0070B4FF040099042FB
:108440006AD100228A4602201D91CDE900026846C9
:10845000FDF786F908B1F9F7A5FED8F8001041F04C
:108460008041C8F80010D8F8000000F08040339038
:10847000286840F01000286028684FF4C0712E91E1
:108480002EA900F010005546CDE92F6ACDF8C4A002
:10849000CDE932B09448FCF797F8DFF840824F22DC
:1084A0008F4908F178083031404688E82600C0E955
:1084B0000357C8F81450C8F81850C8F81C50C8F82A
:1084C0002050C8F82450FAF739FE08B1F9F76AFECF
:1084D000824E5023C4F88080F036C8F83840834A72
:1084E0003046C6E903577561B561F561356275625D
:1084F00086E80C02FAF722FE08B1F9F753FEE667A8
:1085000000220521B4635220FCF714FA5220FCF734
:1085100003FA35B0BDE8F08F754A904262D1002071
:108520008A4602221D91CDE900206846FDF718F920
:1085300008B1F9F737FED8F8001041F40031C8F857
:108540000010D8F8000000F400303390286840F0A4
:1085500008002860286860212E912EA900F00800EC
:108560005546CDE92F6ACDF8C4A0CDE932B05A48BE
:10857000FCF72AF85F4E2B215948183886E823006B
:10858000C6E9035775613046B561F56135627562BC
:10859000FAF7D4FD08B1F9F705FE564D2C23C4F8BF
:1085A00080607835B4634E4A2846C5E903A7C5F80C
:1085B00014A01832C5F818A0C5F81CA0C5F820A052
:1085C000C5F824A085E80C02FAF7B8FD08B1F9F760
:1085D000E9FDE56700220521AC632620FCF7AAF936
:1085E000262094E7444A904293D100221E91012311
:1085F00088466846CDE90032FDF7B2F808B1F9F7D0
:10860000D1FD32480830016841F080010160006806
:1086100000F080003390286840F01000286028683F
:108620004546CDF8B8A02EA900F010003390CDE952
:108630002F68DFF8B480CDE9315A4046FBF7C4FF1C
:108640000B2108202E90CDE92F65CDE931512EA9BF
:108650004046FBF7B9FFDFF89C807622234908F1FA
:10866000F0081831404688E82600C0E90357C8F8EA
:108670001450C8F81850C8F81C50C8F82050C8F852
:108680002450FAF75BFD08B1F9F78CFD1B4E7723F8
:10869000C4F88080C8F838403046144AC6E9035709
:1086A00075613032B561F5613562756286E80C023C
:1086B000FAF744FD08B1F9F775FDE66700220521D8
:1086C000B4639C20FCF736F99C2020E7E84402586C
:1086D0000050004000080258000C02588C4500244D
:1086E0008800024000780040001002581004024048
:1086F00000440040F4460024001C01405C48002473
:108700007047704770B50446D0F88800202801D023
:10871000022070BD39B332B3E06F002321652125FB
:10872000A4F85420A4F85620C4F89030C4F8885017
:10873000D8B11549C163E16F14480864E16F14486A
:10874000C864E06F036513462068E56F00F12802F6
:10875000216D2846FAF7D0FE38B11021C4F89010E8
:108760002020C4F88800012070BD216840200862E4
:108770002068083050E8001F41F0800140E80012F6
:10878000002AF5D1002070BDFBC000083BC10008E5
:108790000BC0000800680121074B084A984201D12C
:1087A00091707047064B984201D1D1707047054BCC
:1087B0009842FBD1117170470044004078030024B7
:1087C00000780040001C0140704700002DE9F04196
:1087D0000446414D00202074A27B288861684243F2
:1087E000D4F8F400F8F797FCA17B2888414360682F
:1087F000F8F7EDFCA07B2A8810FB00F1D4F81801F3
:108800005143F8F7E4FC217BA27B2B88D4F80C01C0
:1088100011FB02F15943F8F7DAFC00202CE000BF0D
:10882000D4F8F41001EB800292ED000AB5EEC00A14
:10883000F1EE10FA1ED0237C6FF0030201EB8301EE
:1088400081ED000A237C616AC854D4E90515237BB5
:10885000267CD4F80C71095C13FB061105EB800330
:1088600002EB810193ED000A394481ED000A217C7D
:10887000491C2174401CC0B2A17B8142D0D8002089
:1088800011E000BF636A10FB0105E269411CD4F8E6
:1088900018611B5CC8B202EB830106EB850291ED07
:1088A000000A82ED000A217C8142EBD8A4F88210F4
:1088B000CAB2A4F89010A4F89210207BA4F87820F3
:1088C000A4F89A10A4F84810A4F87A00A4F880003C
:1088D000A4F89800BDE8F08194030024FEE70000AE
:1088E0002DE9F0418C4C16460F4605462DED068BC2
:1088F00086B090ED048A94ED060A38EE400A07F03F
:10890000D4FD10EE100ADFF81482404519DC95ED15
:10891000050AD4ED070A30EE600A07F0C6FD10EE36
:10892000100A40450DDC95ED060AD4ED080A30EE3C
:10893000600A07F0BAFD10EE100A404501DC287805
:10894000F0B39FED779A88EE090AF7F7B7FDD5EDFA
:10895000050AF0EE409A80EE890AF7F7AFFDD5EDF3
:10896000060AB0EE401A80EE890AF0EE41AAF7F747
:10897000A5FDD5ED040AF0EE401A80EE890AB0EEAE
:1089800061AAF7F7D7FDD5ED050AB0EE408A80EE73
:10899000890AF7F7CFFDD5ED060AB0EE401A80EE52
:1089A000890AF0EE418AF7F7C5FDF0EE400A29EE9C
:1089B000A82A28EE283A6AEE082A6AEE881A00E009
:1089C0002BE062EE204A29EE8A2A29EEA00A28EE40
:1089D000601A4AEE484AB0EE425A02EEE80A03EE46
:1089E000205A02EE681A69EEAA3A6AEEE05A2AEEB6
:1089F0008A4A84ED095AC4ED0A1A84ED0B0AC4EDC3
:108A00000C4AC4ED0D3A84ED0E1AC4ED0F5AC4EDB4
:108A1000108A84ED114A002028705FF000006A4639
:108A200007EB800105EB800391ED000AD3ED010A0D
:108A300002EB800C411C20EE200AC8B203288CED0A
:108A4000000AEDD39DED001AD4ED093A9DED010A1F
:108A500094ED0A2A61EE232ADDED020AD4ED0B1A09
:108A6000002042EE002A03A941EEA02AC7ED002A09
:108A700094ED0C3A94ED0D5AD4ED0E4A61EE032AB2
:108A800045EE002A44EEA02AC7ED012AD4ED0F5A84
:108A900094ED104AD4ED112A21EE251A04EE001AA5
:108AA00002EEA01A87ED021A06EB8003421C93ED3A
:108AB000000A01EB8003D0B2032883ED000AF3D350
:108AC00003A890EC030A60EE233A20EE033A20EE6E
:108AD000250A42EE203A05EE203A04EE200A41EE45
:108AE000813A04EE813A02EE810AC6ED003A86ED43
:108AF000013A86ED020A95ED040A84ED060A95ED29
:108B0000050A84ED070A95ED060A84ED080A06B009
:108B1000BDEC068BBDE8F081300200246F12833A71
:108B2000E12E654210B504462DED048BD0F8EC0023
:108B3000D0ED009A90ED019AD0ED028A29EEA90AB3
:108B400090ED038A09EE090A08EEA80A08EE080A61
:108B500008F0F4FB0020D4F8EC10421C01EB80017B
:108B6000D0B2D1ED000A042860EE800AC1ED000AFF
:108B7000F1D33F48F6EE000AD4F80021D0ED6F1A89
:108B8000BEEE000A3B4961EE891A9FED3B1A61EE89
:108B9000A01AC2ED041AD0ED6F1AD4F8002161EECC
:108BA000A81A61EEA01AC2ED051AD0ED6F1AD4F81A
:108BB000002161EEA91A61EE801AC2ED0A1AD0ED09
:108BC0006F1AD4F8002161EE881A61EEA01AC2ED86
:108BD0000B1AD0ED6F1AD4F8002161EE881A61EEFD
:108BE000801AC2ED101AD0ED6F1AD4F8002161EE90
:108BF000A91A61EE801AC2ED111AD0ED6F1AD4F8DD
:108C0000002161EEA81A61EEA00AC2ED160AD0EDAD
:108C10006F0AD4F8002160EE890A20EE800A82ED06
:108C2000170AD4F8F820D0ED740A92ED1C0AC0EEB1
:108C3000201AC2ED1C1AD4F8F820D0ED740A92ED77
:108C4000230AC0EE201AC2ED231AD4F8F800026FEE
:108C50008A4201DD80ED1C1AD4F8F800D0F88C208F
:108C60008A4201DD80ED231ABDEC048B10BD0000AB
:108C700028FB002400401C4600401C4670B5334CC5
:108C80000125DFED332A04F5D87C00202DED028B81
:108C90000146024625700346C4ED732AB7EE008AEA
:108CA0008CEC030A84F83801C4F8400104F5A2747E
:108CB00011EE900A84E80E00B0F17E5FA4F5A27474
:108CC00001DDF0EE481AC4ED741A032300220621D8
:108CD000201D84ED642A00F07FFF1E4B0122114607
:108CE000A3F10800F7F7E4FCD4F8EC0090229FED24
:108CF0001A0A1E4980ED008AD4F8EC0080ED010AC2
:108D0000D4F8EC0080ED020AD4F8EC0080ED030A00
:108D10001248C4F8D0001248C4F8D4001148C4F86E
:108D2000D8001148C4F8DC0084F82E5084F82F5085
:108D3000D4F804018834F8F7EEF9606F90220C49FA
:108D4000BDEC028BBDE87040F8F7E5B928FB0024C4
:108D500077CC2B32F0FC002400000000758D000859
:108D6000258B0008A98D000879920008E03F0108D2
:108D7000DC03002410B504460948902254F8F81F7B
:108D8000F8F7C9F907484822616AF8F7C4F90548B5
:108D900048226169BDE810404830F8F7BCB90000CE
:108DA000DC03002408FD002470B504462D4DB0EE10
:108DB000000A54F8EC0FD0ED000A60EE800AC5ED11
:108DC000090AD0ED010A60EE800AC5ED0A0AD0ED6D
:108DD000020A60EE800AC5ED0B0AD0ED030A2248B4
:108DE00020EE800A85ED0C0A14F8DE1C14F8E02C45
:108DF0000388206A11FB02F15943F8F7E8F995ED71
:108E00000B2A206AF1EE421AC0ED001A206AD5ED55
:108E10000C0AC0ED010A95ED090A206AB1EE401A6C
:108E200080ED021A206A95ED0A1A80ED031A206A75
:108E3000F1EE412A80ED061A206A80ED070A206AC9
:108E4000C0ED080A206A80ED092A206A80ED0C0A2C
:108E5000206AC0ED0D2A206AC0ED0E1A206AC0ED0E
:108E60000F0A70BD980300249403002470B5F54CDC
:108E70002DED088BB0EE438AB0EE629AF0EE429A86
:108E8000B0EE61AAF0EE41AAB0EE60BAF0EE40BAE0
:108E9000DFEDED8A207858B9B0EE682AF7EE001AB7
:108EA0009FEDEA1ADFEDEA0AB2EE040AFFF7E6FEEA
:108EB00084ED6F8A94ED580AB6EE002AE54D9022B3
:108EC0003BEEC00AE44984ED5B0A60EE020A94EDD1
:108ED000590A3BEE400A60EE880A84ED5C0A20EEF7
:108EE000021A94ED5A0A3AEEC00A21EE081A84EDED
:108EF0005D0A60EE021A21EE880A85ED020AC5ECD1
:108F0000020AD4F8040104F58274F8F704F995ED27
:108F1000000A2068B1EE402A80ED012AD5ED010A51
:108F20002068F1EE601AC0ED021A95ED021A206871
:108F3000F1EE412AC0ED032A206880ED060A206880
:108F400080ED081A2068C0ED091A2068C0ED0C0AEF
:108F50002068C0ED0D2A206880ED0F0A206880EDA2
:108F6000121A2068C0ED130A206880ED142AD4E993
:108F70001101A4F58274084305D184ED5EAAC4ED05
:108F80005F9A84ED609A94ED5E0A94ED641AD4EDD4
:108F90006F0A60EE011A30EE810A20EE8A2A60EE36
:108FA000A92A60EE893A81EE803AC2EE001AC2EE3A
:108FB000800A73EE211AC4ED5E1AD4ED5F2A62EEC8
:108FC000812A83EE802A82EE803A73EE200AC4ED75
:108FD0005F0AD4ED602A22EE811AC1EE002A21EE4A
:108FE000A10A00EEA00A32EE821A84ED601A01EEA8
:108FF000010A08F0A3F9002085ED030A04EB8002C2
:10900000A368411CD2ED5E0A03EB8002C8B260EE99
:10901000800A0328C2ED000AF0D304F5B67090EC84
:10902000030A20EE000A00EEA00A01EE010A08F091
:1090300085F9B7EE008A8949C8EE000AC4ED650AD1
:1090400010EE900AD5ED030A884288EE200A84EDDE
:10905000660A0BDA10EE100A8149884206DD10EE2E
:10906000100A8049884201DA012000E0002084F8DB
:10907000390194ED6C0AD4ED6F0AD4F8180120EE92
:10908000200A80ED000A94ED6C0AD4ED6F0AD4F842
:10909000180120EE200A80ED070A94ED6C0AD4ED49
:1090A0006F0AD4F8180120EE200A80ED0E0A94ED24
:1090B0006C0AD4ED6F0AD4F8180120EE200A80ED76
:1090C000150A94ED6D0AD4ED6F0AD4F8180120EE5C
:1090D000200A80ED1C0A94ED6D0AD4ED6F0AD4F8D5
:1090E000180120EE200A80ED230AD4F81C0194ED2B
:1090F0006E0A80ED000AD4F81C0194ED6E0A80ED32
:10910000040AD4F81C0194ED6E0A80ED080A201DB3
:1091100001F048F8606890ED001A84ED541A90ED63
:10912000010A84ED550AD0ED021AC4ED561AD0EDAD
:10913000030AC4ED570A90ED042A84ED582A90EDF5
:10914000052A84ED592A21EE012A21EE201AC4EDC8
:109150005A8AF0EE008A00EE002A00EE211AF0EEA4
:10916000480A52EE280A21EE280A05F03FFA9FED40
:109170003E9A20EE090A84ED6A0AD4ED540A94ED71
:10918000551A94ED570A60EEA01A20EE811A94ED5C
:10919000562AF0EE480A40EE001A02EE001A51EE8E
:1091A000A80A21EE280A05F021FA20EE090A84ED2A
:1091B000690A94ED550AD4ED571AD4ED540A94ED8A
:1091C000561A20EE210AF8EE001A00EEC10A20EE2F
:1091D000210A05F06FF920EE090A244984ED680A96
:1091E00094ED6A0AD4ED760A70EE600A10EE900AE9
:1091F000884203DDB4F8D401401E07E010EE900A67
:109200001B49884204D9B4F8D401401CA4F8D40105
:10921000B4F9D4019FED171A00EE900AF8EEE01AA7
:10922000F0EE400A41EE810AC4ED6B0A84ED760A45
:10923000F4E95201401C41F10001C4E90001BDEC18
:10924000088B70BD28FB0024000000008096184B9E
:109250006F12833A98030024E03F01089A99993EDF
:10926000CDCC1441CDCC2441E12E654200003443E5
:10927000000034C30000B4432DE9FC5F00F180011D
:109280000446783005460091F7F7D0FD84F8C80011
:1092900004F1A802B4F8780004F15801A4F8A80079
:1092A0009146B4F85A00A4F8AA0028460191F7F7AD
:1092B0009BFC84F8C80004F1B002B4F8A800904602
:1092C000A4F8B000B4F88200A4F8B20048460099AF
:1092D000F7F78AFC84F8C80004F1A002B4F8900003
:1092E00004F19001A4F8A0001546B4F89200A4F887
:1092F000A2004046F7F758F984F8C800B034414658
:109300002846F7F7D9F920760125E16B0026BE48FB
:10931000F0EE002AD1ED001ABC4FC0ED0D1A91ED10
:10932000010A21EEA12A80ED0E0A91ED021A21EE2A
:10933000803A80ED0F1AD1ED030A00EE402AC0ED0D
:10934000100A20EE200A34F8380C01EE203A208171
:1093500001EEC10A01EE412A6581E06F20EE221A7A
:1093600023EE220A00EEA02A80ED001AE06F80EDC5
:10937000010AE06FB4F1B00480ED022AD4F82C01A8
:1093800000EB860090ED000AB0EEC00A05F000F890
:1093900007EB8601701CC6B2032E81ED610AEDD386
:1093A000B4F8480004F1C00204F1B801A4F8C00008
:1093B00004F1480092468B46A4F8C250F7F7B2FC7D
:1093C00084F8C8004A46B4F8C0005146A4F8A80082
:1093D000404624F8AA5FF7F707FCA0775946E581D5
:1093E000E08A20825046F7F721FD894A4946A07756
:1093F0005846F7F7F9FBA077AA3C97ED730AB6EE4B
:10940000001AD7ED720A20EE011AF4EEC10AF1EE4D
:1094100010FA01D287F838510020F4EEC00AF1EEBC
:1094200010FA30DD97F8381169B397F8391129B17E
:10943000D7E95012491C42F1000201E000210A461E
:10944000C7E95012D7E950360021D3F13202B141B9
:1094500002D287F8380134E06E4E227B30884243D6
:10946000D4E93A018034F7F756FE14F8740C3388C7
:1094700010FB00F2D4E91E015A43F7F74CFE04F842
:10948000545CBDE8FC9F9FED641A20EE011AF4EED7
:10949000C10AF1EE10FA0DDD97F8381151B19FEDC8
:1094A0005F1A70EE600A20EE010A80EE801A87EDE6
:1094B000671A03E0B7EE000A87ED670A0021C7E9E3
:1094C000501184F82C004A46B4F85810B4F88200C1
:1094D000A4F8A810A4F8AA006C34DDE90010F7F78E
:1094E00083FB84F85C0004F12C026C3C4146484646
:1094F0000092F7F779FB84F8C80000200EE000BF67
:10950000D4F81C11421CD7ED670A01EB8001D0B2E0
:1095100091ED000A20EE200A81ED000AB4F89810BF
:10952000B4F89A2051438142EADC04209FED3C0AC2
:109530005FF0000107EB800600EB4003D4F81C212C
:1095400096ED5D1A03EB010C491CC1EE000A02EB1B
:109550008C02C9B292ED001A032960EE810AC2EDB5
:10956000000AEBD3401CC0B20628E1D3B4F898003F
:109570005A46A4F8B8005146A4F8BA509834009856
:10958000F7F732FB84F83000983C97F8380158B36D
:109590009FED241A9FED240A5FF00400D4F8BC105C
:1095A000D7ED6F0A01EB800160EE810AD1ED001A60
:1095B000F4EEE01AF1EE10FA01DDC1ED000AD4F884
:1095C000BC10D7ED6F0A01EB800160EE800AD1ED8F
:1095D000001AF4EEE01AF1EE10FA01D2C1ED000A21
:1095E000401CC0B20628D9D3D4F8BC0004F1300224
:1095F0009FED0E0A594680ED030A04F13800F6F794
:10960000D3FF84F8C8003CE79803002428FB00241B
:10961000E8FC002494030024CDCCCC3D6666663F74
:10962000DA0FC93F0AD7233C0AD723BC0000000049
:10963000114810B590ED060A1048D0ED040A104804
:1096400001F01CFC0E4890ED0D0A06F068FF00EEDC
:10965000100A9FED0C1ADFED0C0AB8EEC00A06F0F6
:109660004EFFBCEEC00ABDE810400C2110EE100AFF
:1096700082B2064802F0C4BB70F30024300200241A
:1096800014F200240000804F00000000A4420024D7
:1096900010B529480121B7EE000AF7EE001A2DEDAA
:1096A000028B80ED010A9FED238A80ED020A80ED96
:1096B000030A80ED048A80ED058A80ED068AB0EE0B
:1096C000482A9FED1E1ADFED1E0AB2EE040A017051
:1096D000FFF7D4FADFED1B0A00221C48F0EE484ADF
:1096E000B0EE484AF0EE483AB0EE483AF0EE482A7A
:1096F000B3EE042AF0EE601AB0EE481A9FED120A9B
:10970000114601F085FD12480C21FEF7ADF90A481B
:1097100000219FED100A943880ED100A80ED218A17
:10972000A0F8881080ED238A80F89010BDEC028BA1
:1097300010BD00000000000054F300248096184B78
:109740006F12833A000096430000484414F200244C
:10975000A442002496430B3C2DE9F043D5492DED5E
:10976000028B89B007C903AB83E80700D248F8F73A
:1097700067FCD14CB5EEC00A241FF1EE10FA84ED5F
:10978000020A7CD910EE100ACC49884277DCB4EE8C
:10979000400AF1EE10FA72D1D4ED030AC84A30EE55
:1097A000800AA2F10C01A1F10C0084ED030AF7F785
:1097B0003DFFC34D0026DFF80C934FF00108B5F1D3
:1097C0001805374605EB860090ED030AB4EE400A13
:1097D000F1EE10FA7CD106F068FE10EE100A484552
:1097E00076DC761CF6B2032EECD3DFF8DC92002692
:1097F00005EB860090ED000AB4EE400AF1EE10FA97
:109800007DD106F052FE10EE100A484577DC761C3A
:10981000F6B2032EECD3B8F1000F70D02770A84633
:10982000A74D98ED030AC83D85ED070A98ED040A97
:1098300085ED080A98ED050A85ED090A98ED000AFC
:1098400085ED040A20EE000A98ED011A85ED051A4F
:1098500001EE010AD8ED020AC5ED060A00EEA00AE3
:1098600005F026F910EE106A95ED070AD5ED080A05
:1098700095ED091A20EE000A00EEA00A00E0C3E010
:1098800001EE010A05F014F990489FED918A864295
:109890003CDA10EE100A8F49884237DD10EE100ACC
:1098A0008D49884232DA95ED230AD5ED060A30EE6D
:1098B000200A85ED230AB5F88800401C80B2A5F87F
:1098C0008800642826D300EE900ADFED841A00E0B9
:1098D00015E09FED831AB8EE602AD5ED210A01202C
:1098E000C0EE022A22EEA10A00EE810A85ED210ACD
:1098F00085F89000A5F8887085ED238A0DE0207822
:10990000401CC0B2207064287ED388E7A5F8887018
:1099100085ED238A95F8900038B195ED060AD5EDCE
:10992000210A30EE600A85ED060A654AAC3AA2F1DA
:109930000C0101F18400FEF7D3FFD5ED090A95ED86
:10994000070A04F053FEDFED678ADFED670A20EEB9
:10995000280A80EE201A85ED1A1AD5ED090A95ED30
:10996000080A04F043FEDFED610A20EE280A05F143
:10997000100080EE201A85ED1B1A94ED023A90EC4F
:10998000060AFFF773FA5A4B93E847004C4BC83B63
:1099900083E8470047481A4602F144012438F7F7A4
:1099A0003AFF474A4348C83A183802F15001F7F7DE
:1099B00032FF434A3F48C83A0C3802F15C01F7F7DE
:1099C0002AFF3F4A03A86946C83AF8F782FB94ED9C
:1099D000020A5FF000006A46D5ED100A02EB80062D
:1099E00005EB8001D6ED002A91ED072AD1ED0A1A88
:1099F000431C32EE622A30EE801AD8B2032861EEA0
:109A0000A00A22EE002A00E04BE0C2EE011A80EE2E
:109A1000812A71EE820AC1ED0A0ADDD3284AC83ACA
:109A200002F13401A1F10C00F7F7F5FE314E96ED8D
:109A30006A0A85ED1E0AB4EE400AF1EE10FA96EDC0
:109A4000690A85ED1D0AD6ED680AC5ED1C0A09D123
:109A5000B4EE400AF1EE10FA04D1F4EE600AF1EE31
:109A600010FA11D0B0EE482AF7EE001A9FED221A34
:109A7000DFED220AB2EE040AFFF700F985ED1E8A37
:109A800085ED1D8A85ED1C8A96ED6B0A85ED1F0A12
:109A900098ED060A85ED200A207DC00701D1FFF769
:109AA000C7FD6069401C606109B0BDEC028BBDE878
:109AB000F0830000D43F010834020024CDCCCC3D1B
:109AC00088F300240000C84200004842CDCC4C3D41
:109AD00000000000CDCC1441CDCC2441CDCC4C3D78
:109AE0003333733F00003443DB0F49C0DB0F494081
:109AF00078FC002428FB00248096184B6F12833AD0
:109B000007202DED028B00E0642007F0B7FCF7F78B
:109B100076FD0028F8D1FFF7BBFD1E4CDFED1E8A55
:109B20009FED1E8A04F1CC05FFF716FE94ED1E0A88
:109B3000022020EE280AC0EE080AC5ED000A94EDC6
:109B40001D0A20EE280AC0EE080AC5ED010A94EDB0
:109B50001C0A20EE280AC0EE080AC5ED020A94EDA0
:109B6000040A85ED030A94ED050A85ED040A94EDD7
:109B7000060A85ED050A94ED070A85ED060A94EDBF
:109B8000080A85ED070A94ED090A85ED080A08F030
:109B9000BBFFC9E7C0F20024DB0F4940000034439B
:109BA000F0B500230A251C463026372711E000BFF8
:109BB000B5EB107F02D906EB107C01E007EB107CBF
:109BC00001F813C001EB430C00015B1C8CF8014051
:109BD000DBB29342ECD3F0BD2DE9F047DFF8D88338
:109BE0001E460423174608224FF000090D4604467E
:109BF000A8F80030A8F8022001734773867380F834
:109C00001090304608F041FE31466061F7F7BDFA2A
:109C1000B8F80000704308F038FEA061B8F80010F2
:109C20007143F7F7D4FAB8F80000704308F02DFE3E
:109C3000E061B8F800107143F7F7C9FAB8F800000E
:109C4000684308F022FE2062B8F800106943F7F775
:109C5000BEFA304608F019FE31466062F7F795FA11
:109C6000B8F80000684308F010FE2060B8F8001053
:109C70006943F7F7ACFAB8F80000704308F005FE46
:109C80006060B8F800107143F7F7A1FAB8F8000067
:109C9000784308F0FAFDA060B8F800107943F7F7B0
:109CA00096FAB8F80000684308F0EFFDC4F8E80041
:109CB000B8F800106943F7F78AFA217B0122D4F83B
:109CC000E83004F13000F6F7F3FCB8F80000684320
:109CD00008F0DBFDC4F8EC00B8F800106943F7F7B2
:109CE00076FA217B0122D4F8EC3004F13800F6F743
:109CF000DFFC9FB1B8F80000784308F0C6FDC4F857
:109D0000F000B8F800107943F7F761FA617B01229F
:109D1000D4F8F03004F14000F6F7CAFCB8F80000BF
:109D2000704308F0B2FDC4F8F400B8F800107143B5
:109D3000F7F74DFAA17B0122D4F8F43004F1480082
:109D4000F6F7B6FCB8F800006843684308F09DFDDC
:109D5000C4F8F800B8F8001069436943F7F737FA18
:109D6000217B04F15000D4F8F8300A46F6F7A0FC45
:109D7000B8F800006843684308F087FDC4F8FC00A9
:109D8000B8F8001069436943F7F721FA217B04F121
:109D90005800D4F8FC300A46F6F78AFCB8F8000000
:109DA0006843684308F071FDC4F800018834B8F8CE
:109DB00000006843684308F068FDE067B8F80010E9
:109DC000A06F69436943F7F702FAB8F80010E06F33
:109DD00069436943F7F7FBF914F87C1CA4F12800E8
:109DE000A36F883C0A46F6F763FC217B04F1680008
:109DF000D4F804310A46F6F75BFCAFB1B8F80000BE
:109E00006843784308F041FDC4F80801B8F8001031
:109E100069437943F7F7DBF9627B04F17000217B3A
:109E2000D4F80831F6F744FCB8F800004746704310
:109E3000684308F02AFDC4F80C019434388868435C
:109E4000704308F022FDE0673988A06F71436943D1
:109E5000F7F7BDF93988E06F69437143F7F7B7F950
:109E6000A4F11C0014F8882C14F8861CA36F943CF1
:109E7000F6F71EFCA27B04F18000217BD4F81031A0
:109E8000F6F716FC38886843684308F0FEFCC4F80F
:109E90001401398869436943F7F799F9217B04F183
:109EA0008800D4F814310A46F6F702FC388870436B
:109EB000704308F0EAFCC4F8180139887143714313
:109EC000F7F785F9A17B04F19000D4F818310A4620
:109ED000F6F7EEFB38886843704308F0D6FCC4F808
:109EE0001C01398869437143F7F771F9A27B04F1CA
:109EF0009800217BD4F81C31F6F7DAFB207B3988F7
:109F000010FB00F0484308F0C0FCC4F82001207B9F
:109F1000398810FB00F0484308F0B7FCC4F824016E
:109F2000207B398810FB00F0484308F0AEFCC4F8F1
:109F30002801207B3988484308F0A7FCC4F82C018D
:109F40003988207B484308F0A0FCC4F8300104F1B4
:109F5000A000217BD4F820310A46F6F7A9FB217B2B
:109F600004F1A800D4F824310A46F6F7A1FB217BBE
:109F700004F1B000D4F828310A46F6F799FB217BAA
:109F80000122D4F82C3104F1B800F6F791FB217BC3
:109F90000122D4F8303104F1C000F6F789FB84F8CF
:109FA000289084F8299084F82A9084F82B9084F8DB
:109FB0002C90BDE8F08700009403002470B5104D8C
:109FC0000446C07B18B12046FEF700FC0DE0A27BE2
:109FD000288861684243D4F8F400F7F79CF8A17B25
:109FE000288841436068F7F7F2F8627B2888A16807
:109FF0004243D4F8F000BDE87040F7F78CB8000099
:10A00000940300242DE9F041044690F82C00002828
:10A010002BD1B4F87A20B4F85A10B4F89800A4F808
:10A02000A800A4F8AA2004F1A802A4F8B00004F142
:10A0300098001746A4F8B21004F17801F6F7D4FDA1
:10A0400004F1B00284F8C80004F1580116460D4628
:10A050003846F6F7C9FD04F15002314684F8C800CD
:10A060002846F6F75FFE84F8C800BDE8F0812DE9C8
:10A07000F041044690F8290000282CD104F1680131
:10A0800004F160000F460546F6F7D0FE04F15802D1
:10A0900084F8C80004F1500116462846F6F7A4FDDE
:10A0A000B4F85810B4F86A2084F8C8003046A4F810
:10A0B000A8103946A4F8AA2004F1A8021546F6F71C
:10A0C00093FD04F18801324684F8C8002846F6F76B
:10A0D0006BFA84F8C800BDE8F0812DE9F04704462A
:10A0E00090F82A0000285BD104F1800104F1780087
:10A0F00089460546F6F79AFEB4F87810B4F85A2067
:10A1000084F8C8002846A4F8A81004F15801A4F85F
:10A11000AA2004F1A80290460F46F6F765FDB4F8B0
:10A12000A820B4F8821084F8C8004046A4F8B020F3
:10A1300004F1B0021546A4F8B2104946F6F754FDF2
:10A14000B4F89010B4F8922084F8C8002846A4F817
:10A15000A01004F19001A4F8A22004F1A002164678
:10A16000F6F722FA84F8C800AA3429463046F6F7F2
:10A17000A3FA34F8521C34F8282CA077384624F877
:10A18000021C494622804246F6F72EFDA4F1120237
:10A19000A077AA3C29464046F6F726FD84F8C80079
:10A1A000BDE8F08770B50446FFF708FFD4F8CC107F
:10A1B00009B120468847204600F068F8D4F8D0104E
:10A1C00009B1204688472046FFF751FFD4F8D41044
:10A1D00009B120468847207C2B4DC0B9E07BB0B147
:10A1E000227B28884243D4E93A01F6F794FF207B8A
:10A1F0002B8810FB00F2D4E93E015A43F6F78BFF9F
:10A20000D4F8E01009B12046884700202AE0204613
:10A21000FFF763FFD4F8D81009B1204688472046DD
:10A2200000F06EF8D4F8DC1009B1204688472046CB
:10A23000FFF7E8FEE4E700BF10FB0101D4F8F830B7
:10A24000226A03EB810102EB8002D1ED000A92ED5C
:10A25000000AF4EEC00AF1EE10FA01D281ED000A14
:10A26000401CC0B2217B8142E6D82888CAB2D4F80B
:10A27000E81042432068F6F74EFFD4F8E41009B125
:10A2800020468847206870BD940300242DE9F041E2
:10A29000044690F8280000282AD1627B04F130019E
:10A2A00004F1600004F1380522B3227B0126A4F8F2
:10A2B000B82004F1B8021746A4F8BA60F6F794FC87
:10A2C000217B04F1C00284F8C80004F17000A4F8F6
:10A2D000C01004F14001A4F8C2601646F6F784FCF1
:10A2E00004F8C80F2A4631463846F6F75DF9207063
:10A2F000BDE8F0812A46F6F777FC84F8C800F7E756
:10A300002DE9F041044690F82B00002838D1B4F82C
:10A31000780004F1B80204F13801A4F8B80001256E
:10A32000904604F178000F46A4F8BA50F6F75CFCAA
:10A33000B4F8481004F1C00284F8C80004F14800E1
:10A34000A4F8C01016464146A4F8C250F6F7EAFC3D
:10A35000B4F89810424684F8C80004F19800A4F8B4
:10A36000B8103146A4F8BA50F6F73EFC04F13002BA
:10A37000414684F8C8003846F6F716F984F8C80054
:10A38000BDE8F08100220121104603F077BF0122D1
:10A390000021084603F072BF00220120114603F09D
:10A3A0006DBF00002D4808B5016841F00101016052
:10A3B000016801F001010091016841F002010160B2
:10A3C00000680022052100F0020000900D20FAF73D
:10A3D000B1FA0D20FAF7A0FA002205210E20FAF7B3
:10A3E000A9FA0E20FAF798FA002205210F20FAF7B1
:10A3F000A1FA0F20FAF790FA002205211020FAF7AF
:10A4000099FA1020FAF788FA002205211120FAF7AC
:10A4100091FA1120FAF780FA002205212F20FAF78D
:10A4200089FA2F20FAF778FA002205213820FAF766
:10A4300081FA3820FAF770FA002205213920FAF75C
:10A4400079FA3920FAF768FA002205213A20FAF75A
:10A4500071FABDE808403A20FAF75EBAD8440258CB
:10A46000194800212DE9F041164D1D268160032772
:10A4700005600125C1600A2201742024417404236F
:10A48000857480254761C0E90626C0E90827C0E930
:10A490000A268563C0E90C21C0E90F14C0E9113414
:10A4A000C0E91331C0E91531C0E91714C0E9191327
:10A4B000F9F7DAFC002803D0BDE8F041F7F772BEE7
:10A4C000BDE8F08100A00040C43E00241C480021EB
:10A4D0002DE9F041194D1D2781604FF0030C0560F7
:10A4E0000125C1600A22017420244174042385746B
:10A4F0008026C0F814C040F25635C0E90627C0E9EE
:10A50000082CC0E90A27C0E90F14C0E91134C0E9DA
:10A510001331C0E91531C0E91714C0E919133030FF
:10A5200080E864003038F9F79FFC002803D0BDE8CC
:10A53000F041F7F737BEBDE8F081000000A400400D
:10A54000643F00241C4800212DE9F041194D1D27CE
:10A5500081604FF0030C05600125C1600A2201747F
:10A5600020244174042385748026C0F814C040F26E
:10A57000AA65C0E90627C0E9082CC0E90A27C0E996
:10A580000F14C0E91134C0E91331C0E91531C0E935
:10A590001714C0E91913303080E864003038F9F737
:10A5A00063FC002803D0BDE8F041F7F7FBBDBDE830
:10A5B000F081000000D4004004400024194A00212A
:10A5C000194810B506F096FF184C0021154A2432A0
:10A5D0002060174806F08EFF124A0021606015487F
:10A5E000483206F087FF0F4A0021A06012486C3203
:10A5F00006F080FF0B4A0021E0601048903206F020
:10A6000079FF084A002120610D48B43206F072FF3C
:10A61000044A002160610B48D83206F06BFFA0614C
:10A6200010BD0000A83D010829B800080000002462
:10A63000C5FD0008E9000108019B0008B10E0108F2
:10A640008D2401084912010870B586B014216846AE
:10A65000F6F7BDFD2E48016841F010010160016868
:10A6600001F010010591016841F0040101600168E9
:10A6700001F004010591016841F080010160016869
:10A6800001F080010591016841F00101016001685C
:10A6900001F001010591016841F0020101600168CA
:10A6A00001F002010591016841F0080101600068B4
:10A6B0000122184E4EF2090100F0080005903046C4
:10A6C000FAF795F80024694601254FF460400090A0
:10A6D000CDE9015430460394F9F776FF03210920B0
:10A6E000CDE90005CDE9024169463046F9F76CFF36
:10A6F0004FF4A0504FF488118DE8130006486946C6
:10A70000F9F762FF0021E806FCF700FF06B070BD14
:10A71000E044025800080258001002582DE9F041A8
:10A72000164807264FF08042DFF84CC00021551133
:10A7300005611311C0E90216C0E907214162171231
:10A7400081629411C162C0E90D21C1630164416459
:10A750008164C164016541658165C0E90543C0E963
:10A7600000C7FCF77FFA002803D0BDE8F041F7F7F7
:10A7700019BDBDE8F081000000380040A44000246D
:10A780002DE9F0414FF4800715480021134EBD001C
:10A790000722AC00C0E90321A300C0E907314162F0
:10A7A0009A0081624FF4003CC162C0E90D21C1638F
:10A7B000016441648164C164016541658165C0E9EA
:10A7C000055480E8C010FCF74DFA002803D0BDE81E
:10A7D000F041F7F7E7BCBDE8F08100000014005835
:10A7E0002C41002410B58AB0002468461C2107942F
:10A7F00008940994F6F7EBFC164840F2CF71172243
:10A80000134BC0E9024104618461C0E90032FDF7E5
:10A81000D8F808B1F7F7C6FC0E4807A907940994C1
:10A82000FCF780FE08B1F7F7BDFC60204FF47A71A9
:10A830008DE813000748042269460494FDF72FF8B9
:10A8400008B1F7F7AFFC0348FCF7F0FF0AB010BD02
:10A8500000180040F042002430B58BB00024684658
:10A860001C21079408940994F6F7B1FC164842F2AB
:10A870000F721723134D8021C0E9024204618161E8
:10A88000C0E90053FDF79DF808B1F7F78BFC0E48BF
:10A8900007A907940994FCF745FE08B1F7F782FC75
:10A8A00060206946CDE9000407480C220294049414
:10A8B000FCF7F5FF08B1F7F775FC0348FCF7B6FFA6
:10A8C0000BB030BD00040040A44200241848002111
:10A8D0002DE9F041154A0424C0E90541C161016236
:10A8E0009514144B561441621715816280E8EC00F0
:10A8F000FDF7F6FC08B1F7F755FC0D480021FDF710
:10A900005CFA08B1F7F74EFC09480021FDF72FFA71
:10A9100008B1F7F747FC0648FDF743F9002803D0D4
:10A92000BDE8F041F7F73EBCBDE8F08100500040C3
:10A930003C430024A08601001848002110B5164CA5
:10A940000C224FF4E1330460C0E90131C160C0E979
:10A9500004128161C161016241628162FDF7C0FC44
:10A9600008B1F7F71FFC0D480021FDF726FA08B1E2
:10A97000F7F718FC09480021FDF7F9F908B1F7F7D6
:10A9800011FC0648FDF70DF9002803D0BDE8104082
:10A99000F7F708BC10BD000000780040D043002449
:10A9A0001848002110B5164C0C224FF4E133046016
:10A9B000C0E90131C160C0E904128161C161016275
:10A9C00041628162FDF78CFC08B1F7F7EBFB0D48A3
:10A9D0000021FDF7F2F908B1F7F7E4FB094800217F
:10A9E000FDF7C5F908B1F7F7DDFB0648FDF7D9F823
:10A9F000002803D0BDE81040F7F7D4BB10BD00001D
:10AA0000001C0140F84400241848002110B5164CE1
:10AA10000C224FF461230460C0E90131C160C0E938
:10AA200004128161C161016241628162FDF758FCDB
:10AA300008B1F7F7B7FB0D480021FDF7BEF908B1E3
:10AA4000F7F7B0FB09480021FDF791F908B1F7F7D6
:10AA5000A9FB0648FDF7A5F8002803D0BDE8104083
:10AA6000F7F7A0BB10BD0000004400406444002480
:10AA700010490122104810B502F072FA08B1F7F738
:10AA800091FB0E490C4802F08AFC08B1F7F78AFBEB
:10AA90000B49094801F0FEFF08B1F7F783FB0648B0
:10AAA00002F002FD08B1F7F77DFBBDE81040FAF7B0
:10AAB000F9BC00002000002420490024800100246B
:10AAC00080000024FEE7FEE72DE9F041D0F80610F3
:10AAD00004467948042291ED011A80ED001A002005
:10AAE00018E000BFD4F8061002EB8003451C01EB10
:10AAF00080061944D1ED001A71EEC11AC6ED001A94
:10AB0000D4F80A100B4401EB8001D3ED001AA8B26F
:10AB1000C1ED001A2188491E8142E3DC21886FF0D3
:10AB20000703D4F806005A1003EB8103034402EB39
:10AB3000810193ED001A084431EE000A80ED000A0D
:10AB40002088D4F80A1002EB80000844C0ED000A07
:10AB5000D4F802002188884202D2401CC4F80200C6
:10AB6000102104F11A00F6F710FBD4F80210208827
:10AB7000431A99B23CE000BFD4F806204D1CD4F82B
:10AB80001A6002EB810200EE106AD2ED000A00EEBC
:10AB9000A00A10EE106AC4F81A60D4F81E60D2ED54
:10ABA000000A00EE106A30EE800A10EE106AC4F857
:10ABB0001E60D4F80A70D2ED000AD4F8226007EBC8
:10ABC0008102A9B200EE106A92ED001A00EE810A2D
:10ABD00010EE105AC4F82250D4F82650D2ED000AD4
:10ABE00000EE105A30EE800A10EE102AC4F826202B
:10ABF0008842C1D800EE100AD4F822100025D4F8FB
:10AC00001A20B8EE401AF8EE401A00EE901A00EE44
:10AC1000102AD4F81E10D4F8266060EE211A60EED7
:10AC2000810A00EE101A01EE106A99B240EE401A45
:10AC300040EE410A80EEA10A10EE102AC4F80E2060
:10AC4000C4F8165024E000BFD4F80650D4F81230EF
:10AC500005EB8105D4F80A6000EE902A95ED001A04
:10AC600000EE103A06EB8103491C00EE810AD3ED99
:10AC7000000AD4F8163089B230EE600A00EE903A3D
:10AC8000B0EEC00A30EE200A10EE103AC4F81630CA
:10AC90008842D9D800EE900A54F8161F00EE102A08
:10ACA000F8EE601A01EE101AC1EE210A10EE900AB9
:10ACB0002060BDE8F08100008803002470B50446E0
:10ACC000018000258E00304644F8025FF6F738F91F
:10ACD00060603046F6F734F9A0603146E5602561E2
:10ACE0006068F6F774FAA068A41E3146F6F76FFAAA
:10ACF00004F11A00BDE870401021F6F746BA0000D2
:10AD00000148F9F7A9BF00001C6000242DE9F041BB
:10AD1000044680790D462027236801284FF4004619
:10AD200004F29C4203EB4511D3F840C0D1F8080B64
:10AD300009D0DFF89CE0F4453AD1020433D500BFD6
:10AD4000C1F8086B40E0234B5FEA007E04D59C45C8
:10AD50003AD90004F4D437E05FEA806E02D5C1F836
:10AD6000087B31E010F0280F2ED19C4501D900045A
:10AD7000E6D4D1F8101B05EBC50004EB8000C1F34D
:10AD80001201D0F87432A3EB0101C0F8681200F58B
:10AD90001570ADB903691BB1C2681144C1600FE001
:10ADA000206801210AE080060AD5C1F8087B07E087
:10ADB00035B9D4F8640218B90021184602F0F4FE3F
:10ADC0002046E9B2F9F731FE0020BDE8F08100002D
:10ADD0000A31544F0A30544F2DE9F84F0E4605689A
:10ADE000814601EBC60100EB8104D4E9092014344B
:10ADF000904202D90120BDE8F88FA168101A814263
:10AE000000D20846C01C05EB461887081BE000BFAF
:10AE1000A268A0EB010A524500D2924699F80610AA
:10AE20000AF1030000911FFA8AF3E16887082846B7
:10AE3000F2B203F0FDF9E16801EB0A00E06061693C
:10AE400001EB0A006061D8F8180980B2B84205D356
:10AE5000D4E90401814201D20028D9D1D4E9040106
:10AE6000884208D8D5F83418012006F00F02904027
:10AE70008143C5F834180020BDE7000070B50446D2
:10AE80002DED028BB0EE608A90F89800F0EE408ACB
:10AE9000000602D5204605F0A5FA04F18C00F7F76C
:10AEA000CFF818EE900A18EE101A10EE102A08EEDD
:10AEB000900A08EE101AC4F89020206138EE680A53
:10AEC000216010EE100AA061D4F8A21009B120464A
:10AED0008847A06900EE100AB5EEC00AF1EE10FA3C
:10AEE00000EE100A01DCB1EE400AA16C00EE901AEF
:10AEF000B4EEE00AF1EE10FA73DDD4F8943004F108
:10AF000062026168CBB31D6800EE901A01EE105A20
:10AF100000EE100A70EE810A60EE800A10EE901AC0
:10AF200061625E68A56801EE106A00EE905AD4F87E
:10AF3000901030EE811A00EE901A21EE000A20EEF9
:10AF4000200A10EE105A2563B4F86050022D49D93A
:10AF500000EE900A00EE101A1046FFF7B5FDD4F887
:10AF60009410E06800EE900A896801EE101A70EE05
:10AF7000810A00BF20EE200A49E0FFE700EE100A38
:10AF800000EE901A60EE800A10EE901A6162A368DB
:10AF9000D4F8901000EE903A60EE800A00EE101A9D
:10AFA00020EE800A10EE103A2363B4F86030022BD2
:10AFB0000AD900EE900A00EE101A1046FFF784FD41
:10AFC000E06800EE900AD5E7E26900EE100A01EEB3
:10AFD000102AE36800EE901A30EE411A00EE103AA3
:10AFE00011E0F0E09B68E268E56900EE100A01EE0E
:10AFF000102A01EE903A02EE105A00EE901A31EE4D
:10B00000211A30EE420A21EE001A81EE200A10EEDB
:10B01000100AE062D4F8A61009B12046884794F8D7
:10B020009810480723D5D4F89400B6EE000A0028FB
:10B030007DD0A569E26900EE905A01EE902A406841
:10B04000A36830EEA12A01EE100A01EE903AD4F87E
:10B05000905022EE000A31EE811A00EE905A21EE55
:10B06000000A20EE200A00BF10EE100A20638806B6
:10B0700002D5204605F0B4F894F89800800702D570
:10B08000204605F007F994F8982050061DD5D4F80D
:10B090009010E56AE06D00EE101A01EE105A00EE15
:10B0A000900AE36B21EE001A01EE903A30EE802A0E
:10B0B00030EE800A61EEA01AC1EE020A81EE801A1B
:10B0C00030EE810A10EE100AE062D00702D020466E
:10B0D00005F03BF9A06A216B00EE100A00EE901A11
:10B0E00030EE200A10EE100AA062626A00EE100A2A
:10B0F00000EE902AE16A30EE800A01EE101A30EE7E
:10B10000010A10EE100A606394F89810C9061ED563
:10B11000D4F8901001EE100A00EE901AA36BA06D07
:10B1200001EE903A00EE100A21EE201A00E059E0FC
:10B1300030EE202A61EE801A70EE200A81EE020ABB
:10B1400081EEA01A30EE010A10EE100A6063616B06
:10B15000206C00EE901A00EE100AF4EEC00AF1EE38
:10B1600010FA00DD6063616B00EE100A00EE901AC9
:10B17000B1EE400AF4EEC00AF1EE10FA06D200EE8B
:10B18000100AB1EE400A10EE101A616300EE102AA8
:10B1900000EE900AB4EEE00AF1EE10FA00DD606213
:10B1A000616A00EE100A00EE901AB1EE400AF4EE69
:10B1B000C00AF1EE10FA06D200EE100AB1EE400A13
:10B1C00010EE100A606220696061606BA06300EE9F
:10B1D000100AE06AE063A069E061206B2062BDECC8
:10B1E000028B70BDA069E26900EE900A01EE102AA0
:10B1F000A368D4F8900030EE811A00EE903A21EE68
:10B20000001A00EE100A61EE200A20EE800A2BE7F9
:10B210002DE9F0470446914611EE106A10EE907A3F
:10B22000A664002510EE10CA6764C4F840C011EE91
:10B23000900A12EE102A256012EE903A606004F136
:10B240006200A26013EE106AE36013EE907A256349
:10B2500014EE10CA266514EE908A6765C4F858C0CB
:10B26000C4F85C80A4F86010FFF728FDC4F88C5087
:10B27000002084F89890C4F89900C4F89D0084F8E0
:10B28000A1506563BDE8F087B8B390EC025A70EE48
:10B29000C01A90ED091A90ED042AD0ED0E2A90ED17
:10B2A000023AD0ED0F3A90ED0C4AD0ED0B4AC0EDCA
:10B2B000050A80ED060A05EEA11AC0ED103A71EEFE
:10B2C000E20AC0ED0F2AC0ED0E1A25EE210A80ED2C
:10B2D0000D4A63EE201AC0ED0C4AB4EEC21AC0ED5E
:10B2E0000B0A80ED080AF1EE10FAC0ED0A1A80EDA3
:10B2F000091A06DD80ED092A0CE0FFE79FED130A2D
:10B300007047F1EE420AB4EEE01AF1EE10FA01D203
:10B31000C0ED090A90ED091AD0ED030A30EE010ADA
:10B3200030EE210A80ED070AB4EEE00AF1EE10FAE1
:10B3300006DCF1EE600AB4EEE00AF1EE10FA01D29A
:10B34000C0ED070A90ED070A7047000000000000FA
:10B35000B8B390EC025A70EEC01A90ED091A90ED55
:10B36000042AD0ED0E2A90ED023AD0ED0F3A90ED7E
:10B370000C4AD0ED0B4AC0ED050A80ED060A05EE39
:10B38000A11AC0ED103A71EEE20AC0ED0F2AC0ED2D
:10B390000E1A25EE210A80ED0D4A63EE201AC0ED4B
:10B3A0000C4AB4EEC21AC0ED0B0A80ED080AF1EEA9
:10B3B00010FAC0ED0A1A80ED091A06DD80ED092A9F
:10B3C0000CE0FFE79FED1A0A7047F1EE420AB4EE77
:10B3D000E01AF1EE10FA01D2C0ED090AD0ED090A27
:10B3E000144930EE200A30EE210A80ED070A098860
:10B3F00000EE901AF8EE600AB4EEE00AF1EE10FAF0
:10B4000004DD00EE101AB8EE400A0DE0494200EEED
:10B41000901AF8EEE00AB4EEE00AF1EE10FAD3D298
:10B4200000EE101AB8EEC00A80ED070A704700005F
:10B430000000000008020024002819D09FED0D0A2A
:10B4400080ED100A80ED0F0A80ED0E0A80ED0D0AE6
:10B4500080ED0C0A80ED0B0A80ED0A0A80ED090AE6
:10B4600080ED080A80ED070A80ED050A80ED060AE6
:10B470007047000000000000002817D0DFED0C2A04
:10B48000C0ED0D2AC0ED0C2AC0ED0B2AC0ED072A35
:10B49000C0ED0A2AC0ED092AC0ED082AC0ED102A25
:10B4A000C0ED0F2AC0ED0E2A80EC050A704700009F
:10B4B000000000002DE9F047454D044689464FF055
:10B4C000000A2868C04380070AD0414E283E3068F1
:10B4D00020F080603060F9F78FF90746B04608E049
:10B4E0000120BDE8F08700BFF9F786F9C01B0228EC
:10B4F00067D8D8F800000001F6D4206829684FF416
:10B50000FE0721F47C313E0241EA00302860207AB7
:10B51000A389B4F804C040022D4D2D495B1E227C46
:10B52000ACF1010C1035091DA0F5007080B2521E5F
:10B53000CCF3080C07EA034340EA0C00184306EA80
:10B540000262104328600868626920F0C00010435E
:10B5500008600A68A06922F0200202430A60281DE0
:10B560000A6822F010020A6002684FF6F873E46974
:10B570009A4342EAC40202600868B9F1000F40F041
:10B5800010020A6011D00868B9F1010F11D040F41F
:10B5900000100860D8F80000444640F08060C8F809
:10B5A0000000F9F729F905460DE0086840F400208D
:10B5B000EFE740F48010ECE7F9F71EF9401B022892
:10B5C00001D903208DE720680001F5D5504688E7B2
:10B5D000284402582DE9F047454D044689464FF06E
:10B5E000000A2868C04380070AD0414E283E3068D0
:10B5F00020F080503060F9F7FFF80746B04608E0C9
:10B600000120BDE8F08700BFF9F7F6F8C01B02285B
:10B6100067D8D8F800008000F6D4208829684FF455
:10B62000FE0721F07C713E0241EA00502860207A3A
:10B63000A389B4F804C040022D4D2D495B1E227C25
:10B64000ACF1010C1835091DA0F5007080B2521E36
:10B65000CCF3080C07EA034340EA0C00184306EA5F
:10B660000262104328600868626920F44060104359
:10B6700008600A68A06922F4007202430A60281D6B
:10B680000A6822F480720A6002684FF6F873E4696F
:10B690009A4342EAC40202600868B9F1000F40F41C
:10B6A00080720A6011D00868B9F1010F11D040F022
:10B6B00080700860D8F80000444640F08050C8F818
:10B6C0000000F9F799F805460DE0086840F480009D
:10B6D000EFE740F40000ECE7F9F78EF8401B022892
:10B6E00001D903208DE720688000F5D5504688E712
:10B6F000284402580148FBF7A3B90000A4400024E5
:10B7000010B5026840F26F335169946944F008043F
:10B7100094610268946944F01004946102681468AA
:10B7200024F001041460026814699C4314610268E7
:10B73000936823F44043936090F88120042A0CD04E
:10B740008A060AD5D0F8842042F08002C0F884200E
:10B750000268936943F02003936190F88120032AE3
:10B760000CD04A060AD5D0F8842042F00402C0F872
:10B7700084200268936943F0400393618A050AD5E7
:10B78000D0F8842042F00102C0F884200268936956
:10B7900043F400739361C9050AD5D0F8841041F0D1
:10B7A0000801C0F8841001688A6942F480728A61D5
:10B7B0000021A0F86210A0F86A1010BD10B5806BCF
:10B7C00000210122A0F86A10A0F8621080F8812000
:10B7D000FBF735F910BD00002DE9F0411C46164677
:10B7E0000D460746DDF818800AE000BFF9F704F8B7
:10B7F000A0EB0800A04202D3601C01D00BE054B1C2
:10B800003868406935EA000007D00020B042EDD02A
:10B810000020BDE8F0810320FBE70120F6E7017876
:10B82000407841EA00207047FFF722F9012005F037
:10B8300025FEFBE74FF0E02010B5006907F0A4FDFE
:10B84000012803D0BDE8104007F0BEBA10BD0000CB
:10B8500030B59DB04C216846F5F7B9FC202113A8FE
:10B86000F5F7B5FC0220F9F7F3FD1F48016821F454
:10B87000404101600168002401F440411B910168CE
:10B880008904FCD502200990282521220092C303B7
:10B890000193012106910A900C23CDE90B050FAD10
:10B8A000042285E8190012946846CDE90D12FAF7D2
:10B8B00033FE08B172B6FEE740201A900823050156
:10B8C000CDE9163013ABCDE918053F21032283E8FB
:10B8D000160013A81146FAF7E1FB002801D072B652
:10B8E000FEE71DB030BD0000184802582D48F0B5E5
:10B8F0002D4A016841F470010160106800F00F00EA
:10B90000072804D2106820F00F00C01D10602749DE
:10B910000020264C10340B68254D43F001030B60CA
:10B9200020600B682B400B60136803F00F03072B9C
:10B9300004D9136823F00F03DB1D13601B4C1D4A51
:10B9400018341D4B261D371D2060184C1B4D283404
:10B950003060261D3860371D23603B1D35601C1D7F
:10B960003A60251D2E1D1860331D2260286032604C
:10B9700018600B680D4A0D4C23F48023D4320B6001
:10B98000603420601068C0040BD4136843F2D20006
:10B990000B4943F4805313600860106820F4805012
:10B9A0001060F0BD88ED00E0002000520044025815
:10B9B0007FEDF6EA80020101000202020000FF01B1
:10B9C000004000520148FBF78CBE0000D448002420
:10B9D0002DE9F0472C4B4FF0804A2C4D02689842DD
:10B9E0002B4E2C4F2C4C09D0504507D0A84205D0E7
:10B9F000B04203D0B84201D0A04205D1D1F804C072
:10BA000022F070024CEA0202DFF890C0DFF890806A
:10BA10009842DFF8909015D0504513D0A84211D02D
:10BA2000B0420FD0B8420DD0A0420BD0604509D033
:10BA3000404507D0484505D01B4DA84202D01B4DBC
:10BA4000A84203D1CD6822F440722A438E684D6922
:10BA500022F08002C6620E682A439842866207D0AE
:10BA6000A04205D0604503D0404501D0484501D1F2
:10BA7000096901630368012143F004030360416124
:10BA80000260BDE8F08700000000014000040040B3
:10BA900000080040000C004000040140004001404C
:10BAA000004401400048014000E0004000E4004044
:10BAB00010B5046A012301F01F018B409C4304620E
:10BAC0008A40016A1143016210BD00002DE9F04F68
:10BAD000DFF88480214EDFF88890DFF888B0026AB2
:10BAE000036AB042DFF880A022F0020C1F4F23F05F
:10BAF00001020262426885698B680C6805EA0805E4
:10BB000025F0030543EA0C0344EA050407D0484541
:10BB100005D0584503D0504501D0B84205D1CD6875
:10BB200023F008031D4325F00403B04207D0484525
:10BB300005D0584503D0504501D0B84205D122F474
:10BB40004076D1E9055235432A4342608461496811
:10BB500041630362BDE8F08F8FFFFEFF00000140EC
:10BB60000004014000400140004401400048014001
:10BB7000F0B5DFF87CE01F4C1F4D026A036AA0425B
:10BB800022F0200623F01003036242688369D1F893
:10BB900008C00F6803EA0E0323F4407E46EA0C1344
:10BBA0004EEA072601D0A84206D1CF6823F08003D1
:10BBB00043EA071323F04003A0420AD0A84208D06A
:10BBC0000E4CA04205D00E4CA04202D00D4CA0421B
:10BBD00007D1D1E9054522F4406242EA840242EAF3
:10BBE000850242608661496881630362F0BD00009E
:10BBF000FF8FFFFE000001400004014000400140B3
:10BC00000044014000480140F0B5DFF87CE01F4DE2
:10BC10001F4E026A036AA84222F4007723F480735D
:10BC200003624368C269D1F808C002EA0E020C68D8
:10BC300022F0030E47EA0C2244EA0E0401D0B0427F
:10BC400006D1CF6822F4006242EA072222F4806221
:10BC5000A8420AD0B04208D00E4DA84205D00E4DE1
:10BC6000A84202D00D4DA84207D1D1E9055623F4D0
:10BC7000405343EA051343EA06134360C46149682D
:10BC8000C1630262F0BD00008FFFFEFF00000140B3
:10BC900000040140004001400044014000480140D0
:10BCA000F0B5046A026A22F4805202624268C369F3
:10BCB00024F40054DFF848C08E680D6803EA0C03D2
:10BCC000104F23F4407344EA0634B84243EA052394
:10BCD0000BD00D4DA84208D00C4DA84205D00C4DFC
:10BCE000A84202D00B4DA84204D14D6922F48042F3
:10BCF00042EA85124260C361496801640462F0BD92
:10BD0000FF8FFFFE000001400004014000400140A1
:10BD10000044014000480140F0B5164F164B026A3E
:10BD2000046A984222F4003524F4803303624268A6
:10BD3000436D0E890C6803EA070344EA030445EAED
:10BD400006430BD00D4DA84208D00D4DA84205D09A
:10BD50000C4DA84202D00C4DA84204D14D6922F4EA
:10BD6000803242EA05224260446549688165036287
:10BD7000F0BD00008FFFFEFF000001400004014005
:10BD8000004001400044014000480140F0B5164F1A
:10BD9000164B026A046A984224F48013036222F468
:10BDA00000144268436D0E890D6803EA070344EAF4
:10BDB000065443EA05230BD00D4DA84208D00D4D83
:10BDC000A84205D00C4DA84202D00C4DA84204D187
:10BDD0004D6922F4802242EA852242604365496827
:10BDE000C1650462F0BD0000FF8FFFFE000001404E
:10BDF000000401400040014000440140004801406F
:10BE00000068C36A934201D2C26A92B239B104296E
:10BE100007D0082907D00C2900D10264704742637B
:10BE2000704782637047C263704700000148FCF7A7
:10BE300089B800003C4300240148FCF783B80000A7
:10BE4000D043002430B5416EB9B101680D4B03F108
:10BE500008048A688968C2F34262490F5D5C615CCC
:10BE60002D01B5FBF1F1A0F86A10995CA25C090103
:10BE7000B1FBF2F1A0F8681030BD0121A0F86A1002
:10BE8000F8E70000203F010890F82810090706D5C0
:10BE90000168836B4A6822F400421A434A6090F8B2
:10BEA0002810C90706D00168C36A4A6822F4003224
:10BEB0001A434A6090F82810890706D50168036B79
:10BEC0004A6822F480321A434A6090F828104907E1
:10BED00006D50168436B4A6822F480221A434A60FF
:10BEE00090F82810C90606D50168C36B8A6822F449
:10BEF00080521A438A6090F82810890606D5016896
:10BF0000036C8A6822F400521A438A6090F8281061
:10BF1000490611D50168436C4A6822F480121A431D
:10BF20004A60416CB1F5801F06D10168836C4A6894
:10BF300022F4C0021A434A6090F82810090606D578
:10BF40000168C26C486820F40020104348607047C4
:10BF50002DE9F84300250446C0F89050F8F74CFC52
:10BF60008046206820266FF07E470068000713D5C2
:10BF70000022434631042046009700F067FB58B189
:10BF8000216851E8000F20F0800041E80002002AFB
:10BF9000F6D1C4F8886021E020680068400722D507
:10BFA000002243464FF480012046009700F04EFBEC
:10BFB000C8B1206850E8001F21F4907140E80012D9
:10BFC000002AF6D12068083050E8001F21F0010156
:10BFD00040E80012002AF5D1C4F88C60032084F8F0
:10BFE0008450BDE8F883C4F88860C4F88C60E566C6
:10BFF0002567002084F88450F3E710B5806B00219A
:10C00000A0F85E10FBF758FF10BD70B5846B0025DB
:10C010002168D4F88800D4F88C608968090606D5B0
:10C02000212804D1A4F85650204600F0B5F8206825
:10C030008068400606D5222E04D1A4F85E50204622
:10C0400000F080F8D4F8900040F01000C4F89000A0
:10C050002046FBF731FF70BD10B5C1690022806B2F
:10C06000B1F5807F2DD0A0F85E20036853E8001F53
:10C0700021F4807143E80014002CF6D101680831E6
:10C0800051E8003F23F0010341E80034002CF5D1D2
:10C090000168083151E8003F23F0400341E80034D3
:10C0A000002CF5D12021C0F88C10C16E012908D1D7
:10C0B000016851E8003F23F0100341E80034002CF0
:10C0C000F6D10267C16E012902D0FCF719FB10BD41
:10C0D000B0F85C10FBF7AAFD10BD10B5806B012114
:10C0E0000167C16E012902D0FCF70BFB10BDB0F84F
:10C0F0005C104908FBF79AFD10BD10B5C169806B53
:10C10000B1F5807F16D00021A0F8561001680831E3
:10C1100051E8002F22F0800241E80023002BF5D1E6
:10C12000026852E8001F41F0400142E80013002B72
:10C13000F6D110BDFCF72EFB10BD10B5806BFCF7DF
:10C1400043FB10BD10B5026852E8001F21F4907146
:10C1500042E80013002BF6D10E4B0268083252E879
:10C16000001F194042E80014002CF6D1C16E0129CD
:10C1700008D1026852E8001F21F0100142E80013C4
:10C18000002BF6D100212022C0F88C20C166416727
:10C1900010BD0000FEFFFFEF026852E8001F21F013
:10C1A000C00142E80013002BF6D10168083151E8C4
:10C1B000002F22F4000241E80023002BF5D12021BA
:10C1C000C0F88810704700002DE9F04304468068ED
:10C1D000E24E87B0E24B2168D4E90427D4F81CC0B2
:10C1E00010430A68002547EA0C07384332400243EF
:10C1F0000A602068E268416821F4405111434160BF
:10C200002268A1699A4201D0206A01439668DFF84A
:10C2100054C3D54FD54806EA0C060E4396602168F4
:10C22000666ACA6A22F00F023243CA622268BA42C0
:10C230000ED1006800F0380018286FD07ADCB8B34F
:10C2400008286CD010286BD18BE0282868D18EE0AC
:10C25000C7498A4209D1006800F0070006285FD26A
:10C26000DFE800F0507D7F818385C2498A4209D191
:10C27000006800F0070006287BD2DFE800F043707A
:10C2800072747678BC498A4209D1006800F00700D0
:10C2900006286ED2DFE800F036636567696BB74940
:10C2A0008A420BD1006800F00700062861D200E046
:10C2B00043E0DFE800F0275456585A5CB0498A4200
:10C2C00006D1006800F0380018284CD0B7DD31E006
:10C2D000AC498A4209D1006800F00700062848D21C
:10C2E000DFE800F0103D3F414345A7498A420BD1AA
:10C2F000006800F0070006283BD2DFE800F00330BA
:10C3000032343638002035E0A0498A4209D100682D
:10C3100000F03800182826D091DD0BE023E01EE065
:10C3200027E09B498A420AD1006800F038001828AB
:10C3300019D084DD202888D11CE001201AE09A421F
:10C3400017D18A48001D006800F00700062810D2A7
:10C35000DFE800F0030507090B0D02200AE00420C6
:10C3600008E0082006E0102004E0202002E0402041
:10C3700000E080208749DFF820829A42874A4FF404
:10C3800000434FEA21174FF000064ED110281AD073
:10C3900006DC022809D004280BD008287ED10DE045
:10C3A00020283ED0402879D13DE0F9F783F80146B6
:10C3B00010E06846F9F790F801990BE003A8F9F747
:10C3C0002DF9049906E01068800605D51068C0F3C1
:10C3D000C100C140002970D0606A676838F8102039
:10C3E00007EB4703B1FBF2F0834257D8B0EB073FAE
:10C3F00054D8002308461946F4F7D1FD02467808C0
:10C40000130E120243EA012110183A46714100232B
:10C41000F4F7C5FD624AA0F5407191423ED821680B
:10C420008FE03946D8E71946D6E7D4F81CC04FF656
:10C43000EF799C4546D1082819D005DC58B1012870
:10C440000CD0042875D10DE0102815D0202835D047
:10C4500040286ED134E0F9F79FFF01E0F9F7AEFF15
:10C46000014610E06846F9F737F801990BE003A898
:10C47000F9F7D4F8049906E01068800604D510682E
:10C48000C0F3C100C140C1B1636A606838F81330BD
:10C49000B1FBF3F1490001EB500100E049E0B1FBD1
:10C4A000F0F0A0F11001494543D84FF6F073216830
:10C4B000C0F342021840104343E043E03946E3E74B
:10C4C0001946E1E7082819D005DC58B101280CD03D
:10C4D00004282ED10DE0102815D020282BD040287C
:10C4E00027D12AE0F9F758FF01E0F9F767FF014685
:10C4F00010E06846F8F7F0FF01990BE003A8F9F7A0
:10C500008DF8049906E01068800604D51068C0F321
:10C51000C100C140B1B1636A606838F81330B1FB43
:10C52000F3F101EB5001B1FBF0F0A0F1100149452E
:10C5300005D9012506E03946EDE71946EBE7216804
:10C5400080B2C8600120A4F86A00A4F868002846F8
:10C550006667A66707B0BDE8F0830000F369FFCF08
:10C56000000C0058FFF4FF11001001405444025821
:10C570000044004000480040004C00400050004093
:10C580000014014000780040007C00400018014089
:10C59000001C01400090D003083F010800440258ED
:10C5A000FFFC0F0070B50446D0F880000023222560
:10C5B000A165A4F85C20C4F89030C4F88C50F0B1A8
:10C5C0001F49C163D4F880101E480864D4F8801055
:10C5D0001D48C864D4F8800003651346A56D216822
:10C5E000D4F880002A462431F6F786FF38B11021AE
:10C5F000C4F890102020C4F88C00012070BD206980
:10C6000040B1216851E8000F40F4807041E8000219
:10C61000002AF6D12068083050E8001F41F00101DF
:10C6200040E80012002AF5D12068083050E8001FC9
:10C6300041F0400140E80012002AF5D1002070BD11
:10C6400059C00008DBC000080BC000082DE9F04706
:10C65000994617460D460446089E4FF0000833E001
:10C66000701C31D0F8F7C8F8A0EB0900B04218D818
:10C67000BEB120680168490726D5802D24D0402D01
:10C6800022D0C169C94309070DD408250562204697
:10C69000FFF758FDC4F89050012084F88480BDE86D
:10C6A000F0870320FBE7C069C04300050CD4216874
:10C6B0004FF4006008622046FFF744FD2021C4F8D3
:10C6C000901084F88480ECE72068C06935EA0000A7
:10C6D00004D00020B842C3D00020E0E70120F9E7F1
:10C6E0000148FBF72FBC0000F84400240148FBF789
:10C6F00029BC0000644400242DE9F0410C46D0F828
:10C70000D412D0F8C83200EB8101D1F8C01229B39D
:10C7100004F00F02002702EB820500EB8506B569E5
:10C720004DB102EBC20203EB8202D269B5FBF2F318
:10C7300002FB1352A2B1C1F81472D0F8D42200EB5C
:10C740008200D0F8C40203692BB1D1F8080201F5C8
:10C750000471224698470020BDE8F0810320FBE7E2
:10C76000002321461A46B76100F0FBFDF3E770B5E0
:10C770000546D0F8D40205EB8000D0F8C04294B151
:10C78000284600F0C8FCC4F80C02D5F8D40205EB2A
:10C790008000D0F8C412D4F80402CA6804F503710A
:10C7A0009047002070BD032070BD000070B5224D81
:10C7B0000446297800F0F0FB2878002600F00F00EE
:10C7C00000EB800004EB800086842046697800F04E
:10C7D000E3FB687800F00F0000EB800004EB8000C2
:10C7E000A0F864612046A97800F0D6FBA87800F094
:10C7F0000F0000EB800004EB80008684C684D4F830
:10C80000D40204EB8000D0F8C01299B1D0F8C40271
:10C8100040688047D4F8D40204EB8000D0F8C0020E
:10C8200000F0C7FFD4F8D40204EB8000C0F8C06267
:10C83000C4F8BC62002070BD2C01002410B5D0F8F3
:10C84000D41200EB8100D0F8C04284B1D0F8C412F9
:10C8500059B194F80002FF2807D08B68214694F85C
:10C8600001229847FF2084F80002002010BD032019
:10C8700010BD00000A2101800048704730010024EB
:10C8800070B5822106460D4800F092FA0121054656
:10C890000A4800F08DFA81210446084800F088FA21
:10C8A0000DB11021A9714FF0400104B1A18000B178
:10C8B000818043203080014870BD00003C0100248D
:10C8C00070B5822106460D4800F072FA0121054636
:10C8D0000A4800F06DFA81210446084800F068FA21
:10C8E0000DB11021A9714FF4007104B1A18000B104
:10C8F000818043203080014870BD00003C0100244D
:10C9000070B5822106460D4800F052FA0121054615
:10C910000A4800F04DFA81210446084800F048FA20
:10C920000DB11021A9714FF0400104B1A18000B1F7
:10C93000818043203080014870BD00003C0100240C
:10C940002DE9F0474FF407750446284600F032FF02
:10C9500006004FF0000965D02946F4F738FCD4F8FA
:10C96000D40201273C4D4FF4007A4FF0100804EB3D
:10C970008000C0F8C062C4F8BC62207CF0B32978A3
:10C9800040230222204600F036FC2878402300F0A5
:10C990000F0000EB800004EB80008784022269789E
:10C9A000204600F028FC697808230322204601F085
:10C9B0000F0101EB810104EB8101A1F86471A978F9
:10C9C00001F00F0101EB810104EB8101A1F8268048
:10C9D000A97800F010FCA978C84601F00F0101EB1E
:10C9E000810104EB81018F84C6F80492D4F8D4024B
:10C9F00004EB8000D0F8C402006800E01AE006F5FD
:10CA000001768047C6F81080C6F8148032687AB183
:10CA1000207CF8B140236978204600F0F8FB002024
:10CA2000BDE8F087D4F8D41204EB8101C1F8C092BC
:10CA30000220F5E7297802225346204600F0DBFB6E
:10CA40002878534600F00F0000EB800004EB8000D4
:10CA50008784A3E75346DEE72C01002410B5D0F805
:10CA6000D41200EB8101D1F8C01259B1027C084CFC
:10CA7000002AD1F8042207D04023617800F0C7FBD8
:10CA8000002010BD032010BD4FF40073F5E7000037
:10CA90002C01002439B1D0F8D42200EB8200C0F878
:10CAA000C4120020704703207047D0F8D42200EB56
:10CAB0008200D0F8C00218B1C0F8041200207047FC
:10CAC00003207047D0F8D43200EB8300D0F8C002C6
:10CAD00028B1C0F81022C0F80812002070470320C7
:10CAE00070472DE9FC410646D0F8D4020C460021DF
:10CAF00006EB80000D46D0F8C0728DF80010ADF83E
:10CB0000041037B1217811F060022CD0202A48D1CE
:10CB100002E00320BDE8FC81E288E2B109060BD502
:10CB2000D0F8C4023946836860789847E288072ABB
:10CB300000D9072239462CE0607887F80002E088A7
:10CB4000402800D340203946C2B2304687F801223F
:10CB500000F07FF82AE0D0F8C40200222146836862
:10CB60006078984722E0607830B101281ED00A280A
:10CB700009D00B2815D110E096F89C02032810D19B
:10CB8000022201A905E096F89C02032809D101229E
:10CB90006946304600F077F808E096F89C020328D2
:10CBA00004D02146304600F049F803252846B1E775
:10CBB00010B5D0F8D41200EB81020121D2F8C022C6
:10CBC0001AB1D2F8143213B116E0032010BD0B498C
:10CBD0000123C2F81432D2F81032097801F00F04A0
:10CBE00004EB840400EB8404A361D2F81032D2F881
:10CBF000082200F0B6FB0021084610BD2C010024DD
:10CC000010B5D0F8B82200245268904700B1032430
:10CC1000204610BD002070470020704713460A468A
:10CC2000002110B500F0F3FA002010BD13460A46AB
:10CC3000002110B500F095FB002010BD10B580213B
:10CC4000044600F06FFB2046BDE81040002100F0D4
:10CC500069BB10B5C0F858210323C0F89432C0F85E
:10CC60005C2113460A46002100F0D1FA002010BDD5
:10CC700010B50521C0F8941200231A46194600F099
:10CC8000C6FA002010BD10B582610223C0F89432AC
:10CC9000C26113460A46002100F063FB002010BD6C
:10CCA00010B50421C0F8941200231A46194600F06A
:10CCB00058FB002010BDF8B504460D460020ADF825
:10CCC00000004888010A062947D006DC01290FD058
:10CCD000022912D0032962D11DE0072946D00F296D
:10CCE0005DD1D4F8B402C26920E0694690473BE0C8
:10CCF000D4F8B412207C0A68F7E7207C02260028CA
:10CD0000D4F8B80205D0C16A684688470146467023
:10CD100036E0816AF8E7C0B2062840D2DFE800F0CA
:10CD200003090D111519D4F8B4024268B2B3207C7E
:10CD3000DBE7D4F8B4028268F8E7D4F8B402C2683A
:10CD4000F4E7D4F8B4020269F0E7D4F8B402426917
:10CD5000ECE7D4F8B4028269E8E7207CF0B9D4F8B3
:10CD6000B802416B68468847014609E0207CA8B9B3
:10CD7000D4F8B802016B684688470146072048701E
:10CD8000EA888AB1BDF8000040B1824200D902466B
:10CD90002046ADF80020FFF776FFF8BDFFE72946F3
:10CDA0002046FFF74BFFF8E72046FFF779FFF4E74F
:10CDB00078B542880D460178002604468A4212D989
:10CDC000ADF800100AE0694600F019F8417805292D
:10CDD00004D181780646A94205D000266188BDF8B5
:10CDE00000209142EFD8304678BD002102E0491C76
:10CDF000401CC9B20278002AF9D1084670470A8857
:10CE000003781A440A8001780844704770B50028F6
:10CE100016460D4620D00446FFF7E7FF02220146E2
:10CE2000100202EB4101814204D82046FFF7DDFFEA
:10CE30004000801C30803378032102202B700022B8
:10CE4000697006E0431C2954D8B2411C641C2A5462
:10CE5000C8B221780029F5D170BD01004FF0000063
:10CE600004D0012901D0022901D0032070470120FC
:10CE70007047000004A00A46024910B5FFF7C6FF3C
:10CE8000004810BDFC4B002443444320436F6E66B2
:10CE900069670000122008800048704744000024A1
:10CEA00004A00A46024910B5FFF7B0FF004810BDC4
:10CEB000FC4B002443444320496E746572666163F1
:10CEC00065000000042008800048704740000024EE
:10CED00004A00A46024910B5FFF798FF004810BDAC
:10CEE000FC4B002453544D6963726F656C65637429
:10CEF000726F6E696373000004A00A46024910B5A0
:10CF0000FFF784FF004810BDFC4B002453544D3301
:10CF100032205669727475616C20436F6D506F7268
:10CF20007400000010B51A2008800B480A49083028
:10CF3000021F096800681468081809D00749082208
:10CF4000FCF72EFE0549042220461031FCF728FE8E
:10CF50000248801E10BD000000E8F11F660000249A
:10CF600078B10023C0F8B832C0F8C432C0F8D0326B
:10CF700009B1C0F8B4120121027080F89C1200F0CF
:10CF8000CFB80320704710B5D0F8C802F7F78FFD6F
:10CF9000BDE81040FFF761BF10B5D0F8C802F7F741
:10CFA00061FDBDE81040FFF758BF2DE9F04117467D
:10CFB00004464FF0000521B194F89C02032842D0AA
:10CFC0004CE0D4F8941204F11400022935D1D0E9D0
:10CFD00002639E4206D9F21A394682602046FFF764
:10CFE00025FE0FE0B34214D14068984211D3D4F823
:10CFF000981288420DD2002220461146FFF716FEF5
:10D00000C4F8985200231A461946204600F0FFF84B
:10D0100013E094F89C02032808D1D4F8B802C16840
:10D0200021B1C4F8D452C1682046884780212046E7
:10D0300000F078F92046FFF71BFE94F8A00268B1D3
:10D0400084F8A0520AE0D4F8B802426932B1C4F8B8
:10D05000D452426920469047002800D10020BDE804
:10D06000F08170B5134604464FF0000221B194F8E8
:10D070009C02032830D03AE0D4F8941204F5AA7048
:10D08000032934D1D0E902518D420AD96A1A82604B
:10D090000846824200D3024619462046FFF7BEFDED
:10D0A00025E094F8AA0210F01F0003D0012802D056
:10D0B000022800D0002294F89C02032808D1D4F85A
:10D0C000B802016921B1C4F8D42201692046884719
:10D0D0002046FFF7E5FD0AE0D4F8B802836933B1D2
:10D0E000C4F8D422826920469047002800D100204D
:10D0F00070BD0020704710B5D0F8B812012280F83A
:10D100009C22002429B103794A68D9B2904700B122
:10D110000324204610BDD0F8C802F7F7F5BC000084
:10D1200070B50178012929D115490925154C02232B
:10D130000022C1F8E004C0F8C81208460C600D7166
:10D14000CB718A714B728A72CA720A738A73CA73FC
:10D150000A74F8F753F808B1F5F724F808484FF4C3
:10D160000071F7F72EFC064880220021F7F72DFC0E
:10D17000034801214FF4BA72F7F727FC002070BD75
:10D180001C60002400000440D0F8C82201F07F0099
:10D190000B0600EBC00002EB800001D5807D7047DC
:10D1A00090F85602704710B5D0F8D42200EB8202F6
:10D1B000D2F8B82222B190F89C32032B02D004E0BE
:10D1C000032010BD126A02B19047002010BD10B5B7
:10D1D000D0F8D42200EB8202D2F8B82222B190F823
:10D1E0009C32032B02D004E0032010BD526A02B12E
:10D1F0009047002010BD10B51C46D0F8C802134659
:10D200002246F7F78AFCBDE81040FFF726BE10B5AE
:10D21000D0F8C802F7F7B2FCBDE81040FFF71DBE1A
:10D220002DE9F041044601250020D4F8B812064645
:10D2300084F89C52C4F894026060C4F8A40284F894
:10D24000A00231B14A6822B100212046904700B1C6
:10D2500003262046002240231146FFF7CCFF40273B
:10D26000A4F8645100223B4680212046C4F8607136
:10D27000FFF7C1FFA58430462762BDE8F08190F832
:10D280009C12042903D190F89D1280F89C12002072
:10D29000704710B590F89C12032905D1D0F8B81248
:10D2A00011B1C96901B18847002010BD0174002087
:10D2B000704710B5D0F8C802F8F776F8BDE810400E
:10D2C000FFF7CBBD70B5044600F2AA20054600F07A
:10D2D00051F894F8AA020123B4F8B01210F01F021A
:10D2E000C4F89432C4F898120AD0012A0ED0022A47
:10D2F00012D000F080012046BDE8704000F012B866
:10D3000029462046BDE8704000F0D0B829462046A6
:10D31000BDE8704000F013BA29462046BDE87040D1
:10D3200000F05BB910B5D0F8C802F7F741FCBDE8D2
:10D330001040FFF792BD10B5D0F8C802F8F74EF8CC
:10D34000BDE81040FFF789BD90F89C12042903D076
:10D3500090F89C1280F89D12042180F89C12002005
:10D36000704710B5D0F8C802F7F75BFCBDE8104075
:10D37000FFF773BD70B5054608788C1C2870487897
:10D3800068702046FEF74BFAA41C68802046FEF722
:10D3900046FAA880A01CFEF742FAE88070BD38B5B6
:10D3A00004460020ADF80000A1B1C4F8B812D4F8CA
:10D3B000D40204EB8000D0F8B802C16A19B1684603
:10D3C0008847C4F8D002D4F8D802401CC4F8D80268
:10D3D000002038BD032038BDD0F8B8320246002006
:10D3E000002B02D01B681046184770472DE9F0410A
:10D3F0002C4E0446887800258846C1B20129317038
:10D4000006D941462046FFF719FC0320BDE8F0810C
:10D4100094F89C02022702280CD003281DD0414614
:10D420002046FFF70BFC31782046FFF7E9FB032588
:10D430002846EBE789B320466160FFF7CDFF050082
:10D4400004D041462046FFF7F9FB1DE02046FFF7D8
:10D4500027FC032084F89C02EAE7C1B16068884297
:10D460001BD0C1B22046FFF7CBFB3178204661606C
:10D47000FFF7B2FF050010D041462046FFF7DEFB64
:10D4800021792046FFF7BCFB84F89C72D0E76160ED
:10D4900084F89C722046FFF7B3FB2046FFF700FCA0
:10D4A000C6E7000028010024FFF745BF2DE9F04141
:10D4B0000A784FF0000512F060020CD0202A01D04B
:10D4C000402A7DD1D0F8D42200EB8202D2F8B822D3
:10D4D0009268904731E04B78002201260A2B6FD2E8
:10D4E000DFE803F041666E586E08056E2D29FFF7E0
:10D4F000E2FB67E004468888D8B9C888C8B948887C
:10D50000802816D294F89C2200F07F07032A10D0BE
:10D510003946204684F89E72FFF7CBFE2046FFF77F
:10D52000BFFB1FB1022084F89C024BE084F89C6290
:10D5300048E0204644E0FFF759FF054642E0CB882B
:10D54000012B3DD190F89C32012B04D0022B02D04C
:10D55000032B35D104E000F108018260012216E0BE
:10D560000122011D13E090F89C22012A03D0022A17
:10D5700001D0032A24D1CA88022A21D1D0F8A412CA
:10D58000C66009B10321C160022200F10C01FFF75E
:10D590007AFB17E04A88012A02D0022A03D00FE062
:10D5A000C0F8A46216E08988090A80F8A01211E088
:10D5B00090F89C32012B08D0022B06D0032B04D00C
:10D5C000FFF73CFB2846BDE8F08149880129F9D1E5
:10D5D000C0F8A422FFF764FBF4E72DE9F0410A78D4
:10D5E0000E460979054612F060004FF00008CCB2F3
:10D5F0000BD0202801D040286AD121462846FFF7C9
:10D6000009FBFF2800D0D8B396E07078C8B3012892
:10D6100024D003285CD195F89C02022802D003286C
:10D6200056D10CE0002C53D0802C51D021462846F6
:10D63000FFF778FE80212846FFF774FE7CE07088B3
:10D6400040B93CB1802C05D0F08818B92146284655
:10D65000FFF768FE2846FFF723FB6DE095F89C0274
:10D660000228DFD0032863D1708880BB600603D016
:10D6700021462846FFF787FC2846FFF711FBBCE749
:10D6800000E00AE0C5F8D402D5F8B8028268F2B129
:10D6900031462846904780464EE095F89C02002788
:10D6A000022802D0032843D113E00CB1802C3FD1D3
:10D6B000200604F07F0000EB800005EB800101D51F
:10D6C000143101E001F5AA7102220F602CE033E071
:10D6D0002EE0200604F00F0000EB800005EB800038
:10D6E00009D5808C20B304F07F0000EB800005EBAF
:10D6F000800614360AE0B0F86401C8B104F07F0077
:10D7000000EB800005EB800606F5AA764CB1802C74
:10D7100007D021462846FFF737FD10B101203060C1
:10D7200000E03760022231462846FFF7ACFA03E0FA
:10D7300031462846FFF782FA4046BDE8F08170B5D1
:10D74000054608780E464FF0000410F0600003D044
:10D75000202801D0402827D195F89C02012803D029
:10D76000022801D003281FD1B088C1B201291AD8DC
:10D77000C1B22846FFF750FAFF280CD058B9D5F8A7
:10D78000B8128A683AB1C5F8D40228468A68314688
:10D790009047044600E00324F088204307D1284640
:10D7A000FFF77EFA03E031462846FFF747FA2046A6
:10D7B00070BD704700487047FC5D002470B54D781F
:10D7C00001230A78012D1C4C02F00F0503FA05F322
:10D7D000D0F81C5817D000EB421245EA0343C0F8BA
:10D7E0001C38D2F8000B00040BD40B890979D2F84D
:10D7F000000BC3F30A03184344EA81410843C2F80B
:10D80000000B002070BD9EB23543C0F81C5800EBE1
:10D810004213D3F800090004F3D40D890979D3F831
:10D820000009C5F30A058904284341EA82510843E7
:10D830002043C3F80009E4E700800010D0F8001985
:10D840006FF30A01C0F80019D0F8041841F4807190
:10D85000C0F804180020704770B50D460446C2F3A6
:10D8600007211E460498012922D0E06840F04000BC
:10D87000E060204600F03CF8C6F307210029A16BC8
:10D880002ED021F48031A163C5F3074101290ED1C7
:10D89000E16D154A89B2E165E16D1143E165A16869
:10D8A00041F00601A160A16841F02001A16070BDB6
:10D8B000A26BC3B20D49012B22F48030A063E06853
:10D8C00000EA0100E060E06820F44010E06003D16D
:10D8D000E06840F48010E060204600F009F8D3E7EB
:10D8E00041F48031CFE700000000EE03BFFFBDFF31
:10D8F00008B500214FF070620091009B5B1C009303
:10D9000093420CD80369002BF7DA0091016941F0CA
:10D91000010101610099491C0091914201D9032044
:10D9200008BD0169C907F5D1002008BD70B50A78A6
:10D9300001234C78012C00EB42122CD0D2F8004B82
:10D94000002C0BDAD2F8004B44F00064C2F8004B14
:10D95000D2F8004B44F08044C2F8004B0C78D0F869
:10D960003C5804F00F0403FA04F425EA0444C0F818
:10D970003C480978D0F81C4801F00F018B401C4945
:10D9800024EA0343C0F81C38D2F8000B0840C2F860
:10D99000000B002070BDD2F80049002C0BDAD2F841
:10D9A000004944F00064C2F80049D2F8004944F04C
:10D9B0008044C2F800490D78D0F83C4805F00F05C6
:10D9C0000C4E03FA05F5ADB2AC43C0F83C48D0F8B4
:10D9D0001C48097801F00F018B4099B28C43C0F8C4
:10D9E0001C48D2F800093040C2F80009D1E7000015
:10D9F0000078F3EF007833ECD0F8001E21F003013B
:10DA0000C0F8001ED0F8041821F00201C0F8041874
:10DA100000207047D0F8001E21F00301C0F8001E5E
:10DA2000D0F8041841F00201C0F804180020704733
:10DA30002DE9F04F00250F46904604462E46284615
:10DA400004EB8001C1F80451401C0F28F8D3C3F344
:10DA500007405FEA0009204610D0806B40F40011B7
:10DA6000C4F83810C8F30720C4F8005E0128204627
:10DA700017D0D0F8001841F0030119E0D0F80408DD
:10DA800040F00201C4F80418A06B20F40011A16357
:10DA9000206840F040012160206840F08001216052
:10DAA000E0E7D4F80018380E204601D041F001011B
:10DAB000C0F80018102100F08CFA00B101262046B1
:10DAC00000F06BFA00B101264FF67F3A4FF0006C80
:10DAD000C4F810584FF0904BC4F81458C4F81C58B0
:10DAE0000020FAB214E000BF04EB4011D1F8003975
:10DAF000002B06DA10B1C1F800B904E0C4F800C97F
:10DB000001E0C1F80059C1F81059C1F808A9401C3A
:10DB10008242E9D8002013E004EB4011D1F8003B29
:10DB2000002B06DA10B1C1F800BB04E0C4F800CB4A
:10DB300001E0C1F8005BC1F8105BC1F808AB401C04
:10DB40008242E9D8D4F81008C7F30742002A6FF0E0
:10DB5000804120F48072C4F81028A561616103D16E
:10DB6000A06940F01000A061A069C8F30741094A0C
:10DB70001043A06119B1A06940F00800A061B9F19B
:10DB8000010F03D1A06904490843A0613046BDE8F4
:10DB9000F08F000000383C8004000040816821F0D4
:10DBA000010181600020704710B5144C036CA34242
:10DBB00003D9D0F8003B002B1EDB0023C0F8103B3C
:10DBC0000129D0F8101B41F40021C0F8101BD0F837
:10DBD000101B41F01801C0F8101BD0F8101B41F0C9
:10DBE000C041C0F8101B07D1C0F8142BD0F8001B9F
:10DBF00041F08021C0F8001B002010BD0A30544FB6
:10DC00000B784A78012A00EB43100BD0D0F8002B98
:10DC100022F40012C0F8002B0979032914D002293C
:10DC200012D017E0D0F8002922F40012C0F8002921
:10DC30000979032901D002290CD1D0F8001941F04B
:10DC40008051C0F8001905E0D0F8001B41F0805168
:10DC5000C0F8001B002070470A784B78D1B2012B26
:10DC600000EB421012D0D0F8002B002A06DB29B1BD
:10DC7000D0F8001B21F08041C0F8001BD0F8001B39
:10DC800041F40011C0F8001B00207047D0F80029B3
:10DC9000002A06DB29B1D0F8001921F08041C0F834
:10DCA0000019D0F8001941F40011C0F80019EBE791
:10DCB000F8B50B786FF060464F788C4DDCB2012FD1
:10DCC00000EB43132BD0D3F8107B002C07EAC5449C
:10DCD000C3F8104BD3F8104B04EA0504C3F8104BFB
:10DCE0007ED00D69002D7CD08C6825446D1EB5FB5F
:10DCF000F4F5ADB26C430C6206EAC545D3F8104B9F
:10DD00002C43C3F8104BD3F8104B0D6AC5F3120522
:10DD100054EA0504C3F8104B012A73D0CEE00F6912
:10DD200007B3D3F810796FF31207C3F81079D3F85B
:10DD3000107907EA0507C3F810791CB3D1F810C0B1
:10DD40008D68D3F81079AC44ACF1010CBCFBF5F54F
:10DD5000ADB206EAC5463743C3F810790E79012EF5
:10DD60001CD02AE0D3F810692E40C3F81069D3F80C
:10DD7000105945F40025C3F81059D3F810596FF322
:10DD8000120520E00E698D68AE4200D90D61D0F811
:10DD9000106946F40026C0F810690EE0D3F8106947
:10DDA0004FF0C04707EA457726F0C046C3F8106930
:10DDB000D3F810593D43C3F810590E69D3F81059E0
:10DDC000C6F312063543C3F81059012A1BD000EBE5
:10DDD0004413D3F8004944F00444C3F8004901E077
:10DDE00047E05AE00C79012C2ED00A695AB30B781F
:10DDF000D0F83418012203F00F039A401143C0F801
:10DE0000341871E056E0CA691AB100EB4413C3F844
:10DE10001429097901290ED1D0F80818C90500EB99
:10DE20004411D1F8002902D442F0005201E042F03E
:10DE30008052C1F8002900EB4410D0F8001941F0DD
:10DE40000441C0F800194FE0D0F80848E405D3F8C1
:10DE5000004902D444F0005401E044F08054C3F877
:10DE6000004900920B8A0A78C9689BB200F0E0F979
:10DE70003AE00C690CB18C680C618C680C62C4F3DC
:10DE80001205D0F8104B2C43C0F8104BD0F8104BB3
:10DE900044F40024C0F8104B3EE78D68D3F8104BD3
:10DEA000C5F312052C43C3F8104BD3F8104B44F4C0
:10DEB00000242FE7CA680AB1C3F8142B0979012995
:10DEC0000CD1D0F80808C005D3F8000B02D440F0FC
:10DED000005001E040F08050C3F8000BD3F8000B75
:10DEE00040F00440C3F8000B0020F8BDFFFF07E03E
:10DEF00038B5002242F21074002300920A784D785F
:10DF0000012D00EB421219D0D2F8005B002D3CDA53
:10DF1000D2F8005B45F00065C2F8005B0A7800EBC0
:10DF20004212D2F8005B45F08045C2F8005B009ACF
:10DF3000521C0092A24221D9012326E0D2F80059B6
:10DF4000002D22DAD2F8005945F00065C2F80059D8
:10DF50000A7800EB4212D2F8005945F08045C2F829
:10DF60000059009A521C0092A242E5D80A7800EBB0
:10DF70004212D2F80029002AF3DB06E00A7800EB0F
:10DF80004212D2F8002B002AD1DB184638BD816836
:10DF900041F0010181600020704708B500214FF079
:10DFA00070620091009B5B1C009393420AD8036946
:10DFB000002BF7DA0091102303610099491C0091AE
:10DFC000914201D9032008BD0169C906F5D400209A
:10DFD00008BD18B500224FF070630092009C641CCD
:10DFE00000949C420CD80469002CF7DA202400929B
:10DFF00044EA811101610099491C0091994201D9BB
:10E00000032018BD01698906F5D4002018BDD0F899
:10E01000080810F0060004D0022803D0062801D01A
:10E020000F20704702207047406900F001007047E0
:10E03000D0F81818D0F81C08084080B27047D0F803
:10E040001818D0F81C080840000C704710B5D0F81C
:10E05000102801F00F0300EB4114D0F83418D4F865
:10E060000809D94001F0010142EAC111084010BD80
:10E0700000EB4111D1F8081BD0F814080840704794
:10E0800041698069084070470346084630B59408E6
:10E0900002F00301002203F5805303E01D68521CC7
:10E0A00040F8045BA242F9D300290CD01C6800237D
:10E0B000491EDD00090403F10103090C24FA05F2ED
:10E0C00000F8012BF4D130BD70B50446C0680129B9
:10E0D0004FF0000520F0C040E06001D079B120E0B1
:10E0E000E06840F00050E0600A20F5F753FB6069FB
:10E0F0000A3510F0010F10D1C82DF5D30DE0E068FE
:10E1000040F08040E0600A20F5F744FB60690A3582
:10E1100010F0010F01D0C82DF5D3C82D01D000207B
:10E1200070BD012070BDD0F800284FF4FE6303EAF3
:10E13000011322F4FE62C0F80028D0F80018194339
:10E14000C0F8001800207047022A3ED1264A274B0B
:10E150000A449A4201D20F2138E0254A254B0A444D
:10E160009A4201D20E2131E0234A244B0A449A42BA
:10E1700001D20D212AE0224A224B0A449A4201D2BE
:10E180000C2123E0204B214A0B44934201D20B2166
:10E190001CE01F4B1F4A0B44934201D20A2115E099
:10E1A0001D4B1E4A0B4493420FD31D4B1D4A0B447B
:10E1B000934201D2082109E01B4B1C4A19449142A9
:10E1C00001D2072102E0062100E00921C2684FF4D4
:10E1D000705322F47052C26003EA8123C16819436C
:10E1E000C160002070470000405327FF00350C003D
:10E1F000401E1BFF40420F0000DC0BFF804F12004F
:10E20000808CF9FE20D6130060B6E5FE60E31600B0
:10E2100000D3CEFE40771B00C05BB3FEC09121004F
:10E2200000CA91FE20753800E05459FEE09C410080
:10E2300010B5029C74B900EB0232DB1C00209B0875
:10E2400002F5805204E000BF51F8044B1460401CFA
:10E250009842F9D3002010BD054B10B559780A2912
:10E2600004D2044C4A1C44F821005A7010BD00002E
:10E27000780300242CF50024FEE70000F0B587B0F9
:10E2800000236C468DF8183021FA03F5ED0701D014
:10E29000F02600E0C02620FA03F5C3F10707760850
:10E2A000ED07E65501D0F02600E0C02622FA03F57E
:10E2B000C3F10F077608ED07E65501D0F02500E021
:10E2C000C025C3F117066D085B1C082BA555DBDBC9
:10E2D0004FF6FF740F480022234606A9F8F74EFEBA
:10E2E0000C4800BF90F881100129FBD10948182281
:10E2F00023466946F8F742FE2546002405480122D8
:10E300002B4606A9F8F73AFE641C642CF6DB07B02E
:10E31000F0BD00002C41002403B401984100009896
:10E3200050EAC12018BF04204A0D18BF40F0010078
:10E3300040F2FF72B2EB515F08BF40F002000128CB
:10E3400008BF052002B070474100080218BF042032
:10E350000A0E18BF40F001004FF07F4232EA01017F
:10E3600008BF40F00200012808BF052070470907D8
:10E3700000284FEA116104DB00F1E02080F800146E
:10E38000704700F00F0000F1E02080F8141D704786
:10E3900010B510EE104A4FF01A402DED028B00EB35
:10E3A0004400B0F1C85F4AD84FF0FC40B0EB440FD6
:10E3B00022D2B0EEC00ADFED310A30EEC00ADFED46
:10E3C000300A20EE208A18EE100A04F0F5F800EE6C
:10E3D000100A14F0004F1DBF9FED2A1ADFED2A0A24
:10E3E000B1EE400A9FED291A08BFF0EE410ADFEDB9
:10E3F000281A20EE210A05E020EE008A9FED251A5A
:10E40000DFED250ADFED251A9FED252A70EEC00A03
:10E4100020EE080A08EE212ADFED221A48EE021A41
:10E420009FED212A08EE212ADFED201A48EE021A7C
:10E43000BDEC028B40EE610A30EE810A10BD4FF058
:10E44000CC40B0EB440F82BF9FED190ABDEC028BAC
:10E4500010BD4FF07F40B0EB440F05D2BDEC028BF6
:10E46000BDE8104000F0E0BD0120F2F759FFBDEC1F
:10E47000028BBDE8104000F0DDBD00000000803FD1
:10E480000000003F0000494022AA7D3A0000000041
:10E49000000000C00000C93F22AAFD3924FE1C3D37
:10E4A000C78AD83C1E67383D1B93993DAFAA2A3EC8
:10E4B000DB0FC93F10B54FF00E402DED028BB0EED3
:10E4C000408A18EE104A00EB4400B0F1506F4AD871
:10E4D0004FF0FC40B0EB440F22D2B0EEC80ADFEDA3
:10E4E000360A30EEC00ADFED350A60EE208A18EEFB
:10E4F000900A04F061F801EE100A14F0004F1DBFFD
:10E50000DFED2F0A9FED2F0AB1EE411ADFED2E0A43
:10E5100008BF9FED2E0ADFED2E1A21EE218A05E0BD
:10E52000DFED2C0A68EE088AB0EE600A9FED2A1A29
:10E53000DFED2A1A30EE080A48EE811A9FED281AFC
:10E5400008EEA11ADFED271A48EE811A9FED261A70
:10E5500008EEA11A68EE281ABDEC028B01EE810AC2
:10E5600030EE200A10BD4FF0E440B0EB440F0CD960
:10E5700018EE100AFFF7E8FE042808BF00F062FD5D
:10E58000B0EE480ABDEC028B10BD4FF07F40B0EBFF
:10E59000440F07D2B0EE480ABDEC028BBDE8104034
:10E5A00000F042BD0120F2F7BBFEBDEC028BBDE8DE
:10E5B000104000F03FBD00000000803F0000003F21
:10E5C0000000C9BF22AAFDB90000C93F22AAFD3937
:10E5D000000000C00000000024FE1C3DC78AD83C9B
:10E5E0001E67383D1B93993DAFAA2A3E70B54FF088
:10E5F00068422DED048BF0EE408A18EE900AB0EEE2
:10E60000608A18EE101A02EB4003B3F1654F3CBF6D
:10E6100002EB4102B2F1654F7DD200BFC0F3C75398
:10E62000C1F3C7529A1A1B2A09DD10F0004F14BF1C
:10E630009FED830A9FED830ABDEC048B70BD12F140
:10E640001A0F36DA11F0004F09D010F0004F0CBF4E
:10E650009FED7D0A9FED7D0ABDEC048B70BD88EEB9
:10E66000889A19EE100AFFF76FFE042808BF00F021
:10E67000E9FC18EE900AFFF767FE054618EE100A4F
:10E68000FFF762FE044619EE100AFFF75DFE042D47
:10E6900018BF052D08D1042C18BF052C04D1002863
:10E6A00004BF0220F2F73CFEB0EE490ABDEC048B39
:10E6B00070BD4200B2EB410F3AD910F0004F19BFC4
:10E6C000DFED630A9FED630ADFED630A9FED630AE6
:10E6D000B0EE481A0A46B1EE688A80F00041F0EECA
:10E6E000418A10460A1A5200B2F1807F34D2484063
:10E6F00010F0004FDFED5A1A9FED5A2A1DBF9FED13
:10E700005A1A70EEE10A30EE420A9FED581A08BF1D
:10E7100070EEA10A00E040E008BF30EE020AB0EE61
:10E72000682A01EE482A08EE818AC2EE081A15E02E
:10E7300011F0004F04BF9FED4E0AF0EE400AD1D019
:10E7400010F0004F19BFDFED4B0A9FED4B0ADFEDD4
:10E750004B0A9FED4B0AC5E7C8EE881A21EEA11AB5
:10E760009FED482ADFED482A41EE022A9FED472A15
:10E7700001EE222ADFED462A41EE022A9FED452ACC
:10E78000BDEC048B01EE222A21EE811A01EE020A71
:10E7900030EE210A30EE200A70BD4FF07F42B2EB1E
:10E7A000400F28BFB2EB410F09D2F0EE480AB0EE9D
:10E7B000680ABDEC048BBDE8704000F038BC40EA4C
:10E7C00001035B0008BF41F0FF410BD0B2EB400FEB
:10E7D00008BFB2EB410F08D120F0804008EE900A4C
:10E7E00021F0804108EE101A18E7B2EB400F12BF7B
:10E7F0005FEA410340F0FF4001F000413FF40EAFFB
:10E80000B2EB410F12BF5FEA400200F0004041F05E
:10E81000FF413FF403AF4A0092EA40033FF5FEAEEA
:10E82000002AACBF9FED1C0A9FED1C0A68EE808A8F
:10E8300028EE008A18EE900A18EE101AEEE6000094
:10E84000DB0FC9BFDB0FC93FDB0F4940DB0F49C0FE
:10E850000000C9BF22AAFDB90000C93F22AAFD39A4
:10E860000060ED3EC30ACE37000000BF0000003F4D
:10E8700000000000000049C022AA7DBA0000494003
:10E8800022AA7D3A2DAD65BD8FB8D53D0FB511BE1D
:10E8900061C84C3EA8AAAABE0000804F0000802F8D
:10E8A00010B529499FED261B2DED020B84B005986C
:10E8B00020F000408842D8BF9DED040B2DDD234998
:10E8C000884209D1049840B94FF00100F2F728FDC1
:10E8D00000F092FB06B010BD05DB9DED040B30EEA1
:10E8E000000B06B010BD68469DED040B00F000F96A
:10E8F00010F0030004BF9DED021B9DED000B0CD03A
:10E9000001280ED09DED021B9DED000B022810D0BA
:10E91000012000F01DFB06B010BD00F071FA06B03A
:10E9200010BD9DED021B9DED000B012000F010FBC2
:10E9300001E000F065FA06B0B1EE400B10BD00003A
:10E940000000000000000000FB21E93F0000F07F14
:10E9500010B52DED028BF0EE408A18EE900AB0EE65
:10E96000608A20F00040C0F1FF40C00F07D118EED0
:10E97000100A20F00040C0F1FF40C00F2BD018EE6D
:10E98000101A18EE900A05F04DF800EE100A10EE7D
:10E99000100A6FEAD05010F0FF0F04BFBDEC028BDD
:10E9A00010BD18EE900A00F0004110EE100A00F0C1
:10E9B0000040814204BFBDEC028B10BD18EE101A5E
:10E9C00010EE100ABDEC028B61F31E0000EE900AFF
:10E9D00030EE600A10BD18EE900A4FF07F41B1EBA7
:10E9E000400F1CBF18EE100A5FEA4000C7D101209B
:10E9F000F2F796FCBDEC028BBDE8104000F01ABBAC
:10EA000010B529499FED261B2DED020B84B005980A
:10EA100020F000408842DCBF00209DED040B2EDD7D
:10EA20002249884209D1049840B94FF00100F2F719
:10EA300077FC00F0E1FA06B010BD05DB9DED040B9C
:10EA400030EE000B06B010BD68469DED040B00F0E3
:10EA50004FF810F003000DD0012814D09DED021BDB
:10EA60009DED000B022816D000F0CAF906B0B1EEF9
:10EA7000400B10BD9DED021B9DED000B012000F031
:10EA800067FA06B010BD9DED021B9DED000B00F076
:10EA9000B7F906B010BD012000F05AFAE6E7000011
:10EAA0000000000000000000FB21E93F0000F07FB3
:10EAB00010B52DED028BB1EEC08A18EE100A20F0D1
:10EAC0000040C0F1FF40C00F0AD010EE100A20F045
:10EAD0000040C0F1FF40C00F04BF0120F2F720FC4E
:10EAE000B0EE480ABDEC028B10BD00000000000033
:10EAF0002DE9F14F04462DED020B2DED048B94B062
:10EB00009FED9D0B80ED020B199E9D4826F0004560
:10EB100085420ADC9DED180B002084ED000B14B03B
:10EB2000BDEC048B03B0BDE8F08F96489FED969B3B
:10EB30009FED978BA84225DD97489FED991B9FED90
:10EB40009A2B9DED180B002E0DDD30EE490B854202
:10EB500012BF30EE480B30EE410B30EE420B84ED2D
:10EB6000000B0120DBE730EE090B854212BF30EECF
:10EB7000080B30EE010B30EE020B84ED000B4FF072
:10EB8000FF30CCE78A48A84253DB9DED180B51ECCF
:10EB9000100B01F07BFC41EC100BB0EE401B9FED25
:10EBA000862B9FED870B290DDFF81CC201EE020BAF
:10EBB0000120FDEEC00B10EE903A00EE903AB8EE58
:10EBC000E02BB0EE410B02EE490B22EE081BFC4499
:10EBD000032830EE411B84ED001B1DD011EE902A5E
:10EBE00000EB4015113DC2F30A528A1A954213DA1E
:10EBF0000CEB0012B0EE403B92ED000B401C20EEFF
:10EC0000021B33EE410B33EE403B33EE411B92EDE2
:10EC1000023B12EE031BDBE7002EA8BF1846BFF62F
:10EC20007EAF94ED000B5842B1EE400B84ED000B2B
:10EC300075E7C6F3130040F4801EC6F30A50A0F235
:10EC4000F530471100F01F05C5F12000DDF860B078
:10EC5000139000200890099005200DF1080C5B49E5
:10EC6000002D07EB0002794408BF51F8221009D0AB
:10EC700051F8223001EB8201AB404A68139922FA25
:10EC800001F11943A1FB0E26A1FB0B131A449A4272
:10EC900034BF0123002303EB06080CEB8003D3E908
:10ECA00001A60E448E4234BF0121002192448A44C1
:10ECB00011B1924502D903E0924501D2012100E051
:10ECC0000021C3E901A641444CF82010011EA0F127
:10ECD0000100C4DC04989DED050A00F10050810F8D
:10ECE00004989FED3B4B800001EE100ADDED060A13
:10ECF0009DED072AB8EEC13BB8EE401BB8EE600BA5
:10ED0000B8EE422B002021EE041B9FED334B20EE8A
:10ED1000040B9FED334B22EE042B30EE024B34EE0E
:10ED2000014B34EE034B8DED004B00909DED004BFD
:10ED3000199834EE433B10F0004F33EE411B31EE97
:10ED4000400B32EE401B9DED000B9FED272B20EE7C
:10ED5000020B9FED272B01EE020B9DED001B9FED9B
:10ED6000262B01EE020B1CBF4942B1EE400B84ED95
:10ED7000000B0846D3E60000000000000000000081
:10ED8000FB21E93F7CD9024000004054FB21F93FC0
:10ED90003163621A61B4D03DFB21F93F00000000ED
:10EDA0000000601A61B4D03D7370032E8A19A33B32
:10EDB000FB2139410000000083C8C96D305FE43F8A
:10EDC000000000000000E03FE65C00007E5C000008
:10EDD000000000000000103E000000000000103C99
:10EDE000000000000000103A3326A611460B113C2B
:10EDF000182D4454FB21F93D00000054FB21F93D3E
:10EE000010B52DED040B2DED068B82B0B0EE41ABAD
:10EE100009989FED299B20F00044B4F1795F0FDA47
:10EE20009DED080BBDEEC00B10EE100A002801BFCF
:10EE3000B0EE490B02B0BDEC068B04B008BF10BDAC
:10EE40009DED080B1E48062120EE008BB0EE480B0E
:10EE5000784400F045F820EE080B9DED081B1C4897
:10EE6000844228EE000B01EE4A0B9FED171B28EEA3
:10EE7000011BBCBF31EE400B39EE400B16DB1548D1
:10EE8000A042BCBF9FED142B8DED002B06DBA4F53B
:10EE900000100190002000909DED002B31EE421BF0
:10EEA00039EE422B31EE400B32EE400B02B0BDEC9E
:10EEB000068B04B010BD0000000000000000F03F11
:10EEC000345A000000000000000000000000E03F95
:10EED0003333D33F0000E93F000000000000D23F81
:10EEE000491E00EBC102B0EE401B92ED000B31F069
:10EEF00006020DD0491E00EBC102B0EE403B92ED80
:10EF0000002B31F00602B0EE420B03EE010BF1D103
:10EF1000022914D004290AD0062918BF704790EDA1
:10EF20000A2B00EE012B90ED080B02EE010B90ED89
:10EF3000062B00EE012B90ED040B02EE010B90ED81
:10EF4000022B00EE012B90ED000B02EE010B70473F
:10EF500031B504462DED040B2DED068BB0EE419B33
:10EF600007989DED060B20F00040B0F1795F0DDAB7
:10EF700051EC100BFFF7D0F9042808BF00F048F857
:10EF80009DED060BBDEC068B05B030BD20EE008B71
:10EF90001348052128EE00ABB0EE480B7844FFF78C
:10EFA0009FFF9FED111B8CB19FED112B29EE022BC2
:10EFB0000AEE402B9DED060B18EE029B0AEE419BDC
:10EFC00030EE490BBDEC068B05B030BD08EE001BE2
:10EFD0009DED060B0AEE010BBDEC068B05B030BDB6
:10EFE000E059000000000000495555555555C5BF72
:10EFF000000000000000E03F9FED031B81EE010BCD
:10F000007047000000000000000000000000000049
:10F010009FED030B20EE000B704700000000000086
:10F02000000000000000001030EE000A704730EED3
:10F03000200A7047DFED020A80EEA00A7047000048
:10F04000000000009FED020A20EE000A7047000059
:10F0500000000010D0ED000AF4EEC00AF1EE10FA44
:10F0600006DCB1EE400AF4EEC00AF1EE10FA01D26D
:10F0700080ED000A70470000F8B500208DF8000010
:10F080000446F2F77DFA8020F2F7ACFB5520F2F748
:10F09000A9FB5520F2F7A6FB8DF80000F2F768FAFD
:10F0A0009620F2F794FAF2F76BFA8020F2F79AFBC7
:10F0B0005520F2F797FB5520F2F794FB8DF80000EE
:10F0C000F2F756FA9620F2F782FAF2F759FAB621D9
:10F0D0007E20F2F797FBF2F74BFA5020F2F76BFA2B
:10F0E000F2F74EFA8020F2F77DFB5520F2F77AFB1B
:10F0F0005520F2F777FB8DF80000F2F739FA9620E9
:10F10000F2F765FAF2F73CFA8020F2F76BFB552034
:10F11000F2F768FB5520F2F765FB8DF80000F2F777
:10F1200027FA9620F2F753FA9DF800001E282ED1F8
:10F130001B4D00BFF2F724FA04EB44067719A85DD3
:10F140007978F2F75FFBF2F713FA9620F2F73FFABD
:10F15000F2F716FAA85D40F08000F2F743FB552065
:10F16000F2F740FB5520F2F73DFB8DF80000F2F777
:10F17000FFF99620F2F72BFA78789DF80010884274
:10F1800007D004EB440028448078002800D00120F8
:10F19000F8BD641CE4B2062CCCD30020F8BD0000FE
:10F1A00078040024F0B587B0002005460190029055
:10F1B0008DF80000F2F7E4F98020F2F713FB5520F8
:10F1C000F2F710FB5520F2F70DFB8DF80000F2F777
:10F1D000CFF99620F2F7FBF9F2F7D2F98020F2F797
:10F1E00001FB5520F2F7FEFA5520F2F7FBFA8DF8F5
:10F1F0000000F2F7BDF99620F2F7E9F9F2F7C0F94D
:10F20000B6217E20F2F7FEFAF2F7B2F95020F2F7BB
:10F21000D2F9F2F7B5F98020F2F7E4FA5520F2F7C7
:10F22000E1FA5520F2F7DEFA8DF80000F2F7A0F9C6
:10F230009620F2F7CCF9F2F7A3F98020F2F7D2FA90
:10F240005520F2F7CFFA5520F2F7CCFA8DF80000EE
:10F25000F2F78EF99620F2F7BAF99DF800001E2811
:10F2600061D17F4CF2F78CF905EB45063719A05DAB
:10F270007978F2F7C7FAF2F77BF99620F2F7A7F957
:10F28000F2F77EF9A05D40F08000F2F7ABFA55206E
:10F29000F2F7A8FA5520F2F7A5FA8DF80000F2F778
:10F2A00067F99620F2F793F978789DF80010884274
:10F2B00004D005EB45002044807832E05020F2F77E
:10F2C0007AF96D1CEDB2042DCCD30025F2F758F974
:10F2D00005EB45073E19717B307BF2F793FAF2F7A5
:10F2E00047F99620F2F773F9F2F74AF9307B40F0CC
:10F2F0008000F2F777FA5520F2F774FA5520F2F70A
:10F3000071FA8DF80000F2F733F99620F2F75FF901
:10F31000707B9DF80010884208D005EB4500204422
:10F32000807B002800D0012007B0F0BD5020F2F70C
:10F3300042F9F2F725F99220F2F754FA0622122048
:10F3400001A9F2F731FAF2F713F99DF8050003A9C4
:10F350009DF8043001EB47026D1C43EA002021F8C0
:10F3600017009DF80700EDB29DF80610022D4FEA38
:10F37000002040EA010050809DF809009DF8081027
:10F380004FEA002040EA010090809FD3F2F7F8F89E
:10F3900000216D20F2F736FAF2F7EAF89620F2F73C
:10F3A00016F9F2F7EDF8ED20F2F71CFA5520F2F716
:10F3B00019FA5520F2F716FA8DF80000F2F7D8F88E
:10F3C0009620F2F704F99DF800000028ABD1F2F77F
:10F3D000D7F8B6217E20F2F715FAF2F7C9F85020D7
:10F3E000F2F7E9F8BDF90C1040F25550BDF91220C2
:10F3F000891A814297DBBDF90E10BDF91420891AD4
:10F40000814290DBBDF91000BDF91610401AB0F52D
:10F410002A7F88DBF2F7B4F88020F2F7E3F9552071
:10F42000F2F7E0F95520F2F7DDF98DF80000F2F778
:10F430009FF89620F2F7CBF8F2F7A2F88020F2F7C7
:10F44000D1F95520F2F7CEF95520F2F7CBF98DF826
:10F450000000F2F78DF89620F2F7B9F8002063E784
:10F4600070400108F8B5002004468DF80000F2F75E
:10F4700099F800206946F2F7A9F9F2F78BF896207F
:10F48000F2F7A5F8F2F78EF800206946F2F79EF938
:10F49000F2F780F89620F2F79AF8F2F783F8B6219F
:10F4A0001420F2F7AFF9F2F775F85020F2F783F86D
:10F4B000F2F778F800206946F2F788F9F2F76AF86F
:10F4C0009620F2F784F8F2F76DF800206946F2F71B
:10F4D0007DF9F2F75FF89620F2F779F89DF80000D1
:10F4E0000F2825D1164D00BFF2F75CF804EB440657
:10F4F0007719A85D7978F2F785F9F2F74BF896203D
:10F50000F2F765F8F2F74EF8A85D6946F2F75EF992
:10F51000F2F740F89620F2F75AF878789DF8001044
:10F52000884207D004EB440028448078002800D0AB
:10F530000120F8BD641CE4B2062CD5D30020F8BD30
:10F540008A04002438B5002004468DF80000F2F744
:10F5500029F800206946F2F739F9F2F71BF89620EE
:10F56000F2F735F8F2F71EF800206946F2F72EF9A7
:10F57000F2F710F89620F2F72AF8F2F713F8B6210E
:10F580001420F2F73FF9F2F705F85020F2F713F8DC
:10F59000F2F708F800206946F2F718F9F1F7FAFFD8
:10F5A0009620F2F714F8F1F7FDFF00206946F2F714
:10F5B0000DF9F1F7EFFF9620F2F709F8F1F7F2FFF6
:10F5C00001213C20F2F71EF9F1F7E4FF5020F1F79A
:10F5D000F2FF00BFF1F7E6FF3C206946F2F7F6F8CC
:10F5E000F1F7D8FF9620F1F7F2FF9DF8000004F143
:10F5F0000104E4B2800701D40A2CEBD30A2C03D017
:10F600009DF80000400701D5012038BD002038BD1D
:10F6100010B500F027F80D48F4F7B3FF0C48F4F7E5
:10F62000B0FF0C48F4F7ADFF084800220121F4F7C1
:10F63000C3F8074800220121F4F7BEF8002205486C
:10F64000BDE810400121F4F7B7B80000C43E002423
:10F65000643F0024044000240149C8607047000052
:10F660007803002410B58AB002AA0020022101907C
:10F67000012482E81300059001A906901348F4F7CD
:10F6800040F902221148012311460094F4F778F959
:10F6900001220E481146F4F707F90D4801A9F4F7C5
:10F6A00030F902220A48012311460094F4F768F960
:10F6B000084801A9F4F725F902220648012311465A
:10F6C0000094F4F75DF90AB010BD0000C43E0024B8
:10F6D000643F00240440002410B504002DED028B8B
:10F6E00082B013D0207B9FED318A012808D00228F8
:10F6F00010D0032812D0042814D0052835D030E0CB
:10F7000084ED788A84ED798A84ED7A8A02B0BDEC42
:10F71000028B10BD204600F0A1F922E0204600F047
:10F72000BDFB1EE08DED008A8DED018A01A9224608
:10F73000684600F0CDFA84ED7A8A94ED7E1AD4ED15
:10F740007F0A9DED000A00F0DAFE84ED780A94ED60
:10F75000801AD4ED810A9DED010A00F0D0FE84EDFF
:10F76000790A207B0028CBD0D0E711486FF009033D
:10F77000B0F9021001EB8101490000EE101AB8EE59
:10F78000C00A84ED780A018811FB03F100EE101A1B
:10F79000B8EEC00A84ED790A808810FB03F000EE11
:10F7A000100AB8EEC00A84ED7A0AAFE70000000044
:10F7B000A8E800242DE9F041040043D0244A03279F
:10F7C00004260223D07A012804D0032804D002287A
:10F7D00004D004E0277302E0237300E026730020C6
:10F7E000B2F814C001251B495FEA0C5C03D5087010
:10F7F0004D70887008E091F800C0BCF1010F00D195
:10F8000027734F78012F00D123738F78012F00D1F8
:10F810002673928A960501D4CD7008E0CE7836B171
:10F82000C8700E78012E0FD00D7088704870920449
:10F8300003D52373887008704D7001F07DF800289F
:10F8400000D02573BDE8F081087088704D70EEE738
:10F85000A8E80024D80100247FB59FED4D0A0020C0
:10F860004C4C0090019002909FED4B2A03906A4609
:10F8700094ED781AD4ED791AD4ED7A0AB1EE414AB2
:10F8800071EE612A31EEC13A71EE213A34EE611A1D
:10F8900040EEC22A00EEC23A40EEC23A00EEC21A70
:10F8A000CDED002A8DED011A8DED023ACDED033A32
:10F8B000217B052900D089B902EB800100EB800390
:10F8C00091ED000A04EB8303401CBDEEC00AC0B2F8
:10F8D000042810EE101A1984EED37FBD02EB8003CA
:10F8E00000EB800193ED001A04EB8101F0EEC10AF8
:10F8F00081ED071AB4EEE00AF1EE10FA01D2B0EE93
:10F90000600A401CC0B20428E8D310EE100A234954
:10F91000884213DD00209FED221AC1EE000A00BFCD
:10F9200000EB8001401C04EB8101C0B291ED070A9D
:10F93000042820EE200A81ED070AF1D35FF00005CC
:10F9400005EB850105EB051004EB810104EB80005C
:10F950006030D1ED070A91ED060AFBF7F9FC6D1C4A
:10F96000EDB2042DECD3002000EB001200EB80017F
:10F9700004EB8202401C92ED1F0A04EB8102C0B22C
:10F98000BDEEC00A042810EE101A1184ECD37FBD1E
:10F9900000000000F0E80024CDCC4C3ECDCC6C4003
:10F9A000CDCC6C4029485FF000019FED291ADFEDB6
:10F9B000290A30B501EB810201EB011300EB820251
:10F9C00000EB8304491C1569C9B20429B5F902305A
:10F9D00000EE103AB8EEC00A20EE010A82ED060AE7
:10F9E00094ED230A20EE200A82ED050AE2D390ED81
:10F9F000062A90ED0B1AD0ED100AB1EE423A72EEE3
:10FA0000413A32EE012A33EE411A90ED150A33EEF7
:10FA1000E03A32EE602A71EE600AF5EE001A33EE3B
:10FA2000001A32EE402A70EEC00ADFED0B2A21EEFA
:10FA3000210A22EE211A60EEA10A80ED750A80EDFE
:10FA4000761AC0EEA21AC0ED771A30BDF0E8002495
:10FA50000A01DA390000FA43CDCC4C3E10B504005F
:10FA60002DED068B82B07CD09FED509A01A9024605
:10FA70008DED009A8DED019A684600F029F99FED11
:10FA80004C1A4C49DFED4C0A4C480068008800F5E0
:10FA90009660C0F30C0000EE100AF8EE401A81EEFA
:10FAA000810A10EE100A884203DD9FED451A30EE00
:10FAB000410A20EE200AB7EEC00AB0EE408BFEF7F6
:10FAC000EFFE9DED001AB7EEC11A20EE01ABB0EECD
:10FAD000480BFEF795FF9DED011AB7EEC11A01EE36
:10FAE00000ABB7EECA0B84ED780AB0EE480BFEF718
:10FAF00087FF9DED001AB1EE411AB7EEC11A20EE54
:10FB000001ABB0EE480BFEF7CBFE9DED011A9FED69
:10FB10002D8ADFED2D8AB7EEC11A01EE00ABB0EEF3
:10FB2000481AF0EE680AB7EECA0B84ED790AB0EE17
:10FB3000490A01F019FC84ED7C0A2068DFED230AF4
:10FB4000B0EE481A90ED2E0A30EE600AF0EE680A28
:10FB500001F00AFC84ED7B0AD4ED7C0A04F5B87050
:10FB600000E01FE0FBF790FB84ED7A0AB2EE041A86
:10FB7000FAEE040A00F0C3FC84ED7A0A94ED7E1AD2
:10FB8000D4ED7F0A94ED780A00F0B9FC84ED780A90
:10FB900094ED801AD4ED810A94ED790A00F0AFFC5F
:10FBA00084ED790A02B0BDEC068B10BD00000000A8
:10FBB000610BB6410000B44303FA8E3C94ED00247F
:10FBC0000000B443DB0F4940DB0F49C09A7954442D
:10FBD00070B52DED048B00F015FD334D286000F05D
:10FBE00001FD334E0024DFED318A9FED328A9FED17
:10FBF000329ADFED329A6860204600F0A1FC04EBF7
:10FC00008401B0EE682A05EB8101B0EE481AF0EEEF
:10FC1000490A086104EB0410318805EB800000EE0E
:10FC2000101A6030F8EE401AB0EE690AFBF724FCB7
:10FC3000641CE4B2042CDFD32248B7EE082AF2EEAB
:10FC4000011A9FED1F1AF0EE480AB3EE000AFBF707
:10FC500013FC9FED1E8A1B481B494430B0EE480A36
:10FC600000F044FC18491748091D5430B0EE480A0A
:10FC700000F03CFC96ED020AF7EE080A85ED7E0ADC
:10FC8000F1EE402AC5ED7F2A05F50075BFEE081A92
:10FC9000F1EE001AB9EE002AC5EC040ABDEC048BA3
:10FCA000BDE87040FFF77EBEF0E8002400007A4413
:10FCB0000802002400000000CDCC4C3C00A00C4603
:10FCC0006F12833A60EA0024403F01086F12033B41
:10FCD00070B514000D4606462DED028B5FD0002E48
:10FCE0005DD0002D5BD02F49B1F9022002F10A004E
:10FCF000152800D20022B1F9000000F10A03152BEB
:10FD000000D2002000EE102A00EE900ADFED261A45
:10FD1000B8EEC02AB8EEE00A9FED241A888A62EE97
:10FD2000218A20EE018AC10702D0D4ED7E8A03E049
:10FD3000810701D5D4ED7F8A410702D594ED808AF1
:10FD400003E0000701D594ED818AB0EE680A04F55E
:10FD5000DA7000F0ADFBB0EE480A04F5E27000F096
:10FD6000A7FB18EE900A12499FED120A884206DAA4
:10FD700018EE900A1049884201D284ED6E0A18EEFE
:10FD8000100A0E49884206DA18EE100A0C49884219
:10FD900001D284ED720AC6ED008A85ED008ABDECC1
:10FDA000028B70BDA8E80024A69BC43B0AD7A3BB66
:10FDB00090C2753D0000000090C275BDCCCC4C3D9A
:10FDC000CCCC4CBD40F2651002F09EFEFFF700FF68
:10FDD000284D294C2848FFF7EDFCFFF7E3FD2648A6
:10FDE000FFF77AFC95ED020AD5ED010A20EE201A04
:10FDF00020EE600A84ED7E1A84ED7F0AFFF72CFD69
:10FE0000012002F01DFC58B1022002F019FC38B1AB
:10FE1000032002F015FC18B1042002F011FC28BBED
:10FE2000002002F00DFCB8B100231A46194618460E
:10FE3000F1F75CFD11490020087011490870114963
:10FE4000087011490860114908601149087011498A
:10FE500008701149087009E0B4F95C30B4F9482021
:10FE6000B4F93410B4F92000F1F740FD022002F09B
:10FE70004BFEAFE708020024F0E80024E101002473
:10FE8000E2010024E30100248C02002490020024FB
:10FE9000D8010024D9010024DA01002410B504009F
:10FEA0002DED048B82B07CD09FED520A01A9024651
:10FEB0008DED000A8DED010A6846FFF709FF9FED01
:10FEC0004E1ADFED4E0A4E480068008800EE100A18
:10FED000B8EE400A30EE410A30EE200AFEF738FD57
:10FEE000DFED481A48499FED491AC0EE210A10EE8D
:10FEF000900A884206DD9FED460A30EEC00A20EEE9
:10FF0000010A01E020EE810AB7EEC00AB0EE408B94
:10FF1000FEF7C6FC9DED001AB7EEC11A20EE019B5C
:10FF2000B0EE480BFEF76CFD9DED011AB7EEC11A5D
:10FF300001EE409BB7EEC90B84ED780AB0EE480B9A
:10FF4000FEF75EFD9DED001AB7EEC11A20EE019B93
:10FF5000B0EE480BFEF7A4FC9DED011A2E492D488A
:10FF6000B7EEC12A02EE009BB7EEC90B84ED790A09
:10FF7000898A490402D40121417108E0417931B1F3
:10FF8000002141710179092915D0092101719DEDE7
:10FF9000000AB5EEC00AF1EE10FA0ED1B5EEC01AA5
:10FFA00000E022E0F1EE10FA07D1007900EE100A2D
:10FFB000B8EE400A03E00A21E8E79FED180A84ED55
:10FFC0007A0A94ED821AD4ED830A94ED780A00F04F
:10FFD00096FA84ED780A94ED821AD4ED830A94EDB2
:10FFE000790A00F08CFA84ED790A02B0BDEC048B3A
:10FFF00010BD0000000000000018D64500000046BB
:020000040801F1
:1000000094ED0024610BB6410000B44303FA8E3C2A
:100010000000B443D8010024A8E80024CDCC2C4132
:10002000124900EBC00010B501EB8004206860604D
:1000300003F0B8F92060E17C4A0603D521F04001C5
:10004000E174E060A06958B1804748B1E07C40F0BD
:10005000A000E074206A002806D0BDE810400047E8
:10006000E07C20F08000E07410BD00000CEB002468
:10007000F0B59BB01A49682204466846F1F74BF880
:10008000DFF860C0002002466F4600BF02EBC201ED
:1000900002EB42030CEB8101521C37F8136007EBB3
:1000A00043030D8AD2B2112A66F30B050D825E88D6
:1000B000B1F8115066F30F15A1F811501D79CB7CE2
:1000C0008861C861086265F3440343F0E103CB74BF
:1000D00048610C604C608C60CC60D7D31BB0F0BD25
:1000E000483F01080CEB002403F05CF9394D6860CF
:1000F000FFF7BEFF392002F007FD374C4FF0110823
:1001000003F050F96860002685F8008094F87702C3
:1001100020F0600084F8770206EBC60004EB800054
:10012000C17CCA074BD0078A02686B68C7F30B070C
:10013000A3EB020CBC451DD98A0603D441F0600133
:10014000C17483602978C27C01EBC101C2F3430210
:1001500004EB8101C97CC1F343018A4200D92E70AE
:1001600094F8771241F0600184F87712C06930B3D7
:10017000804724E0C76821F04001B0F811C0DB1BC4
:10018000B3EB1C1F03D241F02001C17417E00B0632
:10019000C17402D541F0200101E021F02001C174B9
:1001A00041688A420BD9511A00EE101ADFED0B0A92
:1001B000B8EE401A80EE810A10EE101A4161761CEA
:1001C000112EA9DB0A2002F09FFC002002F072FB36
:1001D000A86095E7140200240CEB002400007A4488
:1001E0008169826A00EE101A00EE902A20EE200A41
:1001F000B5EEC00AF1EE10FA4ADD00EE101AB5EEC7
:10020000C00AF1EE10FA00EE101A01DCB1EE400A5D
:10021000436D00EE903AB4EEE00AF1EE10FA37D9F1
:1002200001EE101A026D00EE903A00EE102AB5EEC3
:10023000C01AF1EE10FA70EE200A00EE101A01DC7E
:10024000B1EE400AF4EEC00AF1EE10FA1EDB00EE49
:10025000101A00EE902AB5EEC00AF1EE10FA00EE88
:10026000101A01DCB1EE400A01EE103A70EEC00A3D
:1002700000EE102A016B30EE811AC1EE000A00EE8A
:10028000101A20EE800A10EE101A00E0002101631F
:100290007047000070B5D0F8945000F16203B0F8D8
:1002A000602004460169D0F89000C5B1022A36D911
:1002B00000EE101AF1EE400A00EE100A1846FAF7A6
:1002C00003FCD4F89410E06800EE900A896801EE0F
:1002D000101A70EE810A00BF20EE200A1BE0022AED
:1002E0000CD900EE101AF1EE400A00EE100A184682
:1002F000FAF7EAFBE06800EE900AEDE7626900EECB
:10030000101A01EE102AE36800EE900A31EE401A4E
:1003100000EE103A14E010EE100AE06270BDAB6817
:10032000E268656900EE101A01EE102A01EE903ABB
:1003300002EE105A00EE900A31EE211A32EE400A17
:1003400021EE001A81EE200AE5E730B5426A816AA3
:1003500001EE102A00EE901AC46A0022036B31EEFF
:10036000202A00EE104A01EE903A056C32EE000AA7
:1003700070EEA10A01EE105AB5EEC00AF1EE10FAC5
:10038000F1EE401A30FE210AB4EEC10AF1EE10FA85
:100390000CDD836900EE101A01EE103A21EE000A1E
:1003A000B5EEC00AF1EE10FA00DD0263416C00EE1A
:1003B000101AB4EEE00AF1EE10FA01D20263816283
:1003C00000EE101AB1EE400AB4EEE00AF1EE10FAB7
:1003D00007DD00EE101A0263B1EE400A10EE101AAB
:1003E000816230BD10B5016CDFED250A00EE101AF8
:1003F000426B60EE200A00EE102AB4EEE00AF1EE45
:1004000010FA3BD301681F4B00EE101AB0EEC00A81
:1004100010EE102A9A4231DB026900EE101A00EE4B
:10042000902A194A30EE600AF0EEC00A00EE101A67
:10043000B0EEC00A80EE801A11EE101A91420BDD68
:10044000D0F89910D0F89D20491C40F8991F42F12E
:1004500000024260993804E00021C0F89910C0F809
:100460009D104FF4FA73D0F899400021D0F89D20E8
:100470001B1B914102D2012180F8A11010BD000088
:100480006F12833A17B7D1383333733F82B0CDE957
:10049000000121F0004001909DED000B02B051ECF5
:1004A000100B7047B0EEC00A7047B0EEC00A70473C
:1004B00010EE101A016000EE101A8268C16801EE99
:1004C000102A00EE901A436831EE202A31EE203ACD
:1004D00001EE903AC1EE022A80EE831A62EEA10A82
:1004E00041EE000A10EE901A4160704710EE102A9B
:1004F0000023C26009688160036043607047B4EE06
:10050000E00AF1EE10FA02D2B0EE600A7047B4EEE3
:10051000C10AF1EE10FAF9DDB0EE410A7047FDEEC6
:10052000C00A10EE900A00EE900AF8EEE00A30EEF3
:10053000600A10EE101AB1F17C5F00DD401C7047BC
:1005400000F00300024900EB800001EB80007047DF
:1005500004E700244FF0000110B3012801D8012165
:1005600036E0022801D8022132E0032801D8032115
:100570002EE0042801D804212AE0052801D805210D
:1005800026E0062801D8062122E0072801D8072105
:100590001EE0082801D808211AE00C2801D80921FA
:1005A00016E0102801D80A2112E0142801D80B21E6
:1005B0000EE0182801D80C210AE0202801D80D21CE
:1005C00006E0302801D80E2102E0402800D80F2193
:1005D000084670470048704790E70024004870477D
:1005E00068E700240048704774EE00240048704714
:1005F000A4E70024004870477CE7002400487047C7
:1006000054E700240048704794ED002410B504001E
:100610002DED028BB0EE418A3BD070EEC01A84ED16
:10062000040AC4ED030A9FED1C1ADFED1C0AB0EEAC
:10063000610A00F099FED4EC021A04F12000D4ED16
:10064000090A94ED021A84ED050A42EE000A21EE31
:10065000081A21EE800A80EC030A001D94ED070AB7
:10066000FEF7F8FCD4ED080A94ED091A94ED0A0A95
:1006700004F12C0070EE810A30EE800A84ED0B0A42
:1006800094ED060AFEF7E6FC94ED0B0ABDEC028B36
:1006900010BD9FED030AF9E7DB0F4940DB0F49C0AE
:1006A0000000000000280FD09FED080A80ED040A2A
:1006B00080ED030A80ED050A80ED0A0A80ED090A43
:1006C00080ED080A80ED0B0A704700000000000072
:1006D00000280BD080ED072ADFED052AC0ED061AB1
:1006E000C0ED052AC0ED042A80EC030A7047000023
:1006F0000000000070B500285FD000295DD0002AFE
:100700005BD02E4B00252E4AB3F9044004F10A06B3
:10071000152E01D3148100E01581B3F9064004F1D0
:100720000A06152E01D3548100E05581DC7C24B1EA
:100730009FED240ADFED240A03E09FED240ADFED9C
:10074000240A82ED050AC2ED060AB2F90840B3F99F
:100750000C5000EE904A00EE105A9FED1E1AB8EEB3
:10076000E02AF8EEC01AD2ED050A22EE010A01EEE7
:10077000E00ADFED191A80ED000AB3F90E00B3F9B3
:10078000103000EE100A01EE103AD2ED060AB8EE73
:10079000C00AB8EEC12AB2F90A4020EE200A22EEC1
:1007A000202A01EE104ADFED0D0A02EE610AB8EED2
:1007B000C11A01EE200A81ED000A70BDA8E80024EC
:1007C000E001002402B5D73789CA993762BEBC3828
:1007D000CDAF6638BD3786B69A99193F9C53C93656
:1007E0002DE9F041002815462DED028B37D0002968
:1007F00035D0002D33D01C4C9FED1C8A2278072A5F
:1008000020D2DFE802F00C1F04080C111C002A465D
:10081000FFF770FF16E02A4600F0AAFA12E080ED1A
:10082000008A81ED008A0DE006460F46102001F097
:1008300007FF38B186ED008A87ED008A02E02A467C
:1008400000F026FAE1792078814207D095ED680A18
:10085000D5ED300A85ED690AC5ED310AE071BDECD0
:10086000028BBDE8F0810000E001002400000000E0
:1008700010B5040012D000F015F8094801780220E4
:1008800005290BD2DFE801F003060506060000206B
:1008900000E0012084F8A80084F8880110BD000061
:1008A000E00100242DE9F04100283ED0204802213B
:1008B000204C0025C27A012A04D0032A02D0022A41
:1008C00002D002E0217000E025706378012B00D196
:1008D0002170A378012B00D12170E378012B00D186
:1008E00025700123868A370502D56570A370E570EF
:1008F000B60501D4032A12D12170B0F908100029DD
:1009000001DD237101E000DA2571C07C10B9207986
:10091000012801D1052020706370E570A5700020CA
:1009200001F08EFE002800D02570BDE8F0810000A7
:10093000A8E80024E001002404480078012803D03E
:10094000042801D00020704701207047E0010024F6
:1009500004480078012802D008B100207047012027
:1009600070470000E001002470B52B482B4CB7EE17
:10097000002AF1EE041A2DED028B04F16405017BCF
:100980009FED278ADFED278A032928D0201D9FEDC0
:10099000261AF0EE480ABBEE040AFFF799FEDFEDD7
:1009A000231A9FED231A9FED230AB0EE682AF0EE7A
:1009B000480A2846FAF760FD94F8A800002510B30D
:1009C000164800F047F900BF94F88801F0B1BDEC7B
:1009D000028B1248BDE87040E03000F03BB9201DAA
:1009E0009FED151AF0EE480ABAEE040AFFF770FE02
:1009F000B0EE682ADFED111AB0EE481AF0EE480AA0
:100A00009FED0F0AD5E7A4F8DC50DDE7A4F8BC5150
:100A1000BDEC028B70BD0000F0E8002494ED0024D2
:100A20000000000000007A440AD7233C0060EA4638
:100A3000CDCCCC3D0080BB45C976FEBE00007A46D9
:100A40000010A44670B5244C2DED028B94ED630A82
:100A5000D4F8E000BCEEC00A008810EE101A89B28B
:100A600000F0F2FC1D4DB1EE400A84ED660A95EDF2
:100A7000010A84ED680A95ED030AB1EE400A84ED9F
:100A80006A0A94ED2B0A2068BCEEC00A008810EEBA
:100A9000101A89B200F0D8FCB1EE400A84ED2E0A9B
:100AA00095ED000A84ED300A95ED018AB0EE480A12
:100AB000EFF740FDD5ED040A60EE208AB0EE480A5B
:100AC000EFF7FCFCD5ED050A40EE608AC4ED328AF2
:100AD000BDEC028B70BD000094ED00248CF300246B
:100AE0002DE9F0412DED048BFFF788FD494C206086
:100AF000FFF774FD00219FED480AF1EE040AB9EEFC
:100B0000041ADFED461A9FED462ADFED462AC4F8A7
:100B1000E00004F5C67084F8A91084F8A81084F8E1
:100B2000891184F88811C0EC031AE038B7EE002A66
:100B3000F1EE041A80EC030A9FED3B1A9FED3B9AFD
:100B4000201DBBEE040AF0EE490AFFF7C1FD9FED40
:100B5000388ADFED388A04F16400B0EE482AF0EEFE
:100B6000681A9FED351AF0EE490A9FED340A0746E0
:100B7000FAF782FC04F1E400B0EE482AF3EE0E1A14
:100B80009FED2F1ADFED2F0A9FED2F0A0646FFF784
:100B90009FFD04F5A270B0EE682AF0EE481A9FEDB2
:100BA0002B1AF2EE0E0A9FED2A0A0546FAF764FCAC
:100BB000201DFFF777FD04F13400FFF773FD384681
:100BC000FAF73AFC3046FFF76DFD04F58A70FFF73F
:100BD00069FD2846FAF730FCFFF734FF94ED300A40
:100BE00084ED310A94ED2E0A84ED2F0A94ED320A39
:100BF00084ED330A94ED680A84ED690A94ED660A7F
:100C000084ED670A94ED6A0A84ED6B0ABDEC048BEF
:100C1000BDE8F08194ED00249A7954440030C04539
:100C200096430B3FFA7EAABE0AD7233C0000000081
:100C300000007A440060EA46CDCCCC3D0080BB4544
:100C40001F852B3FACC527379A99A541CDCC4C3E8B
:100C500000C0DA4510B5040018D004F1C00090ECD3
:100C6000030A201DFFF7D2FCF0EE400A84ED330AA0
:100C700094ED320A04F16400FAF706FBFDEEC00AB7
:100C800084ED360A10EE900AA4F8DC0010BD0000D6
:100C90002DE9F04105000C464ED0002C4CD0002A26
:100CA0004AD0102001F0CCFC28B19FED2A0A85ED36
:100CB000000A84ED000A284900222848B1F90630CC
:100CC00003F10A05152D01D3038200E002820123FE
:100CD000B1F90E50B1F9107001EE105A01EE907A90
:100CE000DFED1F0AB8EEC11AF8EEE13AB0F9106074
:100CF0009FED1C3A21EE201A63EEA00A02EE106A64
:100D0000DFED192A9FED190A00EEC31AF8EEC21A98
:100D100001EEA21A84ED001A8D8AED0401D443710C
:100D200006E0457925B171EE000A4271C4ED000A72
:100D3000898A890402D48371BDE8F0818179002910
:100D4000FAD08271D4ED000A30EEC00A84ED000AB8
:100D5000F2E7000000000000A8E80024E001002401
:100D6000CDAF66389A99193F9C53C936C3B8B23D86
:100D700070B5002844D0002942D0002A40D0214B31
:100D80000024214AB3F9045005F10A06152E01D3B7
:100D9000958100E09481B3F9065005F10A06152EFD
:100DA00001D3D58100E0D481B2F90C40B3F90C50E5
:100DB00000EE104ADFED150A9FED152AF8EEC02A65
:100DC00000EE105ADFED131A9FED131A62EEA00A1F
:100DD000B8EEC00A40EE420AC0ED000AB2F90E00B9
:100DE000B3F90E2000EE100AF8EEC00A00EE102A49
:100DF00060EEA10AB8EEC00A40EE010AC1ED000A99
:100E000070BD0000A8E80024E0010024BD3786B6CC
:100E100062BEBC389C53C936CDAF66381CB521487C
:100E20009FED1E0A1E4C8DED000A8DED010A007823
:100E300005282CD001A922466846FFF7D1FC94ED85
:100E4000310ADDED000A9FED181A30EE200A84ED1C
:100E5000310A9DED010AD4ED690AE03430EE800AD2
:100E6000DFED120A00F080FA84ED310AD4ED2C0A8D
:100E7000B4EEE00AF1EE10FA06DCD4ED2D0AB4EE81
:100E8000E00AF1EE10FA01D2C4ED310A1CBDF0EE19
:100E9000400AC4ED310A84ED690A1CBD000000005F
:100EA00094ED0024E0010024DB0F4940DB0F49C032
:100EB000C9202DED028B01F027FEFFF711FE30480F
:100EC000FDF7CAF92E48001DFDF7C6F92C4D2D4C33
:100ED000C03D04E0012001F017FEFFF7B3FD05203F
:100EE00001F0AEFB0028F5D1062001F0A9FB002897
:100EF000F0D19FED258A2248C038FFF7B9FCFFF7F3
:100F0000A1FDFFF78BFFFFF72FFDB5F8DC00404296
:100F10002080B5F9BC01404200EE100AB8EEC00ACC
:100F200030EE080ABDEEC00A10EE100A60800520FF
:100F300001F086FB18B1062001F082FBB0B9002059
:100F400001F07EFB60B100210846F0F729FD95ED28
:100F5000680A85ED690A95ED300A85ED310A05E0EC
:100F6000B4F90210B4F90000F0F71AFD00F0BEFF6A
:100F7000064801F029FC012001F0C6FDBBE7000096
:100F800054EE00242002002400007AC5D04300243F
:100F900070B5134E5FF0000505EB450000EBC50092
:100FA00006EB00142046D4ED260A94ED250AFAF744
:100FB0006BF9F0EE400A84ED290A94ED280A04F159
:100FC0004400FAF761F9FDEEC00A6D1C84ED2A0AAF
:100FD00010EE900A042DA4F8AC00DDDB70BD00001B
:100FE00054EF002410B501242DED048B0521E0B24F
:100FF00001F002FB012000F041FA641C052CF5DB36
:10100000504CB0EE000ADFED500A504B5FF000008C
:1010100004EB001200EB400192ED011A01EBC0015C
:10102000401C21EE001A03EB0111042821EE201AC6
:1010300081ED251A81ED271A81ED261A92ED021A0B
:1010400021EE001A21EE201A81ED281AE0DB3F483C
:101050009FED3F8ADFED3F8AB2EE040AB0EE482AE8
:10106000F0EE481AB0EE681AF0EE680AFAF704FAE1
:101070009FED399ADFED399A3448B0EE482A443072
:10108000F0EE491AB0EE681AF0EE690AB3EE040AFF
:10109000FAF7F2F92D48B0EE482AB030F0EE481ACF
:1010A000B0EE681AF0EE680AB2EE040AFAF7E4F954
:1010B0002648B0EE482AF430F0EE491AB0EE681A2D
:1010C000F0EE690AB3EE040AFAF7D6F92448B0EE56
:1010D000482AF0EE481AB0EE681AF0EE680AB2EE4E
:1010E000040AFAF7C9F91E48B0EE482A4430F0EE77
:1010F000491AB0EE681AF0EE690AB3EE040AFAF77C
:10110000BBF91748B0EE482AB030F0EE481AB0EEFE
:10111000681AF0EE680AB2EE040AFAF7ADF9B0EE1A
:10112000482AF0EE491AB0EE681AF0EE690ABDECF2
:10113000048BB3EE040A0A48BDE81040F430FAF715
:101140009BB9000068E80024DB0F494054EF0024FD
:101150000000C8420000000000002042CDCCCC3D81
:10116000B4F000241B4B70B51B4A0024B3F90450A3
:1011700005F10A06152E01D3158000E01480B3F99D
:10118000063003F10A05152D01D3538000E0548089
:10119000B2F90030DFED110A01EE103A92ED010ACA
:1011A000B8EEC11A01EE200A82ED010AB2F902304E
:1011B00092ED021A01EE903AF8EEE11A01EEA01A51
:1011C00082ED021A80ED000A92ED020A81ED000A1A
:1011D00070BD0000A8E8002424020024BD37863634
:1011E0001CB59FED160A01A968468DED000A8DED2C
:1011F000010AFFF7B7FF1248C07A02281CD1114834
:101200009DED000AD0ED270A70EE800AC0ED260A97
:10121000D0ED530A30EEC00A80ED520AD0ED7F0ABD
:101220009DED010A70EE800AC0ED7E0AD0EDAB0A9A
:1012300030EEC00A80EDAA0A1CBD000000000000CC
:10124000A8E8002454EF00242DED028B40F2651035
:1012500001F05AFCFFF7C6FE334F344C354D364E85
:10126000DFED338AB0EE008AF87A022830D0002011
:1012700084F8880084F8380184F8E80184F898023A
:101280005FF0000005EB001100EB400291ED010A58
:1012900002EBC002401C20EE080A04EB02120428F4
:1012A00020EE280A82ED250A91ED020A20EE080AB6
:1012B00020EE280A82ED280AE4DBFFF791FFFFF712
:1012C00067FE002001F0BCF920B1F9F760F826E0D4
:1012D0000120CDE795ED010AFFF7E4F810EE100AC2
:1012E000B0421ADA95ED050AFFF7DCF810EE100AA5
:1012F000B04212DA95ED090AFFF7D4F810EE100AA1
:10130000B0420ADA95ED0D0AFFF7CCF810EE100A9C
:10131000B04202DAF9F736F801E0F9F73DF80220B9
:1013200001F0F2FBA0E70000A8E8002454EF00243D
:10133000DB0F494068E800240000404010EE100A2E
:101340000849F6EE000AB7EE081A60EE200AA1EB93
:10135000600000EE100A60EE800A00EEC01A21EE76
:10136000000A7047865A375F10B52DED028BB0EE3C
:10137000608AB4EEC81AF1EE10FA10D371EE488A02
:1013800030EE480AF0EE680AFDF7E2FAB5EEC00A60
:10139000F1EE10FA01D230EE280A30EE080ABDEC68
:1013A000028B10BDF3F736FAFAF752FAF9F74CF957
:1013B000F8F7F8FFF9F754F8F9F788F8F9F7C2F8F1
:1013C000F9F7ACF9F9F7DCF9F9F780FAF9F7B4FABB
:1013D000F9F71AFBF9F7E4FAF9F73EFAF9F702FA26
:1013E0004FF4F070F0F74EFEFEF712F90F49192294
:1013F0000F4801F063F90F494FF480720E4801F075
:101400005DF90E4880220E49007800EB801001EB58
:1014100040010C4801F052F900F014FD00F03CF8D6
:10142000F9F7CCF800F04AF8FEE7000080F7002456
:101430003C43002499F70024D04300247D0300247A
:101440009AF80024F8440024401AB0F5805F03DDC8
:10145000A0F5F850FF3805E010F5805F02DA41F69C
:10146000FF71084400EE100ADFED030AB8EEC00A6F
:1014700020EE200A70470000DB0F493A10B5EFF369
:10148000058111B16FF0050404E04FF0000408B1CC
:1014900001F03AFB204610BDEFF3058010B16FF06C
:1014A000050070470449086810B14FF0FF307047DD
:1014B00001220A6000207047F800002410B5EFF305
:1014C000058010B16FF0050010BD084801680129C2
:1014D00002D04FF0FF3010BD054A002182F8141DE4
:1014E0000221016001F078FB002010BDF80000240B
:1014F0000BE000E02DE9FF414FEA01034FF000054A
:10150000EFF30581039561BB58B34FF080064FF0B0
:1015100018014FF000044AB3176807B13C469769B9
:101520001FB139467F1E382F02D21779FF0703D02B
:10153000002004B0BDE8F081576907B1BE08D2F8B9
:1015400008C0BCF1000F0DD0D5685C2D18D312690E
:101550003AB137B18DE806103246214601F0E9FE76
:1015600003900DE0D7685FB912694AB903AACDE9C3
:101570000012B2B2214601F0AFFE012800D003955F
:101580000398D6E72DE9F041154C0F46054600209B
:10159000E668216881F85A002068001D01F077F99B
:1015A000681C07D137B12168BDE8F0410D48091D1D
:1015B00001F0C6B920683544B5424560216805D2BE
:1015C000A06B091DBDE8F04101F0A2B9606B091DD7
:1015D00001F09EF9A06A854200D2A562BDE8F081C3
:1015E000A8000024F06900242DE9F041054601F02F
:1015F000B3F92D4C2D4FA068401CA060206810B19D
:10160000606930B32BE02560A068012827D100264F
:1016100006EB860007EB800001F06CF9761C382E93
:10162000F6D3234801F066F92148143001F062F93D
:101630001F48283001F05EF91D483C3001F05AF98E
:101640001B48503001F056F9194860631430A0630C
:1016500005E0E86A2168C96A814200D82560606AAD
:10166000401C60626864E86A2169884200D9206190
:1016700000EB8000291D07EB800001F061F901F00B
:101680008BF9606900280CD02068E96AC06A88423A
:1016900007D208494FF080500860BFF34F8FBFF367
:1016A0006F8FBDE8F0810000A80000244065002491
:1016B000A069002404ED00E038B501F04DF9104CAC
:1016C0002068C8B90F4801F015F90E48143001F030
:1016D00011F90C490020E16014312161A1F58273F8
:1016E0000090A1F1B40210210A2001F083FB2060D8
:1016F00010B105A101F0D2F9BDE8384001F04CB9B4
:10170000E4000024F46A0024546D725100000000CB
:1017100030B4026C0B46002A0BD0D0E902411144D0
:10172000C160A14201D30168C160184630BCEFF727
:10173000ADBC30BC70472DE9F041856B1746026C9B
:101740000446002682B1C7B1E068EFF79FFCE1686C
:10175000206C2268091AE160914202D2A168081A3D
:10176000E060022F16D017E02068A8B9A06801F049
:1017700083FE06460020A0600EE06068EFF786FC5E
:10178000D4E90101226C10446060884204D32068CF
:10179000606001E005B16D1E6D1CA5633046BDE8BB
:1017A000F08110B5044690F8590058B101280CD0CA
:1017B00002280FD0502080F31188BFF34F8FBFF362
:1017C0006F8FFEE7206B01F0FBF82046BDE810406C
:1017D00001F0F6B810BD0000104847F2305110B5C6
:1017E000420705D00D4AC01D20F00700821A891A51
:1017F0000B4C002301440839A4F1180221F0070121
:10180000C4E900030C1A11604B600B60C0E90014BE
:1018100094604FF000415460516110BDD4710024B8
:1018200014010024144E4FF08058144CDFF85090EF
:10183000A6F29C4712E000BF01F08EF8F068C56880
:10184000281D01F024F8A068401EA0606068401EBA
:10185000606001F0A1F82846FFF7A3FF6068002848
:10186000EAD138680128F9D9C9F80080BFF34F8F51
:10187000BFF36F8FF2E70000DC690024A8000024AA
:1018800004ED00E070B51D46049C51B1C4F8002081
:10189000C4E90F010121204601F0E0FA84F84C5020
:1018A00070BD2460F4E72DE9F05F88469A46910008
:1018B0001546DDE90B940A9EA5228346206BEFF7BF
:1018C0005CFC206B6FF0030101EB8501084420F004
:1018D0000707780707D0502080F31188BFF34F8F98
:1018E000BFF36F8FFEE7B8F1000F4FF000050ED089
:1018F0000020221818F8001082F8341018F8001090
:1019000011B1401C1028F4D384F8435001E084F84E
:101910003450382E00D33726E662201DC4E9136503
:1019200000F0F3FF04F1180000F0EFFF6565C6F169
:101930003800A06184F85850524684F85A505946ED
:1019400024613846646200F065FAB9F1000F206046
:1019500001D0C9F80040BDE8F09F000030B5114942
:1019600000E011460A688242FBD34B685C1884424F
:1019700003D14468084623444B6043681D189542D0
:1019800009D1084C183C2468A24209D052681A4474
:1019900042600A6812680260814200D0086030BD6F
:1019A0000460F9E71401002470B50D4D91424160C7
:1019B0004FF00004006106D88169D21A8A4206D22B
:1019C000011D286907E09A4203D2994201D30124FC
:1019D00003E0011DE86800F09BFF204670BD000099
:1019E000E400002410B5044600F0B6FFA06B28B157
:1019F0005FF0000400F0D0FF204610BD0124F9E79D
:101A000030B53C4D89B06BE00498002806DA059AA1
:101A1000DDE9060190470498002861DB069C6069B7
:101A200010B1201D00F033FF03A800F0D5F80246E6
:101A300004980A2854D2DFE800F00505052D304748
:101A400005052D3094F8280040F0010084F82800A6
:101A5000A06905990B4601442046FFF7A5FF50B346
:101A6000216A2046884794F82800400738D500208E
:101A7000009005980023A16942181946204601F0FC
:101A800003FEC0B9502080F31188BFF34F8FBFF31E
:101A90006F8FFEE794F828001EE094F8280040F0CD
:101AA000010084F828000598A06128B18118134628
:101AB0002046FFF779FF13E0502080F31188BFF331
:101AC0004F8FBFF36F8FFEE794F82800810703D490
:101AD000204600F075FF03E020F0010084F82800A4
:101AE0002868002204A901F013FB00288CD109B05A
:101AF00030BD0000E40000242DE9FC410F460546FE
:101B000001F0AEF801A800F067F80446019818B19A
:101B100001F028FDBDE8FC81254EAFB130690068B9
:101B2000D0B300273068291B3A4600F0CBFF01F004
:101B300019FD0028EED11F494FF080500860BFF317
:101B40004F8FBFF36F8FE5E7A542EBD801F00AFD99
:101B5000F0682746C068C468201D00F098FE94F81D
:101B60002800410719D5A0692B463A46411920465D
:101B7000FFF71AFFA8B100202A460346014600904D
:101B8000204601F081FD60B9502080F31188BFF339
:101B90004F8FBFF36F8FFEE707E020F0010084F85E
:101BA0002800216A20468847B4E70127BAE70000E9
:101BB000E400002404ED00E00648416B096829B107
:101BC000416BC968C9684968816270474FF0FF314D
:101BD000FAE70000A800002470B5054601F0E2FB1A
:101BE000064E0446B068844203D200F009F8012092
:101BF00000E0002028602046B46070BDE4000024AE
:101C0000F8B5194D20E0C068C4680668201D00F0D2
:101C10003EFE216A2046884794F82800400713D5E5
:101C2000A0693044B04206D92461211D6060E86893
:101C300000F06EFE08E000203246034601460090A8
:101C4000204601F021FD38B1E86801680029DAD1A9
:101C50002969C5E90310F8BD502080F31188BFF34E
:101C60004F8FBFF36F8FFEE7E4000024002101E0F7
:101C7000401C491C0278A52AFAD0C1F38F00704796
:101C800008484068401C4FF0500080F3118804D091
:101C9000BFF34F8FBFF36F8FFEE7BFF34F8FBFF3DD
:101CA0006F8FFEE71C010024074CE068016841B11A
:101CB000C0680021D0F80000FFF71EFFFFF7A0FE6C
:101CC000F3E701210020F7E7E40000242DE9F041CB
:101CD000044600F041FE94F9455004F1240609E061
:101CE000606A48B1304601F005FC08B100F03AFFE7
:101CF0006D1E6DB2002DF3DC4FF0FF3684F84560A9
:101D000000F04AFE00F028FE94F9445004F1100758
:101D100009E0206948B1384601F0ECFB08B100F059
:101D200021FF6D1E6DB2002DF3DC84F84460BDE828
:101D3000F04100F031BE00002DE9F04100270446DB
:101D400000F08EFF324E306808B9FFF745FD70692C
:101D500004424ED1C4B3083460070ED004F007002B
:101D6000C0F108000444600707D0502080F31188B8
:101D7000BFF34F8FBFF36F8FFEE72CB370688442C1
:101D800037D82348183001460D6801E028460D4633
:101D90006968A14202D229680029F7D131688D42D1
:101DA00027D007682968016008376868011B102977
:101DB0000FD92819420708D0502080F31188BFF3AB
:101DC0004F8FBFF36F8FFEE713E041606C60FFF74A
:101DD000C5FD69687068401A7060B268904200D2B0
:101DE000B060002072691143C5E90001F068401C31
:101DF000F06001F0B7FB780707D0502080F311881E
:101E0000BFF34F8FBFF36F8FFEE73846BDE8F08119
:101E1000FC00002470B5041F094E231F4FF080758D
:101E200021F0010125601C1F1960A0F120010B1F8A
:101E3000266044380A606FF002051D6070BD000026
:101E4000811C01080148FDF707BC0000511E010874
:101E5000F0B4002846D024490288C2F30A020A805E
:101E60004378A2F580628478DB0843EA4413C3F325
:101E70000A034B808478A3F58063C5780679A409AA
:101E800044EA850444EA8624C4F30A048C80057974
:101E9000A4F5806446796D0845EAC615C5F30A05C0
:101EA000CD804679A5F58065C6F301168E72467918
:101EB000B609CE72C6888E810689CE8146890E8289
:101EC000067B8E74467BCE74C6898E82008A0A8019
:101ED0004B80A0F580608C80CD8008810020F0BC14
:101EE000FEF79EB8F0BC7047A8E8002430B5C1B03A
:101EF000184B472256208DF8002001218DF8010053
:101F0000002413488DF802102A210568CDF80350EB
:101F10004568CDF807508568CDF80B50C068CDF8FE
:101F20000F001868CDF813002068CDF817005B6823
:101F3000CDF81B30CDF81F00CDF823002088ADF878
:101F4000270068468DF82920EFF7BCFD41B030BD71
:101F5000C0F200248CF3002409489FED0A1A0A49B4
:101F6000D0ED150A90ED160A70EEC10A30EE600A47
:101F700080ED160A91ED010A81ED000A704700001C
:101F8000B0F300240080A244DC02002470B5524D5E
:101F90009FED520A524C287840B1012813D00228F4
:101FA0009FED500A47D003284CD04DE0DFED4E0A9C
:101FB00085ED140A85ED420A85ED2C0AC5ED320A3D
:101FC000C5ED1C0A40E085ED140A95ED2B0AB5EE2F
:101FD000C00AF1EE10FA05DD9FED440A85ED320AE4
:101FE00085ED1C0A424901220020898ACB0401D4D4
:101FF000626205E0636A1BB1E36A0A33E36260620E
:10200000090501D4A26205E0A16A19B1E16A0A39A1
:10201000C4E90A01E06A00EE100A00F56171484265
:10202000F8EEC00A00EE100AB8EEC00A85ED420ACA
:10203000C5ED2C0A08E0206B20B1FFF78DFF00F002
:102040000BFB01E085ED140A6868234E90ED040A4D
:10205000083685ED150A216B71B190ED040A204810
:10206000D5ED160A7C30F9F70FF91D4895ED130AE6
:102070007C30D0ED070A03E0D5ED140A95ED130A84
:102080003046F9F701F995ED090ABDEEC00A10EEE8
:10209000100AA5F85C001048D5ED420ABC3095ED59
:1020A000410AF9F7F1F895ED360ABDEEC00A10EED7
:1020B000100AA5F80C010848D5ED2C0A643095EDFE
:1020C0002B0AF9F7E1F895ED200ABDEEC00A10EEF3
:1020D000100AA5F8B40070BDB0F3002400000000A1
:1020E000780200240000614400007A4400C0DA4510
:1020F000A8E800242C4800212C4B4268B2F90220A9
:1021000000EE102AB8EEC00A80ED130AD0F8B8200D
:10211000B2F9022000EE102AB8EEC00A80ED410AA2
:10212000026EB2F9022000EE102AB8EEC00A80ED6D
:102130002B0A90F8682180F86A2190F8692180F8CC
:102140006B219A7C80F86821DB7C80F869313AB198
:10215000B0F86C21642A05D2521CA0F86C2101E071
:10216000A0F86C113BB1B0F86E21642A05D2521C64
:10217000A0F86E2101E0A0F86E1103780C4A022B42
:1021800003D0936C012B02D006E001239364B0F8D6
:1021900070315B1CA0F87031136C012B02D191647B
:1021A000A0F8701170470000B0F30024A8E80024E4
:1021B0007802002470B534490025324C01202DED01
:1021C000048B0D632070FEF715FA6060FEF702FACB
:1021D000C4F8B800FEF70AFADFED2C8A9FED2E8ACC
:1021E000DFED2B1AB0EE682A9FED2A1AF0EE480AAE
:1021F000B3EE030A206604F10800F9F73DF99FEDFC
:10220000279AB0EE682AB0EE481AF0EE491AF0EEBE
:10221000480AB3EE0E0A04F1BC00F9F72DF9B0EE4E
:10222000682AF0EE491AB0EE481AF0EE480AB3EE0A
:102230000E0A04F16400F9F71FF9FFF75BFF84F859
:102240005E50606890ED040A84ED150AA4F85C50B5
:1022500084ED160A84ED138A84ED148A84ED408A95
:1022600084ED418A84ED428AA4F80C5184ED2A8AD7
:1022700084ED2B8A84ED2C8AA4F8B450BDEC048B39
:1022800070BD0000B0F30024780200240080BB453C
:1022900000701446CDCCCC3D0000000000C0DA45F3
:1022A0002DE9F05F754D0126754C002704F174018E
:1022B000B5F878016064486095ED160AD5ED150A09
:1022C00030EE600AB0EEC00A10EE100AB0F1824F94
:1022D00001DC266400E027640F2000F0B1F9DFF88C
:1022E000A4914FF4C87B4FF002084FF0030A08BBDB
:1022F000B5F87801B5F87611283088421AD92878CF
:1023000002280AD0032808D0012806D0E06B30B19B
:1023100099F80A0001280FD001E02E70E763B9F8A0
:102320001400C20612D499F80A1003290ED002290B
:1023300031D057E0E663EBE785F80080206B48B3C7
:10234000206938BBFFF708FE26614CE02E7027613C
:1023500095F8682112B9810400D4E661B5F86C11D2
:10236000642903D0B5F87011594504D1E16B11B15E
:1023700085F800A027700AB9800433D5E06980B3DE
:10238000E06B70B3206C60B3E76185F80080FFF705
:10239000E3FD266227E02F706169012923D12E70A9
:1023A00095F8681119B9800401D4E6610BE0E06981
:1023B00048B1E06B38B1206C28B1E76185F8008046
:1023C000FFF7CAFD2662B5F86C01642803D0B5F8A2
:1023D0007001584506D1E06B18B185F800A0277050
:1023E00001E0FFE72E70264895ED160A643080ED77
:1023F000010A99F81400C00602D4606901281DD1B1
:102400002E70C4E9056795F8680150B1E06B40B1E2
:1024100085F80080206B20B1206910B9FFF79CFD82
:102420002661B5F86C01642803D0B5F870015845F1
:1024300004D1E06B10B185F800A027704E46B9F8C2
:102440001400010501D56761A761810605D5400427
:1024500003D59FED0D0A85ED160AFEF779FA00B156
:102460002F70A068E060B08AC10603D4C00401D513
:10247000012000E00020A060BDE8F09FB0F3002440
:1024800078020024A8E80024C091743F4FF49670AD
:1024900000F03AFBFFF78EFE444E4FF4805B444C55
:1024A0004FF47A7AA6F16C0505F1540705F15C0842
:1024B00005F14C09FFF7F4FEFFF71CFEFFF766FD80
:1024C000B4F80C0159466880B4F8B400A880B4F898
:1024D0005C00E8803748F2F785F938B1002068637E
:1024E000B4F87001504503D3012002E00120F6E763
:1024F0000020A86394ED410A0820B1EE400A86ED61
:10250000000A94ED2B0A86ED010A00F099F818B93B
:10251000092000F095F810B1B5F9060008E0002098
:1025200000F08EF858B100210846EFF711FA0020AC
:10253000EFF778FA94ED150A84ED160A09E0B5F97B
:102540000410B5F90200EFF703FAB5F90600EFF74A
:1025500069FA002000F074F850B100210846EFF746
:10256000F7F90020EFF75EFA94ED150A84ED160AEC
:1025700094ED410A052087ED000A94ED2B0AB1EE97
:10258000400A87ED010A94ED420A88ED000A94EDB5
:102590002C0A88ED010A94ED160A89ED000A94EDE3
:1025A000150A89ED010A00F0AFFA83E7E40200247E
:1025B000B0F300240004025810B500EE100A2DED0F
:1025C000028BB1EEC08A18EE100A20F00040C0F174
:1025D000FF40C00F0AD010EE100A20F00040C0F1FA
:1025E000FF40C00F04BF0120EEF79AFE18EE100A5C
:1025F000BDEC028B10BD000070B50F4D4FF0804454
:102600000C4A002340F40040A5F803109360C2E98F
:1026100000040520FDF79EFFD0606000C2E90403BE
:102620009361D36113622A46BDE8704001490348B3
:10263000F1F706B944E80024FC010024044000241A
:10264000044900EBC00001EB8000C07CC0F34010E7
:10265000704700000CEB0024164810B501464FF4FB
:10266000C87491ED140AB0F87211A14203D3B1EE0F
:10267000400A80ED140A90ED130A0022B0EEC00A61
:1026800010EE103AB3F17E5F07DAA14205D2491C81
:10269000A0F87211A0F8742110BDA14207D1B0F8C2
:1026A0007411962903D2491CA0F8741110BDA0F82A
:1026B000722110BDB0F30024F6F724B870B51546AA
:1026C0000E460446F5F7A2FB2A4631462046F5F7AA
:1026D00088FA08B1002070BDD4F880002449006851
:1026E00088423AD022491831884236D020493031C8
:1026F000884232D01E49483188422ED01C49603170
:1027000088422AD01A497831884226D01849903117
:10271000884222D01649A83188421ED015498842E5
:102720001BD014491831884217D0124930318842E1
:1027300013D01049483188420FD00E496031884289
:102740000BD00C497831884207D00A499031884231
:1027500003D00849A831884203D1016821F008015B
:1027600002E0016821F004010160012070BD000059
:10277000100002401004024010B50F4C0368A34241
:1027800001D10E4C0AE00E4CA34202D10B4C641C4A
:1027900004E00C4CA3420DD1084CA41C54B1237886
:1027A00043B100232370F5F7ADFF00284FF001007F
:1027B00001D02070002010BD004400407A030024A6
:1027C00000780040001C0140F0B41E4C00211C4A5F
:1027D0000B46A2F12807667818E057F823404D1CF5
:1027E00094F800C002F801C0E9B294F801C04D1C91
:1027F00002F801C0E9B294F802C04D1C02F801C011
:10280000E9B2E4784D1C5B1C5454E9B2B342E4DBFA
:1028100000234C1C5354E1B24D1C80245354E9B2A4
:102820004D1C7F235454E9B24C1C53545FFA84F27C
:10283000D0F888102029FBD1F0BC0149FFF79CBFDC
:1028400054F50024780300240278562A1CD14278DB
:10285000472A19D1C27E562A16D182788A70D0F8BA
:1028600003204A60D0F807208A60D0F80B20CA60A5
:10287000D0F80F200A61D0F813204A61D0F8170071
:1028800088611020FDF7CCBB7047FFF755BAD0E93F
:10289000013201699A60D0E901235A604A68824294
:1028A00001D182684A60002202610868401E086007
:1028B0000868704708B902480068006BFFF7D6B98E
:1028C000A800002410B5044C8023046004F15C00CF
:1028D0000860136010BD00001C6B002410B5044C90
:1028E0004FF48073046004F15C000860136010BD55
:1028F000786D00244FF0FF3300F108010022C0E999
:1029000001130260C16001617047002101617047DD
:1029100030B50B685A1C02D000F1080202E00269CF
:1029200004E02246546825689D42FAD953684B60FA
:1029300099608A60516008610168491C016030BD7E
:1029400042684A6093688B6093685960916008613F
:102950000168491C01607047502080F31188BFF363
:102960004F8FBFF36F8F0A494868401C48600128A9
:102970000CD10848006810F0FF0F07D0502080F3FA
:102980001188BFF34F8FBFF36F8FFEE770470000D2
:102990001C01002404ED00E00849486828B1401EED
:1029A000486001D180F311887047502080F311886E
:1029B000BFF34F8FBFF36F8FFEE700001C010024B1
:1029C00070B500282AD0164DA0F108046168686926
:1029D000014207D1502080F31188BFF34F8FBFF31E
:1029E0006F8FFEE722683AB1502080F31188BFF361
:1029F0004F8FBFF36F8FFEE78143616000F030F9C6
:102A000060686968084468602046FEF7A7FF286987
:102A1000401C2861BDE8704000F0A4BD70BD0000FE
:102A2000FC0000244FF0E020002101614FF47A7295
:102A30008161072303490968B1FBF2F1491E416135
:102A400003617047A000002410B5EDF70FFD114998
:102A500010280ED300F1E0200A7890F8F00390429D
:102A600007D2502080F31188BFF34F8FBFF36F8FD1
:102A7000FEE709488968006800F4E060884207D9E9
:102A8000502080F31188BFF34F8FBFF36F8FFEE7A5
:102A900010BD00001C0100240CED00E0084B5FF0AD
:102AA000000210B553F832401CB1521C082AF9D369
:102AB00010BD03EBC20443F83210606010BD00008B
:102AC0000065002470B515460E460446FFF744FF26
:102AD00094F944100020491C01D184F8440094F971
:102AE0004510491C01D184F84500FFF755FFA06B44
:102AF00028B904F124002A46314600F051F8204656
:102B0000BDE87040FFF7E2B8020010B514D00F48DE
:102B1000006B38B1502080F31188BFF34F8FBFF3A3
:102B20006F8FFEE700F09CF800211046FEF72AFDAB
:102B300000F018FD002807D105494FF080500860CB
:102B4000BFF34F8FBFF36F8F10BD0000A8000024AC
:102B500004ED00E002490A6A0260C96841607047FA
:102B6000A800002401490120C8617047A800002482
:102B700010B50C4650B1094909681831FFF7C8FE75
:102B80002046BDE810400121FEF7FCBC502080F338
:102B90001188BFF34F8FBFF36F8FFEE7A8000024AB
:102BA00070B514460D4668B10A4909681831FFF737
:102BB000C7FE0CB14FF0FF3521462846BDE87040F6
:102BC000FEF7E0BC502080F31188BFF34F8FBFF3B6
:102BD0006F8FFEE7A800002430B587B0002405AA57
:102BE00004A9039403A80494FFF76CFEDDE9030134
:102BF00000940023CDE90110174815A1059A00F0B3
:102C000098FB164D0028E8621FD000F00DFD01284A
:102C100009D0401C19D1502080F31188BFF34F8F89
:102C2000BFF36F8FFEE7502080F31188BFF34F8F03
:102C3000BFF36F8F01214FF0FF30A8626961EC6034
:102C400007B0BDE8304000F045B807B030BD000027
:102C500049444C450000000025180108A800002444
:102C60000248016B491C016370470000A800002462
:102C7000164810B5016B11B10121C16110BD0021D1
:102C8000C161134A016901E0B9B1491E01EB810339
:102C900052F82330002BF7D001EB810302EB8302C3
:102CA00002F1080453685B685360A34201D15B687A
:102CB0005360DA680260016110BD502080F3118812
:102CC000BFF34F8FBFF36F8FFEE70000A800002413
:102CD0004065002437481CB5374902688A4207D14D
:102CE000502080F31188BFF34F8FBFF36F8FFEE743
:102CF00031490068491E884207D1502080F311886D
:102D0000BFF34F8FBFF36F8FFEE72C49FF200A7888
:102D10000192087008788DF800009DF800209DF859
:102D2000000002F0F002824207D0502080F31188A8
:102D3000BFF34F8FBFF36F8FFEE79DF80020072092
:102D40001F4C02F050022270A06005E09DF80020A8
:102D500052008DF80020401E9DF800201206F5D488
:102D60000328A06007D0502080F31188BFF34F8F55
:102D7000BFF36F8FFEE74FF44070A06001980870BA
:102D80000C482030016841F470010160016841F095
:102D900070410160FFF746FE00206060EDF72EFBFA
:102DA0000848016841F040410160EDF713FB002045
:102DB0001CBD000000ED00E071C20F4100E400E026
:102DC0001C01002434EF00E0502010B580F311887E
:102DD000BFF34F8FBFF36F8F00F0EAFA18B10449C9
:102DE0004FF080500860002080F3118810BD000073
:102DF00004ED00E0F8B5069D18B153B1CAB181B138
:102E000020E0502080F31188BFF34F8FBFF36F8F06
:102E1000FEE7502080F31188BFF34F8FBFF36F8F11
:102E2000FEE7502080F31188BFF34F8FBFF36F8F01
:102E3000FEE739B1502080F31188BFF34F8FBFF305
:102E40006F8FFEE750241C46012683F846600093EE
:102E50002B46FEF717FD2046F8BD00002DE9F04790
:102E600004008A4629D0FFF777FD21680025D4E9C0
:102E70000F23D4F840C004F1100810460E46401E3F
:102E80004FF0FF3902FB031200FB0C10BAF1000FE8
:102E9000A563666084F8449084F84590C4E90220F4
:102EA00013D04046FFF726FD04F12400FFF722FD72
:102EB000FFF772FD0120BDE8F087502080F31188F4
:102EC000BFF34F8FBFF36F8FFEE720690028EFD06D
:102ED000404600F00FFB0028EAD004494FF0805034
:102EE0000860BFF34F8FBFF36F8FE1E704ED00E0A1
:102EF0002DE9FF4704001D4682B08A464FF00008C6
:102F000003D0BAF1000F08D011E0502080F31188EF
:102F1000BFF34F8FBFF36F8FFEE7206C38B15020A7
:102F200080F31188BFF34F8FBFF36F8FFEE7022D41
:102F30000AD1E06B012807D0502080F31188BFF33D
:102F40004F8FBFF36F8FFEE700F01EFA3F4F4FF039
:102F500080564FF0000948B9049838B1502080F3EA
:102F60001188BFF34F8FBFF36F8FFEE7FFF7F4FCBD
:102F7000A06BE16B884207D3022D05D00498D0B135
:102F8000B8F1000F1AD01EE02A4651462046FEF73F
:102F9000D2FB616A19B104F1240000F0ABFA20B150
:102FA0003E60BFF34F8FBFF36F8FFFF7F5FC01203B
:102FB00006B0BDE8F087FFF7EFFC22E06846FFF7B8
:102FC000C9FD4FF00108FFF7E7FCFFF749FEFFF7E7
:102FD000C3FC94F94400401C01D184F8449094F956
:102FE0004500401C01D184F84590FFF7D5FC04A9A9
:102FF000684600F02BF930B12046FEF767FE00F07E
:10300000B1FA0020D4E7FFF7A7FCA06BE16B884280
:1030100013D1FFF7C1FC049904F11000FFF7A8FDDC
:103020002046FEF753FE00F09DFA00289ED13E6038
:10303000BFF34F8FBFF36F8F98E7FFF7ADFC2046CC
:10304000FEF744FE00F08EFA90E7000004ED00E089
:103050002DE9F04704001F469046894603D0B9F198
:10306000000F08D011E0502080F31188BFF34F8F7C
:10307000BFF36F8FFEE7206C38B1502080F31188CA
:10308000BFF34F8FBFF36F8FFEE7022F0AD1E06BC4
:10309000012807D0502080F31188BFF34F8FBFF372
:1030A0006F8FFEE7FFF7D0FC5020EFF3118680F31F
:1030B0001188BFF34F8FBFF36F8FA06BE16B884216
:1030C00006D3022F04D0002086F31188BDE8F087D4
:1030D00094F94550A06B3A4649462046FEF72BFB33
:1030E000681C04D06D1C84F845500120ECE7606A30
:1030F0000028FAD004F1240000F0FCF90028F4D0F4
:10310000B8F1000FF1D00121C8F80010EDE7000080
:103110002DE9F74704008A4683B04FF0000603D03C
:10312000BAF1000F08D011E0502080F31188BFF3EE
:103130004F8FBFF36F8FFEE7206C38B1502080F3C4
:103140001188BFF34F8FBFF36F8FFEE700F01CF9BC
:10315000DFF8F4804FF080574FF0000948B9059828
:1031600038B1502080F31188BFF34F8FBFF36F8FBA
:10317000FEE7FFF7F1FBA56BC5B151462046FEF710
:10318000C7FA6D1EA563206950B104F1100000F06C
:10319000B1F928B1C8F80070BFF34F8FBFF36F8F3C
:1031A000FFF7FAFB012006B0BDE8F087059808B1EB
:1031B0001EB106E0FFF7F0FB27E06846FFF7CAFC08
:1031C0000126FFF7E9FBFFF74BFDFFF7C5FB94F97D
:1031D0004400401C01D184F8449094F94500401CFF
:1031E00001D184F84590FFF7D7FB05A9684600F0A8
:1031F0002DF8002820460AD0FEF768FD00F0B2F94D
:103200002046FEF7EFFB0028B3D00020CBE7FEF707
:10321000E9FB90B1059904F12400FFF7A9FC2046D1
:10322000FEF754FD00F09EF90028A2D1C8F8007006
:10323000BFF34F8FBFF36F8F9BE72046FEF746FD2E
:1032400000F090F995E7000004ED00E02DE9F04171
:1032500004000D4610D0BDB1FFF77EFB1D4B0026CC
:10326000DA6818686768D11B90F85A00A0B118682E
:10327000012480F85A6028E0502080F31188BFF3C1
:103280004F8FBFF36F8FFEE7502080F31188BFF39D
:103290004F8FBFF36F8FFEE72868B0F1FF3F08D074
:1032A000D4F800C01B6A9C4505D0974203D801247E
:1032B0000BE0002409E0884205D9401A2860204626
:1032C000FFF748FCF5E701242E60FFF765FB204679
:1032D000BDE8F081A80000242DE9FF5F994616465D
:1032E0008A4683469000DDE90E87FEF725FD05003E
:1032F0001CD05C20FEF720FD040014D000202563C4
:1033000084F859004B46CDE90087CDE902403246AA
:1033100051465846FEF7C7FA2046FEF765F90120E8
:1033200004B0BDE8F09F2846FFF74AFB4FF0FF309E
:10333000F6E7F0B585B0DDE90B740A9DA7B1DCB105
:103340005C262763022684F85960002703970DF155
:10335000100C0095CDE901C4FEF7A5FA2046FEF752
:1033600043F9049805B0F0BD502080F31188BFF3F5
:103370004F8FBFF36F8FFEE7502080F31188BFF3AC
:103380004F8FBFF36F8FFEE70548416919B1006B9E
:1033900018B10020704701207047022070470000DC
:1033A000A80000240148C06870470000A80000245D
:1033B0002DE9F0412E4C206B002728B1A069401C5C
:1033C000A0613846BDE8F081E668761CE66013D15E
:1033D000606B006838B1502080F31188BFF34F8FC5
:1033E000BFF36F8FFEE7606BA16B6163A063206A20
:1033F000401C2062FEF7E0FBDFF87880A06A86427E
:1034000009D3606B0068A0B1606BC068C56868686C
:10341000864211D2A0622068C06A00EB800158F891
:103420002100012800D90127E0690028C9D001271F
:10343000C7E74FF0FF30EDE7281DFFF728FAA86A2D
:1034400018B105F11800FFF722FAE86A21698842ED
:1034500000D9206100EB800108EB8100291DFFF7F6
:103460006FFA2068E96AC06A8142CAD30127C8E7B7
:10347000A80000244065002470B504464FF0000108
:1034800090B31A4D2868844207D0502080F31188E9
:10349000BFF34F8FBFF36F8FFEE7206D38B1E36C42
:1034A000401EE26A20659A421ED040B11CE05020C6
:1034B00080F31188BFF34F8FBFF36F8FFEE7201D9E
:1034C000FFF7E5F9E06CC0F13801A161E06229691C
:1034D000884200D9286100EB8000054901EB80009B
:1034E000211DFFF72DFA0121084670BDA800002418
:1034F0004065002470B5C068C46854B104F1180078
:103500000646FFF7C4F9144D286B50B113483146F5
:1035100015E0502080F31188BFF34F8FBFF36F8FFA
:10352000FEE7201DFFF7B3F9E06A2969884200D958
:10353000286100EB80000A4901EB8000211DFFF7A4
:10354000FFF9E06A2968C96A884203D90121E96163
:10355000084670BD002070BDA8000024C869002482
:10356000406500242DE9F0472C4D286B00242746A8
:1035700038B1FFF7F1F9286B401E2863286B40B182
:1035800047E0502080F31188BFF34F8FBFF36F8F58
:10359000FEE7234E0120A968D9B3A6F591698046BC
:1035A0003068E0B1F068C46804F11800FFF76FF903
:1035B000201DFFF76CF9E06A2969884200D928616B
:1035C00000EB800109EB8100211DFFF7B9F9E06AEA
:1035D0002968C96A8842E3D3C5F81C80E0E70CB1CA
:1035E000FEF7EAFAAC694CB14FEA0806FFF7E0FED5
:1035F00000B1EE61641EF9D10020A861E86940B114
:10360000084901274FF080500860BFF34F8FBFF388
:103610006F8FFFF7C1F93846BDE8F087A800002496
:10362000C869002404ED00E010B586B0FEF744F848
:10363000114C2068B8B10020039005AA049004A999
:1036400003A8FFF74BF9DDE90321022000238DE8F1
:1036500007000C4809A1059AFFF76BFE606010B1E6
:1036600006B0012010BD502080F31188BFF34F8FAA
:10367000BFF36F8FFEE70000E4000024546D72205A
:1036800053766300A91C01082DE9FF411E4613462D
:1036900002004FF000000A9D16D0144C2768002F3E
:1036A0000FD006290292CDE9001317DAFFF76CFE5E
:1036B00002284FF000030FD0002220686946FFF770
:1036C00017FC04B0BDE8F081502080F31188BFF3EF
:1036D0004F8FBFF36F8FFEE72A46EEE70023324697
:1036E00069463846FFF7B4FCEBE70000E40000242D
:1036F0001CF0700F08BF0A460FB4F1EE101A0CF060
:10370000405030EA814318BF4CF0804C4FEA4C03E4
:1037100010EA814F4FEAD36323EA112318BF23F045
:10372000100341EA030101F0E073E1EE101A4CEAE4
:10373000030C0CF00F030A2B1DBF082B0CF07003B9
:103740004CEAC30C4FF4003304BF33EA0C034CF4CF
:10375000400C1CF0005F14D11CF0805F0BD11CF0FA
:10376000804F31D11CF0006F12D111F4807F0FBC5B
:1037700062D000F0D9BA11F4806F0FBC2BD000F0EA
:10378000D3BA11F4006F0FBC08BF704700F0CCBA79
:1037900011F4007F0FBC40F0C7821CF0400F1EBF29
:1037A0004FF0004040F0010070471CF0100F14BFB4
:1037B00081EA030242400CF00F000A2808BF4FF0D4
:1037C000FF324FF0000326E011F4805F0FBC08BF0A
:1037D000704700F0A9BAF1EE103A2CF0805C1CF0B2
:1037E000800F14BF01F0004200F0004212420CBFF3
:1037F00012EA336F12EAF35F0DD31CF0100F1DBFF6
:1038000030A003C81143314808BF104313F4805F50
:1038100040F08A8270471CF0100F02F000421DBF7A
:103820000FF2940003C81143254808BF104313F456
:10383000805F40F0798270471CF0400F40F0288094
:103840001CF4404F1BD01CF4004F1CBF19461046FF
:103850000CF4807218BF8CEA520C1CF0800F0CBF65
:1038600040F4800041F400218CEADC0313F0100FD7
:103870001CBF2CF00F0C4CF0080C00F0FCB91CF035
:10388000100F1ABF12A393E80300134800F0F3B916
:103890001CF0800F14BF01F0004200F000421CF049
:1038A000100F1BBF0AA393E803000B48114308BF86
:1038B000104300F0E0B900BF000000000000F07FFE
:1038C0000000807FFFFFFFFFFFFFEF7FFFFF7F7F95
:1038D000000000000000F87F0000C07F0EF1020E23
:1038E0002EF0030E4FEA40025EF8084B12F1807290
:1038F00018BFB2F5000F22D3244207D44FEA410388
:1039000013F1807318BFB3F5000F18D34FEA400CC2
:103910001CF5000F16D2244204D44FEA410C1CF5CA
:10392000000F0FD2002A10D14FEAD07C002B0CEBF5
:103930004C0C0CF1020C08BF4CEBD17C07E04FF0B3
:10394000090C04E04FF0080C01E04FEAD17C0CEBCD
:103950004C0324FA03F404F00704B4F1040C06D277
:103960000EEB840CBDE810404CF0010C6047DFE822
:103970000CF01F2013025EF804CC1B2B08D1002A88
:1039800088BFB2F5000F34BF4CF4804C4CF4004CAF
:10399000BDE81040FFF7ACBE002A88BFB2F1807FBF
:1039A00028BF084610BD4FF00040A0F5800010BDB4
:1039B0000846420018BFD2F1807284BF5EF8042C22
:1039C00022F08062BDE8104000F23681704710B4EA
:1039D00012F47F0F4FEA00204FEA012110D1B0FA14
:1039E00080F400FA04F0A2EB044213F47F0F02F516
:1039F000803218BF41F0004100D010BC18BF6047B2
:103A000040F00040B1FA81F401FA04F1A3EB044361
:103A100010BC03F5803360474FF00000E1EE100A60
:103A2000704700004FF07F4C3CEA410318BF3CEA6E
:103A3000400200F06B804FF47F0C10F0004F0CEA56
:103A4000D11318BF43F005031CEAD01218BF13EAC4
:103A50000C0F00F063804FF0004C4CEA00204CEA61
:103A60000121A3F580339A4210DDB0F1004F23F01D
:103A7000020306D3401A43F00203BCBF404283F066
:103A800001034FEA4000A2F58032ECE74FEA224CF6
:103A9000BCEB234F08DB884206D325D0A0EB4100C6
:103AA000C0F1000083F00103400026D220D416D0DC
:103AB000B0FA80FC0CF1010C00FA0CF0A2EB0C4205
:103AC000D2F1000C1BDB02F540024FEAC21242EABF
:103AD00050204FF0050240EAC37000F02EB84FEAC4
:103AE000437000F00040704713F0020FDCD0D5E7C0
:103AF000B2F580324FEA4000E2DD002AE0DD4FEA15
:103B0000C21242EA502040EAC370704710B5FFF776
:103B1000E5FE00BFEDFFFF3E0500000431F0004C64
:103B200007D030F0004C08BF7047AFF2C90CFFF768
:103B30004EBF5FF81CC0FFF7DBBDF1EE101A11F0AD
:103B4000807F1CBF00F00040704711F4006F40F010
:103B50008E8000F0004343EAD05323F48073C3F116
:103B6000C10323F00041172941D8C3F1200310FA03
:103B700003F1C3F1200320F07F4040F4000020FA5D
:103B800003F003F0004340EA030019D00B46F1EEC6
:103B9000101A41F00801E1EE101A11F4400F1CD187
:103BA000590009D318BF401C06D17FEAE27398BFC1
:103BB000401C38BF20F0010042F0804CFFF798BD58
:103BC00012F0804F08BF7047F1EE101A944641F092
:103BD0000801E1EE101AFFF78BBD10F0004F14BF83
:103BE0005FEAF1535FEA316338BF401CE4E718290C
:103BF00003EB912318BF6FF000410131F1EE101A71
:103C000041F00801E1EE101A11F4400F18BF03F063
:103C10000040E2D168BF03F0004009D6400203F043
:103C2000004000F1010004BF12F0004F20F001003D
:103C30004FF0804CFFF75CBDF1EE101A11F0807F61
:103C40001CBF00F00040704711F4006F08BF7047C0
:103C500000F0004120F00040B0FA80F3A3F1080327
:103C600041F0C04100FA03F0A1EBC351084442F017
:103C7000005C00F059B80CF00F03092B08BF0820B6
:103C800000F064800A2B32D0082B18BF704708BFA1
:103C90001CF0400F31D01CF4803F23D11CF0200FCA
:103CA00011D11CF0100F0BBF02460A466FF0004006
:103CB0006FF0004118BF4FF0FF3012F0004F1CBFF3
:103CC000C043C94370471CF0100F0CBF02460A46A0
:103CD00012F0004F4FF0FF304FF0FF311CBFC043D8
:103CE000C94370474FF000004FF0000170471CF0CF
:103CF000400F18BF4FF0004070471CF0100F08D065
:103D000020F0704300F07F4242EAD3014FEA437053
:103D1000704700F0604021F07F4242EA000201F06B
:103D20007F4040EA727070472DE900502DE9005045
:103D3000EDF78EFBBDE80050BDE800500CF00F031E
:103D400093F0090F18BF7047AFF300801CF4801F79
:103D500024D01CF4E02F09D010F0080F02D1D0F1CC
:103D6000020070476FEACC31490070474FF0604164
:103D700011EA407028BF40F04050F1EE103A23F0B5
:103D8000704343EA0003E1EE103AEFF3008222F0C1
:103D9000704242EA000282F3008870471CEA004049
:103DA00018BF012070470000B8490108000000005A
:103DB00000000000000000000000000000080000FB
:103DC000180000000000000000000000CC490108BD
:103DD000000000009C0C00245C0000009C040024F7
:103DE00000080000180000000000000000000000B3
:103DF000D449010800000000F81400245C00000011
:103E0000F80C00240008000028000000000000005A
:103E100000000000A849010800000000542500240B
:103E20005C00000054150024001000001800000081
:103E30000000000000000000C4490108000000006C
:103E4000B02D00245C000000B02500240008000014
:103E5000180000000000000000000000DC4901081C
:103E6000000000000C3600245C0000000C2E002432
:103E70000008000018000000000000000000000022
:103E8000AC49010800000000683E00245C0000000E
:103E90006836002400080000180000000000000040
:103EA00000000000000610160006101600010203B4
:103EB00004050607080C101418203040000000000C
:103EC00000000000000000000000000000000000F2
:103ED00001000000020000000300000004000000D8
:103EE00000000000050000000000000000000000CD
:103EF00000000000060000000000000000000000BC
:103F0000000000000700000001000200040006009D
:103F100008000A000C001000200040008000000192
:103F20000101010307010000080402040801010166
:103F3000000000000102030401020304060708094F
:103F4000ABAA2A3EABAAAA3E1E0028000F000A0018
:103F50000A000B000A000A000A000A000A00090011
:103F60000A000A000800020003000E00020003001D
:103F70000D000A000A000C000A000A0010000A00E6
:103F80000A001100020003000700050005000700F9
:103F90002800C800070064006400050064002800D1
:103FA0000F00000000000000000000000000000002
:103FB0000000803F00000000000000000000000042
:103FC0000000803F00000000000000000000000032
:103FD0000000803F0000000000000000C3F51C410D
:103FE0000000803F00000000000000000000000012
:103FF0000000000000000000000000000000803F02
:1040000000000000000000000000000000000000B0
:1040100000000000000000000000803F00000000E1
:104020000000000000000000000000000000000090
:10403000000000000000803F0000000000000000C1
:104040000000000000000000000000000000000070
:104050000000803F000000000000000000000000A1
:104060000000000000000000000000000000803F91
:1040700040AC037D04014103057C00026D0D026D1F
:104080000902000000000000920E493CB10AC93C40
:104090002BC3163D2EFB483D752B7B3D04A9963D59
:1040A00080B6AF3D36BDC83D2FBCE13D73B2FA3D91
:1040B00087CF093E8340163EB5AB223EA2102F3E6D
:1040C000CF6E3B3EC2C5473E0115543E135C603E79
:1040D0007F9A6C3ECCCF783EC07D823E938E883EE8
:1040E000229A8E3E32A0943E86A09A3EE59AA03E49
:1040F000128FA63ED47CAC3EEF63B23E2A44B83E5B
:10410000491DBE3E15EFC33E53B9C93ECA7BCF3EE3
:104110004136D53E80E8DA3E4F92E03E7533E63ECA
:10412000BBCBEB3EEA5AF13ECBE0F63E275DFC3ED0
:10413000E4E7003F3D9C033F824B063F9BF5083F71
:104140006B9A0B3FDA390E3FCDD3103F2A68133FED
:10415000D9F6153FC07F183FC6021B3FD17F1D3FD8
:10416000CBF61F3F9967223F25D2243F5636273F83
:104170001594293F4AEB2B3FDE3B2E3FBB85303F5A
:10418000C9C8323FF304353F233A373F4268393FCD
:104190003B8F3B3FF9AE3D3F67C73F3F70D8413F44
:1041A00001E2433F03E4453F65DE473F12D1493F0B
:1041B000F8BB4B3F029F4D3F207A4F3F3D4D513F53
:1041C0004918533F31DB543FE595563F5348583F1C
:1041D0006AF2593F1A945B3F532D5D3F05BE5E3F27
:1041E0002146603F97C5613F5A3C633F59AA643FEF
:1041F000880F663FD86B673F3CBF683FA7096A3F9F
:104200000C4B6B3F5E836C3F93B26D3F9ED86E3F0D
:1042100073F56F3F0809713F5213723F4714733FA4
:10422000DD0B743F0BFA743FC6DE753F07BA763F6D
:10423000C58B773FF853783F9812793F9DC7793FF8
:1042400002737A3FBE147B3FCDAC7B3F283B7C3F63
:10425000C9BF7C3FAC3A7D3FCCAB7D3F23137E3F53
:10426000B0707E3F6DC47E3F580E7F3F6D4E7F3FE6
:10427000AB847F3F0FB17F3F97D37F3F43EC7F3FBE
:1042800011FB7F3F0000803F11FB7F3F43EC7F3FEE
:1042900097D37F3F0FB17F3FAB847F3F6D4E7F3F12
:1042A000580E7F3F6DC47E3FB0707E3F23137E3F2C
:1042B000CCAB7D3FAC3A7D3FC9BF7C3F283B7C3FC8
:1042C000CDAC7B3FBE147B3F02737A3F9DC7793FE5
:1042D0009812793FF853783FC58B773F07BA763FFE
:1042E000C6DE753F0BFA743FDD0B743F4714733F16
:1042F0005213723F0809713F73F56F3F9ED86E3FAE
:1043000093B26D3F5E836C3F0C4B6B3FA7096A3FD6
:104310003CBF683FD86B673F880F663F59AA643F30
:104320005A3C633F97C5613F2146603F05BE5E3FF3
:10433000532D5D3F1A945B3F6AF2593F5348583FF3
:10434000E595563F31DB543F4918533F3D4D513FB2
:10435000207A4F3F029F4D3FF8BB4B3F12D1493F60
:1043600065DE473F03E4453F01E2433F70D8413FEC
:1043700067C73F3FF9AE3D3F3B8F3B3F4268393F08
:10438000233A373FF304353FC9C8323FBB85303F3E
:10439000DE3B2E3F4AEB2B3F1594293F5636273FF5
:1043A00025D2243F9967223FCBF61F3FD17F1D3F87
:1043B000C6021B3FC07F183FD9F6153F2A68133F3E
:1043C000CDD3103FDA390E3F6B9A0B3F9BF5083F78
:1043D000824B063F3D9C033FE4E7003F275DFC3EE8
:1043E000CBE0F63EEA5AF13EBBCBEB3E7533E63E00
:1043F0004F92E03E80E8DA3E4136D53ECA7BCF3E62
:1044000053B9C93E15EFC33E491DBE3E2A44B83ECE
:10441000EF63B23ED47CAC3E128FA63EE59AA03E3E
:1044200086A09A3E32A0943E229A8E3E938E883E7B
:10443000C07D823ECCCF783E7F9A6C3E135C603E5E
:104440000115543EC2C5473ECF6E3B3EA2102F3EE3
:10445000B5AB223E8340163E87CF093E73B2FA3D8C
:104460002FBCE13D36BDC83D80B6AF3D04A9963DA9
:10447000752B7B3D2EFB483D2BC3163DB10AC93C35
:10448000920E493C00000000920E49BCB10AC9BC22
:104490002BC316BD2EFB48BD752B7BBD04A996BD55
:1044A00080B6AFBD36BDC8BD2FBCE1BD73B2FABD8D
:1044B00087CF09BE834016BEB5AB22BEA2102FBE69
:1044C000CF6E3BBEC2C547BE011554BE135C60BE75
:1044D0007F9A6CBECCCF78BEC07D82BE938E88BEE4
:1044E000229A8EBE32A094BE86A09ABEE59AA0BE45
:1044F000128FA6BED47CACBEEF63B2BE2A44B8BE57
:10450000491DBEBE15EFC3BE53B9C9BECA7BCFBEDF
:104510004136D5BE80E8DABE4F92E0BE7533E6BEC6
:10452000BBCBEBBEEA5AF1BECBE0F6BE275DFCBECC
:10453000E4E700BF3D9C03BF824B06BF9BF508BF6D
:104540006B9A0BBFDA390EBFCDD310BF2A6813BFE9
:10455000D9F615BFC07F18BFC6021BBFD17F1DBFD4
:10456000CBF61FBF996722BF25D224BF563627BF7F
:10457000159429BF4AEB2BBFDE3B2EBFBB8530BF56
:10458000C9C832BFF30435BF233A37BF426839BFC9
:104590003B8F3BBFF9AE3DBF67C73FBF70D841BF40
:1045A00001E243BF03E445BF65DE47BF12D149BF07
:1045B000F8BB4BBF029F4DBF207A4FBF3D4D51BF4F
:1045C000491853BF31DB54BFE59556BF534858BF18
:1045D0006AF259BF1A945BBF532D5DBF05BE5EBF23
:1045E000214660BF97C561BF5A3C63BF59AA64BFEB
:1045F000880F66BFD86B67BF3CBF68BFA7096ABF9B
:104600000C4B6BBF5E836CBF93B26DBF9ED86EBF09
:1046100073F56FBF080971BF521372BF471473BFA0
:10462000DD0B74BF0BFA74BFC6DE75BF07BA76BF69
:10463000C58B77BFF85378BF981279BF9DC779BFF4
:1046400002737ABFBE147BBFCDAC7BBF283B7CBF5F
:10465000C9BF7CBFAC3A7DBFCCAB7DBF23137EBF4F
:10466000B0707EBF6DC47EBF580E7FBF6D4E7FBFE2
:10467000AB847FBF0FB17FBF97D37FBF43EC7FBFBA
:1046800011FB7FBF000080BF11FB7FBF43EC7FBFEA
:1046900097D37FBF0FB17FBFAB847FBF6D4E7FBF0E
:1046A000580E7FBF6DC47EBFB0707EBF23137EBF28
:1046B000CCAB7DBFAC3A7DBFC9BF7CBF283B7CBFC4
:1046C000CDAC7BBFBE147BBF02737ABF9DC779BFE1
:1046D000981279BFF85378BFC58B77BF07BA76BFFA
:1046E000C6DE75BF0BFA74BFDD0B74BF471473BF12
:1046F000521372BF080971BF73F56FBF9ED86EBFAA
:1047000093B26DBF5E836CBF0C4B6BBFA7096ABFD2
:104710003CBF68BFD86B67BF880F66BF59AA64BF2C
:104720005A3C63BF97C561BF214660BF05BE5EBFEF
:10473000532D5DBF1A945BBF6AF259BF534858BFEF
:10474000E59556BF31DB54BF491853BF3D4D51BFAE
:10475000207A4FBF029F4DBFF8BB4BBF12D149BF5C
:1047600065DE47BF03E445BF01E243BF70D841BFE8
:1047700067C73FBFF9AE3DBF3B8F3BBF426839BF04
:10478000233A37BFF30435BFC9C832BFBB8530BF3A
:10479000DE3B2EBF4AEB2BBF159429BF563627BFF1
:1047A00025D224BF996722BFCBF61FBFD17F1DBF83
:1047B000C6021BBFC07F18BFD9F615BF2A6813BF3A
:1047C000CDD310BFDA390EBF6B9A0BBF9BF508BF74
:1047D000824B06BF3D9C03BFE4E700BF275DFCBEE4
:1047E000CBE0F6BEEA5AF1BEBBCBEBBE7533E6BEFC
:1047F0004F92E0BE80E8DABE4136D5BECA7BCFBE5E
:1048000053B9C9BE15EFC3BE491DBEBE2A44B8BECA
:10481000EF63B2BED47CACBE128FA6BEE59AA0BE3A
:1048200086A09ABE32A094BE229A8EBE938E88BE77
:10483000C07D82BECCCF78BE7F9A6CBE135C60BE5A
:10484000011554BEC2C547BECF6E3BBEA2102FBEDF
:10485000B5AB22BE834016BE87CF09BE73B2FABD88
:104860002FBCE1BD36BDC8BD80B6AFBD04A996BDA5
:10487000752B7BBD2EFB48BD2BC316BDB10AC9BC31
:10488000920E49BC000000804C5555555555A53F2A
:104890007751C1166CC156BF9015CB19A001FA3ED5
:1048A000AD529C804F7E92BEC4B1B4BD9EEE213EFF
:1048B000D43888BEE9FAA8BD00004054FB21F93F76
:1048C0003163621A61B4D03D0000601A61B4D03D1A
:1048D0007370032E8A19A33B0000002E8A19A33B94
:1048E000C14920259A837B390000000000000000A8
:1048F0006E83F9A22915444ED15727FCC0DD34F54B
:10490000999562DB4190433CAB6351FE61C5BBDED0
:104910003A6E24B7E0D24D42EA2E49061C92D109E4
:104920001CEB1DFE3EA729B1F53582E88444BB2E61
:1049300026709CE9417E5FB439D69139F4395383AE
:104940008B5F849C3B28F9BDFF97F81F0F9805DE0D
:104950008B112FEF1F6D0A5ACF7E366DB709CB270B
:10496000663F464F2DEA5F9EC7BA27757BF1E5EBA0
:10497000F739073DEA92528AB15FFB6B085D8D1FE4
:10498000A6F810111111813FD561C119A0012ABFEC
:104990007DFEB157E31DC73EEB9C2B8AE6E55ABE70
:1049A0007CD5CF5A3AD9E53D494E5300686F6973BB
:1049B00074696E670000000064656661756C74540C
:1049C00061736B0067696D62616C0000636861739D
:1049D00073697300646574656374000073686F6F56
:1049E00074000000044A0108000000249C04000038
:1049F000080300084C4B01089C0400245CFF0000E5
:104A00006403000801201395CE1B08C5041AD104C5
:104A10001AF9041325CF1B0875081AA104411704BD
:104A200003090412011402020216408304405726AF
:104A3000020102030114050F0C1C010710172103CA
:104A40001A1A031B791A5019041A71041A9D041AB0
:104A5000C104193F1182103C90D0030401771AAAB7
:104A6000018114810182130A0629D32A40A41C095A
:104A70000243EF1125C03209041B01020B13052468
:104A80001610010524011009010424020205240660
:104A900017010705820308151009040133020A2EC5
:104AA0000705010240072A8107111341C91408AD07
:104AB000C71408E3CA4208133DC81408F9C61B0806
:104AC0006F14C11AC1181A81041A01301A7508012D
:104AD00024021F091B05B4CB12012409051C43D075
:104AE000074B803F04012C036020420350901A1FA3
:104AF0005E429A99193EBC124124C05A4503727A0B
:104B000044046001010108081250C347CDCCCC3DDC
:104B10000409531C110B1AC8421C41100DE7416BCC
:104B20003A58A08B3A7D04017C160240AB03411039
:104B300009055308065804070F16081082091116B4
:0C4B40000A15800B1605000C18010D0072
:04000005080002CD20
:00000001FF
