:020000040800F2
:1000000038F500246D0400081782000823770008E3
:1000100015820008690B00086DB30008000000009D
:10002000000000000000000000000000AD03000818
:10003000691200080000000009040008BD890008DA
:100040008B0400088B0400088B0400088B04000854
:100050008B0400088B0400088B0400088B04000844
:100060008B0400088B0400088B040008AD0D000809
:100070008B040008B90D0008C50D0008D10D00085B
:10008000DD0D0008E90D00088B0400088D12000842
:10009000A512000899120008B11200088B0400088C
:1000A0008B0400088B0400088B0400088B040008F4
:1000B0008B0400088B0400088B0400088B040008E4
:1000C0008B0400088B0400088B0400088B040008D4
:1000D0007D88000845980008519800088B040008A6
:1000E0008B0400088B040008000000008B0400084B
:1000F0008B0400088B0400088B040008F50D000831
:100100008B0400088B0400088B0400088B04000893
:100110008B040008858F00088B0400088B040008FE
:10012000010E00080D0E0008190E00088B040008CF
:100130008B0400088B0400088B040008D51200080B
:1001400000000000000000000000000000000000AF
:100150008B040008250E00088B0400088B0400089F
:100160008B0400088B0400088B0400088B04000833
:100170008B040008198200088B04000800000000AE
:100180008B0400088B040008918F00088B04000882
:100190008B0400088B0400088B0400088B04000803
:1001A0008B0400088B0400088B040008000000008A
:1001B0008B0400088B0400088B0400088B040008E3
:1001C0008B0400088B040008000000000000000001
:1001D00000000000000000008B0400080000000088
:1001E000000000000000000000000000000000000F
:1001F00000000000000000008B0400088B040008D1
:100200008B0400088B040008000000008B04000829
:100210008B0400088B0400088B0400088B04000882
:100220008B040008000000008B04000800000000A0
:100230008B0400088B040008000000008B040008F9
:100240008B0400088B0400088B0400088B04000852
:100250008B0400088B0400088B0400088B04000842
:100260008B0400088B0400088B0400088B04000832
:100270008B0400088B0400088B04000800000000B9
:100280008B0400088B0400088B0400088B04000812
:10029000000000008B0400088B0400080000000030
:1002A000000000008B0400088B0400088B04000889
:1002B000399800088B0400088B040008BD12000860
:1002C000C9120008498B00088B04000800F002F8EE
:1002D00000F05CF80AA090E8000C82448344AAF184
:1002E0000107DA4501D100F051F8AFF2090EBAE882
:1002F0000F0013F0010F18BFFB1A43F0010318475A
:10030000B8010100D80101000A444FF0000C10F8B8
:10031000013B13F0070408BF10F8014B1D1108BF83
:1003200010F8015B641E05D010F8016B641E01F823
:10033000016BF9D113F0080F1EBF10F8014BAD1C73
:100340000C1B09D16D1E58BF01F801CBFAD505E091
:1003500014F8016B01F8016B6D1EF9D59142D6D3EB
:10036000704700000023002400250026103A28BF13
:1003700078C1FBD8520728BF30C148BF0B60704717
:100380001FB50FF067FE1FBD10B510BD00F0E8F9F6
:100390001146FFF7F5FF0DF0CBFD00F006FA03B4B0
:1003A000FFF7F2FF03BC00F009FA00002C4B1968BC
:1003B0000868B0E8F04F80F30988BFF36F8F4FF003
:1003C000000080F3118870470000000008480068B2
:1003D000006880F308884FF0000080F3148862B64C
:1003E00061B6BFF34F8FBFF36F8F00DF00BF00BF59
:1003F00008ED00E0DFF80C00016841F470010160D5
:10040000704700BF88ED00E0EFF30980BFF36F8F06
:10041000134B1A681EF0100F08BF20ED108A20E958
:10042000F04F106009B44FF0500080F31188BFF313
:100430004F8FBFF36F8F0FF087F84FF0000080F3FE
:10044000118809BC19680868B0E8F04F1EF0100F59
:1004500008BFB0EC108A80F30988BFF36F8F704734
:10046000A4000024EFF30580704700000A4880478D
:100470000A4880470A480047FEE7FEE7FEE7FEE736
:10048000FEE7FEE7FEE7FEE7FEE7FEE70548064972
:10049000064A074B7047000071120008718A000875
:1004A000CD02000838EF002438F5002438F100248C
:1004B00038F1002453EA020C00F069802DE9F04B7A
:1004C0004FF00006002B1FBFB3FA83F503FA05F4C3
:1004D00024FA05F65E4012BF1643B2FA82F502FA1C
:1004E00005F4C5F120051EBF22FA05FC44EA0C0400
:1004F000203556EA044C4FEA144418BF641C4FF0F0
:1005000000084FF00009904271EB030C39D3002929
:1005100019BFB1FA81F701FA07F6B0FA80F700FACD
:1005200007F6C7F120071EBF20FA07FC46EA0C06B3
:100530002037B6FBF4FCA7EB0507103F07F01F0BB5
:10054000CBF120060CFA0BFB2CFA06F644BFB3469F
:100550000026202FA4BF5E464FF0000B5BEA060C7E
:1005600008BF4FF0010B19EB0B09ABFB027C48EB0A
:100570000608C01B06FB02CC0BFB03CC71EB0C0185
:10058000C1E70B46024641464846BDE8F08B13B52D
:100590004FF000004FF00001AFF30080BDE81C40B9
:1005A0007047032A40F2308010F0030C00F01580F1
:1005B00011F8013BBCF1020F624498BF11F801CB66
:1005C00000F8013B38BF11F8013BA2F1040298BFCB
:1005D00000F801CB38BF00F8013B11F0030300F035
:1005E0002580083AC0F0088051F8043B083A51F8D9
:1005F00004CBA0E80810F5E7121D5CBF51F8043BDE
:1006000040F8043BAFF30080D20724BF11F8013B50
:1006100011F801CB48BF11F8012B24BF00F8013BB2
:1006200000F801CB48BF00F8012B704710B5203A05
:10063000C0F00B80B1E81850203AA0E81850B1E89B
:100640001850A0E81850BFF4F5AF5FEA027C24BF51
:10065000B1E81850A0E8185044BF18C918C0BDE848
:1006600010405FEA827C24BF51F8043B40F8043B11
:1006700008BF7047D20728BF31F8023B48BF11F8C6
:10068000012B28BF20F8023B48BF00F8012B704720
:1006900002F0FF0343EA032242EA024200F037B8C5
:1006A0004FF0000200B5134694469646203922BF0B
:1006B000A0E80C50A0E80C50B1F12001BFF4F7AF56
:1006C000090728BFA0E80C5048BF0CC05DF804EB38
:1006D000890028BF40F8042B08BF704748BF20F8A6
:1006E000022B11F0804F18BF00F8012B70477047A4
:1006F0007047704710B500F02BF8006810BD10B5BA
:10070000044600F025F8046010BD4FF000020429F3
:10071000C0F0128010F0030C3FF4C4AFCCF1040C15
:10072000BCF1020F18BF00F8012BA8BF20F8022B64
:10073000A1EB0C01FFF7B6BF5FEAC17C24BF00F854
:10074000012B00F8012B48BF00F8012B7047000077
:1007500000487047D8EE002400487047D8EE0024C7
:100760007546FFF7F9FFAE4605006946534620F08F
:100770000700854618B020B5FFF788FEBDE8204089
:100780004FF000064FF000074FF000084FF0000B4D
:1007900021F00701AC46ACE8C009ACE8C009ACE800
:1007A000C009ACE8C0098D46704710B50446AFF3E8
:1007B00000802046BDE81040FFF7F1BD0149182038
:1007C000ABBEFEE72600020070470000012202488F
:1007D000114603F062B800000008025800220248E7
:1007E000012103F05AB800000008025870470000C9
:1007F00001220248082103F050B800000008025806
:1008000000220248082103F048B8000000080258FE
:1008100030B5437805781E4C1B021BB22B4300EE0B
:10082000103AD4ED000A9FED1B1AB8EEC00A20EE74
:10083000200A81ED000AC3788578D4ED000A1B02F6
:100840001BB22B4300EE103AB8EEC00A20EE200A8D
:1008500081ED010A437904791B021BB2234300EEA8
:10086000103AB8EEC00A20EE200A81ED020A017AA1
:10087000C3798479080440EA0320204300EE100A7B
:10088000B8EE400A20EE010A82ED000A30BD0000F9
:10089000BC02002400401C42704730B54FF47A750A
:1008A000044602E0284600F004F8601E84B2F9D243
:1008B00030BD4FF0E02370B55D69C0EB0010996961
:1008C0004401002298698842FCD002D2A1EB0001C9
:1008D00002E0A5EB000631440A440146A242F1D3EE
:1008E00070BD000010B542780478154B120212B2A8
:1008F000224300EE102AD3ED010AB8EEC00A20EE22
:10090000200A81ED000AC2788478D3ED010A120230
:1009100012B2224300EE102AB8EEC00A20EE200ADE
:1009200081ED010A42790379100200B2184300EE0A
:10093000100AB8EEC00A20EE200A81ED020A10BDAE
:10094000BC02002410B5FFF751FFFFF7A5FF0BF025
:10095000C3FD08B1802402E00BF028FD04460BF033
:100960008BFF10B144F0400010BD0BF015FF204389
:1009700010BD00002DE9FC410746164600200D463B
:1009800000900190FFF72AFF922000F0BDF80622A8
:100990006946122000F09AF8FFF718FF9DF8010051
:1009A0009DF80010484C000200B2084300EE100A07
:1009B000D4ED000AB8EEC00A20EE200A85ED000A48
:1009C0009DF803009DF80210D4ED000A000200B269
:1009D000084300EE100AB8EEC00A20EE200A85EDAA
:1009E000010A9DF805009DF80410000200B20843BA
:1009F00000EE100AB8EEC00A20EE200A85ED020AC9
:100A0000FFF7FEFE08226946002000F05FF8FFF7BE
:100A1000EFFE9DF800000F2830D19DF803009DF8EF
:100A20000210D4ED010A000200B2084300EE100AE1
:100A3000B8EEC00A20EE200A87ED000A9DF80500F6
:100A40009DF80410D4ED010A000200B2084300EE44
:100A5000100AB8EEC00A20EE200A87ED010A9DF8C0
:100A600007009DF80610000200B2084300EE100ACD
:100A7000B8EEC00A20EE200A87ED020AFFF7AEFEAC
:100A8000A22000F041F802226946222000F01EF860
:100A9000FFF79CFE9DF800109DF80100C90041EA97
:100AA0005010B0F5806F01DBA0F5006000EE100A79
:100AB000B4EE001AF3EE070AB8EEC00A40EE010ADF
:100AC000C6ED000ABDE8FC81BC02002470B540F010
:100AD000800014460D4600F017F806E0552000F09F
:100AE00013F8641E05F8010BE4B2002CF6D170BDBA
:100AF00010B540F080000C4600F006F8552000F0DC
:100B000003F8207010BD000001B582B04FF47A7078
:100B10000123009001AA034802A905F061FA9DF89B
:100B200004000EBD0837002402784078D20042EA63
:100B30005010B0F5806F01DBA0F5006000EE100AE8
:100B4000B4EE001AF3EE070AB8EEC00A40EE010A4E
:100B5000C1ED000A704710B50C46FFF7D5FF2046DF
:100B6000BDE81040FFF7D0BFFEE70000F0B4134C23
:100B700000264FF4007508274FEA102CC4E90056F0
:100B80000F4DC4E902670F0A85F800C04FEA122C26
:100B90006870180AAF704FF00047E970214685F879
:100BA00004C06A712A46A871EB71C4E90476A66193
:100BB000E6612662F0BC034801F0A6BE80EE002488
:100BC00000030024C8350024104B0022F0B4104C60
:100BD00008264FF40075C3E90052C3E902262270CB
:100BE000050A62700F0AA5703607E07027716171FF
:100BF0001946A271E271C3E904629A61DA611A626C
:100C00002246F0BC034801F07FBE00005CEE0024E9
:100C1000F8020024283500242DE9F0471C4D00245B
:100C20001C4E4FF0080940F2FF280746080A3246DA
:100C3000C5E90084C5E9024934704FF0004A747078
:100C4000B070F170294634717471B471F471C5E9F2
:100C500004A4AC61EC6110482C6201F055FEC5E9BA
:100C60000084C5E902493A0A327077703246B4709E
:100C70002946F47034717471B471F471C5E904A437
:100C8000AC61EC612C62BDE8F047044801F03CBE69
:100C90005CEE0024F802002428350024C835002426
:100CA0000F4A002130B4082340F2FF14050A0D4812
:100CB000C2E90041C2E902131B070570457081704B
:100CC000C170017141718171C171C2E904319161D9
:100CD000D1611162024630BC0149034801F014BEE3
:100CE0005CEE0024F8020024283500240020704720
:100CF0000020704705490022054810B508F094FF10
:100D00000449034808F083FF002010BDE44D00248F
:100D100008410024E44500240146044810B508F0C9
:100D200076FF024808F04CFF002010BD0841002467
:100D3000002070470188B0F908309FED171BCA1AD0
:100D4000C16800EE102AB8EEC00BB4EEC10BF1EE94
:100D500010FA01DD491E0BE000EE102A9FED101B7A
:100D6000B8EEC00BB4EEC10BF1EE10FA01D2491C83
:100D7000C1609FED0D1AC1EB4131194400EE101A0C
:100D8000F3EE030AB8EEC00A20EE010A80EE201A44
:100D900080ED041A704700000000000000FFAF4023
:100DA0000000000000FFAFC0A005343D014800F086
:100DB000B5BE0000EC3D0024014800F0AFBE0000CD
:100DC00018380024014800F0A9BE00009038002423
:100DD000014800F0A3BE0000DC3E0024014800F002
:100DE0009DBE0000843C0024014800F097BE000036
:100DF000543F0024014800F091BE0000FC3C002458
:100E0000014800F08BBE0000743D0024014800F052
:100E100085BE0000CC3F0024014800F07FBE0000EA
:100E200044400024014800F079BE0000643E0024E4
:100E3000294A016891423AD0274A1832914236D065
:100E4000254A3032914232D0234A483291422ED044
:100E5000214A603291422AD01F4A7832914226D0EC
:100E60001D4A9032914222D01B4AA83291421ED094
:100E70001A4A91421BD0194A1832914217D0174A88
:100E80003032914213D0154A483291420FD0134A62
:100E9000603291420BD0114A7832914207D00F4A0A
:100EA0009032914203D00D4AA832914211D1CAB278
:100EB0001823103AB2FBF3F26FF30901032A02F090
:100EC0000703074AD25CC26500D9091D816508463F
:100ED000704721F0FF01F9E71000024010040240C2
:100EE0002C02010830B5224A012301689142CAB29E
:100EF0001BD01F4C1434A14217D01D4C2834A142E2
:100F000013D01B4C3C34A1420FD0194C5034A14299
:100F10000BD0174C6434A14207D0154C7834A14251
:100F200003D0134C8C34A1420CD11421114C083A3B
:100F3000B2FBF1F10F4A803201F01F0504EB810191
:100F4000AB4010E00C4D1824103A0D44B2FBF4F104
:100F5000A82D00D80831094A01F01F0402EB8101D5
:100F6000064AA3408032603080E80E0030BD0000A9
:100F70000854025800580258F0FBFDBF0008024018
:100F800010B50279531E072B2DD8174C0168A142CA
:100F90001BD0154C1434A14217D0134C2834A14255
:100FA00013D0114C3C34A1420FD00F4C5034A1420D
:100FB0000BD00D4C6434A14207D00B4C7834A142C5
:100FC00003D0094C8C34A14203D10849074C443169
:100FD00002E00749064C443104EB8202C0E91B21C0
:100FE00001219940416710BD08540258FC5802582D
:100FF000FC08024010B583694FF0C074826A014654
:10100000002053B1B3F5005F15D072B1012A0CD0A6
:10101000022A0AD0032A09D104E01AB1012A06D013
:10102000022A03D1C96AC90100D5012010BDC96ACD
:10103000A142FAD010BD002AF7D0012AF2D0022A2C
:10104000F3D0032AF3D010BD2DE9F04F804E804F2E
:10105000DFF8FC911836DFF8F8A148370468856D91
:101060000AF1300ADFF8ECB14C45DFF8ECC1DFF8EB
:10107000ECE16DD0B4426BD0544569D0BC4267D02E
:10108000DFF8D081A8F11808444561D05C455FD0F5
:1010900064455DD074455BD0DFF8C481444557D0CA
:1010A000DFF8BC8108F11808444551D0DFF8B08161
:1010B00008F1300844454BD0DFF8A48108F1480816
:1010C000444545D0DFF8988108F1600844453FD099
:1010D000DFF88C8108F17808444539D0DFF8808149
:1010E00008F19008444533D0DFF8748108F1A8086E
:1010F00044452DD0DFF86C81444529D0DFF8648168
:1011000008F11408444523D0DFF8588108F1280875
:1011100044451DD0DFF84C8108F13C08444517D008
:10112000DFF8408108F15008444511D0DFF83481E0
:1011300008F1640844450BD0DFF8288108F17808ED
:10114000444505D0DFF81C8108F18C08444509D1DD
:10115000D0E91948C4F80480C46E1CB1D0E91C4819
:10116000C4F8048004684C452ED0B4422CD05445B9
:101170002AD0BC4228D0374E183EB44224D05C4519
:1011800022D0644520D074451ED0354EB4421BD0C9
:10119000334E1836B44217D0314E3036B44213D0E5
:1011A0002F4E4836B4420FD02D4E6036B4420BD08D
:1011B0002B4E7836B44207D0294E9036B44203D035
:1011C000274EA836B44215D190F85C603F2406F053
:1011D0001F06B440AC600468256825F480252560AE
:1011E0002EE09A600068C160BDE8F08F99600068E9
:1011F000C260F9E71B4EB4421BD01A4E1436B442FB
:1012000017D0184E2836B44213D0164E3C36B4428E
:101210000FD0144E5036B4420BD0124E6436B44246
:1012200007D0104E7836B44203D00E4E8C36B442FE
:10123000DAD190F85C60012406F01F06B4406C60BF
:10124000046863608368402B0368CFD1C9E700005E
:101250001000024088000240A0000240B800024096
:101260001004024008540258704772B6FEE70000AE
:10127000054805490839026842F002020260086820
:101280008004FCD5704700000C480258014801F06A
:10129000BFBC000028350024014801F0B9BC0000A3
:1012A00028350024014801F0B3BC0000C8350024F3
:1012B000014801F0ADBC0000C8350024014801F030
:1012C000A7BC000068360024014801F0A1BC000062
:1012D00068360024044810B501F09AFCBDE81040BF
:1012E000024801F095BC000028350024C8350024D0
:1012F000F0B503684FF6FC716D4C426BD3F8845027
:101300008D4345EA8205C3F88450036853F8845F2F
:10131000068F25F47F0545EA06451D60836B654D04
:101320009F180268D2F888308B4343EA8703C2F8DB
:101330008830026852F8883F868F23F4FE0343EA20
:1013400006431360066856F8A03FC26B8B4307EB59
:10135000420243EA82033360076857F8A03FB0F8BF
:10136000406023F4FE0343EA06433B60D0E91036B5
:1013700003FB06220368D3F8B0608E4346EA820678
:10138000C3F8B0600368B0F84860D3F8B07027F4D1
:10139000FE0747EA0646C3F8B060D0E91267036863
:1013A00006FB0722D3F8AC608E4346EA8206C3F8F8
:1013B000AC60D0E91467036806FB0722D3F8F0603D
:1013C0008E4346EA8206C3F8F0600368B0F85860BE
:1013D000D3F8F07027F47C1747EA0646C3F8F060AC
:1013E0000368876D53F8C06F02EB47028E4346EAED
:1013F000820119600168B0F85C20D1F8C03023F494
:101400007C1343EA0242C1F8C020016890F86020D2
:10141000D1F8C03023F07C5343EA0262C1F8C02007
:10142000416B04EB8101C166826B01EB82020267B2
:10143000C36B02EBC3024267D0E91034634302EB93
:1014400083028267D0E91234634302EB8302C267EE
:10145000D0E91434634302EB8302C0F88020836D2B
:1014600002EBC303C0F88430C46D826E544303EBB7
:101470008403C0F88830046E544303EB8402C0F840
:101480009020AA420AD9D0F89C20032142F02002E1
:10149000C0F89C2080F898100120F0BD002200E0E8
:1014A00004C1D0F890308B42FAD80020F0BD000083
:1014B00000AC0040FCD30040F0B58E680C69D1E967
:1014C000005744EA0604DFB145F080452C43866EA0
:1014D000D1E906C54F695E4391F8203045EA0C0515
:1014E000B1F80CC0D0F884E0002047EA0363104F45
:1014F0001D430EEB860345EA0C45E3E8024511E087
:1015000044EA8544E3E71418155CA67894F803C010
:1015100094F801E0360445EA0C6446EA0E252C43B3
:10152000001D10C3CC683C5D8442ECD8F0BD0000C7
:10153000340201082DE9F84F044602F0B3F9009097
:101540003CB194F83500022806D080216165002066
:10155000E4E00120BDE8F88FC74DC74EC6491835F5
:1015600020683036DFF81483DFF814938842DFF800
:1015700014A3DFF814B32ED0A8422CD0B0422AD046
:10158000404528D0484526D0504524D0584522D043
:10159000BD4A183290421ED0BC4A90421BD0BB4A72
:1015A0001832904217D0B94A3032904213D0B74A1D
:1015B000483290420FD0B54A603290420BD0B34AC5
:1015C0007832904207D0B14A9032904203D0AF4A6D
:1015D000A832904209D1026822F01E0202602068FF
:1015E000426922F08002426103E0026822F00E02AA
:1015F000026027688F4238464DD0A8424BD0B04297
:1016000049D0404547D0484545D0504543D058453E
:1016100041D09D4A183290423DD09C4A90423AD0E7
:101620009A4A1832904236D0984A3032904232D09C
:10163000964A483290422ED0944A603290422AD044
:10164000924A7832904226D0904A9032904222D0EC
:101650008E4AA83290421ED08D4A90421BD08C4AAE
:101660001432904217D08A4A2832904213D0884AC6
:101670003C3290420FD0864A503290420BD0844A7E
:101680006432904207D0824A7832904203D0804A36
:101690008C32974204D1206E026822F4807202607C
:1016A00075492068884228D0A84226D0B04224D06C
:1016B000404522D0484520D050451ED058451CD02A
:1016C00071491831884218D07049884215D06F4945
:1016D0001831884211D06D49303188420DD06B49A4
:1016E0004831884209D069496031884205D067494C
:1016F0007831884201D065499031016821F00101BB
:1017000001600EE002F0CEF80099401A052808D9D1
:10171000202262650321002084F8351084F834000B
:1017200017E73868C007EDD1534A0121206890427D
:101730002ED0A8422CD0B0422AD0404528D04845CF
:1017400026D0504524D0584522D04F4B18339842CC
:101750001ED04E4B98421BD04C4B1833984217D09A
:101760004A4B3033984213D0484B483398420FD0FD
:10177000464B603398420BD0444B7833984207D0A5
:10178000424B9033984203D0404BA833984208D143
:1017900094F85C703F23A06D07F01F07BB40836087
:1017A00007E094F85C30A06D03F01F0301FA03F327
:1017B0004360206890424DD0A8424BD0B04249D0FF
:1017C000404547D0484545D0504543D0584541D085
:1017D0002D4A183290423DD02C4A90423AD02B4AA2
:1017E0001832904236D0294A3032904232D0274ABD
:1017F000483290422ED0254A603290422AD0234A65
:101800007832904226D0214A9032904222D01F4A0C
:10181000A83290421ED01E4A90421BD01C4A14325D
:10182000904217D01A4A2832904213D0184A3C32BC
:1018300090420FD0164A503290420BD0144A643274
:10184000904207D0124A7832904203D0104A8C322C
:1018500090420BD1D4E919024260E06E30B10268C7
:1018600022F480720260D4E91C024260002084F8F5
:10187000351084F834006DE6100002405800024034
:101880007000024088000240A000024010040240A4
:10189000085402582DE9F05F28B190F8351002295C
:1018A00004D0802141650120BDE8F09F904C904B11
:1018B0000168183C18338E4ADFF83C92A1428D4CE7
:1018C000DFF838E28E4FDFF83CB2DFF83CA28F4DF4
:1018D0008F4E31D091422FD099422DD0A1422BD0A2
:1018E000494529D0714527D0B94225D0DFF810C22B
:1018F0000CF1180C61451FD0DFF808C2ACF1600C88
:10190000614519D0DFF8FCC1ACF1480C614513D03A
:10191000DFF8F0C1ACF1300C61450DD0DFF8E4C167
:10192000ACF1180C614507D0594505D0514503D09D
:10193000A94201D0B1422CD1DFF8B4C14FF0040864
:1019400080F83580ACF1180C61451DD091421BD058
:10195000994219D0A14217D0494515D0714513D0ED
:10196000B94211D06648183081420DD065486038C0
:10197000814209D063484838814205D061483038F7
:10198000814201D05F481838086820F001000860E3
:10199000ABE0D1F800C02CF00E08DFF854C1C1F85C
:1019A0000080ACF1180C0168614527D0914225D028
:1019B000994223D0A14221D049451FD071451DD065
:1019C000B9421BD0DFF838C10CF1180C614515D0B5
:1019D000DFF830C1ACF1600C61450FD0DFF824C1F5
:1019E000ACF1480C614509D0DFF818C1ACF1300CFE
:1019F000614503D0DFF80CC1ACF1180CD1F800C080
:101A00002CF0010CC1F800C0DFF8E4804FF0010CAD
:101A10000168A8F11808414546D0914244D0994246
:101A200042D0A14240D049453ED071453CD0B94258
:101A30003AD0334A1832914236D0324A603A914213
:101A400032D0304A483A91422ED02E4A303A914212
:101A50002AD02C4A183A914226D0594524D05145D3
:101A600022D0A94220D0B1421ED02A4A91421BD096
:101A7000284A1432914217D0264A2832914213D074
:101A8000244A3C3291420FD0224A503291420BD02C
:101A9000204A6432914207D01E4A7832914203D0E4
:101AA0001C4A8C32914218D1016E0A6822F480726D
:101AB0000A6090F85C20816D02F01F020CFA02F2BD
:101AC0004A60D0E919124A60C16E31B10A6822F445
:101AD00080720A60D0E91C124A600022016D80F811
:101AE00035C080F8342001B188470020DCE60000D2
:101AF0002800024058000240700002408800024066
:101B0000A00002407004024088040240A004024089
:101B1000B804024008540258406D70472DE9FC5F3C
:101B20000446F74E0020DFF8D88300904FF4165299
:101B3000F44808F11808A56DDFF8C493DFF8C0A3D6
:101B4000016809F1300920680AF1480AB1FBF2F195
:101B5000B04201912F68D5F800C0DFF8ACB335D0A2
:101B60004146884232D0484530D050452ED0584565
:101B70002CD0E5491831884228D0E34930318842D9
:101B800024D0E1494831884220D0E04988421DD024
:101B9000DE491831884219D0DC493031884215D0ED
:101BA000DA494831884211D0DFF860E30EF1600E67
:101BB00070450BD0D54A7832904207D0D34B903342
:101BC000984203D0D149A83188427DD194F85C2055
:101BD000082102F01F0201FA02F23A424AD0B04252
:101BE00032D0404530D048452ED050452CD05845B5
:101BF0002AD0C54A1832904226D0C34A3032904289
:101C000022D0C14A483290421ED0C04A90421BD0D6
:101C1000BE4A1832904217D0BC4A3032904213D09C
:101C2000BA4A483290420FD0B84A603290420BD044
:101C3000B64A7832904207D0B44A9032904203D0EC
:101C4000B24AA832904203D1026802F0040202E0D4
:101C5000026802F008026AB1026822F0040202601F
:101C600094F85C0000F01F008140A960606D40F0B6
:101C70000100606594F85C00012100F01F008140C4
:101C8000394240D02068B04234D0404532D0484537
:101C900030D050452ED058452CD09B4A1832904217
:101CA00028D0994A3032904224D0974A4832904204
:101CB00020D0964A90421DD0944A1832904219D0B2
:101CC000924A3032904200E0AFE113D08F4A48325E
:101CD00090420FD08D4A603290420BD08B4A7832BE
:101CE000904207D0894A9032904203D0874AA83266
:101CF00090427DD1406910F0800F04D0A960606DE2
:101D000040F00200606594F85C00042100F01F00C0
:101D1000814039423ED02068B04232D0404530D078
:101D200048452ED050452CD058452AD0764A1832F6
:101D3000904226D0744A3032904222D0724A4832C1
:101D400090421ED0714A90421BD0704A1832904285
:101D500017D06E4A3032904213D06C4A48329042CB
:101D60000FD06A4A603290420BD0684A7832904273
:101D700007D0664A9032904203D0644AA83290421B
:101D80004ED1006810F0020F04D0A960606D40F0E1
:101D90000400606594F85C00102100F01F00814091
:101DA000394258D02068B04234D0404532D04845FE
:101DB00030D050452ED058452CD0534A183290423E
:101DC00028D0514A3032904224D04F4A4832904273
:101DD00020D04E4A90421DD04C4A1832904219D021
:101DE0004A4A3032904215D0484A4832904200E088
:101DF00014E00FD0454A603290420BD0434A78320B
:101E0000904207D0414A9032904203D03F4AA832D4
:101E1000904207D1006800F0080006E0006872E711
:101E20000068B7E7006800F00400A0B1A96020686E
:101E30000168490304D50068000308D5A16C07E0D8
:101E40000168C90503D4016821F008010160216C13
:101E500009B12046884794F85C00202100F01F005B
:101E60008140394279D02068B04232D0404530D0EC
:101E700048452ED050452CD058452AD0224A1832F9
:101E8000904226D0204A3032904222D01E4A483218
:101E900090421ED01D4A90421BD01C4A18329042DC
:101EA00017D01A4A3032904213D0184A4832904222
:101EB0000FD0164A603290420BD0144A78329042CA
:101EC00007D0124A9032904203D0104AA832904272
:101ED00003D1006800F0100002E0006800F002008A
:101EE000B0B3A96094F835000428206801680FD0C9
:101EF00049037ED5006800032BD4616C2AE0000002
:101F0000100002409C0000247000024010040240B7
:101F100021F0160101602068416921F080014161D2
:101F2000206C08B9A06C20B12068016821F008017C
:101F3000016094F85C303F21012003F01F03002270
:101F40009940A96084F8350084F83420216D65E05B
:101F500003E0E16B09B120468847606D00287DD021
:101F6000606DC00759D02068042184F83510B04254
:101F70002BD0404529D0484527D0504525D058453D
:101F800023D09D49884220D09B49183188421CD0DB
:101F900099493031884218D09849884215D09749DC
:101FA0001831884211D09549303188420DD093497B
:101FB0004831884209D091496031884205D08F4923
:101FC0007831884201D08D499031016821F00101BA
:101FD000016020680099019A491C0091914202D841
:101FE0000168C907F6D10068C00710D003200FE0D0
:101FF000FFE70168C905ACD403680121002223F082
:102000001003036084F8351084F83420A1E7012020
:1020100084F83500002084F83400E16C00291DD0DC
:1020200002B02046BDE8F05F0847754988421DD0E0
:1020300073491431884219D071492831884215D02A
:102040006F493C31884211D06D49503188420DD0E2
:102050006B496431884209D0694900E084E07831F5
:10206000884203D066498C3188427DD194F85C80E7
:102070000427016808F01F0807FA08F717EA0C0F91
:10208000009746D04F0744D500980F04686003D5E9
:10209000C8033CD4A16CC1E7880638D42068B0429C
:1020A0002DD055496039884229D0484527D0504520
:1020B00025D0584523D05049884220D04E49183168
:1020C00088421CD04C493031884218D04B49884254
:1020D00015D04A491831884211D0484930318842D8
:1020E0000DD046494831884209D0704507D090420A
:1020F00005D0984203D04149A831884203D10168F4
:1021000021F0080102E0016821F004010160216C66
:1021100084E7022707FA08F717EA0C0F00974ED05A
:102120008F074CD500980F04686003D5C80344D4CA
:10213000616C73E7880640D42068B0422FD02E49E6
:10214000603988422BD0484529D0504527D0584582
:1021500025D02949884222D02749183188421ED0EB
:1021600025493031884200E044E018D023498842B4
:1021700015D022491831884211D020493031884287
:102180000DD01E494831884209D0704507D0904291
:1021900005D0984203D01949A831884203D101687B
:1021A00021F0140102E0016821F00A01016001211F
:1021B00084F83510002084F83400E16B2EE7082203
:1021C00002FA08F212EA0C0F14D0090712D50168BE
:1021D00021F00E01016094F85C100120002201F052
:1021E0001F0100FA01F16960606584F8350084F828
:1021F000342012E7BDE8FC9F880002401004024032
:10220000085402582DE9F05F044601F04BFB002C06
:1022100007467DD0E24E022120684FF00308DFF828
:1022200084934FF00005DFF880A3B042DFF87CB361
:1022300034D0DB4A1832904230D048452ED0504539
:102240002CD058452AD0D94A1832904226D0D74AA5
:102250003032904222D0D54A483290421ED0D44AE1
:1022600090421BD0D24A1832904217D0D04A303216
:10227000904213D0CE4A483290420FD0CC4A6032BE
:1022800090420BD0CA4A7832904207D0C84A903266
:10229000904203D0C64AA83290427DD184F83510CE
:1022A000B04284F834502ED0BD49183188422AD02B
:1022B000484528D0504526D0584524D0BB49183130
:1022C000884220D0B949303188421CD0B7494831C2
:1022D000884218D0B649884215D0B549183188428D
:1022E00011D0B349303188420DD0B14948318842CC
:1022F00009D0AF496031884205D0AD497831884274
:1023000001D0AB499031016821F00101016008E082
:1023100025E100BF01F0C6FAC01B052801D9202124
:102320001AE120680068C007F4D1D4E902032168EB
:10233000103418438E4694E88410D4E903380968B1
:102340003A4310439B4A40EA0C0067691843114026
:10235000103C40EA0800042F40EA010003D1D4E910
:102360000B12114308436168A1F12902052A0BD918
:10237000163A032A08D9083A012A05D9083A032A45
:1023800002D97439032901D840F48010CEF8000036
:102390002068676A406900E020E0042F20F0070011
:1023A00047EA00070DD1D4E90A01074349B12046A5
:1023B000FEF720FE28B140206065012184F8351029
:1023C000CDE0206847612046FEF732FD94F85C209E
:1023D0003F2102F01F029140816055E0764A904211
:1023E0001BD0754B1433984217D0734B2833984247
:1023F00013D0714B3C3398420FD06F4B50339842FF
:102400000BD06D4B6433984207D06B4B78339842B6
:1024100003D0694B8C3398427ED184F8351084F810
:102420003450664B0168A26801EA030E402A74D05A
:10243000802A73D05FF00002D4E90378D4E9053133
:1024400042EAD70242EAD8085B4AD4E9077C48EA64
:10245000D30848EAD10141EAD701524241EA1C11AE
:10246000142341EA0E01016020681044B0FBF3F030
:102470008000E0652046FEF7DBFC94F85C2001213B
:1024800002F01F02914041602068B04257D0444999
:102490001831884253D0484551D050454FD0584507
:1024A0004DD042491831884249D0404930318842A4
:1024B00045D03E494831884241D03D4988423ED0CE
:1024C0003B49183188423AD039493031884236D0B8
:1024D00037494831884232D03549603188422ED060
:1024E0003349783188422AD031499031884226D008
:1024F0002F49A831884222D02F4988421FD02E4927
:10250000143188421BD02C492831884217D02A49DF
:102510003C31884213D002E01DE017E018E0264964
:10252000503188420BD024496431884207D0224977
:102530007831884203D020498C31884229D1204605
:10254000FEF7D0FCA06880280CD00CE0102273E7C6
:102550004FF4804270E74021616584F835800120A6
:10256000BDE8F09F6560216E20790860D4E919010B
:1025700041606068401E072808D82046FEF700FD2D
:10258000E06E0560D4E91C01416002E0E566256764
:1025900065670120656584F835000020E0E70000EC
:1025A000100002404000024058000240700002400B
:1025B000100402403F8010FE085402580F00FEFF36
:1025C0002DE9F84F04008C464FF00000009014D025
:1025D00094F83400012812D094F8355001200021DD
:1025E00084F83400012D0CD0C002606501200090F9
:1025F00084F834100098BDE8F88F0120FBE7022032
:10260000F9E78C4D0226206884F83560A8428A4D8F
:1026100061658A4E8A4FDFF82C82DFF82C92DFF852
:102620002CA2DFF82CB226D0A84224D0B04222D06F
:10263000B84220D040451ED048451CD050451AD045
:10264000584518D08349884215D0824918318842AC
:1026500011D08049303188420DD07E4948318842BE
:1026600009D07C496031884205D07A497831884266
:1026700001D078499031016821F001010160614683
:102680002046FEF7E1FC6B49206888422CD0A84226
:102690002AD0B04228D0B84226D0404524D0484560
:1026A00022D0504520D058451ED06A4A90421BD0B7
:1026B000684A1832904217D0664A3032904213D09E
:1026C000644A483290420FD0624A603290420BD046
:1026D000604A7832904207D05E4A9032904203D0EE
:1026E0005C4AA83290420CD1026822F01E0242F0ED
:1026F00016020260206C88B12068026842F008026D
:102700000BE0026822F00E0242F00A020260206C26
:1027100020B12068026842F004020260206888420A
:102720004BD0A84249D0B04247D0B84245D04045EE
:1027300043D0484541D050453FD058453DD0454A0B
:1027400090423AD0434A1832904236D0414A303211
:10275000904232D03F4A483290422ED03D4A6032B9
:1027600090422AD03B4A7832904226D0394A903261
:10277000904222D0374AA83290421ED0364A904228
:102780001BD0354A1432904217D0334A2832904237
:1027900013D0314A3C3290420FD02F4A50329042EF
:1027A0000BD02D4A6432904207D02B4A78329042A7
:1027B00003D0294A8C3290420DD1206E0268D20398
:1027C00003D5026842F480720260E06E18B10268BC
:1027D00042F4807202602068884226D0A84224D049
:1027E000B04222D0B84220D040451ED048451CD02F
:1027F00050451AD0584518D01649884215D0154969
:102800001831884211D01349303188420DD0114916
:102810004831884209D00F496031884205D00D49BE
:102820007831884201D00B499031016841F00101B3
:102830000160DFE610000240280002404000024034
:10284000580002407000024088000240A000024090
:10285000B8000240100402400854025870B5044603
:1028600001F020F80546601C02D0044800780444BA
:1028700001F018F8401BA042FAD370BD900000246C
:1028800010B590F89830012B09D0022B07D0D0F862
:102890009C1041F00201C0F89C10012010BD03689B
:1028A0009C6D0C4203D1DC6D44F0010404E09C6D8E
:1028B00031EA04041FD00324DC658B0505D50368C9
:1028C000D3F8E0401443C3F8E0404B0505D5036856
:1028D000D3F8E4401443C3F8E4400068084A01EA2E
:1028E0000203446D074A1C434465106840EA917036
:1028F0001060002010BDDC6D44F00204DCE7000035
:10290000FFFFCF3F14A8004070B5044690F8980030
:10291000022804D0D4F89C0040F008000DE02068A4
:10292000D0F8C03013F07C5F0BD0D0F8C4309B02DD
:102930000CD5D4F89C0040F40070C4F89C00012031
:1029400070BDD4F89C0040F02000F6E7D0F8C40039
:10295000C0F3044520462B46FEF7AEFD216801205A
:10296000A840C1F8D000C4F89400002070BD7047A2
:1029700090F89830012B07D0D0F89C1041F004015A
:10298000C0F89C100120704761B10068012913D084
:10299000D0F8B01021F0FE4141EA0261C0F8B01059
:1029A000002070470068D0F8F01021F07C5141EA17
:1029B0000261C0F8F010F3E7D0F8A01021F0FE415A
:1029C00041EA0261C0F8A010EAE770B590F89820DB
:1029D000012A09D0022A07D0D0F89C1041F0020148
:1029E000C0F89C10012070BD0B68CA6883B10B69E8
:1029F000072A43EA427325D00C7A4A6942EA847274
:102A00004968006F00EBC100C0E90032002070BDD2
:102A1000072A0DD00C7AD6060D8A4B6943EA8472D8
:102A200046EA0543C06E49681A4340F82120EDE7A5
:102A30000B8A4FF06055D1E9062442EA034245EA89
:102A40000423EFE78A69DBE730B590F89850039CE0
:102A5000012D07D0D0F89C1041F00401C0F89C1063
:102A6000012030BD0D01016845EA820040EA4300C3
:102A70002043C1F88000002030BD7047704700003F
:102A8000F0B590F898500024022D04D0D0F89C1096
:102A900041F0080129E0402905D0412929D0056DE0
:102AA0008D4219D942E00568D5F8A06016F4FE0FF2
:102AB00012D0D5F8A460760613D0D5F8A460F6013C
:102AC00005D5D5F8A06016F0004F00D50124D5F843
:102AD000A470466F456C24E0D0F89C1041F02001B2
:102AE00003E0D0F89C1041F48071C0F89C100120E4
:102AF000F0BD0568D5F8B06016F4FE0FECD0D5F83F
:102B0000B4607606EDD0D5F8B460F60105D5D5F8F9
:102B1000B06016F0004F00D50124D5F8B470866F70
:102B2000C56CC7F305273C44654302E0456DC66F9D
:102B30004D4306EB85052E6816F0804656602E68DC
:102B400036D026F060461660D5F800C000262E4F1D
:102B50000CF0005CC2F808C0D5F800C00CF0004CC6
:102B6000C2F810C0B5F804C01FFA8CFCC2F81CC033
:102B7000D5F804C0CCF3034CC2F80CC0D5F804C09F
:102B80000CF4801CC2F814C0D5F804C00CF4001C6E
:102B9000C2F818C0D5F804C0CCF3066CC2F820C047
:102BA000D5F804C008354FEADC7CC2F824C008E040
:102BB000C6F38A46C7E700BF15F806C003F806C08B
:102BC000761CD2F80CC017F80CC0B445F4D84029D4
:102BD0000AD041290CD020294FF001020CD2006804
:102BE0008A40C0F898200DE00068C0F8A84009E0CD
:102BF0000068C0F8B84005E0006801F01F018A4095
:102C0000C0F89C200020F0BD34020108704700008D
:102C10002DE9FF5FDFF80CB304460BF10401DBF88C
:102C2000000025680F68AA468007D5F85090696DA6
:102C3000D5F850806E6D2A6DD5F854C02B6D00EA22
:102C40008770009009F470496F6D286D01EA0901E1
:102C50000191DAF85410DAF85490DAF8505008F08C
:102C60000F0806EA0806029602F0F00203F071531C
:102C70006FEA09061F4000F060700CEA020CCDF804
:102C80000CC0F20501EA00090CD4E843C00509D4E0
:102C900000214FF48073CAF85030CBF80010204662
:102CA000FFF7B4FF700512D4E84340050FD4206845
:102CB00000234FF48068D0F8DC20D0F8E410C0F88E
:102CC0005080CBF800301140204600F0CFFCDFF8F8
:102CD00058A2009850B12268830F00EA0A001065DC
:102CE000CBF8003020460099FFF741FE019850B123
:102CF0002268830F00EA0A001065CBF800302046F6
:102D0000019900F0B5FC029850B12268830F00EAE7
:102D10000A001065CBF800302046029900F01AFB3B
:102D2000039850B12268830F00EA0A001065CBF8BF
:102D300000302046039900F079FC30050CD4E843BC
:102D4000000509D4236800204FF400621A65CBF80F
:102D50000000204600F08DFCB00512D4E843800549
:102D60000FD4206800234FF40078D0F8D820D0F892
:102D7000E010C0F85080CBF800301140204600F041
:102D800076FC30030CD4E843000309D42368002008
:102D90004FF400221A65CBF80000204600F0D8FA64
:102DA000F0030CD4E843C00309D4236800204FF497
:102DB00080321A65CBF80000204600F056FC700304
:102DC0000CD4E843400309D4226800204FF4802348
:102DD0001365CBF80000204600F046FCB0030FD48A
:102DE000E84380030CD4236800204FF400321A65B6
:102DF000CBF80000D4F89C0040F08000C4F89C00A0
:102E0000B9F1000F0BD022684FEA997309EA0A0062
:102E10001065CBF8003049462046FFF72FFE5FB122
:102E20002268BB0F07EA0A001065CBF80030D4F81F
:102E30009C003843C4F89C003C492068884268D113
:102E4000606881468068800763D0D9F82060D9F82F
:102E50002410D9F82080D9F82400D9F820C0D9F856
:102E60002470D9F82030D9F82450D9F8202003F460
:102E7000FC4306F00F0AD9F824601D40D9F824B0AD
:102E800008F030080CF4C07C02F4F02211EA0A01C8
:102E900000EA080807EA0C0706EA0206D9F820A0AB
:102EA00004D0C9F82010204600F0DBFBB8F1000088
:102EB00005D0616808624146204600F0D4FB6FEA05
:102EC0000B0040060ED46FEA0A0040060AD4606880
:102ED0004021C36BC26B01622046190C02F03F0215
:102EE00000F0C0FB2FB1606807623946204600F051
:102EF000B7FB35B160680562D4F89C002843C4F87C
:102F00009C0036B160680662D4F89C003043C4F877
:102F10009C00D4F89C00002802D02046FFF7ADFDAD
:102F2000BDE8FF9F10A80040FFFFCF3F00A000407A
:102F30002DE9F04194B08D494C2204466846FDF7D6
:102F400075FB64B18A4D2068A84202D100F58070FB
:102F5000606094F898004FF0000820B108E001206C
:102F600014B0BDE8F081204684F8998000F002F9A1
:102F70002068816921F01001816100F093FC032732
:102F8000064604E000F08EFC801B0A2811D8206859
:102F900080690007F6D42068816941F001018161F0
:102FA00000F080FC06460DE000F07CFC801B0A2847
:102FB00008D9D4F89C0040F00100C4F89C0084F8C3
:102FC0009870CCE720688069C007EDD020688169DF
:102FD00041F002018161207C01282068816937D09D
:102FE00041F040018161607C01282068816932D014
:102FF00021F480418161A07C0128206881692DD065
:1030000041F4805181612068A268816921F4407196
:10301000114381612068816921F0A40181612068E8
:10302000016921F010010161E068012819D010B395
:1030300002281BD02068816941F0800181612068ED
:10304000016941F010010161E06803280ED012E02F
:1030500021F04001C6E741F48041CBE721F48051E3
:10306000D0E72068816941F0040103E020688169AC
:1030700041F020018161207E6FF0FF02D4E90773E7
:10308000A68A1102400602EB0727A0F10070384320
:1030900027685B1E184301EB06463043F861A068C1
:1030A000B0F5407F11D104F12800A68C6FF00F0C11
:1030B00089C801EB0641401E02EB0322104322683F
:1030C0000CEB071318430843D060206E30B1206822
:1030D000626ED0F8C0101143C0F8C010D4E91712C6
:1030E0006846D14209D02168A36E51F8C82F50F824
:1030F000233022F007021A430A60216C49B121688B
:10310000626C51F8BC3F50F8226023F00702324352
:103110000A60A16C51B12168E36C51F8BC2F50F8E2
:10312000233022F0700242EA03120A60216D51B18D
:103130002168626D51F8BC3F50F8220023F4E06230
:1031400042EA002008602068A84204D160688168D3
:1031500021F003018160C4F894800121C4F89C80AF
:1031600084F898102046FEF7C3F8F9E644020108F7
:1031700000A000402DE9F047B4B0814614212EA8EC
:10318000FDF78EFAB8216846FDF78AFA6A4C0026E8
:10319000D9F800004FF08051684A0C3C654F4FF061
:1031A0000208654D9042DFF898A14FF0090938D127
:1031B00000201B914A13CDE90020684601F006FB70
:1031C00008B1FEF752F83868401C3860012807D172
:1031D000286840F480702860286800F4807033907C
:1031E000206840F008002060206803222E922EA95B
:1031F00000F00800CDE92F863196CDE93290504697
:1032000000F038FA00220521132000F0E9FB13201A
:1032100000F0D8FB00220521152000F0E1FB15206D
:103220003BE0484A904246D100201B914FF40042B7
:10323000CDE90020684601F0C9FA08B1FEF715F89B
:103240003868401C3860012807D1286840F4807035
:103250002860286800F480703390206840F00200F5
:103260002060206860222E922EA900F00200CDE995
:103270002F863196CDE93290334800F0FBF90022D9
:103280000521142000F0ACFB142000F09BFB002271
:103290000521162000F0A4FB162000F093FB00226D
:1032A00005213F2000F09CFB5FF03F0000F08AFB0F
:1032B00034B0BDE8F087254A9042F9D100201B9137
:1032C0004FF40042CDE90020684601F07FFA08B1D2
:1032D000FDF7CBFF3868401C3860012807D128680B
:1032E00040F480702860286800F480703390206873
:1032F00040F00800206020684FF440512E910522D4
:1033000000F00800CDE92F862EA93196CDE93220B4
:10331000504600F0AFF9002205219F2000F060FB2D
:103320009F2000F04FFB00220521A02000F058FB59
:10333000A020BBE718000024EC44025800A0004085
:10334000000C025800A400400004025800D40040C1
:103350007047000010B58CB0044640216B4602AAAD
:10336000FFF78EFBA848A94984427AD1029A40F21D
:103370000323A1F150009A42A2F2032348D01DDC9E
:10338000FF2A70D0A2F50072013A2ED0012A13D183
:10339000818A8183BDF8001049BA8182BDF802108C
:1033A00049BAC182BDF8041049BA01839DF80610DC
:1033B0008176022009F0A4FF0CB010BD012B3BD098
:1033C000062BF9D108880881BDF8000040BA0880B2
:1033D000BDF8020040BA4880BDF8040040BA8880B9
:1033E0009DF8060088710520E4E701880181BDF899
:1033F000001049BA0180BDF8021049BA4180BDF8F9
:10340000041049BA81809DF8061081710120D1E72E
:10341000018D0186BDF8001049BA0185BDF8021082
:1034200049BA4185BDF8041049BA81859DF8061056
:1034300080F82E100320BDE7818FA0F84410BDF85E
:10344000001049BA8187BDF8021049BAC187BDF89A
:10345000041049BAA0F840109DF8061080F84210F8
:10346000AAE73AE0FFE7DFED6A0ABDF80010674817
:1034700000EE101A4ABAD430B8EE401A00EE102A04
:1034800080ED001AB8EE400A80EE201A80ED011A95
:10349000BDF8021049BA09B200EE101AB8EEC00A1F
:1034A00080EE201A80ED021A9DF8041000EE101A2A
:1034B000B8EE400A80ED030A9DF8051000EE101AE0
:1034C000B8EE400A80ED040A9DF8061000EE101ACE
:1034D000B8EE400A80ED050A6EE74E488442BFD13F
:1034E0004A48029A3C30A2F50072023A18D0012AEA
:1034F00029D0032A3AD0082AB2D1888A8883BDF815
:10350000000040BA8882BDF8020040BAC882BDF807
:10351000040040BA08839DF806008876062049E733
:1035200001880181BDF8001049BA0180BDF8021080
:1035300049BA4180BDF8041049BA81809DF806104F
:103540008171082036E7818A8183BDF8001049BA6D
:103550008182BDF8021049BAC182BDF8041049BA8F
:1035600001839DF806108176092023E7274C283433
:1035700020882081BDF8000040BA2080BDF80200FC
:1035800040BA6080BDF8040040BAA0809DF80600F3
:10359000A0712046FDF7CEFB072009F0B1FE1E49C1
:1035A0009FED1E1BA1F108001E4B91ED000A81ED5D
:1035B000010A228800EE902AB8EE602B22EE011B51
:1035C000F7EEC10BC1ED000A30EEC00A10EE101A82
:1035D000994202DD0188491E06E010EE101A124AD7
:1035E000914202D90188491C018002884FF4B471CC
:1035F00012FB01F100EE101AB8EEC00A30EE200AFC
:1036000080ED010AD8E60000C8350024D0ED002482
:1036100000007A4428350024F0020024BA490C0244
:103620002B87A63F00003443000034C3704790F856
:103630009810012907D0D0F89C1041F00401C0F87F
:103640009C1001207047022180F898100022016828
:103650008B6923F001038B61C0F89C2010467047F2
:1036600070477047704770477047704770477047A2
:10367000704770472DE9F84F03247A4D00234FF02F
:1036800001094FF0B04B4FF00F0AE4E009FA03F6DE
:10369000324078D00F7907F00307012F01D0022FB5
:1036A0001AD187684FEA430ED1F80CC004FA0EF81D
:1036B00027EA08070CFA0EFC4CEA070CC0F808C011
:1036C000476891F804C0B743CCF3001C0CFA03FC24
:1036D0004CEA070CC0F804C00E79F643B6070BD0CD
:1036E000C6684FEA43088F6804FA08FC26EA0C060D
:1036F00007FA08F73743C7600E7906F00306022E73
:1037000012D1DE080F694FEA437C00EB8606B6460D
:10371000366A4FEADC6C0AFA0CF807FA0CF726EA6C
:1037200008063743CEF820700F7906684FEA430841
:1037300007F0030704FA08FC07FA08F726EA0C0664
:10374000374307604E6816F4403F1CD0464E37683A
:1037500047F00207376036689F0706F002060096BA
:1037600023F0030606F1B046B6463F0FD6F80864CC
:10377000DFF8F8800AFA07FC404526EA0C0603D178
:103780004FF0000C3AE065E0DFF8E4C0604502D19C
:103790004FF0010C32E0DFF8DCC0604502D14FF0A1
:1037A000020C2BE0DFF8D0C0604502D14FF0030CD3
:1037B00024E0DFF8C8C0604502D14FF0040C1DE0E2
:1037C000DFF8BCC0604502D14FF0050C16E0DFF811
:1037D000B4C0604502D14FF0060C0FE0DFF8A8C07E
:1037E000604502D14FF0070C08E0DFF8A0C060454B
:1037F00002D14FF0090C01E04FF00A0C0CFA07FC63
:103800004CEA060CCEF808C44F68DBF80060FF02F3
:1038100026EA020600D516435F46CBF80060D1F8D1
:1038200004C0DBF804605FEA8C2C26EA020600D5AF
:1038300016437E606E684F6826EA0206BF0300D515
:1038400016436E602E684F6826EA0206FF0300D515
:1038500016432E605B1C0A6832FA03F67FF416AF3B
:10386000BDE8F88F80000058F44402580000025868
:103870000004025800080258000C025800100258B8
:103880000014025800180258001C02580024025864
:103890000069084000D0012070470AB1816170477B
:1038A0000904FBE70148806870470000900000248D
:1038B00002488168027811448160704790000024BA
:1038C000032010B500F0ACF801F0C0FD0F4A10491C
:1038D00014681368C4F3032203F00F038A5CC95C05
:1038E00002F01F0201F01F01D0400A4A20FA01F144
:1038F0001160094908600F2000F010F808B101209C
:1039000010BD00F04DF8002010BD00001844025812
:10391000B8020108A00000249C00002410B5102863
:1039200004468AB02AD200220146A12000F058F8AD
:10393000A12000F047F8154804601548016841F0DF
:1039400080710160006808A900F0807009906846E5
:1039500001F008FD01F068FD0E49400000220E4C08
:10396000B0FBF1F10D4840F2E7330460C0E90332E7
:10397000491EC0E9011202F041FD10B101200AB058
:1039800010BD064802F06CFDF9E700009400002429
:10399000EC44025840420F0000E00040BC400024CC
:1039A000074882B0016841F002010160006800220E
:1039B0000F2100F002000090901E02B000F010B83D
:1039C000F4440258002809DB410900F01F02890075
:1039D000012001F1E0219040C1F800017047000092
:1039E0000E4BF0B41B680D46C3F30223C3F1070668
:1039F000042E00D90426191D072901D2002300E056
:103A0000DB1E012404FA06F19C40491E2940641E75
:103A1000994014402143F0BC07F0D4BC0CED00E009
:103A2000064900F0070210B54FF6FF040868044B82
:103A3000204040EA02201843086010BD0CED00E071
:103A40000000FA0501680123C0F8D834002280F88C
:103A5000CC248869044A40F000608861486D1043B6
:103A600048650020704700000300001070470068A0
:103A7000416200207047F0B503685D6A39B19F6A02
:103A80004C1E00204FF4827605EB17450BE045EA0B
:103A90000240986210E0471C06EB800053F800C01B
:103AA000F8B205EB1C45A042F5D34FF4807000EB53
:103AB000810045EA02421A500020F0BDD0F8E0042F
:103AC00006F0A1BB01EBC10200EB8202D0F8E004DA
:103AD000126A06F0F4BA01EBC10200EB8202D0F8E0
:103AE000E004D2F8602206F046BBD0F8E00406F00D
:103AF0008CBB0A0601F00F0101EBC10100EB810153
:103B000001D5143101E001F51571006807F07ABAAA
:103B100001F00F020B0670B502EBC20104464FF034
:103B200001004FF0000504EB810102D54875143106
:103B300003E081F8555201F515710A7094F8942448
:103B4000012A08D084F89404206806F079FF002048
:103B500084F8945470BD022070BD70B5027904469B
:103B600001F00F00904201D9012070BD01F00F0259
:103B70004FF000050B0602EBC2014FF0010204EB0F
:103B8000810102D54A75143103E081F8555201F5DF
:103B900015718D70087094F89404012808D084F889
:103BA0009424206807F0B6F8002084F8945470BD7F
:103BB000022070BD01F00F0101EBC10100EB81009B
:103BC000D0F8680270472DE9F04101F00F06044675
:103BD0000D064FF0010006EBC6014FF0000504EBA7
:103BE000810102D54875143103E081F8555201F581
:103BF0001571C2F30A024F780B718A600E7007B11B
:103C00004E83022B00D14D7194F89424012A09D0DF
:103C100084F89404206806F05BFE284684F89454E7
:103C2000BDE8F0810220FBE770B501F00F0500242C
:103C300005EBC50100EB810101F5187181E81C005D
:103C400001F80B4C01F80C5D8379012B00D1CA619E
:103C50008279006807F0B6F8002070BD70B50D4697
:103C60000179044605F00F00884201D9012070BD9A
:103C700029064FF000064FF0010206D500EBC00107
:103C800004EB81014A75143107E005EBC50104EB33
:103C9000810181F8556201F515718A70087094F8F8
:103CA0009404012807D084F89424206807F05EF873
:103CB000280702D007E0022070BDA17904F29C42DF
:103CC000206806F0FBFF002084F8946470BD70B596
:103CD00001F00F04002504EBC401012600EB810173
:103CE000203181E82C0001F80B6C01F80C4D837930
:103CF000012B00D1CA618279006807F063F80020C7
:103D000070BD00002DE9FC5F05680446284607F0F9
:103D100015FA00287ED1206807F03CFA002879D0F7
:103D2000D5F80808C0F30D20C4F8D404206807F0C3
:103D300031FA800704D52068416901F00201416130
:103D4000206807F027FAC10604F29C40009035D5A0
:103D50002068816921F0100181612F6A07F00F014D
:103D6000C7F3434001EBC101022804EB810606F5CD
:103D7000157602D0062812D01BE047F6F0700742F5
:103D800017D0C7F30A12F1681746284607F006FA5B
:103D90007169F068394471613844F06009E0009954
:103DA0000822284607F0FAF97069C7F30A11084497
:103DB00070612068816941F010018161206807F01D
:103DC000E9F900034FF0080B4FF0000A4FF001092A
:103DD0007CD52068002607F0BCF9074674E0F80798
:103DE00070D02068F1B207F0CDF98046C00707D047
:103DF00005EB4611C1F8089B3146204604F012FA43
:103E00005FEA087024D505EB4611C1F808BBFA49F2
:103E1000206800E03EE2026C00EB461001928A420C
:103E2000D0F8081B05D9090403D54FF40041C0F8A8
:103E3000081B204600F001FBEF490198884207D992
:103E4000A079012804D120680121009A06F036FFEC
:103E50005FEAC86004D505EB46111020C1F8080BD5
:103E60005FEA88701DD56869000605D5D5F8040895
:103E700040F48061C5F8041806EBC60004EB80002E
:103E800090F8571200F51570012905D180F803A0AC
:103E90002046F1B200F004FA05EB46110220C1F809
:103EA000080B5FEA886004D505EB46112020C1F8B5
:103EB000080B5FEA884005D505EB46114FF400502A
:103EC000C1F8080B7F08761C002F88D1206807F006
:103ED00061F940036ED5206807F034F900260746E3
:103EE00066E0F80762D02068F1B207F039F9804641
:103EF000C00723D0D5F8342806F00F0C05EB461385
:103F000009FA0CF08243C5F83428C3F80899A0795F
:103F100001280FD106EBC60004EB8000D0E9072191
:103F20001144016236B9606A20B920680121009A03
:103F300006F0C4FE2046F1B2FFF7C4FD5FEA087048
:103F400003D505EB4611C1F808B95FEAC86004D58E
:103F500005EB46111020C1F808095FEA486004D556
:103F600005EB46114020C1F808095FEA887016D5B4
:103F70003146284607F0B7F806EBC60004EB800090
:103F8000C17D1430012905D180F803A02046F1B28B
:103F900000F082F905EB46110220C1F808095FEA3A
:103FA000086003D53146204604F0A2F97F08761C4C
:103FB000002F96D1206807F0EDF8002811DAD5F827
:103FC000040820F00101C5F8041894F8CC04012875
:103FD0003BD0204600F016FA2068416901F000410C
:103FE0004161206807F0D6F800050BD5D5F8080820
:103FF000C00702D0204600F049FA2068416901F468
:1040000000614161206807F0C5F800010AD5206809
:10401000416901F00061416194F8CC04E0B12046AF
:1040200000F034FA206807F0B5F8C00472D5D5F86E
:10403000040820F00100C5F804082068102107F0EA
:1040400052F800214FF67F322DE00021204684F8FF
:10405000CCA4FFF70BFDBFE784F8CC942068406D3B
:104060000121C0F38300C4F8D0042046FFF7FEFC12
:10407000D8E700BF05EB4110C0F80829D0F8003997
:1040800023F40013C0F80039C0F8082BD0F8003B27
:1040900023F40013C0F8003BD0F8003B43F000636A
:1040A000C0F8003B491C20798842E3D8D5F81C08A9
:1040B00040F00111C5F81C18E07B68B1D5F8840800
:1040C00040F00B01C5F88418D5F8440840F00B0106
:1040D0002846C5F844180DE0D5F8140842F22B0123
:1040E0000843C5F81408D5F8100840F00B0128461D
:1040F000C5F81018D0F8000820F4FE61C5F80018C3
:10410000A1792068009A06F0D9FD2068416901F480
:1041100080514161206807F03DF8800416D5206881
:1041200006F016FC206806F0FCFFE07101F048F98B
:1041300023680146E279184607F090F8204600F01F
:104140004BF92068416901F400514161206807F092
:1041500021F8000707D5204600F058F9206841698A
:1041600001F008014161206807F014F8000615D538
:10417000A869012620F08001A9610CE006EBC600C9
:1041800004EB800090F85702012803D12046F1B2D9
:10419000FFF7AFFC761C2079B042EFD8206806F01C
:1041A000F9FFC0021FD501264F4614E006EBC600FA
:1041B00005EB461304EB8001D3F800090A7E012ABF
:1041C00008D1002806DAF0B2CF7540F08001204611
:1041D000FFF78FFC761C2079B042E7D82068416950
:1041E00001F480114161206806F0D4FF800234D5CB
:1041F00001204A4629E000000A30544F00EBC0037A
:1042000005EB401604EB8301D6F8006B91F85832A9
:10421000012B19D1002E17DA94F8D434C6F30046D6
:1042200003F00103B3420FD181F85722A96941F08D
:104230008003AB616969090606D4D5F8040840F427
:104240000070C5F8040803E0401C21798142D5D8EC
:104250002068416901F400114161206806F09AFF6D
:10426000400007D52046FFF729FC2068416901F08E
:1042700080414161206806F08DFF40070AD5206823
:104280004568680702D52046FFF72FFC2068416883
:1042900029434160BDE8FC9FD0F8E00406F00DB86A
:1042A000D0F8E00406F01DB8F8B5040004D094F886
:1042B0009504002510B106E00120F8BD204684F8E1
:1042C000945400F057F8032084F89504206806F011
:1042D000EFFC207C8DF8000094E80F0006F046FB10
:1042E0000226B0BB2068002106F078FF88BB0020C2
:1042F00001270CE000EBC001421C04EB81014F756B
:104300000D76CD610D624D620875C885D0B22179F8
:104310008142EFD8002011E000EBC001421C04EB09
:10432000810181F8555281F85852C1F85C52C1F8A8
:104330006052C1F8645281F85402D0B221798142AE
:10434000EAD8207C8DF8000094E80F0006F0FAFB14
:1043500010B184F89564AFE7207B657484F8957498
:10436000012802D12046FFF76DFB206806F0DCFB38
:104370000020F8BD10B5B0B00446B8216846FCF77F
:104380008FF91349206888421FD100204FF4802103
:10439000CDE900108A006846219200F017FA08B1B2
:1043A000FCF763FF00F0B4F80A48016841F00071BF
:1043B000016000680022052100F000702E904D2061
:1043C000FFF70EFB4D20FFF7FDFA30B010BD0000E7
:1043D00000000440D844025870B50446C079012555
:1043E00070B1022801D0FCF740FFD4F8E004294660
:1043F00005F0E6FFD4F8E004BDE8704005F09ABF90
:104400000025F2E7D0F8E00405F0C3BFD0F8E004DF
:1044100005F0C9BF10B5044690F8940401280AD0ED
:104420000120617484F89404206806F006FF0020DF
:1044300084F8940410BD022010BDD0F8E02400F2EE
:104440009C41104605F0C8BF10B590F8941404467E
:104450000068012909D0012184F89414C168490633
:1044600009D5617B012902D005E0022010BD816BD6
:1044700041F480318163206806F013FE206806F065
:1044800045FB002084F8940410BD000010B50446DC
:10449000D0F8E00405F0E2FF2068D0F8001E41F0FB
:1044A0000101C0F8001EE07A002804D0024801682B
:1044B00041F00601016010BD10ED00E0134970B538
:1044C0000A68D243520705D5096801F00701814205
:1044D00013D118E00A6822F0070202430A60FFF7CE
:1044E000E1F90A4D4FF47A760446083D07E000BF33
:1044F000FFF7D8F9001BB04201D9012070BD286830
:10450000C0438004F4D4002070BD00000C48025861
:104510000248016841F08071016070470C48025800
:1045200010B500F04DFF05490968054AC1F30211B5
:10453000515C01F01F01C84010BD0000204402582A
:10454000B8020108494930B5484C0B1D0A681434BB
:1045500009681D68246802F00303C5F30012C1F363
:104560000531C4F3CC04002914FB02F200EE102A3A
:10457000F8EE400A75D03F4A9FED3D1AB7EE000AAB
:104580006BB1DFED3D1A012B01D0022B64D002EE9E
:10459000101A1168F8EE422A81EEA22A21E0334C6B
:1045A000283C23689B0612D5344B246801EE901AF0
:1045B0001168C4F3C104F8EE612AE34001EE903AB9
:1045C000C1F30801F8EE611A81EEA22A0BE001EEB8
:1045D000901ADFED2B2A00BFF8EE611A116882EE07
:1045E000A12AC1F3080101EE901A1168F8EE611AD0
:1045F00040EE811A71EE800A62EE200AC1F3462174
:1046000001EE101AB8EE411A31EE001AC0EE811A0E
:10461000BCEEE11A80ED001A1168C1F3064101EE0B
:10462000101AB8EE411A31EE001AC0EE811ABCEE33
:10463000E11A80ED011A1168C1F3066101EE101A4A
:10464000B8EE411A31EE000A80EE801ABCEEC10AC3
:1046500080ED020A30BD04E001EE901ADFED092A78
:10466000BAE70021016041608160F3E72844025805
:1046700000000039384402580024744A0090D003E6
:104680000024744C001BB74B494930B5484C0B1DF6
:104690000A681C3409681D68246802F00303C5F326
:1046A0000022C1F30551C4F3CC04002914FB02F22B
:1046B00000EE102AF8EE400A75D03F4A9FED3D1AF1
:1046C000B7EE000A6BB1DFED3D1A012B01D0022BD2
:1046D00064D002EE101A1168F8EE422A81EEA22A86
:1046E00021E0334C283C23689B0612D5344B2468C8
:1046F00001EE901A1168C4F3C104F8EE612AE34098
:1047000001EE903AC1F30801F8EE611A81EEA22A97
:104710000BE001EE901ADFED2B2A00BFF8EE611AD4
:10472000116882EEA12AC1F3080101EE901A116806
:10473000F8EE611A40EE811A71EE800A62EE200AEC
:10474000C1F3462101EE101AB8EE411A31EE001AFB
:10475000C0EE811ABCEEE11A80ED001A1168C1F3B7
:10476000064101EE101AB8EE411A31EE001AC0EE01
:10477000811ABCEEE11A80ED011A1168C1F30661DD
:1047800001EE101AB8EE411A31EE000A80EE801ADE
:10479000BCEEC10A80ED020A30BD04E001EE901AC1
:1047A000DFED092ABAE70021016041608160F3E78B
:1047B0002844025800000039404402580024744A3A
:1047C0000090D0030024744C001BB74B2DE9FE4F22
:1047D0000546DFF800A450F8081B0024FD4FC9432C
:1047E000019005F1280026460AF1240A00900801EC
:1047F0001DD4686E50B1B0F5801F0CD0B0F5001F0D
:104800000ED0B0F5401F1ED001240FE0386840F4F0
:104810000030386017E00198022103F00FFF03E039
:104820000098022103F09AFF04000CD02646288845
:10483000C043C00523D4A86D05281ED2DFE800F0D0
:104840000C11161B1B006A6EDAF8001021F44011DF
:104850001143CAF80010EAE7386840F400303860C5
:1048600009E00198002103F0E9FE03E0009800212F
:1048700003F074FF0446C4B100E0012426462888F2
:10488000DFF85083C04308F12C0840052FD4D5F839
:10489000A400B0F5C00F28D010DCB8B1B0F5001FEF
:1048A00019D0B0F5800F0FD11AE0AA6DDAF8001018
:1048B00021F007011143CAF80010E0E7B0F5000F3E
:1048C00013D0B0F5200F10D001240FE0386840F469
:1048D0000030386009E00198002103F0AFFE03E0EA
:1048E0000098002103F03AFF044694B12646288838
:1048F000C043000530D4D5F8A800B0F1407F29D0DE
:1049000011DCC0B1B0F1807F1AD0B0F1007F10D1BE
:104910001BE0D5F8A420D8F8001021F46001114361
:10492000C8F80010E3E7B0F1806F13D0B0F1A06FCA
:1049300010D001240FE0386840F40030386009E0FE
:104940000198002103F07AFE03E00098002103F0B3
:1049500005FF044694B126462868DFF878B2C043C4
:104960000BF1200B80011FD4E86CD8B110280FD0B8
:10497000202812D0302815D0012414E0D5F8A82022
:10498000D8F8001021F0E0611143C8F80010E3E707
:10499000386840F40030386004E00198022103F0E8
:1049A0004DFE044674B126462888C043C0042BD46B
:1049B000E86DB0F5005F20D00DDCA0B1B0F5805FF0
:1049C0000FD115E0EA6CDBF8001021F03001114343
:1049D000CBF80010E8E7B0F5405F13D0B0F5804F9A
:1049E00010D001240FE0386840F40030386009E04E
:1049F0000198002103F022FE03E00098002103F05B
:104A0000ADFE04468CB126462888C043800429D4D4
:104A1000286EB0F5403F23D010DC08B3B0F5803FDE
:104A200014D0B0F5003F0FD115E0EA6DDAF80010B0
:104A300021F4E0411143CAF80010E5E7B0F5802FFA
:104A40000ED0B0F5A02F0BD001240AE0019801216F
:104A500003F0F4FD03E00098012103F07FFE04461B
:104A600094B126462888C04340042AD4D5F8AC0027
:104A7000B0F1405F23D010DC08B3B0F1805F14D0F8
:104A8000B0F1005F0FD115E02A6EDAF8001021F4C2
:104A9000E0211143CAF80010E4E7B0F1804F0ED0D6
:104AA000B0F1A04F0BD001240AE00198012103F0DE
:104AB000C5FD03E00098012103F050FE044674B1E7
:104AC00026462888C04300041FD4E86ED8B1B0F150
:104AD000805F0ED0B0F1005F10D0012414E0D5F853
:104AE000AC20D8F8001021F0E0411143C8F80010C4
:104AF000E7E7386840F40030386004E001980121AD
:104B000003F09CFD044674B126462868C043C001EA
:104B10001ED4A86CD0B101280ED0022811D00328D1
:104B200014D0012413E0EA6EDAF8001021F04051AD
:104B30001143CAF80010E8E7386840F400303860E4
:104B400004E00198022103F079FD04466CB1264689
:104B50002868C043400255D41F48016841F4807161
:104B60000160FEF79FFE81460EE0AA6CDBF80010A4
:104B700021F003011143CBF80010E9E7FEF792FEA4
:104B8000A0EB090064283BD813480068C005F5D5A0
:104B9000BCBBDFF84090B5F8B01009F14409D9F872
:104BA000000001F4407100F44070884211D0D9F83F
:104BB0000010D9F8002021F4407142F48032C9F885
:104BC0000020D9F8002022F48032C9F80020C9F86A
:104BD000001003E02C44025800480258D5F8B000F9
:104BE000B0F5807F19D1FEF75DFE029011E000BFA5
:104BF000FEF758FE0299411A41F28830814208D9E5
:104C0000032426462878DFF81494C043C00721D037
:104C10003CE0D9F800008007EAD5D5F8B010C1F320
:104C200001200328FE480DD0016821F47C51016069
:104C3000B5F8B020D9F80010C2F30B021143C9F83F
:104C40000010DFE7F74A036802EA111223F47C51EF
:104C50001143ECE7A86F182816D005DCA0B108288E
:104C600008D0102804D10AE020280DD028280BD025
:104C700001240AE00198012103F0E0FC03E0009820
:104C8000012103F06BFD044664B126462878C04339
:104C900080071ED4686F062819D2DFE800F0160CD2
:104CA00011161616AA6FD9F8001021F03801114319
:104CB000C9F80010EAE70198012103F0BFFC03E006
:104CC0000098012103F04AFD04467CB100E0012474
:104CD00026462878C04340071FD4D5F89000062800
:104CE00019D2DFE800F0160C111616166A6FD9F803
:104CF000001021F007011143C9F80010E9E70198FD
:104D0000012103F09BFC03E00098012103F026FD44
:104D10000446A4B100E0012426462878C04380065A
:104D20002BD4D5F88C00B0F1405F24D011DC10B347
:104D3000B0F1805F15D0B0F1005F10D116E0D5F86A
:104D40009020D8F8001021F007011143C8F8001096
:104D5000E3E7B0F1804F0ED0B0F1A04F0BD00124AB
:104D60000AE00198002103F069FC03E000980221A9
:104D700003F0F4FC044694B126462878C04340066C
:104D80002BD4D5F89800B0F5406F24D011DC10B3C7
:104D9000B0F5806F15D0B0F5006F10D116E0D5F8E2
:104DA0008C20D9F8001021F0E0411143C9F800101F
:104DB000E3E7B0F5805F0ED0B0F5A05F0BD0012423
:104DC0000AE00198002103F039FC03E00098022179
:104DD00003F0C4FC044694B126462878C04300067C
:104DE0002BD4D5F89C00B0F5C04F24D011DC10B303
:104DF000B0F5005F15D0B0F5804F10D116E0D5F8B2
:104E00009820D8F8001021F4E0511143C8F80010A0
:104E1000E3E7B0F5004F0ED0B0F5204F0BD00124E2
:104E20000AE00198002103F009FC03E00098022148
:104E300003F094FC044654B126462878C04300078A
:104E40001ED4D5F88000B0F5805F0AD00FE0D5F809
:104E50009C20D8F8001021F460411143C8F80010DC
:104E6000EBE70098022103F079FC00B10126D5F8A8
:104E70008020D9F8001021F440511143C9F80010E6
:104E80002878C043C00613D4D5F89400B0F5807FCD
:104E900005D10098022103F061FC00B10126D5F88C
:104EA0009420D8F8001021F440711143C8F8001084
:104EB0002868C043000316D4D5F8A00038B1B0F577
:104EC000803F09D0B0F5003F0BD001240AE00198E3
:104ED000002103F0B3FB03E00098022103F03EFC45
:104EE00004468CB126462868C043400322D4D5F836
:104EF0008400B0F5801F11D0B0F5001F13D0B0F5BD
:104F0000401F15D0012414E0D5F8A020D8F80010D7
:104F100021F440311143C8F80010E4E7386840F448
:104F20000030386004E00098012103F017FC0446CB
:104F30005CB126462868C043C0031CD4286D70B1FC
:104F4000B0F5803F10D0012414E0D5F88420D9F8C2
:104F5000001021F440111143C9F80010EAE7386845
:104F600040F40030386004E00198022103F066FB51
:104F70000446DCB126462868C043800005D400986A
:104F8000022103F0EBFB00B101262868C043800337
:104F90001BD4E86FB8B1B0F5807F10D0B0F5007FBA
:104FA00011D0B0F5407F0ED001240DE02A6DDBF862
:104FB000001021F480311143CBF80010DBE7386892
:104FC00040F4003038607CB326462868C043C002F5
:104FD00007D42A6FDAF8001021F000411143CAF813
:104FE00000102868C043800207D4AA6EDAF80010C7
:104FF00021F080711143CAF800102868C0434000B6
:1050000009D40748016821F4004101600168D5F81E
:10501000B420114301602868C04306E0544402589C
:1050200010440258CFFFFF001DE007D46A6DDBF883
:10503000001021F040511143CBF800102868C04304
:10504000000208D4D5F88820D9F8001021F44001D6
:105050001143C9F8001028790024C04300F0010072
:10506000204309D00EE0EA6FD9F8001021F4407116
:105070001143C9F80010A8E70198002103F0DEFAF7
:1050800000B106462879C04300F00200204305D154
:105090000198012103F0D2FA00B106462879C043F5
:1050A00000F00400204305D10198022103F0C6FA64
:1050B00000B106462879C04300F00800204305D11E
:1050C0000098002103F04AFB00B106462879C0434E
:1050D00000F01000204305D10098012103F03EFBB1
:1050E00000B106462879C04300F02000044304D1F3
:1050F0000098022103F032FB00B916B10120BDE88F
:10510000FE8F0020FBE700002DE9F05F04000F4652
:105110007ED0DFF83882D8F8000000F00F00B842E7
:105120000CD2D8F8001021F00F013943C8F8001054
:10513000D8F8000000F00F00B84269D12078844D03
:1051400040070AD52069296801F07001884204D916
:10515000296821F070010143296020787C4E361DBA
:1051600000070AD56069316801F07001884204D9EE
:10517000316821F07001014331602078C0060AD502
:10518000A069316801F4E061884204D9316821F4F2
:10519000E061014331602078DFF8B4B180060BF1A3
:1051A000080B0CD5E1695846DBF8002002F07002CC
:1051B000914204D9026822F070020A43026020780A
:1051C00080070AD5E068296801F00F01884204D9F8
:1051D000296821F00F01014329602078C0073ED0E3
:1051E0005B49A2682868183920F470601043286071
:1051F0006068022818D0032819D00968012819D03E
:10520000490700294ADADFF848A1AAF1080A00E0B4
:1052100044E0DAF8002022F007020243CAF8002036
:10522000FEF740FB814612E009688903E9E7096857
:105230008901E6E7C905E4E7FEF734FBA0EB0901C5
:1052400041F28830814202D90320BDE8F09F6168B5
:10525000DAF8000000F03800B0EBC10FECD1207894
:1052600080070AD5E068296801F00F01884204D25E
:10527000296821F00F0101432960D8F80010404649
:1052800001F00F01B9420BD9016821F00F01394338
:105290000160006800F00F00B84201D00120D4E79F
:1052A000207840070AD52069296801F070018842FA
:1052B00004D2296821F07001014329602078000799
:1052C0000AD56069316801F07001884204D2316802
:1052D00021F07001014331602078C0060AD5A06931
:1052E000316801F4E061884204D2316821F4E06160
:1052F00001433160207880060CD5E1695846DBF81F
:10530000002002F07002914204D2026822F0700282
:105310000A43026000F09AF80E492A682B68C2F32B
:10532000032203F00F038A5CC95C02F01F0201F044
:105330001F01D040084A20FA01F1116007490860B6
:1053400007480068BDE8F05FFEF7E8BA00200052A9
:1053500018440258B8020108A00000249C00002450
:105360009400002470B5144C3F220260124A246855
:105370000832131D114D04F00704446016681C1D0B
:1053800006F470668660166806F00F06C66012683E
:1053900002F0700202611A6802F0700242611A683B
:1053A00002F4E0628261226802F07002C261286841
:1053B00000F00F00086070BD104402580020005239
:1053C00030B500F043F80B4A0B490C4B15681468D4
:1053D000C5F3032204F00F048A5C095D02F01F028A
:1053E00001F01F01D040064A20FA01F11960106057
:1053F000084630BD18440258B8020108A000002435
:105400009C00002400B5FFF7DBFF05490968054A49
:10541000C1F30211515C01F01F01C84000BD000042
:105420001C440258B802010800B5FFF7C9FF05493E
:105430000968054AC1F30221515C01F01F01C8400F
:1054400000BD00001C440258B8020108454970B56F
:1054500045480968434B103B11F0380208D0011150
:10546000082A03D0102A0BD0182A0BD0084670BD8A
:1054700019688906FBD51968C1F3C101C84070BD20
:105480003A4870BD3749374D18310C1D24350A682C
:10549000096826682D6802F0030406F00102C1F3D2
:1054A0000511C5F3CC0515FB02F200EE102AB8EE8B
:1054B000400AE9B32F4ADFED2E0AB7EE001A6CB1AD
:1054C000DFED2D1A012C01D0022C43D002EE101A70
:1054D0001068F8EE422A81EEA22A1EE01C68A4069B
:1054E00011D51B6801EE901A1168C3F3C103F8EEE1
:1054F000612AD84001EE900AC1F30800F8EE611A63
:1055000081EEA22A0BE001EE901ADFED1C2A00BF0B
:10551000F8EE611A106882EEA12AC0F3080001EECD
:10552000900AF8EE611A40EE201A31EE810A00E08E
:1055300015E022EE000A1068C0F34620401C00EE81
:10554000900AF8EE600A80EE201ABCEEC10A10EE56
:10555000100A70BD01EE901ADFED092AD8E700208D
:1055600070BD0000104402580090D00300366E0158
:1055700000000039304402580024744A0024744C5E
:10558000001BB74B2DE9F05F04007DD0FF4F207862
:10559000FE4D1837DFF8F483103DC00748D0D8F827
:1055A0000000396800F03800102815D0182803D101
:1055B00001F0030002280FD06068B0F5803F12D0E0
:1055C00010B1B0F5A02F18D0286820F480302860E2
:1055D000286820F4802009E02868800328D56068C6
:1055E0000028D2D024E0286840F480302860606829
:1055F00088B1FEF757F9064609E0286840F4802094
:105600002860F0E7FEF74EF9801B64287ED82868F2
:105610008003F7D50CE0FEF745F9064605E000BF2C
:10562000FEF740F9801B6428F0D828688003F7D47F
:105630002078800756D5D8F80000DFF850933968F5
:1056400010F03800A9F10C090ED0182801D18807F4
:105650000AD0E068A8B3296821F019010143296044
:10566000FEF720F9064628E02868400702D5E068E2
:1056700000288AD0E168286820F0190008432860D3
:10568000FEF710F9064606E0D2E000BFFEF70AF981
:10569000801B0228BAD828684007F7D5217CD9F8A2
:1056A000002022F0FE4242EA0161C9F8001019E030
:1056B000FEF7F8F8801B0228A8D828684007F7D51D
:1056C000ECE7FFE7286820F001002860FEF7EAF821
:1056D000064604E0FEF7E6F8801B022896D8286804
:1056E0004007F7D42078C00646D5D8F80000DFF888
:1056F0009C92396800F03800A9F10409082812D0FA
:10570000182805D101F00300012800E0CEE00AD0FE
:10571000E0690028286820D040F080002860FEF76B
:10572000C1F8064615E02868C00502D5E069802862
:105730007ED194F82010D9F8002022F07C5242EA61
:105740000161C9F8001017E0FEF7ACF8801B0228D1
:10575000A0D82868C005F7D5EBE720F080002860C6
:10576000FEF7A0F8064604E0FEF79CF8801B02282E
:1057700090D82868C005F7D42078000729D5834839
:105780006169643000298146016811D041F001014E
:105790000160FEF787F8064605E000BFFEF782F8D5
:1057A000801B022888D8D9F800008007F6D510E0C1
:1057B00021F001010160FEF775F8064605E000BF23
:1057C000FEF770F8801B022870D8D9F80000800717
:1057D000F6D42078800623D5A0690028286810D048
:1057E00040F480502860FEF75DF8064605E000BFF3
:1057F000FEF758F8801B022858D828688004F7D58F
:105800000EE020F480502860FEF74CF8064604E0D5
:10581000FEF748F8801B022848D828688004F7D48F
:105820002078400751D5DFF86891D9F8001000E0E2
:1058300015E141F48071C9F80010FEF733F806460F
:1058400005E000BFFEF72EF8801B64282ED8D9F89B
:105850000000C005F6D54D4EA068603601280AD07C
:1058600008B1052813D0306820F00100306030689E
:1058700020F0040002E0306840F001003060A068D1
:1058800041F2883A98B1FEF70DF881460AE0306897
:1058900040F004003060EEE7FEF704F8A0EB0901E9
:1058A000514503D830688007F6D50EE072E0FDF769
:1058B000F9FF814606E000BFFDF7F4FFA0EB090108
:1058C000514567D830688007F6D4606A00287CD0DC
:1058D000DFF8B8A0D8F800100AF1200A4FF6F87BDC
:1058E0000AF10408C1F3C2010329AAF104096DD029
:1058F0000228286820F08070286003D0FDF7D2FFCE
:10590000044681E0FDF7CEFF064604E0FDF7CAFF3E
:10591000801B022875D828688001F7D4E26A40F21B
:10592000F331386854F8283F884340EA021018439E
:105930003860217B4FF4FE0C22894FF0FE47208A0D
:105940004902267D521E401EA1F5007189B2C2F3A4
:1059500008021143761E0CEA00400143484607EA5C
:1059600006621143CAF80010D9F8001021F00101B5
:10597000C9F80010D8F80030266A23EA0B0343EA7E
:10598000C601C8F80010D9F8001004E0104402580D
:105990000048025835E0A26921F00C011143C9F812
:1059A00000100168E26921F0020111430160016801
:1059B00041F480310160016841F400310160016807
:1059C00041F480210160016801E06CE020E041F0D9
:1059D00001010160286840F080702860FDF762FFD7
:1059E000044604E0FDF75EFF001B022809D8286882
:1059F0008001F7D557E000BFFDF754FF001B0228D8
:105A000002D90320BDE8F09F28688001F4D44AE061
:105A100039680128DAF8000021D0A26A01F00303F6
:105A200093421CD1E26AC1F305118A4217D1216B5E
:105A3000C0F30802491E8A4211D1616BC0F34622AD
:105A4000491E91420BD1A16BC0F30642491E9142FF
:105A500005D1E16BC0F30660491E814201D00120EF
:105A6000D0E7A16C4646D8F80000C0F3CC008142D4
:105A700019D0D9F800004D4620F00100C9F8000007
:105A8000FDF710FF4FEA0007FDF70CFFB842FBD00F
:105A9000A26C306820EA0B0040EAC200306028683F
:105AA00040F0010028600020ACE770472DE9F04786
:105AB00004460068002103694269876894F88160A0
:105AC00000F130095FEA025C03EA02050AD51A0711
:105AD00008D5816941F400618161204600F07FFAB8
:105AE000BDE8F08715F0600F08D1680706D5616F33
:105AF00020468847216F20468847012105F0410054
:105B0000012805D1680703D4216F20468847012169
:105B100005F02200022806D1680704D4616F2046F0
:105B2000BDE8F04708470029DAD128074FF00108FF
:105B30005BD52068816941F0080181612068816935
:105B400041F0100181612068816941F40061816147
:105B50002068016921F0080101612068806810F463
:105B6000404F20D023E0E0680F2806D92068616EFE
:105B7000006B0860606E001D0FE0072806D9B9F8B9
:105B80000000616E0880606E801C06E02068616E17
:105B900090F830000870606E401C6066B4F86A00CF
:105BA000401EA4F86A00B4F86A000028DBD1204641
:105BB00002F06AFE84F88180D4F8840018B120468F
:105BC000FFF773FF8CE7052E07D0042E09D0032EB4
:105BD00086D1204600F0A8FB82E7204600F0A5FB16
:105BE0007EE7204600F0FAF97AE715F4587FE9D00D
:105BF00068060AD5D4F8840040F00400C4F8840094
:105C00002068816941F040018161A8050AD5D4F876
:105C1000840040F00100C4F884002068816941F4E8
:105C200000718161E8050AD5D4F8840040F00800CD
:105C3000C4F884002068816941F480718161A806FC
:105C40000AD5D4F8840040F08000C4F884002068AD
:105C5000816941F020018161D4F884000028B1D02D
:105C6000206840F26B32C7F381310368032923F0C7
:105C7000010101602068016921EA0201016102D08D
:105C800084F881809BE72068104D816821F44041B1
:105C90008160E06F50B10565E06FFBF7FBFD28B157
:105CA000D4F8840040F04000C4F88400A06F0028BD
:105CB00088D00565A06FFBF7EDFD00288CD0D4F8E7
:105CC000840040F04000C4F8840009E745890008DA
:105CD0002DE9F047040029D0594A4FF00009206807
:105CE000584B594D9042C4F8289006D0984204D0A1
:105CF000A84202D0E1680F2918D8E1684FF0010AE4
:105D0000E76B0831C9080AEB57167143904205D07A
:105D1000984203D0A84201D0082907D8904203D066
:105D2000984201D0A84204D1102902D90120BDE82F
:105D3000F08794F8810020B9204684F8809000F024
:105D400085F8022084F881002068016821F00101B3
:105D500001602068A1698268B1F1806F02F4F811D6
:105D600010D16268B2F5800F01D01AB10AE0A26BBF
:105D700022B107E0A26BB2F1805F03D1026842F466
:105D8000805202606068400209D5E068072806D3A7
:105D90002068236D026822F480721A4303E02068B1
:105DA000026822F480720260A66AE069E26B2568EC
:105DB0003043E3680A4310431843A860D4E90D0256
:105DC000D4E90581636A25691843D4F820C00A43E1
:105DD000266810432843A56DD4E90172D4E9123135
:105DE00040EA080040EA0C003843084310431843D7
:105DF0002843F060606868B92068816821F4C05168
:105E000041F4006181602068816821F4C06141F43F
:105E1000806181602068016D21F001010165606889
:105E2000400206D52068626DC16821F0004111432F
:105E3000C160C4F8849084F881A0002077E7000056
:105E40000030014000380040003C00402DE9F041A6
:105E5000B4B0074614212EA8FAF722FCB8216846F0
:105E6000FAF71EFC5549022538680024544E884232
:105E700077D1811417940020CDE900106846FEF711
:105E8000A5FC08B1FBF7F1F94D480830016841F471
:105E900080410160006800F480403390306840F039
:105EA00004003060306800F004003390306840F047
:105EB00002003060306805262EA900F00200339001
:105EC00006202E90CDE92F543E48CDE93146FDF70E
:105ED000D1FB4FF400502E90CDE92F543A482EA913
:105EE000CDE93146FDF7C6FB384E4FF4806838499E
:105EF0002722304631604FF44031C6E90124C6E91B
:105F000003487461B461C6E907417462FCF77AF929
:105F100008B1FBF7AAF92D4D40232D4928227835E9
:105F2000FE671831B76302C5D902281F85E81C0136
:105F30002C616C61C5E906412C622D1FFCF762F9EA
:105F400008B1FBF792F9BD6700220521AF63242059
:105F5000FDF746FD2420FDF735FD34B0BDE8F081A6
:105F6000FFE71C498842F8D100202B944FF4804170
:105F7000CDE900106846FEF729FC08B1FBF775F97A
:105F80000F481430016841F020010160006800F002
:105F900020003390306840F0010030603068082104
:105FA00000F001003390A0202E90CDE92F54CDE9D0
:105FB000314109482EA9FDF75DFBCEE700380040CE
:105FC000E04402580008025800040258183800241F
:105FD000400002400014005800000258704770470B
:105FE0002DE9FF4F0446C06B17461D4683B042099A
:105FF0002068521C00F1200130301FFA82FBCDE9ED
:106000000001FDF74FFC824694F881002E460128DE
:1060100035D1049800287CD0002FFCD0002DFAD078
:1060200094F8800001282AD04FF0010984F880906C
:1060300005224FF0000884F88120C4F88480676648
:10604000A4F86A50A4F868500499E165A4F8625075
:10605000A4F86050C4F87080C4F874802068C168E7
:1060600021F4C021C160AD492068884205D0AC4907
:10607000884202D0AB49884205D1102704E00220B3
:1060800007B0BDE8F08F082741686FF30F0129437F
:1060900041602068016841F0010101606068B0F56D
:1060A000800F04D12068016841F400710160E0684C
:1060B0000F284CD9BF0838E020684169890710D5FE
:1060C0007EB1F119A9420CD9E16D09680162E06D58
:1060D000001DE065B4F86200401EA4F86200B4F848
:1060E00062602068416905B34269D20703D15D450A
:1060F00010D209040ED5006B616E0860606E001D41
:106100006066B4F86A00401EA4F86A00B4F86A50E9
:106110000BE0F0E0FDF7C6FBA0EB0A01109881420E
:1061200002D3401C01D004E018B156EA0500C3D1E7
:10613000C8E0204602F0A8FBD4F8840084F88080F0
:1061400040F48070C4F8840084F88190E2E007286D
:106150007BD97F084EE020684069800711D586B161
:10616000F019A8420DD9E06D018801980180E06D19
:10617000801CE065B4F86200401EA4F86200B4F828
:106180006260216848692DB34969C9070AD000983F
:106190000088616E0880606E801C6066B4F86A00DA
:1061A000401E13E05D4516D2010414D50098008806
:1061B000616E0880606E801C6066009909880180AD
:1061C000606E801C6066B4F86A00801EA4F86A00E5
:1061D000B4F86A500EE0012D01D18004D7D4FDF748
:1061E00061FBA0EB0A011098814202D3401C01D050
:1061F00083E058B356EA0500ADD163E020684169F9
:10620000890711D586B1F119A9420DD9E16D097837
:1062100080F82010E06D401CE065B4F86200401E7C
:10622000A4F86200B4F86260206841696DB1426907
:10623000D2070CD090F83000616E0870606E401C80
:106240006066B4F86A00401E24E038E055E05D4521
:1062500025D20A0423D590F83000616E0870606E74
:10626000401C6066216891F830100170606E401C1F
:106270006066216891F830100170606E401C6066A5
:10628000216891F830100170606E401C6066B4F8AF
:106290006A00001FA4F86A00B4F86A500FE0042DE9
:1062A00002D211F4C04FC5D1FDF7FCFAA0EB0A01F0
:1062B0001098814202D3401C01D01EE0E8B156EA9A
:1062C00005009BD1109B002208212046CDF800A09C
:1062D00002F046FB28B1D4F8840040F02000C4F856
:1062E0008400204602F0D0FA84F88190D4F884101B
:1062F00084F8808081B10120C2E6204602F0C4FA11
:10630000D4F8842084F8808042F48072C4F8842019
:1063100084F881900320B3E60020B1E6003001400C
:1063200000380040003C004070477047024A136844
:1063300083430B4313607047040400587047704751
:1063400070470000F0B590F83C20012A41D0224E61
:10635000012480F83C40022280F83D2002681F4D55
:106360005368B242D2F808C001D0AA4203D14F68A4
:1063700023F470033B430F6823F070031F435760FF
:106380000268B24219D0B2F1804F16D0144B9A4233
:1063900013D0144B9A4210D0134B9A420DD0AA42FC
:1063A0000BD0124B9A4208D0114B9A4205D0114B98
:1063B0009A4202D0104B9A4204D189682CF0800393
:1063C00019439160002180F83D4080F83C10084658
:1063D000F0BD0220F0BD00000000014000040140BB
:1063E0000004004000080040000C0040001800407D
:1063F0000040014000E0004000E4004010B504000F
:1064000003D094F83D0010B107E0012010BD00203A
:1064100084F83C00204600F022F8022084F83D0079
:106420002068211D02F096FB012084F8480084F8C2
:106430003E0084F83F0084F8400084F8410084F86E
:10644000420084F8430084F8440084F8450084F84E
:10645000460084F8470084F83D00002010BD7047D6
:1064600090F83D10012901D0012070471A4A0221FD
:1064700080F83D100168CB6843F00103CB600068F1
:1064800090421AD0B0F1804F17D01449884214D0EE
:106490001349884211D0134988420ED012498842CC
:1064A0000BD01249884208D01149884205D01149C1
:1064B000884202D01049884207D181680F4A1140B2
:1064C000062906D0B1F5803F03D0016841F00101F3
:1064D00001600020704700000000014000040040FF
:1064E00000080040000C004000040140001800407B
:1064F0000040014000E0004000E4004007000100CF
:1065000070472DE9F041044600680027C668056918
:10651000A90713D5B10711D5FA1E02610121217710
:10652000206880698007204602D0FFF7E9FF04E079
:1065300000F0C4F8204600F0A5F92777680716D5C3
:10654000700714D5226802206FF0040111612077D2
:106550002068806910F4407F204602D0FFF7D0FF0A
:1065600004E000F0ABF8204600F08CF9277728070C
:1065700015D5300713D5226804206FF0080111618A
:1065800020772068C0698007204602D0FFF7B8FF57
:1065900004E000F093F8204600F074F92777E8064D
:1065A00016D5F00614D5226808206FF0100111618D
:1065B00020772068C06910F4407F204602D0FFF7A2
:1065C0009FFF04E000F07AF8204600F05BF927779F
:1065D000E80708D0F00706D021686FF001000861D5
:1065E000204600F0E3F9280601D4A80408D53006B7
:1065F00006D521686FF4025008612046FFF79FFE20
:10660000E80508D5300606D521686FF4807008616A
:106610002046FFF793FE680608D5700606D5216868
:106620006FF040000861204600F0CAF9A8060AD5BC
:10663000B00608D521686FF0200008612046BDE84B
:10664000F041FFF77DBEBDE8F081000030B587B0B6
:10665000044614216846FAF723F824680021144DF3
:106660000223124A1348AC4209D1146844F00204D0
:1066700014601268009302F0020205920CE00E4DC5
:10668000AC4210D1146844F002041460126802F0A5
:1066900002020592EA130092CDE90131CDE903131C
:1066A0006946FCF7E7FF07B030BD0000E044025840
:1066B000000400400004025800180040704770B504
:1066C000044690F83C0000260D4601280BD001201E
:1066D00084F83C000C2A4AD007DC82B1042A20D07E
:1066E000082A06D131E0022070BD102A53D0142AA6
:1066F00063D00126002084F83C00304670BD20683D
:1067000002F0A6FA2068816941F0080181612068E1
:10671000816921F00401816120682A69816911433E
:1067200011E0206802F0E6FA2068816941F4006116
:1067300081612068816921F4806181612068296913
:10674000826942EA01218161D4E7206802F01EFBE0
:106750002068C16941F00801C1612068C16921F068
:106760000401C16120682A69C169114311E02068F0
:1067700002F058FB2068C16941F40061C1612068E2
:10678000C16921F48061C16120682969C26942EA56
:106790000121C161AEE7206802F080FB2068416DF5
:1067A00041F0080141652068416D21F00401416517
:1067B00020682A69416D114311E0206802F0A8FBAE
:1067C0002068416D41F4006141652068416D21F40C
:1067D0008061416520682969426D42EA0121416575
:1067E00088E710B5040003D094F83D0010B107E02D
:1067F000012010BD002084F83C00204600F022F863
:10680000022084F83D002068211D02F0A3F9012038
:1068100084F8480084F83E0084F83F0084F8400083
:1068200084F8410084F8420084F8430084F844006E
:1068300084F8450084F8460084F8470084F83D0059
:10684000002010BD08B50C4A01680C48914207D1E0
:10685000016841F002010160006800F0020009E0F7
:10686000074A914207D1016841F040010160006888
:1068700000F04000009008BD00040040E8440258C9
:10688000001800407047000030B504464FF0020287
:1068900069B1042912D0082917D00C291CD010295D
:1068A00021D094F84300012824D0012030BD94F871
:1068B0003E000128F9D184F83E201DE094F83F0005
:1068C0000128F2D184F83F2016E094F84000012816
:1068D000EBD184F840200FE094F841000128E4D186
:1068E00084F8412008E094F842000128DDD184F8C2
:1068F000422001E084F843200122206802F09AF946
:106900001E4920681E4A1F4B884209D0904207D07A
:10691000984205D01C4DA84202D01C4DA84203D17C
:10692000456C45F4004545642068884218D0B0F1B4
:10693000804F15D01649884212D0164988420FD090
:10694000154988420CD090420AD01449884207D099
:10695000984205D01249884202D01249884207D194
:106960008168114A1140062906D0B1F5803F03D055
:10697000016841F001010160002030BD00000140CC
:106980000004014000400140004401400048014033
:106990000004004000080040000C004000180040C7
:1069A00000E0004000E400400700010000680349E7
:1069B000884201D1FCF77CBF7047000000E0004036
:1069C000704730B590F88410012918D0012280F862
:1069D00084202421C0F888100022202401680B683C
:1069E0000D6823F0005325F001050D604266016833
:1069F0000B60C0F8884080F88420104630BD02202B
:106A000030BD10B50446D0F88C00202801D00220FB
:106A100010BD61B15AB10123E36600202067204612
:106A200002F06CFE0028F3D1E16E012901D00120B3
:106A300010BD226810211162226852E8001F41F047
:106A4000100142E80013002BF6D110BD2DE9F041F2
:106A50000368054649488415834207D10A464849D8
:106A6000284608F01FFB4649224609E04548834274
:106A700008D10A464449284608F014FB42492246F8
:106A8000284674E04148424C83420ED109F0F6F8A2
:106A9000A060002006F034FC01202070E16809B1FC
:106AA0003C4888473B491922EAE73B48834203D1E7
:106AB00038490C221931E3E7384883425BD1384822
:106AC00038490068884238D036491831884234D075
:106AD00034493031884230D03249483188422CD054
:106AE00030496031884228D02E497831884224D0FC
:106AF0002C499031884220D02A49A83188421CD0A4
:106B00002949884219D028491831884215D0264988
:106B10003031884211D02449483188420DD0224971
:106B20006031884209D020497831884205D01E4919
:106B30009031884201D01C49A8314068154905228E
:106B4000C0F18003A0792631451C00EB8016E8B225
:106B5000B0FBF2F701EB4605A5F8803002FB170009
:106B6000A071802200EB801001EB40010F48BDE8CE
:106B7000F04108F099BABDE8F08100000010014032
:106B8000D0E8002400440040D0E900240050004038
:106B9000AC020024D0EA002400780040001C014030
:106BA000CC3F00241000024010040240F03B0024BF
:106BB000704770B5044690F8840001281DD001226A
:106BC00084F884202420C4F88800206805680268BE
:106BD00022F0010202602068826822F060620A43AB
:106BE0008260204602F0DAF9226820210020156038
:106BF000C4F8881084F8840070BD022070BD70B5A0
:106C0000044690F8840001281DD0012284F88420D5
:106C10002420C4F8880020680568026822F0010278
:106C200002602068826822F060420A438260204647
:106C300002F0B4F92268202100201560C4F8881001
:106C400084F8840070BD022070BD7047704700005A
:106C500070B50446216851E8000F20F4907041E8B7
:106C60000002002AF6D1244A2068083050E8001FAC
:106C7000114040E80013002BF6D1E06E012808D146
:106C8000216851E8000F20F0100041E80002002ABE
:106C9000F6D1206800258068400618D520680830A5
:106CA00050E8001F21F0400140E80012002AF5D111
:106CB000D4F8800058B10565D4F88000FAF73AFCA2
:106CC00028B1D4F88000FAF727FF20280FD00F2032
:106CD000A4F85E502268202110622068826942F088
:106CE00008028261C4F88C10E566002070BD102097
:106CF000C4F89000032070BDFEFFFFEF204910B5DF
:106D0000884206D10846FFF7A3FF1E4919221C48F6
:106D100030E01D494FF48074884206D10846FFF7E1
:106D200097FF1A492246184824E01949884206D19B
:106D30000846FFF78DFF1749224615481AE0164905
:106D4000884207D10846FFF783FF0E490C221248FC
:106D500019310FE01149884210D10846FFF778FF3A
:106D60000F48084926318079802200EB801001EB22
:106D700040010A48BDE81040FFF743BE10BD0000C7
:106D8000A0390024D0EA0024C83A0024D0E8002426
:106D90005C3B0024D0E90024343A0024F03B00247A
:106DA000AC0200242DE9F04107680025044640F6B6
:106DB0000F030226F8693968BA6818420AD18306B7
:106DC0007ED501F0200302F0805C53EA0C0377D0FB
:106DD000616F7EE1D44BDFF854C3134001EA0C0C21
:106DE00053EA0C0C6CD05FEAC07C0CD05FEAC15C4B
:106DF00009D54FF0010CC7F820C0D4F8907047F0C7
:106E00000107C4F89070870709D5D70707D027680E
:106E10003E62D4F8906046F00406C4F890604607DD
:106E20000AD5D60708D0276804263E62D4F89060B9
:106E300046F00206C4F8906006070CD501F0200663
:106E40001E4308D0266808233362D4F8903043F0FC
:106E50000803C4F8903003050BD54B0109D526680B
:106E60004FF400633362D4F8903043F02003C4F849
:106E70009030D4F89030002B3DD0800609D501F039
:106E8000200002F08051084303D0616F09B1204611
:106E900088472168D4F890008968490602D410F028
:106EA000280F2AD0204602F0F9F9206880684006B1
:106EB0001ED52068083050E8001F21F0400100E096
:106EC00021E040E80012002AF3D1D4F8800078B124
:106ED00097490165D4F88000FAF7DCFC00280AD055
:106EE000D4F88000016D00E02046BDE8F04108477D
:106EF0002046FFF703FFBDE8F0812046FFF7FEFEC6
:106F0000C4F89050F7E7D4F86CC02023BCF1010F0F
:106F10007ED15FEAC06C7BD55FEAC16C78D510206A
:106F2000386220688068400673D5D4F88020814993
:106F30001068884234D07F491831884230D07D496A
:106F4000303188422CD07B494831884228D0794959
:106F50006031884224D077497831884220D0754901
:106F6000903188421CD07349A831884218D07249A8
:106F7000884215D070491831884211D06E4930319D
:106F800088420DD06C494831884209D06A49603145
:106F9000884205D068497831884201D066499031ED
:106FA00040684FF480770004000C40D0B4F85C10C7
:106FB00081423CD9A4F85E00D069B8422FD0216844
:106FC00051E8000F20F4807041E80002002AF6D159
:106FD0002068083050E8001F21F0010140E800124D
:106FE000002AF5D12068083050E8001F21F0400148
:106FF00040E80012002AF5D1C4F88C30E56620681C
:1070000050E8001F21F0100140E80012002A01E0C2
:107010004AE019E0F3D1D4F88000FAF78BFA26673A
:10702000B4F85C00B4F85E10401A81B208E0B4F81D
:107030005C1081427FF466AFD069B842FAD126670E
:107040002046FFF703FD56E7B4F85C00B4F85E1085
:10705000B4F85E20401A81B2002AF4D00029F2D0A0
:10706000226852E8000F20F4907042E80007002FD9
:10707000F6D1324F206800F1080050E8002F02EAF4
:10708000070240E8002CBCF1000FF3D1C4F88C30AB
:10709000E5666567226852E8000F20F0100042E8BC
:1070A0000003002BF6D1CAE7C60209D5560207D560
:1070B0004FF4801038622046BDE8F041FFF7C6BDAE
:1070C00006060AD501F0800602F40002164304D039
:1070D000A16F00297FF408AF0DE7420611D54A06DB
:1070E0000FD52046016851E8002F22F0400241E808
:1070F0000024002CF6D1C0F88830856700F0EEFA45
:10710000F9E6020206D54A0004D52046BDE8F04162
:10711000FFF79BBDC00196D5002994DA2046BDE853
:10712000F041FFF745BD0000010000102001000400
:10713000539100081000024010040240FEFFFFEFD0
:1071400010B5040003D0D4F8880010B107E0012086
:1071500010BD002084F88400204600F027F8242089
:10716000C4F888002068016821F001010160A06A6C
:1071700010B1204601F034FF204602F0D1F801287A
:10718000E6D02068416821F4904141602068816820
:1071900021F02A0181602068016841F0010101604D
:1071A0002046BDE8104001F07FBF00002DE9F04F00
:1071B000B5B0044614212EA8F9F772FAB821684632
:1071C000F9F76EFAFF4D0227DFF8F893083D00212A
:1071D000FD4A2068161590425AD1002288460223A3
:1071E00068461D91CDE90032FDF7F0FA08B1FAF7D3
:1071F0003CF8D9F8001041F48011C9F80010D9F812
:10720000000000F480103390286840F004002860EB
:10721000286800F004003390286840F008002860D7
:10722000286845464FF480512E9100F008004FF039
:107230000808CDE92F752EA93195CDE93280E348B4
:10724000FCF718FA04202E90CDE92F75E0482EA9FE
:10725000CDE93158FCF70EFADE4F4121DE4887E8D0
:107260002300C7E903567D613846BD61FD613D627B
:107270007D62FAF7C7FF08B1F9F7F7FFC4F880702D
:1072800000220521BC633520FCF7AAFB35206DE008
:10729000D24A4FF0070A4FF0400890426BD10020CD
:1072A0008B4602221D91CDE900206846FDF78EFA3B
:1072B00008B1F9F7DAFFD9F8001041F08041C9F8B8
:1072C0000010D9F8000000F080403390286840F0AA
:1072D0001000286028684FF4C0712E912EA900F08C
:1072E00010005D46CDE92F7BCDF8C4B0CDE932A0CA
:1072F000BB48FCF7BFF9B74F4F21B748783730305C
:1073000087E82300C7E903567D613846BD61FD610A
:107310003D627D62FAF776FF08B1F9F7A6FFDFF864
:10732000B4925023C4F8807009F1F009BC63484658
:10733000AC4AC0E90356C9F81450C9F81850C9F846
:107340001C50C9F8205089E80C01C9F82450FAF7FC
:1073500059FF08B1F9F789FFC4F87C900022052194
:10736000C9F838405220FCF73BFB5220FCF72AFBBF
:1073700035B0BDE8F08F9C4ADFF870B2904265D11D
:1073800000221E91012389466846CDE90032FDF7AF
:107390001DFA08B1F9F769FFDBF8001041F01001A0
:1073A000CBF80010DBF8000000F0100033902868E4
:1073B00040F00100286028684FF4C0612E912EA98A
:1073C00000F001004D46CDE92F79CDF8C490CDE90C
:1073D00032A08748FCF74EF9DFF8189229227E493F
:1073E0004846783989E82600C0E90356C9F81450A0
:1073F000C9F81850C9F81C50C9F82050C9F82450D1
:10740000FAF700FF08B1F9F730FF7A4F2A22C4F8E3
:1074100080907837C9F8384072493846C7E9035632
:107420007D619031BD61FD613D627D6287E806014D
:10743000FAF7E8FE08B1F9F718FFE767002205211F
:10744000BC632520FCF7CCFA25208FE76A4A9042DE
:1074500065D100208B4602221D91CDE900206846AF
:10746000FDF7B4F908B1F9F700FFD9F8001041F4BD
:107470000031C9F80010D9F8000000F40030339052
:10748000286840F008002860286860212E912EA905
:1074900000F008005D46CDE92F7BCDF8C4B0CDE902
:1074A00032A04B48FCF7E6F8524F2B214A48F03700
:1074B000183887E82300C7E903567D613846BD6167
:1074C000FD613D627D62FAF79DFE08B1F9F7CDFEE0
:1074D000DFF828912C23C4F880704846BC633E4AEC
:1074E000C0E90356C9F814501832C9F81850C9F841
:1074F0001C50C9F8205089E80C01C9F82450FAF74B
:1075000081FE08B1F9F7B1FEC4F87C900022052194
:10751000C9F838402620FCF763FA262026E7384AC7
:1075200090427FF425AF00201E9101228946CDE9CB
:1075300000206846FDF74AF908B1F9F796FEDBF836
:10754000001041F08001CBF80010DBF8000000F0E3
:1075500080003390286840F01000286028682EA929
:10756000DFF87CA04D4600F01000339004202E90F0
:10757000CDE92F79CDE931905046FCF77BF80B210E
:1075800008202E90CDE92F75CDE931512EA9504616
:10759000FCF770F8194F762112487837183087E8D1
:1075A0002300C7E903567D613846BD61FD613D6238
:1075B0007D62FAF727FE08B1F9F757FE0F4D094A29
:1075C000F0351FE0E844025800500040000802581F
:1075D000000C0258843C00248800024000780040DF
:1075E000001002581004024000100140F0440258FC
:1075F00000000258EC3D002400440040543F0024A9
:10760000001C0140C4F880703032BC637723C5E9A8
:107610000396C5F814902846C5F81890C5F81C9034
:10762000C5F82090C5F8249085E80C01FAF7EAFD2A
:1076300008B1F9F71AFEE56700220521AC639C202A
:10764000FCF7CEF99C2091E67047704770B5044670
:10765000D0F88800202801D0022070BD39B332B3A1
:10766000E06F002321652125A4F85420A4F85620BA
:10767000C4F89030C4F88850D8B11549C163E16F9F
:1076800014480864E16F1448C864E06F036513464A
:107690002068E56F00F12802216D2846FAF790FF77
:1076A00038B11021C4F890102020C4F888000120BF
:1076B00070BD2168402008622068083050E8001F33
:1076C00041F0800140E80012002AF5D1002070BD91
:1076D000539200089392000863910008006801210A
:1076E0000A4B0B4A984201D191707047094B98425E
:1076F00001D1D1707047084B984201D11171704788
:10770000064B9842FBD151717047000000100140B8
:10771000AC0200240044004000780040001C0140FE
:107720007047FEE707208AB000E0642006F072FC94
:10773000F9F708F90028F8D137480C21FFF7A4F829
:107740003B489FED362ADFED361A9FED361ADFED06
:10775000360A9FED360A00F053FF9FED360A684661
:1077600000F04EFC344D0120314C4C3C04F18006BD
:10777000E87004F18C0706F1080A04F10C0904F121
:1077800018082B48424649464C38F9F7F3F896ED6D
:10779000000A87ED000A96ED010A87ED010A96EDD1
:1077A000020A87ED020A2878400709D5287820F0D8
:1077B000040028701E4920484C390B30F9F792F824
:1077C000687840070AD5687820F004006870184A85
:1077D0004946121FA2F12A00F9F71AF8A8784007C3
:1077E0000CD5A87820F00400A87013484146083052
:1077F000F9F79AF994ED060A06F028FB94EC060ACC
:10780000684600F019FC0A49321D68465346343177
:1078100005F099FEB5E7000008390024008089458D
:1078200000A08C4500000000CDCC4C3E0000C844B8
:107830009CE5002400007A44D8010024F0B5002320
:107840000A251C463026372711E000BFB5EB107F14
:1078500002D906EB107C01E007EB107C01F813C0A5
:1078600001EB430C00015B1C8CF80140DBB293423E
:10787000ECD3F0BD884201DA084670479042FCDD47
:1078800010467047354808B5016841F001010160B4
:10789000016801F001010091016841F002010160FD
:1078A00000680022052100F0020000900B20FCF788
:1078B00097F80B20FCF786F8002205210D20FCF735
:1078C0008FF80D20FCF77EF8002205210E20FCF732
:1078D00087F80E20FCF776F8002205210F20FCF730
:1078E0007FF80F20FCF76EF8002205211020FCF72E
:1078F00077F81020FCF766F8002205211120FCF72C
:107900006FF81120FCF75EF8002205212F20FCF70C
:1079100067F82F20FCF756F8002205213820FCF7E5
:107920005FF83820FCF74EF8002205213920FCF7DB
:1079300057F83920FCF746F8002205213A20FCF7D9
:107940004FF83A20FCF73EF8002205214520FCF7CD
:1079500047F8BDE808404520FCF734B8D844025841
:10796000194800212DE9F041164D1D26816003279D
:1079700005600125C1600A2201742024417404239A
:10798000857480254761C0E90626C0E90827C0E95B
:107990000A268563C0E90C21C0E90F14C0E911343F
:1079A000C0E91331C0E91531C0E91714C0E9191352
:1079B000FBF7BEFA002803D0BDE8F041F9F755BC4B
:1079C000BDE8F08100A00040283500241C480021BB
:1079D0002DE9F041194D1D2781604FF0030C056022
:1079E0000125C1600A220174202441740423857496
:1079F0008026C0F814C040F25635C0E90627C0E919
:107A0000082CC0E90A27C0E90F14C0E91134C0E905
:107A10001331C0E91531C0E91714C0E9191330302A
:107A200080E864003038FBF783FA002803D0BDE813
:107A3000F041F9F71ABCBDE8F081000000A4004055
:107A4000C83500241C4800212DE9F041194D1D279F
:107A500081604FF0030C05600125C1600A220174AA
:107A600020244174042385748026C0F814C040F299
:107A7000AA65C0E90627C0E9082CC0E90A27C0E9C1
:107A80000F14C0E91134C0E91331C0E91531C0E960
:107A90001714C0E91913303080E864003038FBF760
:107AA00047FA002803D0BDE8F041F9F7DEBBBDE896
:107AB000F081000000D4004068360024154A0021FF
:107AC000154810B506F0E2FA144C0021114A243290
:107AD0002060134806F0DAFA0E4A0021606011486F
:107AE000483206F0D3FA0B4A0021A0600E486C32EF
:107AF00006F0CCFA074A0021E0600C48903206F00C
:107B0000C5FA044A002120610948B43206F0BEFAE1
:107B1000606110BD54010108B18900080000002413
:107B2000C5D00008C9D300082577000875DD000816
:107B3000C5EE000830B587B014216846F8F7B0FDEF
:107B40002848016841F010010160016801F010014E
:107B50000591016841F080010160016801F0800138
:107B60000591016841F004010160016801F0040120
:107B70000591016841F001010160016801F0010116
:107B80000591016841F002010160016801F0020104
:107B90000591016841F00801016000680122124D61
:107BA000092100F0080005902846FBF776FE002426
:107BB00009200121032203928DE81300694628461B
:107BC000FBF758FD4FF4A0504FF488118DE81300D7
:107BD00006486946FBF74EFD00212804FEF7A6FB88
:107BE00007B030BDE04402580008025800100258A7
:107BF0002DE9F041164807264FF08042DFF84CC0CF
:107C00000021551105611311C0E90216C0E90721D1
:107C10004162171281629411C162C0E90D21C163F2
:107C2000016441648164C164016541658165C0E9A5
:107C30000543C0E900C7FEF74BF8002803D0BDE8B4
:107C4000F041F9F712BBBDE8F081000000380040B8
:107C5000083700242DE9F0414FF480071548002132
:107C6000134EBD000722AC00C0E90321A300C0E908
:107C7000073141629A0081624FF4003CC162C0E961
:107C80000D21C163016441648164C1640165416582
:107C90008165C0E9055480E8C010FEF719F8002896
:107CA00003D0BDE8F041F9F7E0BABDE8F08100008B
:107CB000001400589037002410B58AB0002468469C
:107CC0001C21079408940994F8F7EAFC164840F23E
:107CD000CF711722134BC0E9024104618461C0E9EE
:107CE0000032FEF77EFD08B1F9F7BFFA0E4807A98A
:107CF00007940994FEF726FB08B1F9F7B6FA60205D
:107D00004FF47A718DE81300074804226946049401
:107D1000FEF7D5FC08B1F9F7A8FA0348FEF796FC80
:107D20000AB010BD001800405439002430B58BB0A3
:107D3000002468461C21079408940994F8F7B0FCC5
:107D4000164842F20F721723134D8021C0E90242F8
:107D500004618161C0E90053FEF743FD08B1F9F702
:107D600084FA0E4807A907940994FEF7EBFA08B1C4
:107D7000F9F77BFA60206946CDE9000407480C2238
:107D800002940494FEF79BFC08B1F9F76EFA0348DD
:107D9000FEF75CFC0BB030BD000400400839002445
:107DA000184800212DE9F041154A0424C0E9054195
:107DB000C16101629514144B56144162171581621A
:107DC00080E8EC00FFF7BCF908B1F9F74EFA0D486E
:107DD0000021FEF714FF08B1F9F747FA094800211E
:107DE000FEF7E7FE08B1F9F740FA0648FEF7E9FDAD
:107DF000002803D0BDE8F041F9F737BABDE8F081BB
:107E000000500040A0390024A0860100184800213D
:107E100010B5164C0C224FF4E1330460C0E9013177
:107E2000C160C0E904128161C16101624162816285
:107E3000FFF786F908B1F9F718FA0D480021FEF7A7
:107E4000DEFE08B1F9F711FA09480021FEF7B1FE8C
:107E500008B1F9F70AFA0648FEF7B3FD002803D087
:107E6000BDE81040F9F701BA10BD000000780040ED
:107E7000343A00241848002110B5164C0C224FF457
:107E8000E1330460C0E90131C160C0E904128161DD
:107E9000C161016241628162FFF752F908B1F9F7ED
:107EA000E4F90D480021FEF7AAFE08B1F9F7DDF963
:107EB00009480021FEF77DFE08B1F9F7D6F906481A
:107EC000FEF77FFD002803D0BDE81040F9F7CDB9DB
:107ED00010BD0000001C0140F03B002418480021A8
:107EE00010B5164C0C224FF461230460C0E9013137
:107EF000C160C0E904128161C161016241628162B5
:107F0000FFF71EF908B1F9F7B0F90D480021FEF7A7
:107F100076FE08B1F9F7A9F909480021FEF749FEF4
:107F200008B1F9F7A2F90648FEF74BFD002803D087
:107F3000BDE81040F9F799B910BD000000100140EC
:107F4000C83A00241848002110B5164C0C224FF4F2
:107F500061230460C0E90131C160C0E9041281619C
:107F6000C161016241628162FFF7EAF808B1F9F785
:107F70007CF90D480021FEF742FE08B1F9F775F9CA
:107F800009480021FEF715FE08B1F9F76EF9064819
:107F9000FEF717FD002803D0BDE81040F9F765B9DA
:107FA00010BD0000004400405C3B00241049012249
:107FB000104810B502F05EF808B1F9F756F90E490D
:107FC0000C4802F076FA08B1F9F74FF90B49094865
:107FD00001F012FE08B1F9F748F9064802F0EEFA8E
:107FE00008B1F9F742F9BDE81040FCF791BA00007A
:107FF0001C000024084100247C0100247C00002493
:10800000B7EE001ADFED0B0A80ED040A80ED001ACE
:10801000C0ED010AC0ED020AC0ED030A80ED051AA9
:10802000C0ED060AC0ED070AC0ED080AC0ED090A56
:10803000704700000000000010B504462DED0A8BCB
:10804000B0EE61CAB0EE62BAB5EEC0CAF0EE42AAB6
:10805000F0EE418AB0EE609AF0EE409AF1EE10FA3E
:10806000B6EE00AAF7EE00BA09D1F5EEC0AAF1EE1D
:1080700010FA04D1B5EEC0BAF1EE10FA69D02CEEC8
:108080000C0A0AEEAA0A0BEE0B0A05F01DFF94ED8E
:10809000011AD4ED003AD4ED030AB0EE4A8A94ED09
:1080A000062A61EE202A23EE813A13EEA38A6CEEB3
:1080B000004A2AEE801A2BEE000AD4ED021AB5EE21
:1080C000C02AF1EE10FA43EEE12A01EEA03A00EEEA
:1080D000A08A60EE223A24EE834A61EE081A44EE4A
:1080E000C83A01EE624A40EE431A22DDD4ED044A5A
:1080F00062EE232A22EE043A22EE215A8BEEA42AC3
:1081000094ED071A94ED080AD4ED090A05EE021A57
:1081100002EE820A43EE020A84ED071A84ED080A91
:1081200071EE299A30EE099A70EEA88AC4ED090A18
:1081300007E09FED370A84ED070A84ED080A84ED15
:10814000090A94ED050A40EE219A00EE239A40EECA
:10815000048A94ED040A94ED002AD4ED010A8BEE12
:10816000801AD4ED021A94ED033A61EE0A2A22EE47
:10817000A90A22EE891A62EEA82A22EE004A62EECD
:10818000014A22EE225A60EEC03A01EEA24A40EEC7
:10819000E24A00EE815A41EEC13A03EE414A43EE13
:1081A000004A01EEC05A43EE623A74EE200A74EEC1
:1081B000A11A35EE031A33EE820AC4ED021A84EDD9
:1081C000031A84EC020A20EE000A00EEA00A01EE77
:1081D000A10A01EE010A05F077FE94ED001A94ED74
:1081E000012AD4ED021AD4ED030A21EE001A22EE80
:1081F000002A61EE801A20EE800A84ED001A84EDD8
:10820000012AC4ED021A84ED030ABDEC0A8B10BDED
:1082100000000000FEE7FEE70148FBF773BD000029
:10822000045800242DE9F041044680790D462027AA
:10823000236801284FF4004604F29C4203EB4511E9
:10824000D3F840C0D1F8080B09D0DFF89CE0F44522
:108250003AD1020433D500BFC1F8086B40E0234B8C
:108260005FEA007E04D59C453AD90004F4D437E097
:108270005FEA806E02D5C1F8087B31E010F0280F6C
:108280002ED19C4501D90004E6D4D1F8101B05EB92
:10829000C50004EB8000C1F31201D0F87432A3EBE7
:1082A0000101C0F8681200F51570ADB903691BB182
:1082B000C2681144C1600FE0206801210AE0800615
:1082C0000AD5C1F8087B07E035B9D4F8640218B9BB
:1082D0000021184602F0F2FC2046E9B2FBF7FBFB56
:1082E0000020BDE8F08100000A31544F0A30544F9D
:1082F0002DE9F84F0E460568814601EBC60100EBFB
:108300008104D4E909201434904202D90120BDE847
:10831000F88FA168101A814200D20846C01C05EBF4
:10832000461887081BE000BFA268A0EB010A52456F
:1083300000D2924699F806100AF1030000911FFA44
:108340008AF3E16887082846F2B202F0FBFFE16891
:1083500001EB0A00E060616901EB0A006061D8F896
:10836000180980B2B84205D3D4E90401814201D290
:108370000028D9D1D4E90401884208D8D5F83418A6
:10838000012006F00F0290408143C5F83418002008
:10839000BDE700B590ED0A1AD0ED011A80ED050A8F
:1083A00030EE600AC0ED060AD0ED070AD0ED002AD3
:1083B00001EE801A90ED022A70EE601AC0ED080AF4
:1083C00062EE802A80ED070A21EE820A0346C0EDA4
:1083D000092A83ED0A1A83ED0B0AFDEEC10A93ED1B
:1083E000030A10EE900AF1EE400ABDEEC00AFDEE5F
:1083F000E00A10EE102A10EE901AFFF73BFA00EE9A
:10840000100AD3ED090A93ED0B1AB8EEC00A83EDFA
:108410000A0A70EE800A30EE810A83ED0C0ABDEE86
:10842000C00AD3ED040A10EE100AB1EE601ABDEED8
:10843000E00AFDEEC10A10EE102A10EE901AFFF7C6
:1084400019FA00EE100AB8EEC00A83ED0C0A00BD5E
:10845000B8B390EC025A70EEC01A90ED091A90ED84
:10846000042AD0ED0E2A90ED023AD0ED0F3A90EDAD
:108470000C4AD0ED0B4AC0ED050A80ED060A05EE68
:10848000A11AC0ED103A71EEE20AC0ED0F2AC0ED5C
:108490000E1A25EE210A80ED0D4A63EE201AC0ED7A
:1084A0000C4AB4EEC21AC0ED0B0A80ED080AF1EED8
:1084B00010FAC0ED0A1A80ED091A06DD80ED092ACE
:1084C0000CE0FFE79FED130A7047F1EE420AB4EEAD
:1084D000E01AF1EE10FA01D2C0ED090A90ED091A86
:1084E000D0ED030A30EE010A30EE210A80ED070AD2
:1084F000B4EEE00AF1EE10FA06DCF1EE600AB4EE3A
:10850000E00AF1EE10FA01D2C0ED070A90ED070A79
:108510007047000000000000B8B390EC025A70EE03
:10852000C01A90ED091A90ED042AD0ED0E2A90EDB4
:10853000023AD0ED0F3A90ED0C4AD0ED0B4AC0ED67
:10854000050A80ED060A05EEA11AC0ED103A71EE9B
:10855000E20AC0ED0F2AC0ED0E1A25EE210A80EDC9
:108560000D4A63EE201AC0ED0C4AB4EEC21AC0EDFB
:108570000B0A80ED080AF1EE10FAC0ED0A1A80ED40
:10858000091A06DD80ED092A0CE0FFE79FED1A0AC3
:108590007047F1EE420AB4EEE01AF1EE10FA01D2A1
:1085A000C0ED090AD0ED090A144930EE200A30EE78
:1085B000210A80ED070A098800EE901AF8EE600A99
:1085C000B4EEE00AF1EE10FA04DD00EE101AB8EE97
:1085D000400A0DE0494200EE901AF8EEE00AB4EECF
:1085E000E00AF1EE10FAD3D200EE101AB8EEC00A8B
:1085F00080ED070A7047000000000000B40100246D
:10860000002817D0DFED0C2AC0ED0D2AC0ED0C2A92
:10861000C0ED0B2AC0ED072AC0ED0A2AC0ED092AD9
:10862000C0ED082AC0ED102AC0ED0F2AC0ED0E2AB9
:1086300080EC050A70470000000000002DE9F047BB
:10864000454D044689464FF0000A2868C04380071C
:108650000AD0414E283E306820F080603060FBF741
:1086600021F90746B04608E00120BDE8F08700BFC9
:10867000FBF718F9C01B022867D8D8F800000001E2
:10868000F6D4206829684FF4FE0721F47C313E02BD
:1086900041EA00302860207AA389B4F804C040027F
:1086A0002D4D2D495B1E227CACF1010C1035091DAE
:1086B000A0F5007080B2521ECCF3080C07EA034309
:1086C00040EA0C00184306EA02621043286008687A
:1086D000626920F0C000104308600A68A06922F0B7
:1086E000200202430A60281D0A6822F010020A6074
:1086F00002684FF6F873E4699A4342EAC4020260E2
:108700000868B9F1000F40F010020A6011D0086843
:10871000B9F1010F11D040F400100860D8F8000042
:10872000444640F08060C8F80000FBF7BBF80546FF
:108730000DE0086840F40020EFE740F48010ECE71B
:10874000FBF7B0F8401B022801D903208DE7206811
:108750000001F5D5504688E7284402582DE9F04736
:10876000454D044689464FF0000A2868C0438007FB
:108770000AD0414E283E306820F080503060FBF730
:1087800091F80746B04608E00120BDE8F08700BF39
:10879000FBF788F8C01B022867D8D8F800008000D3
:1087A000F6D4208829684FF4FE0721F07C713E0240
:1087B00041EA00502860207AA389B4F804C040023E
:1087C0002D4D2D495B1E227CACF1010C1835091D85
:1087D000A0F5007080B2521ECCF3080C07EA0343E8
:1087E00040EA0C00184306EA026210432860086859
:1087F000626920F44060104308600A68A06922F4AE
:10880000007202430A60281D0A6822F480720A601E
:1088100002684FF6F873E4699A4342EAC4020260C0
:108820000868B9F1000F40F480720A6011D008683E
:10883000B9F1010F11D040F080700860D8F8000045
:10884000444640F08050C8F80000FBF72BF805467E
:108850000DE0086840F48000EFE740F40000ECE72A
:10886000FBF720F8401B022801D903208DE7206880
:108870008000F5D5504688E7284402580148FDF7A6
:1088800015B900000837002410B5026840F26F33B4
:108890005169946944F0080494610268946944F051
:1088A000100494610268146824F0010414600268E2
:1088B00014699C4314610268936823F440439360F5
:1088C00090F88120042A0CD08A060AD5D0F884209A
:1088D00042F08002C0F884200268936943F02003CC
:1088E000936190F88120032A0CD04A060AD5D0F86B
:1088F000842042F00402C0F884200268936943F0A7
:10890000400393618A050AD5D0F8842042F0010221
:10891000C0F884200268936943F400739361C90529
:108920000AD5D0F8841041F00801C0F8841001681D
:108930008A6942F480728A610021A0F86210A0F86E
:108940006A1010BD10B5806B00210122A0F86A10DA
:10895000A0F8621080F88120FDF7A7F810BD000094
:108960002DE9F0411C4616460D460746DDF81880F5
:108970000AE000BFFAF796FFA0EB0800A04202D37E
:10898000601C01D00BE054B13868406935EA000042
:1089900007D00020B042EDD00020BDE8F0810320D8
:1089A000FBE70120F6E70178407841EA00207047B4
:1089B000FFF7FCFA012005F02DFBFBE74FF0E0206C
:1089C00010B5006907F04CF9012803D0BDE810404C
:1089D00006F066BE10BD000070B59CB04C21684624
:1089E000F7F75EFE202113A8F7F75AFE0220FBF7E7
:1089F00065FD1E48016821F44041016001680024C2
:108A000001F440411B9101688904FCD502200A90C1
:108A100028230990C20301210D910425CDE90012FC
:108A2000CDE90B030C261294CDE90E50CDE910646C
:108A30006846FCF7A7FD08B172B6FEE740201A9021
:108A400008230501CDE9163013ABCDE918053F2108
:108A5000032283E8160013A81146FCF755FB0028F3
:108A600001D072B6FEE71CB070BD00001848025875
:108A70002D48F0B52D4A016841F47001016010687D
:108A800000F00F00072804D2106820F00F00C01D6E
:108A9000106027490020264C10340B68254D43F008
:108AA00001030B6020600B682B400B60136803F020
:108AB0000F03072B04D9136823F00F03DB1D13608A
:108AC0001B4C1D4A18341D4B261D371D2060184CA9
:108AD0001B4D28343060261D3860371D23603B1D38
:108AE00035601C1D3A60251D2E1D1860331D226047
:108AF0002860326018600B680D4A0D4C23F4802307
:108B0000D4320B60603420601068C0040BD413684A
:108B100043F2D2000B4943F480531360086010689D
:108B200020F480501060F0BD88ED00E0002000527D
:108B3000004402587FEDF6EA8002010100020202C1
:108B40000000FF01004000520148FDF7DABC0000C0
:108B5000BC4000242DE9F0472C4B4FF0804A2C4DAF
:108B6000026898422B4E2C4F2C4C09D0504507D010
:108B7000A84205D0B04203D0B84201D0A04205D1EE
:108B8000D1F804C022F070024CEA0202DFF890C073
:108B9000DFF890809842DFF8909015D0504513D0C0
:108BA000A84211D0B0420FD0B8420DD0A0420BD095
:108BB000604509D0404507D0484505D01B4DA84227
:108BC00002D01B4DA84203D1CD6822F440722A4343
:108BD0008E684D6922F08002C6620E682A43984270
:108BE000866207D0A04205D0604503D0404501D041
:108BF000484501D1096901630368012143F0040379
:108C0000036041610260BDE8F087000000000140A0
:108C10000004004000080040000C00400004014037
:108C200000400140004401400048014000E0004095
:108C300000E4004010B5046A012301F01F018B40DD
:108C40009C4304628A40016A1143016210BD000026
:108C50002DE9F04FDFF88480214EDFF88890DFF8AF
:108C600088B0026A036AB042DFF880A022F0020CEA
:108C70001F4F23F001020262426885698B680C680D
:108C800005EA080525F0030543EA0C0344EA050458
:108C900007D0484505D0584503D0504501D0B842CB
:108CA00005D1CD6823F008031D4325F00403B0422D
:108CB00007D0484505D0584503D0504501D0B842AB
:108CC00005D122F44076D1E9055235432A4342606A
:108CD0008461496841630362BDE8F08F8FFFFEFF46
:108CE00000000140000401400040014000440140F8
:108CF00000480140F0B5DFF87CE01F4C1F4D026AD0
:108D0000036AA04222F0200623F0100303624268A7
:108D10008369D1F808C00F6803EA0E0323F4407E8C
:108D200046EA0C134EEA072601D0A84206D1CF68C6
:108D300023F0800343EA071323F04003A0420AD044
:108D4000A84208D00E4CA04205D00E4CA04202D042
:108D50000D4CA04207D1D1E9054522F4406242EA18
:108D6000840242EA85024260866149688163036247
:108D7000F0BD0000FF8FFFFE000001400004014035
:108D8000004001400044014000480140F0B5DFF8D8
:108D90007CE01F4D1F4E026A036AA84222F400774E
:108DA00023F4807303624368C269D1F808C002EA01
:108DB0000E020C6822F0030E47EA0C2244EA0E046D
:108DC00001D0B04206D1CF6822F4006242EA072205
:108DD00022F48062A8420AD0B04208D00E4DA842C8
:108DE00005D00E4DA84202D00D4DA84207D1D1E9C1
:108DF000055623F4405343EA051343EA0613436040
:108E0000C4614968C1630262F0BD00008FFFFEFFCC
:108E100000000140000401400040014000440140C6
:108E200000480140F0B5046A026A22F480520262EE
:108E30004268C36924F40054DFF848C08E680D68A6
:108E400003EA0C03104F23F4407344EA0634B8429B
:108E500043EA05230BD00D4DA84208D00C4DA84283
:108E600005D00C4DA84202D00B4DA84204D14D694B
:108E700022F4804242EA85124260C361496801647B
:108E80000462F0BDFF8FFFFE0000014000040140BE
:108E9000004001400044014000480140F0B5164F39
:108EA000164B026A046A984222F4003524F4803397
:108EB00003624268436D0E890C6803EA070344EAC3
:108EC000030445EA06430BD00D4DA84208D00D4DD2
:108ED000A84205D00C4DA84202D00C4DA84204D1A6
:108EE0004D6922F4803242EA0522426044654968B5
:108EF00081650362F0BD00008FFFFEFF00000140AE
:108F0000000401400040014000440140004801408D
:108F1000F0B5164F164B026A046A984224F4801387
:108F2000036222F400144268436D0E890D6803EA5F
:108F3000070344EA065443EA05230BD00D4DA8422B
:108F400008D00D4DA84205D00C4DA84202D00C4DC2
:108F5000A84204D14D6922F4802242EA852242606F
:108F600043654968C1650462F0BD0000FF8FFFFEE4
:108F70000000014000040140004001400044014065
:108F8000004801400148FDF70DBF0000A039002452
:108F90000148FDF707BF0000343A002430B5416EA8
:108FA000B9B101680D4B03F108048A688968C2F3FE
:108FB0004262490F5D5C615C2D01B5FBF1F1A0F8E7
:108FC0006A10995CA25C0901B1FBF2F1A0F868108B
:108FD00030BD0121A0F86A10F8E70000A8020108DE
:108FE00090F82810090706D50168836B4A6822F4B7
:108FF00000421A434A6090F82810C90706D0016859
:10900000C36A4A6822F400321A434A6090F8281072
:10901000890706D50168036B4A6822F480321A4337
:109020004A6090F82810490706D50168436B4A68E2
:1090300022F480221A434A6090F82810C90606D507
:109040000168C36B8A6822F480521A438A6090F8E0
:109050002810890606D50168036C8A6822F400523C
:109060001A438A6090F82810490611D50168436CAC
:109070004A6822F480121A434A60416CB1F5801F9D
:1090800006D10168836C4A6822F4C0021A434A6020
:1090900090F82810090606D50168C26C486820F4CB
:1090A00000201043486070472DE9F843002504462E
:1090B000C0F89050FAF7F6FB8046206820266FF043
:1090C0007E470068000713D500224346310420463E
:1090D000009700F067FB58B1216851E8000F20F0BD
:1090E000800041E80002002AF6D1C4F8886021E03F
:1090F00020680068400722D5002243464FF48001D3
:109100002046009700F04EFBC8B1206850E8001FD1
:1091100021F4907140E80012002AF6D1206808304E
:1091200050E8001F21F0010140E80012002AF5D1AB
:10913000C4F88C60032084F88450BDE8F883C4F838
:109140008860C4F88C60E5662567002084F8845048
:10915000F3E710B5806B0021A0F85E10FDF7CEFD9F
:1091600010BD70B5846B00252168D4F88800D4F850
:109170008C608968090606D5212804D1A4F85650C8
:10918000204600F0B5F820688068400606D5222EFB
:1091900004D1A4F85E50204600F080F8D4F8900086
:1091A00040F01000C4F890002046FDF7A7FD70BD08
:1091B00010B5C1690022806BB1F5807F2DD0A0F879
:1091C0005E20036853E8001F21F4807143E8001417
:1091D000002CF6D10168083151E8003F23F001036B
:1091E00041E80034002CF5D10168083151E8003F16
:1091F00023F0400341E80034002CF5D12021C0F8D1
:109200008C10C16E012908D1016851E8003F23F09C
:10921000100341E80034002CF6D10267C16E012929
:1092200002D0FEF711FA10BDB0F85C10FDF70EFC8D
:1092300010BD10B5806B01210167C16E012902D0FC
:10924000FEF703FA10BDB0F85C104908FDF7FEFB0D
:1092500010BD10B5C169806BB1F5807F16D00021BB
:10926000A0F856100168083151E8002F22F0800262
:1092700041E80023002BF5D1026852E8001F41F0BD
:10928000400142E80013002BF6D110BDFEF726FA8C
:1092900010BD10B5806BFEF743FA10BD10B5026823
:1092A00052E8001F21F4907142E80013002BF6D120
:1092B0000E4B0268083252E8001F194042E80014C1
:1092C000002CF6D1C16E012908D1026852E8001FB6
:1092D00021F0100142E80013002BF6D100212022DA
:1092E000C0F88C20C166416710BD0000FEFFFFEF93
:1092F000026852E8001F21F0C00142E80013002B71
:10930000F6D10168083151E8002F22F4000241E84B
:109310000023002BF5D12021C0F8881070470000F1
:109320002DE9F04304468068E24E87B0E24B2168A5
:10933000D4E90427D4F81CC010430A68002547EA82
:109340000C073843324002430A602068E2684168F3
:1093500021F44051114341602268A1699A4201D031
:10936000206A01439668DFF854C3D54FD54806EA12
:109370000C060E4396602168666ACA6A22F00F02E4
:109380003243CA622268BA420ED1006800F0380047
:1093900018286FD07ADCB8B308286CD010286BD1AD
:1093A0008BE0282868D18EE0C7498A4209D100683D
:1093B00000F0070006285FD2DFE800F0507D7F81D3
:1093C0008385C2498A4209D1006800F00700062857
:1093D0007BD2DFE800F0437072747678BC498A4231
:1093E00009D1006800F0070006286ED2DFE800F01F
:1093F00036636567696BB7498A420BD1006800F034
:109400000700062861D200E043E0DFE800F02754BF
:1094100056585A5CB0498A4206D1006800F03800BC
:1094200018284CD0B7DD31E0AC498A4209D1006838
:1094300000F00700062848D2DFE800F0103D3F4169
:109440004345A7498A420BD1006800F0070006286F
:109450003BD2DFE800F0033032343638002035E00C
:10946000A0498A4209D1006800F03800182826D0A7
:1094700091DD0BE023E01EE027E09B498A420AD100
:10948000006800F03800182819D084DD202888D121
:109490001CE001201AE09A4217D18A48001D00689A
:1094A00000F00700062810D2DFE800F003050709E6
:1094B0000B0D02200AE0042008E0082006E010203E
:1094C00004E0202002E0402000E080208749DFF80F
:1094D00020829A42874A4FF400434FEA21174FF007
:1094E00000064ED110281AD006DC022809D0042824
:1094F0000BD008287ED10DE020283ED0402879D11D
:109500003DE0FBF70DF8014610E06846FBF71AF85E
:1095100001990BE003A8FBF7B7F8049906E010687F
:10952000800605D51068C0F3C100C140002970D085
:10953000606A676838F8102007EB4703B1FBF2F068
:10954000834257D8B0EB073F54D80023084619464A
:10955000F6F7B0FF02467808130E120243EA012123
:1095600010183A4671410023F6F7A4FF624AA0F5AD
:10957000407191423ED821688FE03946D8E71946BC
:10958000D6E7D4F81CC04FF6EF799C4546D10828A1
:1095900019D005DC58B101280CD0042875D10DE094
:1095A000102815D0202835D040286ED134E0FBF7A4
:1095B00029FF01E0FBF738FF014610E06846FAF7A3
:1095C000C1FF01990BE003A8FBF75EF8049906E0E0
:1095D0001068800604D51068C0F3C100C140C1B155
:1095E000636A606838F81330B1FBF3F1490001EBAE
:1095F000500100E049E0B1FBF0F0A0F11001494555
:1096000043D84FF6F0732168C0F34202184010436C
:1096100043E043E03946E3E71946E1E7082819D07B
:1096200005DC58B101280CD004282ED10DE01028FB
:1096300015D020282BD0402827D12AE0FBF7E2FEC6
:1096400001E0FBF7F1FE014610E06846FAF77AFF09
:1096500001990BE003A8FBF717F8049906E01068DE
:10966000800604D51068C0F3C100C140B1B1636A7F
:10967000606838F81330B1FBF3F101EB5001B1FB36
:10968000F0F0A0F11001494505D9012506E0394661
:10969000EDE71946EBE7216880B2C8600120A4F825
:1096A0006A00A4F8680028466667A66707B0BDE8A8
:1096B000F0830000F369FFCF000C0058FFF4FF11A6
:1096C000001001405444025800440040004800404B
:1096D000004C004000500040001401400078004061
:1096E000007C004000180140001C01400090D003A5
:1096F0009002010800440258FFFC0F0070B50446B8
:10970000D0F8800000232225A165A4F85C20C4F8CD
:109710009030C4F88C50F0B11F49C163D4F8801068
:109720001E480864D4F880101D48C864D4F880002E
:1097300003651346A56D2168D4F880002A462431BC
:10974000F8F73EFF38B11021C4F890102020C4F87B
:109750008C00012070BD206940B1216851E8000FE4
:1097600040F4807041E80002002AF6D120680830F9
:1097700050E8001F41F0010140E80012002AF5D135
:109780002068083050E8001F41F0400140E8001216
:10979000002AF5D1002070BDB19100083392000875
:1097A000639100082DE9F047994617460D46044697
:1097B000089E4FF0000833E0701C31D0FAF772F8C1
:1097C000A0EB0900B04218D8BEB120680168490773
:1097D00026D5802D24D0402D22D0C169C943090748
:1097E0000DD4082505622046FFF758FDC4F89050B7
:1097F000012084F88480BDE8F0870320FBE7C0697E
:10980000C04300050CD421684FF400600862204674
:10981000FFF744FD2021C4F8901084F88480ECE721
:109820002068C06935EA000004D00020B842C3D0E7
:109830000020E0E70120F9E70148FDF7B3BA000096
:10984000F03B00240148FDF7ADBA0000C83A0024FF
:109850000148FDF7A7BA00005C3B00242DE9F04168
:109860000C46D0F8D412D0F8C83200EB8101D1F800
:10987000C01229B304F00F02002702EB820500EBAF
:109880008506B5694DB102EBC20203EB8202D269D3
:10989000B5FBF2F302FB1352A2B1C1F81472D0F877
:1098A000D42200EB8200D0F8C40203692BB1D1F8B6
:1098B000080201F50471224698470020BDE8F081B6
:1098C0000320FBE7002321461A46B76100F0D3FDD1
:1098D000F3E770B50546D0F8D40205EB8000D0F868
:1098E000C04294B1284600F0A0FCC4F80C02D5F8A0
:1098F000D40205EB8000D0F8C412D4F80402CA6880
:1099000004F503719047002070BD032070BD000076
:1099100070B5224D0446297800F0C8FB287800264F
:1099200000F00F0000EB800004EB800086842046EE
:10993000697800F0BBFB687800F00F0000EB800056
:1099400004EB8000A0F864612046A97800F0AEFB2B
:10995000A87800F00F0000EB800004EB8000868404
:10996000C684D4F8D40204EB8000D0F8C01299B1B8
:10997000D0F8C40240688047D4F8D40204EB8000D9
:10998000D0F8C00200F09FFFD4F8D40204EB8000AE
:10999000C0F8C062C4F8BC62002070BD2801002479
:1099A00010B5D0F8D41200EB8100D0F8C04284B1D9
:1099B000D0F8C41259B194F80002FF2807D08B6880
:1099C000214694F801229847FF2084F800020020E5
:1099D00010BD032010BD00000A210180004870471F
:1099E0002C01002470B5822106460D4800F06AFA69
:1099F000012105460A4800F065FA8121044608481D
:109A000000F060FA0DB11021A9714FF0400104B1CE
:109A1000A18000B1818043203080014870BD0000EA
:109A20003801002470B5822106460D4800F04AFA3C
:109A3000012105460A4800F045FA812104460848FC
:109A400000F040FA0DB11021A9714FF4007104B17A
:109A5000A18000B1818043203080014870BD0000AA
:109A60003801002470B5822106460D4800F02AFA1C
:109A7000012105460A4800F025FA812104460848DC
:109A800000F020FA0DB11021A9714FF0400104B18E
:109A9000A18000B1818043203080014870BD00006A
:109AA000380100242DE9F0474FF407750446284695
:109AB00000F00AFF06004FF0000965D02946F6F7CE
:109AC000EFFDD4F8D40201273C4D4FF4007A4FF05B
:109AD000100804EB8000C0F8C062C4F8BC62207CAF
:109AE000F0B3297840230222204600F00EFC2878AB
:109AF000402300F00F0000EB800004EB800087841F
:109B000002226978204600F000FC697808230322CD
:109B1000204601F00F0101EB810104EB8101A1F866
:109B20006471A97801F00F0101EB810104EB81015F
:109B3000A1F82680A97800F0E8FBA978C84601F0D2
:109B40000F0101EB810104EB81018F84C6F80492BF
:109B5000D4F8D40204EB8000D0F8C402006800E01E
:109B60001AE006F501768047C6F81080C6F8148022
:109B700032687AB1207CF8B140236978204600F041
:109B8000D0FB0020BDE8F087D4F8D41204EB8101AB
:109B9000C1F8C0920220F5E72978022253462046F8
:109BA00000F0B3FB2878534600F00F0000EB800074
:109BB00004EB80008784A3E75346DEE728010024F6
:109BC00010B5D0F8D41200EB8101D1F8C01259B110
:109BD000027C084C002AD1F8042207D04023617887
:109BE00000F09FFB002010BD032010BD4FF4007358
:109BF000F5E700002801002439B1D0F8D42200EBA9
:109C00008200C0F8C4120020704703207047D0F8CB
:109C1000D42200EB8200D0F8C00218B1C0F80412C0
:109C20000020704703207047D0F8D43200EB830047
:109C3000D0F8C00228B1C0F81022C0F808120020E5
:109C40007047032070472DE9FC410646D0F8D40246
:109C50000C46002106EB80000D46D0F8C0728DF84E
:109C60000010ADF8041037B1217811F060022CD04B
:109C7000202A48D102E00320BDE8FC81E288E2B15D
:109C800009060BD5D0F8C402394683686078984736
:109C9000E288072A00D9072239462CE0607887F845
:109CA0000002E088402800D340203946C2B2304646
:109CB00087F8012200F057F82AE0D0F8C402002209
:109CC000214683686078984722E0607830B10128A7
:109CD0001ED00A2809D00B2815D110E096F89C0256
:109CE000032810D1022201A905E096F89C0203285E
:109CF00009D101226946304600F04FF808E096F895
:109D00009C02032804D02146304600F021F80325A8
:109D10002846B1E710B5D0F8B82200245268904721
:109D200000B10324204610BD00207047002070477A
:109D300013460A46002110B500F0F3FA002010BDCA
:109D400013460A46002110B500F095FB002010BD17
:109D500010B58021044600F06FFB2046BDE810409E
:109D6000002100F069BB10B5C0F858210323C0F8EA
:109D70009432C0F85C2113460A46002100F0D1FA63
:109D8000002010BD10B50521C0F8941200231A461A
:109D9000194600F0C6FA002010BD10B582610223FA
:109DA000C0F89432C26113460A46002100F063FBFA
:109DB000002010BD10B50421C0F8941200231A46EB
:109DC000194600F058FB002010BDF8B504460D46BA
:109DD0000020ADF800004888010A062947D006DCBB
:109DE00001290FD0022912D0032962D11DE00729D1
:109DF00046D00F295DD1D4F8B402C26920E069468B
:109E000090473BE0D4F8B412207C0A68F7E7207C46
:109E100002260028D4F8B80205D0C16A68468847EF
:109E20000146467036E0816AF8E7C0B2062840D2A3
:109E3000DFE800F003090D111519D4F8B4024268E7
:109E4000B2B3207CDBE7D4F8B4028268F8E7D4F838
:109E5000B402C268F4E7D4F8B4020269F0E7D4F8B7
:109E6000B4024269ECE7D4F8B4028269E8E7207CE6
:109E7000F0B9D4F8B802416B68468847014609E05A
:109E8000207CA8B9D4F8B802016B6846884701461F
:109E900007204870EA888AB1BDF8000040B18242CC
:109EA00000D902462046ADF80020FFF776FFF8BD46
:109EB000FFE729462046FFF74BFFF8E72046FFF76C
:109EC00079FFF4E778B542880D460178002604460C
:109ED0008A4212D9ADF800100AE0694600F019F87C
:109EE0004178052904D181780646A94205D000268B
:109EF0006188BDF800209142EFD8304678BD00213E
:109F000002E0491C401CC9B20278002AF9D1084677
:109F100070470A8803781A440A8001780844704719
:109F200070B5002816460D4620D00446FFF7E7FF1F
:109F300002220146100202EB4101814204D8204670
:109F4000FFF7DDFF4000801C3080337803210220C2
:109F50002B700022697006E0431C2954D8B2411CC2
:109F6000641C2A54C8B221780029F5D170BD0100C3
:109F70004FF0000004D0012901D0022901D00320B4
:109F8000704701207047000004A00A46024910B53E
:109F9000FFF7C6FF004810BDE443002443444320BC
:109FA000436F6E66696700001220088000487047A2
:109FB0004000002404A00A46024910B5FFF7B0FF94
:109FC000004810BDE443002443444320496E7465B7
:109FD00072666163650000000420088000487047D5
:109FE0003C00002404A00A46024910B5FFF798FF80
:109FF000004810BDE443002453544D6963726F65FB
:10A000006C656374726F6E696373000004A00A4626
:10A01000024910B5FFF784FF004810BDE443002457
:10A0200053544D3332205669727475616C20436FFE
:10A030006D506F727400000010B51A2008800B4834
:10A040000A490830021F096800681468081809D016
:10A0500007490822FDF7F2FB05490422204610318A
:10A06000FDF7ECFB0248801E10BD000000E8F11F68
:10A070006200002478B10023C0F8B832C0F8C432BE
:10A08000C0F8D03209B1C0F8B4120121027080F8D2
:10A090009C1200F0CFB80320704710B5D0F8C8026A
:10A0A000F9F75BFDBDE81040FFF761BF10B5D0F8D0
:10A0B000C802F9F72DFDBDE81040FFF758BF2DE9A4
:10A0C000F041174604464FF0000521B194F89C0278
:10A0D000032842D04CE0D4F8941204F11400022971
:10A0E00035D1D0E902639E4206D9F21A3946826020
:10A0F0002046FFF725FE0FE0B34214D14068984296
:10A1000011D3D4F8981288420DD20022204611466D
:10A11000FFF716FEC4F8985200231A461946204647
:10A1200000F0FFF813E094F89C02032808D1D4F85B
:10A13000B802C16821B1C4F8D452C168204688472A
:10A140008021204600F078F92046FFF71BFE94F8A6
:10A15000A00268B184F8A0520AE0D4F8B8024269BB
:10A1600032B1C4F8D452426920469047002800D149
:10A170000020BDE8F08170B5134604464FF00002A0
:10A1800021B194F89C02032830D03AE0D4F894121C
:10A1900004F5AA70032934D1D0E902518D420AD9BD
:10A1A0006A1A82600846824200D302461946204657
:10A1B000FFF7BEFD25E094F8AA0210F01F0003D0BF
:10A1C000012802D0022800D0002294F89C02032823
:10A1D00008D1D4F8B802016921B1C4F8D4220169C8
:10A1E000204688472046FFF7E5FD0AE0D4F8B8028C
:10A1F000836933B1C4F8D42282692046904700288D
:10A2000000D1002070BD0020704710B5D0F8B81202
:10A21000012280F89C22002429B103794A68D9B22E
:10A22000904700B10324204610BDD0F8C802F9F7CA
:10A23000C1BC000070B50178012929D11549092553
:10A24000154C02230022C1F8E004C0F8C8120846E9
:10A250000C600D71CB718A714B728A72CA720A736B
:10A260008A73CA730A74FAF71FF808B1F6F7FDFF8C
:10A2700008484FF40071F9F7FAFB064880220021E4
:10A28000F9F7F9FB034801214FF4BA72F9F7F3FB30
:10A29000002070BD0458002400000440D0F8C822FB
:10A2A00001F07F000B0600EBC00002EB800001D53F
:10A2B000807D704790F85602704710B5D0F8D422D0
:10A2C00000EB8202D2F8B82222B190F89C32032B24
:10A2D00002D004E0032010BD126A02B190470020B2
:10A2E00010BD10B5D0F8D42200EB8202D2F8B8220B
:10A2F00022B190F89C32032B02D004E0032010BD61
:10A30000526A02B19047002010BD10B51C46D0F82B
:10A31000C80213462246F9F756FCBDE81040FFF785
:10A3200026BE10B5D0F8C802F9F77EFCBDE8104093
:10A33000FFF71DBE2DE9F041044601250020D4F8A9
:10A34000B812064684F89C52C4F894026060C4F8BF
:10A35000A40284F8A00231B14A6822B1002120464B
:10A36000904700B103262046002240231146FFF704
:10A37000CCFF4027A4F8645100223B4680212046B0
:10A38000C4F86071FFF7C1FFA58430462762BDE8BD
:10A39000F08190F89C12042903D190F89D1280F866
:10A3A0009C120020704710B590F89C12032905D12B
:10A3B000D0F8B81211B1C96901B18847002010BDA9
:10A3C00001740020704710B5D0F8C802FAF722F8DF
:10A3D000BDE81040FFF7CBBD70B5044600F2AA20DF
:10A3E000054600F051F894F8AA020123B4F8B0121F
:10A3F00010F01F02C4F89432C4F898120AD0012A4F
:10A400000ED0022A12D000F080012046BDE8704034
:10A4100000F012B829462046BDE8704000F0D0B8E0
:10A4200029462046BDE8704000F013BA2946204670
:10A43000BDE8704000F05BB910B5D0F8C802F9F77C
:10A440000DFCBDE81040FFF792BD10B5D0F8C80272
:10A45000F9F7FAFFBDE81040FFF789BD90F89C12AC
:10A46000042903D090F89C1280F89D12042180F8F2
:10A470009C120020704710B5D0F8C802F9F727FCED
:10A48000BDE81040FFF773BD70B5054608788C1C19
:10A490002870487868702046FEF785FAA41C68800A
:10A4A0002046FEF780FAA880A01CFEF77CFAE88020
:10A4B00070BD38B504460020ADF80000A1B1C4F865
:10A4C000B812D4F8D40204EB8000D0F8B802C16A04
:10A4D00019B168468847C4F8D002D4F8D802401CA5
:10A4E000C4F8D802002038BD032038BDD0F8B832F7
:10A4F00002460020002B02D01B6810461847704708
:10A500002DE9F0412C4E0446887800258846C1B2DA
:10A510000129317006D941462046FFF719FC032076
:10A52000BDE8F08194F89C02022702280CD0032891
:10A530001DD041462046FFF70BFC31782046FFF73F
:10A54000E9FB03252846EBE789B320466160FFF766
:10A55000CDFF050004D041462046FFF7F9FB1DE082
:10A560002046FFF727FC032084F89C02EAE7C1B1EC
:10A57000606888421BD0C1B22046FFF7CBFB317820
:10A5800020466160FFF7B2FF050010D0414620462B
:10A59000FFF7DEFB21792046FFF7BCFB84F89C72B5
:10A5A000D0E7616084F89C722046FFF7B3FB204639
:10A5B000FFF700FCC6E7000024010024FFF745BFB9
:10A5C0002DE9F0410A784FF0000512F060020CD03E
:10A5D000202A01D0402A7DD1D0F8D42200EB82027B
:10A5E000D2F8B8229268904731E04B7800220126D9
:10A5F0000A2B6FD2DFE803F041666E586E08056ED5
:10A600002D29FFF7E2FB67E004468888D8B9C8889F
:10A61000C8B94888802816D294F89C2200F07F0799
:10A62000032A10D03946204684F89E72FFF7CBFEED
:10A630002046FFF7BFFB1FB1022084F89C024BE0CD
:10A6400084F89C6248E0204644E0FFF759FF054645
:10A6500042E0CB88012B3DD190F89C32012B04D0F5
:10A66000022B02D0032B35D104E000F108018260F7
:10A67000012216E00122011D13E090F89C22012A1C
:10A6800003D0022A01D0032A24D1CA88022A21D168
:10A69000D0F8A412C66009B10321C160022200F102
:10A6A0000C01FFF77AFB17E04A88012A02D0022A40
:10A6B00003D00FE0C0F8A46216E08988090A80F888
:10A6C000A01211E090F89C32012B08D0022B06D08A
:10A6D000032B04D0FFF73CFB2846BDE8F0814988F6
:10A6E0000129F9D1C0F8A422FFF764FBF4E72DE9B2
:10A6F000F0410A780E460979054612F060004FF0E5
:10A700000008CCB20BD0202801D040286AD12146C5
:10A710002846FFF709FBFF2800D0D8B396E07078F1
:10A72000C8B3012824D003285CD195F89C020228E4
:10A7300002D0032856D10CE0002C53D0802C51D0ED
:10A7400021462846FFF778FE80212846FFF774FE51
:10A750007CE0708840B93CB1802C05D0F08818B9F5
:10A7600021462846FFF768FE2846FFF723FB6DE0E9
:10A7700095F89C020228DFD0032863D1708880BB43
:10A78000600603D021462846FFF787FC2846FFF7DE
:10A7900011FBBCE700E00AE0C5F8D402D5F8B80226
:10A7A0008268F2B131462846904780464EE095F8DF
:10A7B0009C020027022802D0032843D113E00CB1E9
:10A7C000802C3FD1200604F07F0000EB800005EBD9
:10A7D000800101D5143101E001F5AA7102220F6058
:10A7E0002CE033E02EE0200604F00F0000EB8000A8
:10A7F00005EB800009D5808C20B304F07F0000EBCE
:10A80000800005EB800614360AE0B0F86401C8B198
:10A8100004F07F0000EB800005EB800606F5AA76C9
:10A820004CB1802C07D021462846FFF737FD10B1E8
:10A830000120306000E03760022231462846FFF7F1
:10A84000ACFA03E031462846FFF782FA4046BDE8FD
:10A85000F08170B5054608780E464FF0000410F000
:10A86000600003D0202801D0402827D195F89C0211
:10A87000012803D0022801D003281FD1B088C1B21B
:10A8800001291AD8C1B22846FFF750FAFF280CD088
:10A8900058B9D5F8B8128A683AB1C5F8D402284632
:10A8A0008A6831469047044600E00324F08820433C
:10A8B00007D12846FFF77EFA03E031462846FFF726
:10A8C00047FA204670BD704700487047E4550024A1
:10A8D00070B54D7801230A78012D1C4C02F00F054C
:10A8E00003FA05F3D0F81C5817D000EB421245EAE2
:10A8F0000343C0F81C38D2F8000B00040BD40B89BA
:10A900000979D2F8000BC3F30A03184344EA8141E2
:10A910000843C2F8000B002070BD9EB23543C0F85A
:10A920001C5800EB4213D3F800090004F3D40D893E
:10A930000979D3F80009C5F30A058904284341EAD7
:10A94000825108432043C3F80009E4E70080001067
:10A95000D0F800196FF30A01C0F80019D0F80418F4
:10A9600041F48071C0F804180020704770B50D469E
:10A970000446C2F307211E460498012922D0E0684C
:10A9800040F04000E060204600F03CF8C6F30721AC
:10A990000029A16B2ED021F48031A163C5F30741BA
:10A9A00001290ED1E16D154A89B2E165E16D1143CE
:10A9B000E165A16841F00601A160A16841F02001B4
:10A9C000A16070BDA26BC3B20D49012B22F480308F
:10A9D000A063E06800EA0100E060E06820F4401055
:10A9E000E06003D1E06840F48010E060204600F0B1
:10A9F00009F8D3E741F48031CFE700000000EE030F
:10AA0000BFFFBDFF08B500214FF070620091009BB1
:10AA10005B1C009393420CD80369002BF7DA00917A
:10AA2000016941F0010101610099491C00919142C5
:10AA300001D9032008BD0169C907F5D1002008BD6F
:10AA400070B50A7801234C78012C00EB42122CD00F
:10AA5000D2F8004B002C0BDAD2F8004B44F0006423
:10AA6000C2F8004BD2F8004B44F08044C2F8004BCF
:10AA70000C78D0F83C5804F00F0403FA04F425EAEB
:10AA80000444C0F83C480978D0F81C4801F00F0194
:10AA90008B401C4924EA0343C0F81C38D2F8000B51
:10AAA0000840C2F8000B002070BDD2F80049002C0D
:10AAB0000BDAD2F8004944F00064C2F80049D2F839
:10AAC000004944F08044C2F800490D78D0F83C4871
:10AAD00005F00F050C4E03FA05F5ADB2AC43C0F816
:10AAE0003C48D0F81C48097801F00F018B4099B21E
:10AAF0008C43C0F81C48D2F800093040C2F8000965
:10AB0000D1E700000078F3EF007833ECD0F8001EB6
:10AB100021F00301C0F8001ED0F8041821F0020152
:10AB2000C0F8041800207047D0F8001E21F003017F
:10AB3000C0F8001ED0F8041841F00201C0F8041853
:10AB4000002070472DE9F04F00250F46904604463F
:10AB50002E46284604EB8001C1F80451401C0F2802
:10AB6000F8D3C3F307405FEA0009204610D0806B9A
:10AB700040F40011C4F83810C8F30720C4F8005E90
:10AB80000128204617D0D0F8001841F0030119E041
:10AB9000D0F8040840F00201C4F80418A06B20F4B7
:10ABA0000011A163206840F040012160206840F05E
:10ABB00080012160E0E7D4F80018380E204601D06B
:10ABC00041F00101C0F80018102100F08CFA00B12A
:10ABD0000126204600F06BFA00B101264FF67F3ABD
:10ABE0004FF0006CC4F810584FF0904BC4F8145854
:10ABF000C4F81C580020FAB214E000BF04EB401166
:10AC0000D1F80039002B06DA10B1C1F800B904E020
:10AC1000C4F800C901E0C1F80059C1F81059C1F8E1
:10AC200008A9401C8242E9D8002013E004EB40113F
:10AC3000D1F8003B002B06DA10B1C1F800BB04E0EC
:10AC4000C4F800CB01E0C1F8005BC1F8105BC1F8AB
:10AC500008AB401C8242E9D8D4F81008C7F3074279
:10AC6000002A6FF0804120F48072C4F81028A5619A
:10AC7000616103D1A06940F01000A061A069C8F330
:10AC80000741094A1043A06119B1A06940F00800CA
:10AC9000A061B9F1010F03D1A06904490843A06183
:10ACA0003046BDE8F08F000000383C8004000040D2
:10ACB000816821F0010181600020704710B5144CBB
:10ACC000036CA34203D9D0F8003B002B1EDB00230A
:10ACD000C0F8103B0129D0F8101B41F40021C0F846
:10ACE000101BD0F8101B41F01801C0F8101BD0F851
:10ACF000101B41F0C041C0F8101B07D1C0F8142B45
:10AD0000D0F8001B41F08021C0F8001B002010BDCE
:10AD10000A30544F0B784A78012A00EB43100BD0CD
:10AD2000D0F8002B22F40012C0F8002B0979032977
:10AD300014D0022912D017E0D0F8002922F4001212
:10AD4000C0F800290979032901D002290CD1D0F8D3
:10AD5000001941F08051C0F8001905E0D0F8001B3F
:10AD600041F08051C0F8001B002070470A784B78F2
:10AD7000D1B2012B00EB421012D0D0F8002B002AE8
:10AD800006DB29B1D0F8001B21F08041C0F8001B80
:10AD9000D0F8001B41F40011C0F8001B00207047E0
:10ADA000D0F80029002A06DB29B1D0F8001921F0DB
:10ADB0008041C0F80019D0F8001941F40011C0F822
:10ADC0000019EBE7F8B50B786FF060464F788C4DC3
:10ADD000DCB2012F00EB43132BD0D3F8107B002CF7
:10ADE00007EAC544C3F8104BD3F8104B04EA050436
:10ADF000C3F8104B7ED00D69002D7CD08C682544A3
:10AE00006D1EB5FBF4F5ADB26C430C6206EAC545A8
:10AE1000D3F8104B2C43C3F8104BD3F8104B0D6AEA
:10AE2000C5F3120554EA0504C3F8104B012A73D088
:10AE3000CEE00F6907B3D3F810796FF31207C3F8A8
:10AE40001079D3F8107907EA0507C3F810791CB315
:10AE5000D1F810C08D68D3F81079AC44ACF1010C76
:10AE6000BCFBF5F5ADB206EAC5463743C3F8107929
:10AE70000E79012E1CD02AE0D3F810692E40C3F8B9
:10AE80001069D3F8105945F40025C3F81059D3F8C8
:10AE900010596FF3120520E00E698D68AE4200D99B
:10AEA0000D61D0F8106946F40026C0F810690EE074
:10AEB000D3F810694FF0C04707EA457726F0C0463F
:10AEC000C3F81069D3F810593D43C3F810590E69FF
:10AED000D3F81059C6F312063543C3F81059012AA6
:10AEE0001BD000EB4413D3F8004944F00444C3F8EA
:10AEF000004901E047E05AE00C79012C2ED00A69A4
:10AF00005AB30B78D0F83418012203F00F039A409B
:10AF10001143C0F8341871E056E0CA691AB100EB69
:10AF20004413C3F81429097901290ED1D0F808185F
:10AF3000C90500EB4411D1F8002902D442F00052B7
:10AF400001E042F08052C1F8002900EB4410D0F833
:10AF5000001941F00441C0F800194FE0D0F808484A
:10AF6000E405D3F8004902D444F0005401E044F071
:10AF70008054C3F8004900920B8A0A78C9689BB2D2
:10AF800000F0E0F93AE00C690CB18C680C618C6857
:10AF90000C62C4F31205D0F8104B2C43C0F8104BD0
:10AFA000D0F8104B44F40024C0F8104B3EE78D68F5
:10AFB000D3F8104BC5F312052C43C3F8104BD3F84C
:10AFC000104B44F400242FE7CA680AB1C3F8142BCD
:10AFD000097901290CD1D0F80808C005D3F8000B75
:10AFE00002D440F0005001E040F08050C3F8000B64
:10AFF000D3F8000B40F00440C3F8000B0020F8BD6C
:10B00000FFFF07E038B5002242F2107400230092DF
:10B010000A784D78012D00EB421219D0D2F8005B6E
:10B02000002D3CDAD2F8005B45F00065C2F8005B09
:10B030000A7800EB4212D2F8005B45F08045C2F876
:10B04000005B009A521C0092A24221D9012326E003
:10B05000D2F80059002D22DAD2F8005945F00065E7
:10B06000C2F800590A7800EB4212D2F8005945F0B4
:10B070008045C2F80059009A521C0092A242E5D8BD
:10B080000A7800EB4212D2F80029002AF3DB06E02E
:10B090000A7800EB4212D2F8002B002AD1DB1846C6
:10B0A00038BD816841F0010181600020704708B51A
:10B0B00000214FF070620091009B5B1C0093934253
:10B0C0000AD80369002BF7DA009110230361009975
:10B0D000491C0091914201D9032008BD0169C906AC
:10B0E000F5D4002008BD18B500224FF0706300921F
:10B0F000009C641C00949C420CD80469002CF7DA74
:10B100002024009244EA811101610099491C0091B8
:10B11000994201D9032018BD01698906F5D40020A0
:10B1200018BDD0F8080810F0060004D0022803D09B
:10B13000062801D00F20704702207047406900F0B8
:10B1400001007047D0F81818D0F81C08084080B2E9
:10B150007047D0F81818D0F81C080840000C704749
:10B1600010B5D0F8102801F00F0300EB4114D0F80F
:10B170003418D4F80809D94001F0010142EAC1119C
:10B18000084010BD00EB4111D1F8081BD0F814089D
:10B190000840704741698069084070470346084687
:10B1A00030B5940802F00301002203F5805303E058
:10B1B0001D68521C40F8045BA242F9D300290CD050
:10B1C0001C680023491EDD00090403F10103090C7A
:10B1D00024FA05F200F8012BF4D130BD70B5044615
:10B1E000C06801294FF0000520F0C040E06001D0A8
:10B1F00079B120E0E06840F00050E0600A20F7F705
:10B200002DFB60690A3510F0010F10D1C82DF5D360
:10B210000DE0E06840F08040E0600A20F7F71EFB98
:10B2200060690A3510F0010F01D0C82DF5D3C82D83
:10B2300001D0002070BD012070BDD0F800284FF46F
:10B24000FE6303EA011322F4FE62C0F80028D0F87E
:10B2500000181943C0F8001800207047022A3ED198
:10B26000264A274B0A449A4201D20F2138E0254A48
:10B27000254B0A449A4201D20E2131E0234A244B45
:10B280000A449A4201D20D212AE0224A224B0A4462
:10B290009A4201D20C2123E0204B214A0B449342D5
:10B2A00001D20B211CE01F4B1F4A0B44934201D2D9
:10B2B0000A2115E01D4B1E4A0B4493420FD31D4B30
:10B2C0001D4A0B44934201D2082109E01B4B1C4A42
:10B2D0001944914201D2072102E0062100E0092130
:10B2E000C2684FF4705322F47052C26003EA8123A3
:10B2F000C1681943C160002070470000405327FF18
:10B3000000350C00401E1BFF40420F0000DC0BFF0D
:10B31000804F1200808CF9FE20D6130060B6E5FE47
:10B3200060E3160000D3CEFE40771B00C05BB3FE87
:10B33000C091210000CA91FE20753800E05459FEEA
:10B34000E09C410010B5029C74B900EB0232DB1C9A
:10B3500000209B0802F5805204E000BF51F8044B26
:10B360001460401C9842F9D3002010BDFEE703B4DE
:10B3700001984100009850EAC12018BF04204A0DEE
:10B3800018BF40F0010040F2FF72B2EB515F08BFFE
:10B3900040F00200012808BF052002B070474100BC
:10B3A000080218BF04200A0E18BF40F001004FF039
:10B3B0007F4232EA010108BF40F00200012808BFC5
:10B3C00005207047090700284FEA116104DB00F1EE
:10B3D000E02080F80014704700F00F0000F1E0203A
:10B3E00080F8141D7047000010B54FF00E402DED91
:10B3F000028BB0EE408A18EE104A00EB4400B0F128
:10B40000506F4AD84FF0FC40B0EB440F22D2B0EE60
:10B41000C80ADFED360A30EEC00ADFED350A60EE0D
:10B42000208A18EE900A03F0E1FD01EE100A14F0F4
:10B43000004F1DBFDFED2F0A9FED2F0AB1EE411A1D
:10B44000DFED2E0A08BF9FED2E0ADFED2E1A21EE4A
:10B45000218A05E0DFED2C0A68EE088AB0EE600A6A
:10B460009FED2A1ADFED2A1A30EE080A48EE811AFB
:10B470009FED281A08EEA11ADFED271A48EE811A6F
:10B480009FED261A08EEA11A68EE281ABDEC028B71
:10B4900001EE810A30EE200A10BD4FF0E440B0EB1F
:10B4A000440F0CD918EE100AFFF779FF042808BFE3
:10B4B00000F0B8FEB0EE480ABDEC028B10BD4FF0B4
:10B4C0007F40B0EB440F07D2B0EE480ABDEC028BD0
:10B4D000BDE8104000F098BE0120F5F710F9BDEC72
:10B4E000028BBDE8104000F095BE00000000803FD8
:10B4F0000000003F0000C9BF22AAFDB90000C93FFB
:10B5000022AAFD39000000C00000000024FE1C3DFE
:10B51000C78AD83C1E67383D1B93993DAFAA2A3E87
:10B5200070B54FF068422DED048BF0EE408A18EEB6
:10B53000900AB0EE608A18EE101A02EB4003B3F1E5
:10B54000654F3CBF02EB4102B2F1654F7DD200BFB7
:10B55000C0F3C753C1F3C7529A1A1B2A09DD10F072
:10B56000004F14BF9FED830A9FED830ABDEC048B4F
:10B5700070BD12F11A0F36DA11F0004F09D010F039
:10B58000004F0CBF9FED7D0A9FED7D0ABDEC048B43
:10B5900070BD88EE889A19EE100AFFF700FF0428A4
:10B5A00008BF00F03FFE18EE900AFFF7F8FE0546D0
:10B5B00018EE100AFFF7F3FE044619EE100AFFF723
:10B5C000EEFE042D18BF052D08D1042C18BF052C44
:10B5D00004D1002804BF0220F5F791F8B0EE490A23
:10B5E000BDEC048B70BD4200B2EB410F3AD910F0B4
:10B5F000004F19BFDFED630A9FED630ADFED630AB9
:10B600009FED630AB0EE481A0A46B1EE688A80F0F0
:10B610000041F0EE418A10460A1A5200B2F1807FD2
:10B6200034D2484010F0004FDFED5A1A9FED5A2AED
:10B630001DBF9FED5A1A70EEE10A30EE420A9FEDEF
:10B64000581A08BF70EEA10A00E040E008BF30EED3
:10B65000020AB0EE682A01EE482A08EE818AC2EE9C
:10B66000081A15E011F0004F04BF9FED4E0AF0EEEE
:10B67000400AD1D010F0004F19BFDFED4B0A9FED0B
:10B680004B0ADFED4B0A9FED4B0AC5E7C8EE881A5F
:10B6900021EEA11A9FED482ADFED482A41EE022A49
:10B6A0009FED472A01EE222ADFED462A41EE022ACB
:10B6B0009FED452ABDEC048B01EE222A21EE811A72
:10B6C00001EE020A30EE210A30EE200A70BD4FF082
:10B6D0007F42B2EB400F28BFB2EB410F09D2F0EE30
:10B6E000480AB0EE680ABDEC048BBDE8704000F07B
:10B6F0008EBD40EA01035B0008BF41F0FF410BD063
:10B70000B2EB400F08BFB2EB410F08D120F08040F0
:10B7100008EE900A21F0804108EE101A18E7B2EB0B
:10B72000400F12BF5FEA410340F0FF4001F00041CB
:10B730003FF40EAFB2EB410F12BF5FEA400200F0E0
:10B74000004041F0FF413FF403AF4A0092EA40035A
:10B750003FF5FEAE002AACBF9FED1C0A9FED1C0A10
:10B7600068EE808A28EE008A18EE900A18EE101A09
:10B77000EEE60000DB0FC9BFDB0FC93FDB0F49401E
:10B78000DB0F49C00000C9BF22AAFDB90000C93FB4
:10B7900022AAFD390060ED3EC30ACE37000000BF8B
:10B7A0000000003F00000000000049C022AA7DBA4E
:10B7B0000000494022AA7D3A2DAD65BD8FB8D53D28
:10B7C0000FB511BE61C84C3EA8AAAABE0000804FAA
:10B7D0000000802F0000000010B529499FED261BB6
:10B7E0002DED020B84B0059820F000408842D8BFB0
:10B7F0009DED040B2DDD2349884209D1049840B901
:10B800004FF00100F4F77BFF00F0E6FC06B010BD3E
:10B8100005DB9DED040B30EE000B06B010BD684655
:10B820009DED040B00F054FA10F0030004BF9DEDF1
:10B83000021B9DED000B0CD001280ED09DED021BCC
:10B840009DED000B022810D0012000F071FC06B025
:10B8500010BD00F0C5FB06B010BD9DED021B9DEDB7
:10B86000000B012000F064FC01E000F0B9FB06B021
:10B87000B1EE400B10BD0000000000000000000011
:10B88000FB21E93F0000F07F10EE101A08B5434A93
:10B890006846B2EB410F26D94FF0E640B0EB410FBE
:10B8A00094BF00204FF0FF3000900098DFED3C0A7D
:10B8B000002860DB10F0010F46D060EE000ADFEDDB
:10B8C000391A9FED391A10F0020F00EEE11ADFED80
:10B8D000371A40EE811A21EEA01AF0EE400A40EE2F
:10B8E000010A2ED041E0324B21F0004293423FD971
:10B8F00011F0004FDFED2F0A20EE201ADFED2E0AA7
:10B9000019BF31EE601A71EE200A31EE201A71EE85
:10B91000600ABDEEE01A11EE100A9FED281A00F041
:10B92000030000EEC10A9FED261A009000EEC10A46
:10B930009FED241A00EEC10A9FED231A00EEC10A02
:10B94000B3E7F1EE600A10E020EE000A9FED1F1A47
:10B95000DFED1F1A10F0020F40EE011A9FED1D1AC5
:10B9600000EE211A40EE010AEBD1B0EE600A08BDEC
:10B9700000F060FC99E710EE100A4000B0F17F4F34
:10B98000F3D307D14FF00100F4F7B9FEBDE808404A
:10B9900000F040BCBDE8084000F036BCB61F927E07
:10B9A0000000803F336D4C39DA82083CA0AA2ABEE1
:10B9B000490E494683F9223F0000004B0000C93F71
:10B9C00000A0FD390020A2331A61342CB93AB2BA72
:10B9D000CA9F2A3DDDFFFFBE10B52DED028BF0EEB4
:10B9E000408A18EE900AB0EE608A20F00040C0F164
:10B9F000FF40C00F07D118EE100A20F00040C0F140
:10BA0000FF40C00F2BD018EE101A18EE900A04F069
:10BA100027FB00EE100A10EE100A6FEAD05010F06B
:10BA2000FF0F04BFBDEC028B10BD18EE900A00F0B2
:10BA3000004110EE100A00F00040814204BFBDEC4E
:10BA4000028B10BD18EE101A10EE100ABDEC028B1E
:10BA500061F31E0000EE900A30EE600A10BD18EE91
:10BA6000900A4FF07F41B1EB400F1CBF18EE100A57
:10BA70005FEA4000C7D10120F4F741FEBDEC028B24
:10BA8000BDE8104000F0C6BB10B529499FED261B4C
:10BA90002DED020B84B0059820F000408842DCBFF9
:10BAA00000209DED040B2EDD2249884209D1049827
:10BAB00040B94FF00100F4F722FE00F08DFB06B014
:10BAC00010BD05DB9DED040B30EE000B06B010BD84
:10BAD00068469DED040B00F0FBF810F003000DD05C
:10BAE000012814D09DED021B9DED000B022816D0FD
:10BAF00000F076FA06B0B1EE400B10BD9DED021BD2
:10BB00009DED000B012000F013FB06B010BD9DED74
:10BB1000021B9DED000B00F063FA06B010BD012082
:10BB200000F006FBE6E70000000000000000000057
:10BB3000FB21E93F0000F07F00B510EE101A2DED5B
:10BB4000028B81B0524A6846B2EB410F2ED94FF0BA
:10BB5000E640B0EB410F94BF00204FF0FF30009063
:10BB60000098B0EE408A00286ADB10F0010F4BD03D
:10BB700068EE080A9FED471A9FED470A00EE810A1A
:10BB80009FED461A00EE801A9FED450A10F0020F55
:10BB900000EE810A02BF01B0BDEC028B00BD00BF08
:10BBA00001B0B1EE400ABDEC028B00BD3D4B21F06F
:10BBB0000042934241D911F0004FDFED3B0A20EEE5
:10BBC000201ADFED3A0A19BF31EE601A71EE200A31
:10BBD00031EE201A71EE600ABDEEE01A11EE100A85
:10BBE0009FED331A00F0030000EEC10A9FED311AF9
:10BBF000009000EEC10A9FED301A00EEC10A9FEDE1
:10BC00002F1A00EEC10AABE728EE080A9FED2C1AA6
:10BC1000DFED2C0A10F0020F40EE410A9FED2A1AC8
:10BC200000EE201A61EE000AB0EE480A08EE200A83
:10BC3000B6D101B0BDEC028B00BD00F0FBFA8FE77E
:10BC400018EE100A4000B0F17F4F0DD218EE100A26
:10BC5000FFF7A5FB042808BF00F0E4FAB0EE480A9D
:10BC600001B0BDEC028B00BD09D10120F4F747FD06
:10BC700001B0BDEC028B5DF804EB00F0CBBA01B073
:10BC8000B0EE480ABDEC028B5DF804EB00F0BCBAE4
:10BC9000B61F927EB93AB2BACA9F2A3DDDFFFFBEF7
:10BCA0000000803F490E494683F9223F0000004BC7
:10BCB0000000C93F00A0FD390020A2331A61342CD6
:10BCC000336D4C39DA82083CA0AA2ABE000000007D
:10BCD0002DE9F14F04462DED020B2DED048B94B0B0
:10BCE0009FED9D0B80ED020B199E9D4826F00045AF
:10BCF00085420ADC9DED180B002084ED000B14B08A
:10BD0000BDEC048B03B0BDE8F08F96489FED969B89
:10BD10009FED978BA84225DD97489FED991B9FEDDE
:10BD20009A2B9DED180B002E0DDD30EE490B854250
:10BD300012BF30EE480B30EE410B30EE420B84ED7B
:10BD4000000B0120DBE730EE090B854212BF30EE1D
:10BD5000080B30EE010B30EE020B84ED000B4FF0C0
:10BD6000FF30CCE78A48A84253DB9DED180B51EC1D
:10BD7000100B01F0A5FB41EC100BB0EE401B9FED4A
:10BD8000862B9FED870B290DDFF81CC201EE020BFD
:10BD90000120FDEEC00B10EE903A00EE903AB8EEA6
:10BDA000E02BB0EE410B02EE490B22EE081BFC44E7
:10BDB000032830EE411B84ED001B1DD011EE902AAC
:10BDC00000EB4015113DC2F30A528A1A954213DA6C
:10BDD0000CEB0012B0EE403B92ED000B401C20EE4D
:10BDE000021B33EE410B33EE403B33EE411B92ED31
:10BDF000023B12EE031BDBE7002EA8BF1846BFF67E
:10BE00007EAF94ED000B5842B1EE400B84ED000B79
:10BE100075E7C6F3130040F4801EC6F30A50A0F283
:10BE2000F530471100F01F05C5F12000DDF860B0C6
:10BE3000139000200890099005200DF1080C5B4933
:10BE4000002D07EB0002794408BF51F8221009D0F9
:10BE500051F8223001EB8201AB404A68139922FA73
:10BE600001F11943A1FB0E26A1FB0B131A449A42C0
:10BE700034BF0123002303EB06080CEB8003D3E956
:10BE800001A60E448E4234BF0121002192448A440F
:10BE900011B1924502D903E0924501D2012100E09F
:10BEA0000021C3E901A641444CF82010011EA0F175
:10BEB0000100C4DC04989DED050A00F10050810FDB
:10BEC00004989FED3B4B800001EE100ADDED060A61
:10BED0009DED072AB8EEC13BB8EE401BB8EE600BF3
:10BEE000B8EE422B002021EE041B9FED334B20EED9
:10BEF000040B9FED334B22EE042B30EE024B34EE5D
:10BF0000014B34EE034B8DED004B00909DED004B4B
:10BF1000199834EE433B10F0004F33EE411B31EEE5
:10BF2000400B32EE401B9DED000B9FED272B20EECA
:10BF3000020B9FED272B01EE020B9DED001B9FEDE9
:10BF4000262B01EE020B1CBF4942B1EE400B84EDE3
:10BF5000000B0846D3E600000000000000000000CF
:10BF6000FB21E93F7CD9024000004054FB21F93F0E
:10BF70003163621A61B4D03DFB21F93F000000003B
:10BF80000000601A61B4D03D7370032E8A19A33B80
:10BF9000FB2139410000000083C8C96D305FE43FD8
:10BFA000000000000000E03FC64500005E450000C4
:10BFB000000000000000103E000000000000103CE7
:10BFC000000000000000103A3326A611460B113C79
:10BFD000182D4454FB21F93D00000054FB21F93D8C
:10BFE00010B52DED040B2DED068B82B0B0EE41ABFC
:10BFF00009989FED299B20F00044B4F1795F0FDA96
:10C000009DED080BBDEEC00B10EE100A002801BF1D
:10C01000B0EE490B02B0BDEC068B04B008BF10BDFA
:10C020009DED080B1E48062120EE008BB0EE480B5C
:10C03000784400F045F820EE080B9DED081B1C48E5
:10C04000844228EE000B01EE4A0B9FED171B28EEF1
:10C05000011BBCBF31EE400B39EE400B16DB15481F
:10C06000A042BCBF9FED142B8DED002B06DBA4F589
:10C0700000100190002000909DED002B31EE421B3E
:10C0800039EE422B31EE400B32EE400B02B0BDECEC
:10C09000068B04B010BD0000000000000000F03F5F
:10C0A0001443000000000000000000000000E03F1A
:10C0B0003333D33F0000E93F000000000000D23FCF
:10C0C000491E00EBC102B0EE401B92ED000B31F0B7
:10C0D00006020DD0491E00EBC102B0EE403B92EDCE
:10C0E000002B31F00602B0EE420B03EE010BF1D152
:10C0F000022914D004290AD0062918BF704790EDF0
:10C100000A2B00EE012B90ED080B02EE010B90EDD7
:10C11000062B00EE012B90ED040B02EE010B90EDCF
:10C12000022B00EE012B90ED000B02EE010B70478D
:10C1300031B504462DED040B2DED068BB0EE419B81
:10C1400007989DED060B20F00040B0F1795F0DDA05
:10C1500051EC100BFFF70BF9042808BF00F048F86A
:10C160009DED060BBDEC068B05B030BD20EE008BBF
:10C170001348052128EE00ABB0EE480B7844FFF7DA
:10C180009FFF9FED111B8CB19FED112B29EE022B10
:10C190000AEE402B9DED060B18EE029B0AEE419B2A
:10C1A00030EE490BBDEC068B05B030BD08EE001B30
:10C1B0009DED060B0AEE010BBDEC068B05B030BD04
:10C1C000E042000000000000495555555555C5BFD7
:10C1D000000000000000E03F9FED031B81EE010B1B
:10C1E0007047000000000000000000000000000098
:10C1F0009FED030B20EE000B7047000000000000D5
:10C20000000000000000001030EE000A704730EE21
:10C21000200A7047DFED020A80EEA00A7047000096
:10C22000000000009FED020A20EE000A70470000A7
:10C23000000000102DE9F0014FF07F42B2EB410FFA
:10C240009FBF4FF0FF310160BDE8F00170474FF034
:10C25000004242EA0123C1F3C752783A551112F065
:10C260001F0C434CCCF120067C44C1F3C752A2F111
:10C2700078024FEA621204EB820254F8254008BFAC
:10C28000D2E9015612D0556804FA0CF425FA06F7E3
:10C290003C43976805FA0CF527FA06F8D26807FAC6
:10C2A0000CFCF24045EA08054CEA0206A4FB034CEC
:10C2B000A5FB0352A6FB03631D449D4234BF012628
:10C2C00000261319334416B1934202D903E0934276
:10C2D00001D2012200E00022624402F1200C920609
:10C2E000DC0C42EA443200EE102A5B03DFED210A47
:10C2F000F8EEC01A00EE103A4FEA9C1C11F0004F05
:10C30000B8EE400AC0F800C020EE201A00EE105A25
:10C31000DFED190AB8EE400A20EE200A71EE810A1C
:10C3200070EE800A10EE902A02F500626FF30B02A5
:10C3300000EE902A70EEE11A31EEC11ADFED101A0C
:10C3400030EE411A9FED0D0A20EE800A01EE210A1F
:10C350009FED0C1A00EE810A04BFBDE8F0017047A2
:10C36000CCF180510160BDE8F001B1EE400A7047A8
:10C37000D4410000000000360000802C22AAFD29D4
:10C38000DB0FC92F0000C92FD0ED000AF4EEC00A60
:10C39000F1EE10FA06DCB1EE400AF4EEC00AF1EE5E
:10C3A00010FA01D280ED000A70470000F8B50020B5
:10C3B0008DF800000446F4F711FA8020F4F7A4FB8E
:10C3C0005520F4F7A1FB5520F4F79EFB8DF80000F3
:10C3D000F4F7FCF99620F4F76CFAF4F7FFF98020F3
:10C3E000F4F792FB5520F4F78FFB5520F4F78CFB04
:10C3F0008DF80000F4F7EAF99620F4F75AFAF4F70A
:10C40000EDF9B6217E20F4F7A6FBF4F7DFF9502012
:10C41000F4F743FAF4F7E2F98020F4F775FB5520BE
:10C42000F4F772FB5520F4F76FFB8DF80000F4F77A
:10C43000CDF99620F4F73DFAF4F7D0F98020F4F71F
:10C4400063FB5520F4F760FB5520F4F75DFB8DF896
:10C450000000F4F7BBF99620F4F72BFA9DF80000E2
:10C460001E282ED11B4D00BFF4F7B8F904EB44068B
:10C470007719A85D7978F4F76EFBF4F7A7F99620A1
:10C48000F4F717FAF4F7AAF9A85D40F08000F4F782
:10C490003BFB5520F4F738FB5520F4F735FB8DF8BE
:10C4A0000000F4F793F99620F4F703FA78789DF8F2
:10C4B0000010884207D004EB44002844807800280C
:10C4C00000D00120F8BD641CE4B2062CCCD30020BF
:10C4D000F8BD0000C4020024F0B587B00020054676
:10C4E000019002908DF80000F4F778F98020F4F7BD
:10C4F0000BFB5520F4F708FB5520F4F705FB8DF8EE
:10C500000000F4F763F99620F4F7D3F9F4F766F92D
:10C510008020F4F7F9FA5520F4F7F6FA5520F4F7ED
:10C52000F3FA8DF80000F4F751F99620F4F7C1F909
:10C53000F4F754F9B6217E20F4F70DFBF4F746F931
:10C540005020F4F7AAF9F4F749F98020F4F7DCFA5F
:10C550005520F4F7D9FA5520F4F7D6FA8DF80000F3
:10C56000F4F734F99620F4F7A4F9F4F737F98020BA
:10C57000F4F7CAFA5520F4F7C7FA5520F4F7C4FACD
:10C580008DF80000F4F722F99620F4F792F99DF85F
:10C5900000001E2861D17F4CF4F720F905EB450619
:10C5A0003719A05D7978F4F7D6FAF4F70FF99620E9
:10C5B000F4F77FF9F4F712F9A05D40F08000F4F78A
:10C5C000A3FA5520F4F7A0FA5520F4F79DFA8DF858
:10C5D0000000F4F7FBF89620F4F76BF978789DF8F3
:10C5E0000010884204D005EB45002044807832E0FA
:10C5F0005020F4F752F96D1CEDB2042DCCD3002578
:10C60000F4F7ECF805EB45073E19717B307BF4F746
:10C61000A2FAF4F7DBF89620F4F74BF9F4F7DEF81A
:10C62000307B40F08000F4F76FFA5520F4F76CFA95
:10C630005520F4F769FA8DF80000F4F7C7F8962052
:10C64000F4F737F9707B9DF80010884208D005EBAD
:10C6500045002044807B002800D0012007B0F0BDB9
:10C660005020F4F71AF9F4F7B9F89220F4F74CFADD
:10C670000622122001A9F4F729FAF4F7A7F89DF889
:10C68000050003A99DF8043001EB47026D1C43EA45
:10C69000002021F817009DF80700EDB29DF8061064
:10C6A000022D4FEA002040EA010050809DF8090069
:10C6B0009DF808104FEA002040EA010090809FD3C7
:10C6C000F4F78CF800216D20F4F745FAF4F77EF8C2
:10C6D0009620F4F7EEF8F4F781F8ED20F4F714FA69
:10C6E0005520F4F711FA5520F4F70EFA8DF80000F2
:10C6F000F4F76CF89620F4F7DCF89DF800000028B9
:10C70000ABD1F4F76BF8B6217E20F4F724FAF4F7F6
:10C710005DF85020F4F7C1F8BDF90C1040F2555007
:10C72000BDF91220891A814297DBBDF90E10BDF9BF
:10C730001420891A814290DBBDF91000BDF9161052
:10C74000401AB0F52A7F88DBF4F748F88020F4F728
:10C75000DBF95520F4F7D8F95520F4F7D5F98DF821
:10C760000000F4F733F89620F4F7A3F8F4F736F85E
:10C770008020F4F7C9F95520F4F7C6F95520F4F7ED
:10C78000C3F98DF80000F4F721F89620F4F791F83A
:10C79000002063E736030108F8B5002004468DF851
:10C7A0000000F4F72DF800206946F4F7A1F9F4F73A
:10C7B0001FF89620F4F77DF8F4F722F80020694678
:10C7C000F4F796F9F4F714F89620F4F772F8F4F702
:10C7D00017F8B6211420F4F7BEF9F4F709F8502041
:10C7E000F4F75BF8F4F70CF800206946F4F780F9E9
:10C7F000F3F7FEFF9620F4F75CF8F4F701F8002059
:10C800006946F4F775F9F3F7F3FF9620F4F751F85A
:10C810009DF800000F2825D1164D00BFF3F7F0FF5B
:10C8200004EB44067719A85D7978F4F794F9F3F7E7
:10C83000DFFF9620F4F73DF8F3F7E2FFA85D6946C5
:10C84000F4F756F9F3F7D4FF9620F4F732F8787836
:10C850009DF80010884207D004EB440028448078FB
:10C86000002800D00120F8BD641CE4B2062CD5D30A
:10C870000020F8BDD602002438B5002004468DF80B
:10C880000000F3F7BDFF00206946F4F731F9F3F734
:10C89000AFFF9620F4F70DF8F3F7B2FF00206946DA
:10C8A000F4F726F9F3F7A4FF9620F4F702F8F3F76C
:10C8B000A7FFB6211420F4F74EF9F3F799FF5020A3
:10C8C000F3F7EBFFF3F79CFF00206946F4F710F94C
:10C8D000F3F78EFF9620F3F7ECFFF3F791FF0020BC
:10C8E0006946F4F705F9F3F783FF9620F3F7E1FFC4
:10C8F000F3F786FF01213C20F4F72DF9F3F778FFD9
:10C900005020F3F7CAFF00BFF3F77AFF3C206946D7
:10C91000F4F7EEF8F3F76CFF9620F3F7CAFF9DF8F3
:10C92000000004F10104E4B2800701D40A2CEBD327
:10C930000A2C03D09DF80000400701D5012038BD26
:10C94000002038BD10B500F027F80D48F6F76FFE4F
:10C950000C48F6F76CFE0C48F6F769FE0848002212
:10C960000121F5F78DFF074800220121F5F788FF27
:10C9700000220548BDE810400121F5F781BF000005
:10C9800028350024C8350024683600240149C860D1
:10C9900070470000AC02002410B58AB002AA002043
:10C9A00002210190012482E81300059001A906905C
:10C9B0000848F6F70AF802220648012311460094B7
:10C9C000F6F742F8012203481146F5F7D1FF0AB005
:10C9D00010BD00002835002410B504002DED028B99
:10C9E00082B013D0207B9FED318A012808D0022825
:10C9F00010D0032812D0042814D0052835D030E0F8
:10CA000084ED788A84ED798A84ED7A8A02B0BDEC6F
:10CA1000028B10BD204600F0A1F922E0204600F074
:10CA2000BDFB1EE08DED008A8DED018A01A9224635
:10CA3000684600F0CDFA84ED7A8A94ED7E1AD4ED42
:10CA40007F0A9DED000A00F06EFD84ED780A94EDFA
:10CA5000801AD4ED810A9DED010A00F064FD84ED99
:10CA6000790A207B0028CBD0D0E711486FF009036A
:10CA7000B0F9021001EB8101490000EE101AB8EE86
:10CA8000C00A84ED780A018811FB03F100EE101A48
:10CA9000B8EEC00A84ED790A808810FB03F000EE3E
:10CAA000100AB8EEC00A84ED7A0AAFE70000000071
:10CAB000C0EE00242DE9F041040043D0244A0327AE
:10CAC00004260223D07A012804D0032804D00228A7
:10CAD00004D004E0277302E0237300E026730020F3
:10CAE000B2F814C001251B495FEA0C5C03D5C1E90B
:10CAF0000005886008E0D1F800C0BCF1010F00D14A
:10CB000027734F68012F00D123738F68012F00D145
:10CB10002673928A960501D4CD6008E0CE6836B1BE
:10CB2000C8600E68012E0FD08860C1E900509204E1
:10CB300003D523738860C1E9000500F07DFF00285C
:10CB400000D02573BDE8F0810860C1E90150EEE72F
:10CB5000C0EE0024080300247FB59FED4D0A00209D
:10CB60004C4C0090019002909FED4B2A03906A4636
:10CB700094ED781AD4ED791AD4ED7A0AB1EE414ADF
:10CB800071EE612A31EEC13A71EE213A34EE611A4A
:10CB900040EEC22A00EEC23A40EEC23A00EEC21A9D
:10CBA000CDED002A8DED011A8DED023ACDED033A5F
:10CBB000217B052900D089B902EB800100EB8003BD
:10CBC00091ED000A04EB8303401CBDEEC00AC0B225
:10CBD000042810EE101A1984EED37FBD02EB8003F7
:10CBE00000EB800193ED001A04EB8101F0EEC10A25
:10CBF00081ED071AB4EEE00AF1EE10FA01D2B0EEC0
:10CC0000600A401CC0B20428E8D310EE100A234981
:10CC1000884213DD00209FED221AC1EE000A00BFFA
:10CC200000EB8001401C04EB8101C0B291ED070ACA
:10CC3000042820EE200A81ED070AF1D35FF00005F9
:10CC400005EB850105EB051004EB810104EB800089
:10CC50006030D1ED070A91ED060AFBF75DFC6D1C13
:10CC6000EDB2042DECD3002000EB001200EB8001AC
:10CC700004EB8202401C92ED1F0A04EB8102C0B259
:10CC8000BDEEC00A042810EE101A1184ECD37FBD4B
:10CC900000000000ECDE0024CDCC4C3ECDCC6C403E
:10CCA000CDCC6C4029485FF000019FED291ADFEDE3
:10CCB000290A30B501EB810201EB011300EB82027E
:10CCC00000EB8304491C1569C9B20429B5F9023087
:10CCD00000EE103AB8EEC00A20EE010A82ED060A14
:10CCE00094ED230A20EE200A82ED050AE2D390EDAE
:10CCF000062A90ED0B1AD0ED100AB1EE423A72EE10
:10CD0000413A32EE012A33EE411A90ED150A33EE24
:10CD1000E03A32EE602A71EE600AF5EE001A33EE68
:10CD2000001A32EE402A70EEC00ADFED0B2A21EE27
:10CD3000210A22EE211A60EEA10A80ED750A80ED2B
:10CD4000761AC0EEA21AC0ED771A30BDECDE0024D0
:10CD50000A01DA390000FA43CDCC4C3E10B504008C
:10CD60002DED068B82B07CD09FED509A01A9024632
:10CD70008DED009A8DED019A684600F029F99FED3E
:10CD80004C1A4C49DFED4C0A4C480068008800F50D
:10CD90009660C0F30C0000EE100AF8EE401A81EE27
:10CDA000810A10EE100A884203DD9FED451A30EE2D
:10CDB000410A20EE200AB7EEC00AB0EE408BFEF723
:10CDC0000BFD9DED001AB7EEC11A20EE01ABB0EEDF
:10CDD000480BFEF759FE9DED011AB7EEC11A01EEA0
:10CDE00000ABB7EECA0B84ED780AB0EE480BFEF745
:10CDF0004BFE9DED001AB1EE411AB7EEC11A20EEBE
:10CE000001ABB0EE480BFEF7E7FC9DED011A9FED7C
:10CE10002D8ADFED2D8AB7EEC11A01EE00ABB0EE20
:10CE2000481AF0EE680AB7EECA0B84ED790AB0EE44
:10CE3000490A01F05FF884ED7C0A2068DFED230ADF
:10CE4000B0EE481A90ED2E0A30EE600AF0EE680A55
:10CE500001F050F884ED7B0AD4ED7C0A04F5B8703B
:10CE600000E01FE0FBF7F4FA84ED7A0AB2EE041A50
:10CE7000FAEE040A00F057FB84ED7A0A94ED7E1A6C
:10CE8000D4ED7F0A94ED780A00F04DFB84ED780A2A
:10CE900094ED801AD4ED810A94ED790A00F043FBF9
:10CEA00084ED790A02B0BDEC068B10BD00000000D5
:10CEB000610BB6410000B44303FA8E3C90E30024BA
:10CEC0000000B443DB0F4940DB0F49C09A7954445A
:10CED00070B52DED048B00F099FB334D286000F008
:10CEE00091FB334E0024DFED318A9FED328A9FEDB6
:10CEF000329ADFED329A6860204600F079FB04EB4D
:10CF00008401B0EE682A05EB8101B0EE481AF0EE1C
:10CF1000490A086104EB0410318805EB800000EE3B
:10CF2000101A6030F8EE401AB0EE690AFBF768FBA1
:10CF3000641CE4B2042CDFD32248B7EE082AF2EED8
:10CF4000011A9FED1F1AF0EE480AB3EE000AFBF734
:10CF500057FB9FED1E8A1B481B494430B0EE480A20
:10CF600000F0D8FA18491748091D5430B0EE480AA5
:10CF700000F0D0FA96ED020AF7EE080A85ED7E0A77
:10CF8000F1EE402AC5ED7F2A05F50075BFEE081ABF
:10CF9000F1EE001AB9EE002AC5EC040ABDEC048BD0
:10CFA000BDE87040FFF77EBEECDE002400007A444E
:10CFB000B401002400000000CDCC4C3C00A00C4685
:10CFC0006F12833A5CE00024C80201086F12033B31
:10CFD00070B514000D4606462DED028B5FD0002E75
:10CFE0005DD0002D5BD02F49B1F9022002F10A007B
:10CFF000152800D20022B1F9000000F10A03152B18
:10D0000000D2002000EE102A00EE900ADFED261A72
:10D01000B8EEC02AB8EEE00A9FED241A888A62EEC4
:10D02000218A20EE018AC10702D0D4ED7E8A03E076
:10D03000810701D5D4ED7F8A410702D594ED808A1E
:10D0400003E0000701D594ED818AB0EE680A04F58B
:10D05000DA7000F041FAB0EE480A04F5E27000F030
:10D060003BFA18EE900A12499FED120A884206DA3E
:10D0700018EE900A1049884201D284ED6E0A18EE2B
:10D08000100A0E49884206DA18EE100A0C49884246
:10D0900001D284ED720AC6ED008A85ED008ABDECEE
:10D0A000028B70BDC0EE0024A69BC43B0AD7A3BB75
:10D0B00090C2753D0000000090C275BDCCCC4C3DC7
:10D0C000CCCC4CBD40F2651002F08AF9FFF700FFAE
:10D0D000284D294C2848FFF7EDFCFFF7E3FD2648D3
:10D0E000FFF77AFC95ED020AD5ED010A20EE201A31
:10D0F00020EE600A84ED7E1A84ED7F0AFFF72CFD96
:10D10000012001F093FF58B1022001F08FFF38B1E8
:10D11000032001F08BFF18B1042001F087FF28BB2A
:10D12000002001F083FFB8B100231A4619461846C3
:10D13000F3F71CFD114900200860114908601149EE
:10D1400008601149086011490860114908601149D7
:10D1500008601149086009E0B4F95C30B4F948206E
:10D16000B4F93410B4F92000F3F700FD022002F006
:10D1700037F9AFE7B4010024ECDE00242C030024CF
:10D18000300300243403002400020024040200249D
:10D19000080300240C0300241003002410B504002D
:10D1A0002DED048B82B07AD09FED4C0A01A9024686
:10D1B0008DED000A8DED010A6846FFF709FF9FED2E
:10D1C000481A4849DFED480A48480068008800F2DC
:10D1D0003D50C0F30C0000EE100AF8EE401A81EE4C
:10D1E000810A10EE100A884203DD9FED411A30EEED
:10D1F000410A20EE200AB7EEC00AB0EE408BFEF7DF
:10D20000EBFA9DED001AB7EEC11A20EE019BB0EECD
:10D21000480BFEF739FC9DED011AB7EEC11A01EE7D
:10D22000409BB7EEC90B84ED780AB0EE480BFEF7D1
:10D230002BFC9DED001AB7EEC11A20EE019BB0EE5B
:10D24000480BFEF7C9FA9DED011A2B492948B7EEA4
:10D25000C12A02EE009BB7EEC90B84ED790A898AD8
:10D26000490402D40121416108E0416931B1002142
:10D2700041610169092913D0092101619DED000A6D
:10D28000B5EEC00AF1EE10FA0CD1B5EEC01AF1EE0F
:10D2900010FA07D190ED040AB8EEC00A04E019E0D4
:10D2A0000A21EAE79FED150A84ED7A0A94ED821AC5
:10D2B000D4ED830A94ED780A00F035F984ED780A0C
:10D2C00094ED821AD4ED830A94ED790A00F02BF9DB
:10D2D00084ED790A02B0BDEC048B10BD00000000A3
:10D2E000610BB6410000B44303FA8E3C90E3002486
:10D2F0000000B44308030024C0EE0024CDCC2C4130
:10D30000124900EBC00010B501EB8004206860609A
:10D3100002F0B4FC2060E17C4A0603D521F0400114
:10D32000E174E060A06958B1804748B1E07C40F00A
:10D33000A000E074206A002806D0BDE81040004735
:10D34000E07C20F08000E07410BD000008E10024C3
:10D35000F0B59BB01A49682204466846F3F766F9AF
:10D36000DFF860C0002002466F4600BF02EBC2013A
:10D3700002EB42030CEB8101521C37F8136007EB00
:10D3800043030D8AD2B2112A66F30B050D825E8823
:10D39000B1F8115066F30F15A1F811501D79CB7C2F
:10D3A0008861C861086265F3440343F0E103CB740C
:10D3B00048610C604C608C60CC60D7D31BB0F0BD72
:10D3C000D002010808E1002402F058FC394D6860E1
:10D3D000FFF7BEFF392002F003F8374C4FF0110879
:10D3E00002F04CFC6860002685F8008094F8770213
:10D3F00020F0600084F8770206EBC60004EB8000A2
:10D40000C17CCA074BD0078A02686B68C7F30B0759
:10D41000A3EB020CBC451DD98A0603D441F0600180
:10D42000C17483602978C27C01EBC101C2F343025D
:10D4300004EB8101C97CC1F343018A4200D92E70FB
:10D4400094F8771241F0600184F87712C06930B324
:10D45000804724E0C76821F04001B0F811C0DB1B11
:10D46000B3EB1C1F03D241F02001C17417E00B067F
:10D47000C17402D541F0200101E021F02001C17406
:10D4800041688A420BD9511A00EE101ADFED0B0ADF
:10D49000B8EE401A80EE810A10EE101A4161761C37
:10D4A000112EA9DB0A2001F09BFF002001F06EFE87
:10D4B000A86095E7C001002408E1002400007A4438
:10D4C00082B0CDE9000121F0004001909DED000BFC
:10D4D00002B051EC100B704710EE101A016000EE14
:10D4E000101A8268C16801EE102A00EE901A436893
:10D4F00031EE202A31EE203A01EE903AC1EE022AB6
:10D5000080EE831A62EEA10A41EE000A10EE901A34
:10D510004160704710EE102A0023C26009688160E4
:10D52000036043607047B4EEE00AF1EE10FA02D2F5
:10D53000B0EE600A7047B4EEC10AF1EE10FAF9DD00
:10D54000B0EE410A70472DE9F0411D4616460F46E0
:10D5500004462DED028BF7EE008AD0ED031A90ED14
:10D56000001A90ED010A90ED022A61EE211A21EED7
:10D57000011AB0EE008AF0EE680A40EE021A00EEE0
:10D58000001A21EE880A51EE080AFDF7C9FF87ED5F
:10D59000000A94ED010A94ED032AD4ED000A94EDFB
:10D5A000021A20EE020AF8EE001A00EEC10A20EE7E
:10D5B000210AFDF719FF86ED000A94ED030AF0EE4B
:10D5C000680A94EC031A61EE211A21EE011A42EE68
:10D5D000001A00EE001A21EE880A51EE080AFDF743
:10D5E0009FFF85ED000ABDEC028BBDE8F0810000D5
:10D5F00000F00300024900EB800001EB800070475F
:10D6000080ED00240048704770E400240048704713
:10D6100090E3002410B504002DED028BB0EE418A9A
:10D620003BD070EEC01A84ED040AC4ED030A9FEDEE
:10D630001C1ADFED1C0AB0EE610A00F05BFCD4ECB2
:10D64000021A04F12000D4ED090A94ED021A84EDC7
:10D65000050A42EE000A21EE081A21EE800A80EC4B
:10D66000030A001D94ED070AFEF78EFED4ED080AAA
:10D6700094ED091A94ED0A0A04F12C0070EE810A67
:10D6800030EE800A84ED0B0A94ED060AFEF77CFE6C
:10D6900094ED0B0ABDEC028B10BD9FED030AF9E778
:10D6A000DB0F4940DB0F49C00000000000280BD011
:10D6B00080ED072ADFED052AC0ED061AC0ED052A28
:10D6C000C0ED042A80EC030A70470000000000004F
:10D6D000F0B54A4C4A4BB4F90C509D63E67C26B138
:10D6E0009FED480ADFED480A03E09FED480ADFEDB1
:10D6F000480A83ED0C0A0028C3ED0D0A71D00029F9
:10D700006FD0002A6DD0B4F90460002206F10A0738
:10D71000152F01D35E8000E05A80B4F9066006F14F
:10D720000A07152F01D39E8000E09A8000EE105A60
:10D73000B3F902600125DFED372AF8EEC00A00EEEA
:10D74000106A93ED0C1A9FED342AB8EEC00ADFED93
:10D75000331A20EE220A00EEC10A80ED000AB4F965
:10D760000E60B4F9107000EE106A01EE107AD3ED7D
:10D770000D0AB8EEC00AF8EEC12AB3F904C020EED3
:10D78000200A62EEA00A01EE10CA00EEC20AB8EE4C
:10D79000C11A01EE210A81ED000AA18AC90501D44E
:10D7A0005D620AE0596A41B15A62DFED1D0A90EDEF
:10D7B000000A30EE200A80ED000A217D9FED190A53
:10D7C000490601D4DD6108E0D96931B1DA61D0EDF3
:10D7D000000A70EE800AC0ED000A217D090601D41E
:10D7E0001D62F0BD196A0029FBD01A62D0ED000A53
:10D7F00030EEC00A80ED000AF0BD0000C0EE00244B
:10D800002003002402B5D73789CA993762BEBC38D5
:10D81000CDAF6638BD3786B69A99193F9C53C93645
:10D82000DB0F4940DB0FC93F10B504002DED048B21
:10D83000B0EE408A43D094ED310AD4ED300ADFEDEA
:10D84000218A9FED219A30EE600AB0EE681AF0EE60
:10D85000490A00F04FFB1D4880ED010A94ED2E2A85
:10D86000D4ED2C1A72EE000A70EE882AF4EEE12A4A
:10D87000F1EE10FA05DDB5EEC08AF1EE10FA0CDC1F
:10D880000FE0D4ED2D1AF4EEE12AF1EE10FA08D2F1
:10D89000B5EEC08AF1EE10FA03D271EEC20A30EE94
:10D8A000C08A94ED310AB0EE681A80ED020A30EEBB
:10D8B000080AF0EE490A00F01DFB84ED310ABDECC8
:10D8C000048B10BDDB0F4940DB0F49C0CC010024A5
:10D8D0002DE9F041002815462DED028B3BD00029A3
:10D8E00039D0002D37D01E4C9FED1E8A227892B180
:10D8F000022A08D0032A0AD0042A0CD0052A0FD005
:10D90000062A18D01AE02A46FFF7E2FE16E02A4659
:10D9100000F0DAF912E080ED008A81ED008A0DE076
:10D9200006460F46102001F081FB38B186ED008AD3
:10D9300087ED008A02E02A4600F054F961782078E9
:10D94000814207D095ED680AD5ED300A85ED690A68
:10D95000C5ED310A6070BDEC028BBDE8F0810000BE
:10D96000200300240000000010B504000ED000F0D9
:10D9700019F80B48017851B101294FF0020007D086
:10D9800002290AD0032903D0042901D010BD0020A8
:10D9900084F8A80084F8880110BD0120F8E7000091
:10D9A000200300242DE9F04100283ED02048022128
:10D9B000204C0025C27A012A04D0032A02D0022A70
:10D9C00002D002E0217000E02570E368012B00D155
:10D9D00021702369012B00D121706369012B00D1D3
:10D9E00025700123868A370502D5C4E90353656192
:10D9F000B60501D4032A12D12170B0F9081000290C
:10DA000001DDA36101E000DAA561C07C10B9A06965
:10DA1000012801D1052020706561C4E9033500208B
:10DA200001F004FB002800D02570BDE8F081000063
:10DA3000C0EE00242003002404480078012803D00D
:10DA4000042801D0002070470120704720030024E3
:10DA500004480078012802D008B100207047012056
:10DA6000704700002003002470B52448244CB7EE12
:10DA7000002AF1EE041A2DED048B04F16405007BFD
:10DA80009FED208ADFED208A9FED209ADFED209A1E
:10DA9000032828D0B6EE001A201DF0EE480ABAEE90
:10DAA000040AFFF703FEB0EE682AF0EE491AB0EE62
:10DAB000481AF0EE480AB0EE690A2846FAF7A0FDC7
:10DAC00094F8A800002588B10D4800F06DF800BF5B
:10DAD00094F8880168B1BDEC048B0948BDE870403A
:10DAE000E03000F061B89FED0B1AD5E7A4F8DC50E8
:10DAF000EEE7A4F8BC51BDEC048B70BDECDE002455
:10DB000090E300240000000000007A4400007A4600
:10DB10000010A446C976FEBE70B5214C2DED028BD7
:10DB200094ED630AD4F8E000BCEEC00A008810EE61
:10DB3000101A89B200F054FA1A4D84ED660A95ED78
:10DB4000010A84ED680A95ED040A84ED6A0A94EDF1
:10DB50002B0A2068BCEEC00A008810EE101A89B2A9
:10DB600000F03EFAB1EE400A84ED2E0A95ED000A6F
:10DB700084ED300A94ED660AFDF7DEFFD5ED030A69
:10DB800020EE208A94ED660AFDF77EFED5ED050AAB
:10DB900000EE608A84ED328ABDEC028B70BD00001D
:10DBA00090E30024DCE5002410B5040018D004F153
:10DBB000C00090EC030A201DFFF72CFDF0EE400A98
:10DBC00084ED330A94ED320A04F16400FAF740FC64
:10DBD000FDEEC00A84ED360A10EE900AA4F8DC00CF
:10DBE00010BD00002DE9F04105000C4650D0002C7E
:10DBF0004ED0002A4CD0102001F018FA28B19FED29
:10DC00002B0A85ED000A84ED000A294900222A48E2
:10DC10009FED280AB1F9063003F10A05152D01D34D
:10DC2000438100E042810123B1F90E50B1F9107037
:10DC300001EE105A01EE907AB0F90A60B8EEC11AFE
:10DC4000F8EEE13A9FED1D3A02EE106A21EE001A5D
:10DC500023EE800AF8EEC21ADFED192ADFED190A69
:10DC600000EE431A01EEA21A84ED001A8D8AED042B
:10DC700001D4836208E0856A35B1826294ED000ABE
:10DC800030EE200A84ED000A898A890402D4C36236
:10DC9000BDE8F081C16A0029FAD0C26294ED000AA1
:10DCA00030EE600A84ED000AF2E700000000000098
:10DCB000C0EE0024CDAF6638200300249A99193FA6
:10DCC0009C53C936C3B8B23D70B5002844D0002972
:10DCD00042D0002A40D0214B0024214AB3F90450FD
:10DCE00005F10A06152E01D3D58000E0D480B3F9E2
:10DCF000065005F10A06152E01D3158100E01481A6
:10DD0000B2F90640B3F90C5000EE104ADFED150AE7
:10DD10009FED152AF8EEC02A00EE105ADFED131A17
:10DD20009FED131A62EEA00AB8EEC00A40EE420A56
:10DD3000C0ED000AB2F90800B3F90E2000EE100A97
:10DD4000F8EEC00A00EE102A60EEA10AB8EEC00A92
:10DD500040EE010AC1ED000A70BD0000C0EE0024D3
:10DD600020030024BD3786B662BEBC389C53C9363A
:10DD7000CDAF66382DED028BC92082B001F030FBAB
:10DD80002C4E2D4C2D4D9FED2A8A2B48FFF7ECFD94
:10DD9000FFF7C2FE8DED008A8DED018A30780528EF
:10DDA00024D0254A01A96846FFF792FD94ED310A77
:10DDB000DDED000A204830EE200AE03084ED310A23
:10DDC0009DED010AFFF730FDFFF74EFEB4F8DC00D1
:10DDD00040422880B4F8BC016880052001F026F993
:10DDE00058B1062001F022F938B11DE0B0EE480A22
:10DDF00084ED310A84ED690AE6E7002001F016F9A6
:10DE000060B100210846F2F707FF94ED680A84ED3F
:10DE1000690A94ED300A84ED310A05E0B5F9021083
:10DE2000B5F90000F2F7F8FE012001F0D9FAACE7ED
:10DE3000000000002003002490E30024CC01002413
:10DE4000014909680864704708390024184810B56A
:10DE5000184C0179A9B1DFED180A2046FAF799FAB2
:10DE600094ED0C0AB5EEC00AF1EE10FA03D29FED64
:10DE7000130A84ED0C0ABCEEC00A10EE100A80B240
:10DE800012E010EE101A0E4A91420BDD4179491C46
:10DE9000C9B24171C82905D9012101719FED090A53
:10DEA00084ED0A0A41F28730BDE81040FFF7C8BF91
:10DEB000D80100249CE5002400003442000000004A
:10DEC0000000344200401C4510EE100A0849F6EEEE
:10DED000000AB7EE081A60EE200AA1EB600000EE1F
:10DEE000100A60EE800A00EEC01A21EE000A7047A8
:10DEF000DF59375F10B52DED028BB0EE608AB4EEBE
:10DF0000C81AF1EE10FA10D371EE488A30EE480AC2
:10DF1000F0EE680AFDF760FDB5EEC00AF1EE10FA0A
:10DF200001D230EE280A30EE080ABDEC028B10BD9B
:10DF3000F5F7C6FCFAF750FDF9F7FCFDF9F7A2FC7E
:10DF4000F9F70EFDF9F742FDF9F77CFDF9F750FE00
:10DF5000F9F780FEF9F724FFF9F758FFF9F7BEFF4C
:10DF6000F9F7F0FFF9F786FFF9F7E0FEF9F7A4FEFD
:10DF7000FEF7E8FC11494FF48072114801F094F863
:10DF800010491922104801F08FF810490C2210484E
:10DF900001F08AF80F4880220F49007800EB8010CA
:10DFA00001EB40010D4801F07FF800F017FD00F093
:10DFB0003FF8F9F783FD00F04DF8FEE7D0E80024C4
:10DFC000C83A0024D0EA0024A0390024E9EA002459
:10DFD000343A0024B2020024F6EA0024F03B002484
:10DFE000401AB0F5805F03DDA0F5F850FF3805E07A
:10DFF00010F5805F02DA41F6FF71084400EE100A66
:10E00000DFED030AB8EEC00A20EE200A70470000D8
:10E01000DB0F493A10B5EFF3058111B16FF005043C
:10E0200004E04FF0000408B101F0DAF9204610BD19
:10E03000EFF3058010B16FF00500704704490868E0
:10E0400010B14FF0FF30704701220A600020704786
:10E05000F400002410B5EFF3058010B16FF0050057
:10E0600010BD08480168012902D04FF0FF3010BDF3
:10E07000054A002182F8141D0221016001F018FAFE
:10E08000002010BDF40000240BE000E02DE9FF416A
:10E090004FEA01034FF00005EFF30581039561BBE3
:10E0A00058B34FF080064FF018014FF000044AB308
:10E0B000176807B13C4697691FB139467F1E382F54
:10E0C00002D21779FF0703D0002004B0BDE8F08129
:10E0D000576907B1BE08D2F808C0BCF1000F0DD0D7
:10E0E000D5685C2D18D312693AB137B18DE80610A6
:10E0F0003246214601F089FD03900DE0D7685FB9F3
:10E1000012694AB903AACDE90012B2B2214601F060
:10E110004FFD012800D003950398D6E72DE9F04183
:10E12000154C0F4605460020E668216881F85A0024
:10E130002068001D01F016F8681C07D137B121686E
:10E14000BDE8F0410D48091D01F066B8206835446E
:10E15000B5424560216805D2A06B091DBDE8F041BC
:10E1600001F042B8606B091D01F03EF8A06A8542DB
:10E1700000D2A562BDE8F081A4000024D86100248B
:10E180002DE9F041054601F053F82D4C2D4FA068C4
:10E19000401CA060206810B1606930B32BE025609E
:10E1A000A068012827D1002606EB860007EB800037
:10E1B00001F00CF8761C382EF6D3234801F006F84F
:10E1C0002148143001F002F81F48283000F0FEFF0B
:10E1D0001D483C3000F0FAFF1B48503000F0F6FFBD
:10E1E000194860631430A06305E0E86A2168C96AD1
:10E1F000814200D82560606A401C60626864E86AF9
:10E200002169884200D9206100EB8000291D07EBBD
:10E21000800001F001F801F02BF8606900280CD0B3
:10E220002068E96AC06A884207D208494FF08050E6
:10E230000860BFF34F8FBFF36F8FBDE8F081000020
:10E24000A4000024285D00248861002404ED00E07F
:10E2500038B500F0EDFF104C2068C8B90F4800F049
:10E26000B5FF0E48143000F0B1FF0C490020E1600A
:10E2700014312161A1F582730090A1F1B402102143
:10E280000A2001F023FA206010B105A101F072F814
:10E29000BDE8384000F0ECBFE0000024DC62002460
:10E2A000546D72510000000030B4026C0B46002A1D
:10E2B0000BD0D0E902411144C160A14201D30168F1
:10E2C000C160184630BCF2F76CB930BC70472DE91C
:10E2D000F041856B1746026C0446002682B1C7B137
:10E2E000E068F2F75EF9E168206C2268091AE160E3
:10E2F000914202D2A168081AE060022F16D017E0FE
:10E300002068A8B9A06801F023FD06460020A0609F
:10E310000EE06068F2F745F9D4E90101226C10447F
:10E320006060884204D32068606001E005B16D1E22
:10E330006D1CA5633046BDE8F08110B5044690F829
:10E34000590058B101280CD002280FD0502080F37A
:10E350001188BFF34F8FBFF36F8FFEE7206B00F084
:10E360009BFF2046BDE8104000F096BF10BD0000A6
:10E37000104847F2305110B5420705D00D4AC01D74
:10E3800020F00700821A891A0B4C00230144083937
:10E39000A4F1180221F00701C4E900030C1A11606E
:10E3A0004B600B60C0E9001494604FF00041546072
:10E3B000516110BDBC69002410010024144E4FF0BF
:10E3C0008058144CDFF85090A6F29C4712E000BF32
:10E3D00000F02EFFF068C568281D00F0C3FEA0689D
:10E3E000401EA0606068401E606000F041FF28464B
:10E3F000FFF7A3FF60680028EAD138680128F9D93F
:10E40000C9F80080BFF34F8FBFF36F8FF2E70000B2
:10E41000C4610024A400002404ED00E070B51D4692
:10E42000049C51B1C4F80020C4E90F010121204629
:10E4300001F080F984F84C5070BD2460F4E72DE9B8
:10E44000F05F88469A4691001546DDE90B940A9ED6
:10E45000A5228346206BF2F71BF9206B6FF00301B6
:10E4600001EB8501084420F00707780707D050200A
:10E4700080F31188BFF34F8FBFF36F8FFEE7B8F1C2
:10E48000000F4FF000050ED00020221818F80010E1
:10E4900082F8341018F8001011B1401C1028F4D381
:10E4A00084F8435001E084F83450382E00D33726E6
:10E4B000E662201DC4E9136500F093FE04F1180024
:10E4C00000F08FFE6565C6F13800A06184F85850F1
:10E4D000524684F85A50594624613846646200F026
:10E4E00065FAB9F1000F206001D0C9F80040BDE81D
:10E4F000F09F000030B5114900E011460A688242E1
:10E50000FBD34B685C18844203D14468084623441B
:10E510004B6043681D18954209D1084C183C24688B
:10E52000A24209D052681A4442600A681268026026
:10E53000814200D0086030BD0460F9E7100100247A
:10E5400070B50D4D914241604FF00004006106D856
:10E550008169D21A8A4206D2011D286907E09A42CF
:10E5600003D2994201D3012403E0011DE86800F0C1
:10E570003BFE204670BD0000E000002410B50446BC
:10E5800000F056FEA06B28B15FF0000400F070FEB2
:10E59000204610BD0124F9E730B53C4D89B06BE051
:10E5A0000498002806DA059ADDE9060190470498E8
:10E5B000002861DB069C606910B1201D00F0D2FDCF
:10E5C00003A800F0D5F8024604980A2854D2DFE8E0
:10E5D00000F00505052D304705052D3094F828007D
:10E5E00040F0010084F82800A06905990B46014419
:10E5F0002046FFF7A5FF50B3216A2046884794F8CC
:10E600002800400738D50020009005980023A16914
:10E6100042181946204601F0A3FCC0B9502080F3EF
:10E620001188BFF34F8FBFF36F8FFEE794F8280078
:10E630001EE094F8280040F0010084F828000598B6
:10E64000A06128B1811813462046FFF779FF13E037
:10E65000502080F31188BFF34F8FBFF36F8FFEE719
:10E6600094F82800810703D4204600F015FE03E04B
:10E6700020F0010084F828002868002204A901F095
:10E68000B3F900288CD109B030BD0000E0000024AF
:10E690002DE9FC410F46054600F04EFF01A800F0B1
:10E6A00067F80446019818B101F0C8FBBDE8FC8189
:10E6B000254EAFB130690068D0B300273068291B00
:10E6C0003A4600F06BFE01F0B9FB0028EED11F497D
:10E6D0004FF080500860BFF34F8FBFF36F8FE5E7B7
:10E6E000A542EBD801F0AAFBF0682746C068C468D1
:10E6F000201D00F037FD94F82800410719D5A069C6
:10E700002B463A4641192046FFF71AFFA8B10020D0
:10E710002A46034601460090204601F021FC60B9DC
:10E72000502080F31188BFF34F8FBFF36F8FFEE748
:10E7300007E020F0010084F82800216A204688477D
:10E74000B4E70127BAE70000E000002404ED00E090
:10E750000648416B096829B1416BC968C9684968B5
:10E76000816270474FF0FF31FAE70000A4000024F7
:10E7700070B5054601F082FA064E0446B068844240
:10E7800003D200F009F8012000E0002028602046B4
:10E79000B46070BDE0000024F8B5194D20E0C068F9
:10E7A000C4680668201D00F0DDFC216A2046884709
:10E7B00094F82800400713D5A0693044B04206D928
:10E7C0002461211D6060E86800F00EFD08E0002073
:10E7D0003246034601460090204601F0C1FB38B1A5
:10E7E000E86801680029DAD12969C5E90310F8BD94
:10E7F000502080F31188BFF34F8FBFF36F8FFEE778
:10E80000E0000024002101E0401C491C0278A52AF8
:10E81000FAD0C1F38F00704708484068401C4FF0A1
:10E82000500080F3118804D0BFF34F8FBFF36F8F78
:10E83000FEE7BFF34F8FBFF36F8FFEE71801002491
:10E84000074CE068016841B1C0680021D0F80000C1
:10E85000FFF71EFFFFF7A0FEF3E701210020F7E717
:10E86000E00000242DE9F041044600F0E1FC94F9B9
:10E87000455004F1240609E0606A48B1304601F0D1
:10E88000A5FA08B100F0DAFD6D1E6DB2002DF3DCC3
:10E890004FF0FF3684F8456000F0EAFC00F0C8FC59
:10E8A00094F9445004F1100709E0206948B1384652
:10E8B00001F08CFA08B100F0C1FD6D1E6DB2002DA3
:10E8C000F3DC84F84460BDE8F04100F0D1BC000006
:10E8D0002DE9F0410027044600F02EFE324E30684C
:10E8E00008B9FFF745FD706904424ED1C4B308343E
:10E8F00060070ED004F00700C0F108000444600770
:10E9000007D0502080F31188BFF34F8FBFF36F8F74
:10E91000FEE72CB37068844237D82348183001468C
:10E920000D6801E028460D466968A14202D22968B7
:10E930000029F7D131688D4227D007682968016026
:10E9400008376868011B10290FD92819420708D019
:10E95000502080F31188BFF34F8FBFF36F8FFEE716
:10E9600013E041606C60FFF7C5FD69687068401A8C
:10E970007060B268904200D2B060002072691143AA
:10E98000C5E90001F068401CF06001F057FA780713
:10E9900007D0502080F31188BFF34F8FBFF36F8FE4
:10E9A000FEE73846BDE8F081F800002470B5041F8A
:10E9B000094E231F4FF0807521F0010125601C1FB7
:10E9C0001960A0F120010B1F266044380A606FF027
:10E9D00002051D6070BD000019E800080148FDF740
:10E9E000D5BF0000E9E9000870B5002842D02249EF
:10E9F0000288C2F30A020A804378A2F58062847812
:10EA0000DB0843EA4413C3F30A034B808478A3F57D
:10EA10008063C5780679A40944EA850444EA86241B
:10EA2000C4F30A048C800579A4F5806446796D08E6
:10EA300045EAC615C5F30A05CD804679A5F580657A
:10EA4000C6F301168E724679B609CE72C6888E81DB
:10EA50000689CE8146890E82067B8E74467BCE74F3
:10EA6000C6898E82008A0A804B80A0F580608C80E7
:10EA7000CD80088170BD0000C0EE002409489FEDE4
:10EA80000A1A0A49D0ED150A90ED160A70EEC10A6D
:10EA900030EE600A80ED160A91ED010A81ED000A60
:10EAA0007047000000E600240080A24450020024C9
:10EAB00070B5524D9FED520A524C287840B1012852
:10EAC00013D002289FED500A47D003284CD04DE0C8
:10EAD000DFED4E0A85ED140A85ED420A85ED2C0A1C
:10EAE000C5ED320AC5ED1C0A40E085ED140A95ED2E
:10EAF0002B0AB5EEC00AF1EE10FA05DD9FED440ACF
:10EB000085ED320A85ED1C0A424901220020898ADE
:10EB1000CB0401D4626205E0636A1BB1E36A0A3385
:10EB2000E3626062090501D4A26205E0A16A19B13D
:10EB3000E16A0A39C4E90A01E06A00EE100A00F548
:10EB400061714842F8EEC00A00EE100AB8EEC00A41
:10EB500085ED420AC5ED2C0A08E0206B20B1FFF7D5
:10EB60008DFF00F06FFA01E085ED140A6868234E0E
:10EB700090ED040A083685ED150A216B71B190ED10
:10EB8000040A2048D5ED160A7C30F9F761FC1D48CF
:10EB900095ED130A7C30D0ED070A03E0D5ED140A99
:10EBA00095ED130A3046F9F753FC95ED090ABDEED1
:10EBB000C00A10EE100AA5F85C001048D5ED420A14
:10EBC000BC3095ED410AF9F743FC95ED360ABDEEF0
:10EBD000C00A10EE100AA5F80C010848D5ED2C0A61
:10EBE000643095ED2B0AF9F733FC95ED200ABDEE64
:10EBF000C00A10EE100AA5F8B40070BD00E60024AB
:10EC000000000000EC0100240000614400007A4490
:10EC100000C0DA45C0EE00242C4800212C4B42688D
:10EC2000B2F9022000EE102AB8EEC00A80ED130AF5
:10EC3000D0F8B820B2F9022000EE102AB8EEC00ACF
:10EC400080ED410A026EB2F9022000EE102AB8EE01
:10EC5000C00A80ED2B0A90F8682180F86A2190F8AC
:10EC6000692180F86B219A7C80F86821DB7C80F830
:10EC700069313AB1B0F86C21642A05D2521CA0F86F
:10EC80006C2101E0A0F86C113BB1B0F86E21642A50
:10EC900005D2521CA0F86E2101E0A0F86E11037895
:10ECA0000C4A022B03D0936C012B02D006E0012307
:10ECB0009364B0F870315B1CA0F87031136C012BB9
:10ECC00002D19164A0F870117047000000E60024A2
:10ECD000C0EE0024EC0100242DE9F05F754D012603
:10ECE000754C002704F17401B5F878016064486040
:10ECF00095ED160AD5ED150A30EE600AB0EEC00AA1
:10ED000010EE100AB0F1824F01DC266400E02764A7
:10ED10000F2000F08BF9DFF8A4914FF4C87B4FF07F
:10ED200002084FF0030A08BBB5F87801B5F8761170
:10ED3000283088421AD9287802280AD0032808D017
:10ED4000012806D0E06B30B199F80A0001280FD0F5
:10ED500001E02E70E763B9F81400C20612D499F8E6
:10ED60000A1003290ED0022931D057E0E663EBE701
:10ED700085F80080206B48B3206938BBFFF77EFE22
:10ED800026614CE02E70276195F8682112B9810444
:10ED900000D4E661B5F86C11642903D0B5F87011A0
:10EDA000594504D1E16B11B185F800A027700AB96B
:10EDB000800433D5E06980B3E06B70B3206C60B33E
:10EDC000E76185F80080FFF759FE266227E02F7083
:10EDD0006169012923D12E7095F8681119B9800451
:10EDE00001D4E6610BE0E06948B1E06B38B1206C1A
:10EDF00028B1E76185F80080FFF740FE2662B5F88C
:10EE00006C01642803D0B5F87001584506D1E06B59
:10EE100018B185F800A0277001E0FFE72E702648A2
:10EE200095ED160A643080ED010A99F81400C006C9
:10EE300002D4606901281DD12E70C4E9056795F8D8
:10EE4000680150B1E06B40B185F80080206B20B1C3
:10EE5000206910B9FFF712FE2661B5F86C0164282D
:10EE600003D0B5F87001584504D1E06B10B185F8B6
:10EE700000A027704E46B9F81400010501D567615E
:10EE8000A761810605D5400403D59FED0D0A85EDE8
:10EE9000160AFEF7DDFD00B12F70A068E060B08AB1
:10EEA000C10603D4C00401D5012000E00020A06009
:10EEB000BDE8F09F00E60024EC010024C0EE002431
:10EEC000C091743F4FF4967000F08AFA444E4FF4AC
:10EED000805B444C4FF47A7AA6F16C0505F1540737
:10EEE00005F15C0805F14C09FFF7F6FEFFF794FE0B
:10EEF000FFF7DEFDB4F80C0159466880B4F8B400A1
:10EF0000A880B4F85C00E8803748F4F7C1FC38B159
:10EF100000206863B4F87001504503D3012002E07B
:10EF20000120F6E70020A86394ED410A0820B1EE25
:10EF3000400A86ED000A94ED2B0A86ED010A00F0E6
:10EF400075F818B9092000F071F810B1B5F906008C
:10EF500008E0002000F06AF858B100210846F1F7F7
:10EF600033FE0020F1F79CFE94ED150A84ED160A9D
:10EF700009E0B5F90410B5F90200F1F725FEB5F97D
:10EF80000600F1F78DFE002000F050F850B100218E
:10EF90000846F1F719FE0020F1F782FE94ED150AFC
:10EFA00084ED160A94ED410A052087ED000A94EDE0
:10EFB0002B0AB1EE400A87ED010A94ED420A88ED72
:10EFC000000A94ED2C0A88ED010A94ED160A89EDE9
:10EFD000000A94ED150A89ED010A00F001FA83E7B1
:10EFE0005802002400E600240004025810B500EE88
:10EFF000100A2DED028BB1EEC08A18EE100A20F037
:10F000000040C0F1FF40C00F0AD010EE100A20F0FF
:10F010000040C0F1FF40C00F04BF0120F1F76FFBBB
:10F0200018EE100ABDEC028B10BD0000044900EB85
:10F03000C00001EB8000C07CC0F3401070470000AE
:10F0400008E10024164810B501464FF4C87491ED4C
:10F05000140AB0F87211A14203D3B1EE400A80ED58
:10F06000140A90ED130A0022B0EEC00A10EE103A16
:10F07000B3F17E5F07DAA14205D2491CA0F87211F4
:10F08000A0F8742110BDA14207D1B0F874119629DF
:10F0900003D2491CA0F8741110BDA0F8722110BD54
:10F0A00000E60024F8F7D2BA70B515460E460446BD
:10F0B000F7F7CEFD2A4631462046F7F7A2FC08B105
:10F0C000002070BDD4F880002449006888423AD0FE
:10F0D00022491831884236D020493031884232D016
:10F0E0001E49483188422ED01C49603188422AD0BE
:10F0F0001A497831884226D018499031884222D066
:10F100001649A83188421ED0154988421BD014499F
:10F110001831884217D012493031884213D0104933
:10F12000483188420FD00E49603188420BD00C49DB
:10F130007831884207D00A499031884203D0084983
:10F14000A831884203D1016821F0080102E001687A
:10F1500021F004010160012070BD00001000024098
:10F1600010040240D0E9013201699A60D0E901231C
:10F170005A604A68824201D182684A600022026174
:10F180000868401E086008687047000008B9024817
:10F190000068006BFFF736BBA400002410B5044CD8
:10F1A0008023046004F15C000860136010BD00005F
:10F1B0000463002410B5044C4FF48073046004F120
:10F1C0005C000860136010BD606500244FF0FF33E1
:10F1D00000F108010022C0E901130260C160016171
:10F1E000704700210161704730B50B685A1C02D08E
:10F1F00000F1080202E0026904E022465468256832
:10F200009D42FAD953684B6099608A6051600861E9
:10F210000168491C016030BD42684A6093688B6098
:10F2200093685960916008610168491C01607047EA
:10F23000502080F31188BFF34F8FBFF36F8F0A49BF
:10F240004868401C486001280CD10848006810F04C
:10F25000FF0F07D0502080F31188BFF34F8FBFF30B
:10F260006F8FFEE7704700001801002404ED00E0F6
:10F270000849486828B1401E486001D180F31188D0
:10F280007047502080F31188BFF34F8FBFF36F8F0B
:10F29000FEE700001801002470B500282AD0164DA2
:10F2A000A0F1080461686869014207D1502080F329
:10F2B0001188BFF34F8FBFF36F8FFEE722683AB11B
:10F2C000502080F31188BFF34F8FBFF36F8FFEE79D
:10F2D0008143616000F030F96068696808446860E3
:10F2E0002046FFF707F92869401C2861BDE87040F7
:10F2F00000F0A4BD70BD0000F80000244FF0E02035
:10F30000002101614FF47A72816107230349096882
:10F31000B1FBF2F1491E4161036170479C0000247A
:10F3200010B5F1F79FF8114910280ED300F1E02035
:10F330000A7890F8F003904207D2502080F31188A9
:10F34000BFF34F8FBFF36F8FFEE7094889680068EE
:10F3500000F4E060884207D9502080F31188BFF3A1
:10F360004F8FBFF36F8FFEE710BD00001801002420
:10F370000CED00E0084B5FF0000210B553F832408E
:10F380001CB1521C082AF9D310BD03EBC20443F888
:10F390003210606010BD0000E85C002470B51546B6
:10F3A0000E460446FFF744FF94F944100020491C20
:10F3B00001D184F8440094F94510491C01D184F826
:10F3C0004500FFF755FFA06B28B904F124002A4639
:10F3D000314600F051F82046BDE87040FFF742BAD0
:10F3E000020010B514D00F48006B38B1502080F3E4
:10F3F0001188BFF34F8FBFF36F8FFEE700F09CF8CB
:10F4000000211046FEF78AFE00F018FD002807D103
:10F4100005494FF080500860BFF34F8FBFF36F8FE7
:10F4200010BD0000A400002404ED00E002490A6AB7
:10F430000260C96841607047A400002401490120AE
:10F44000C8617047A400002410B50C4650B10949AA
:10F4500009681831FFF7C8FE2046BDE810400121B9
:10F46000FEF75CBE502080F31188BFF34F8FBFF3CF
:10F470006F8FFEE7A400002470B514460D4668B1F6
:10F480000A4909681831FFF7C7FE0CB14FF0FF3584
:10F4900021462846BDE87040FEF740BE502080F36C
:10F4A0001188BFF34F8FBFF36F8FFEE7A4000024D6
:10F4B00030B587B0002405AA04A9039403A80494D6
:10F4C000FFF76CFEDDE9030100940023CDE9011094
:10F4D000174815A1059A00F098FB164D0028E86220
:10F4E0001FD000F00DFD012809D0401C19D150207B
:10F4F00080F31188BFF34F8FBFF36F8FFEE750206B
:10F5000080F31188BFF34F8FBFF36F8F01214FF04E
:10F51000FF30A8626961EC6007B0BDE8304000F0E0
:10F5200045B807B030BD000049444C45000000001C
:10F53000BDE30008A40000240248016B491C0163DC
:10F5400070470000A4000024164810B5016B11B1EB
:10F550000121C16110BD0021C161134A016901E0AF
:10F56000B9B1491E01EB810352F82330002BF7D0CB
:10F5700001EB810302EB830202F1080453685B682C
:10F580005360A34201D15B685360DA680260016195
:10F5900010BD502080F31188BFF34F8FBFF36F8FE2
:10F5A000FEE70000A4000024285D002437481CB5B5
:10F5B000374902688A4207D1502080F31188BFF38F
:10F5C0004F8FBFF36F8FFEE731490068491E8842B5
:10F5D00007D1502080F31188BFF34F8FBFF36F8F97
:10F5E000FEE72C49FF200A780192087008788DF810
:10F5F00000009DF800209DF8000002F0F002824219
:10F6000007D0502080F31188BFF34F8FBFF36F8F67
:10F61000FEE79DF8002007201F4C02F050022270E8
:10F62000A06005E09DF8002052008DF80020401EEB
:10F630009DF800201206F5D40328A06007D05020C2
:10F6400080F31188BFF34F8FBFF36F8FFEE74FF446
:10F650004070A060019808700C482030016841F4A7
:10F6600070010160016841F070410160FFF746FEE2
:10F6700000206060F0F7BEFE0848016841F040419C
:10F680000160F0F7A3FE00201CBD000000ED00E0CB
:10F6900071C20F4100E400E01801002434EF00E0E3
:10F6A000502010B580F31188BFF34F8FBFF36F8FD9
:10F6B00000F0EAFA18B104494FF0805008600020C9
:10F6C00080F3118810BD000004ED00E0F8B5069D40
:10F6D00018B153B1CAB181B120E0502080F3118834
:10F6E000BFF34F8FBFF36F8FFEE7502080F3118879
:10F6F000BFF34F8FBFF36F8FFEE7502080F3118869
:10F70000BFF34F8FBFF36F8FFEE739B1502080F307
:10F710001188BFF34F8FBFF36F8FFEE750241C4655
:10F72000012683F8466000932B46FEF777FE2046BD
:10F73000F8BD00002DE9F04704008A4629D0FFF704
:10F7400077FD21680025D4E90F23D4F840C004F1E7
:10F75000100810460E46401E4FF0FF3902FB031200
:10F7600000FB0C10BAF1000FA563666084F84490AA
:10F7700084F84590C4E9022013D04046FFF726FDE7
:10F7800004F12400FFF722FDFFF772FD0120BDE820
:10F79000F087502080F31188BFF34F8FBFF36F8F36
:10F7A000FEE720690028EFD0404600F00FFB00285C
:10F7B000EAD004494FF080500860BFF34F8FBFF389
:10F7C0006F8FE1E704ED00E02DE9FF4704001D46DF
:10F7D00082B08A464FF0000803D0BAF1000F08D07B
:10F7E00011E0502080F31188BFF34F8FBFF36F8F6C
:10F7F000FEE7206C38B1502080F31188BFF34F8FA3
:10F80000BFF36F8FFEE7022D0AD1E06B012807D00E
:10F81000502080F31188BFF34F8FBFF36F8FFEE747
:10F8200000F01EFA3F4F4FF080564FF0000948B9E4
:10F83000049838B1502080F31188BFF34F8FBFF385
:10F840006F8FFEE7FFF7F4FCA06BE16B884207D3F4
:10F85000022D05D00498D0B1B8F1000F1AD01EE0E7
:10F860002A4651462046FEF732FD616A19B104F17D
:10F87000240000F0ABFA20B13E60BFF34F8FBFF31E
:10F880006F8FFFF7F5FC012006B0BDE8F087FFF7AA
:10F89000EFFC22E06846FFF7C9FD4FF00108FFF7D3
:10F8A000E7FCFFF749FEFFF7C3FC94F94400401C56
:10F8B00001D184F8449094F94500401C01D184F8AA
:10F8C0004590FFF7D5FC04A9684600F02BF930B14C
:10F8D0002046FEF7C7FF00F0B1FA0020D4E7FFF79B
:10F8E000A7FCA06BE16B884213D1FFF7C1FC049920
:10F8F00004F11000FFF7A8FD2046FEF7B3FF00F06B
:10F900009DFA00289ED13E60BFF34F8FBFF36F8FEB
:10F9100098E7FFF7ADFC2046FEF7A4FF00F08EFA53
:10F9200090E7000004ED00E02DE9F04704001F46D9
:10F930009046894603D0B9F1000F08D011E050205D
:10F9400080F31188BFF34F8FBFF36F8FFEE7206CFA
:10F9500038B1502080F31188BFF34F8FBFF36F8F02
:10F96000FEE7022F0AD1E06B012807D0502080F378
:10F970001188BFF34F8FBFF36F8FFEE7FFF7D0FC07
:10F980005020EFF3118680F31188BFF34F8FBFF340
:10F990006F8FA06BE16B884206D3022F04D000204A
:10F9A00086F31188BDE8F08794F94550A06B3A467C
:10F9B00049462046FEF78BFC681C04D06D1C84F879
:10F9C00045500120ECE7606A0028FAD004F12400D9
:10F9D00000F0FCF90028F4D0B8F1000FF1D00121BB
:10F9E000C8F80010EDE700002DE9F74704008A464B
:10F9F00083B04FF0000603D0BAF1000F08D011E039
:10FA0000502080F31188BFF34F8FBFF36F8FFEE755
:10FA1000206C38B1502080F31188BFF34F8FBFF3B3
:10FA20006F8FFEE700F01CF9DFF8F4804FF080578D
:10FA30004FF0000948B9059838B1502080F311887B
:10FA4000BFF34F8FBFF36F8FFEE7FFF7F1FBA56B9F
:10FA5000C5B151462046FEF727FC6D1EA5632069FF
:10FA600050B104F1100000F0B1F928B1C8F80070ED
:10FA7000BFF34F8FBFF36F8FFFF7FAFB012006B084
:10FA8000BDE8F087059808B11EB106E0FFF7F0FB6E
:10FA900027E06846FFF7CAFC0126FFF7E9FBFFF7FE
:10FAA0004BFDFFF7C5FB94F94400401C01D184F8DD
:10FAB000449094F94500401C01D184F84590FFF72B
:10FAC000D7FB05A9684600F02DF8002820460AD08B
:10FAD000FEF7C8FE00F0B2F92046FEF74FFD002801
:10FAE000B3D00020CBE7FEF749FD90B1059904F1B2
:10FAF0002400FFF7A9FC2046FEF7B4FE00F09EF9B3
:10FB00000028A2D1C8F80070BFF34F8FBFF36F8FEA
:10FB10009BE72046FEF7A6FE00F090F995E700006F
:10FB200004ED00E02DE9F04104000D4610D0BDB118
:10FB3000FFF77EFB1D4B0026DA6818686768D11B4B
:10FB400090F85A00A0B11868012480F85A6028E0A3
:10FB5000502080F31188BFF34F8FBFF36F8FFEE704
:10FB6000502080F31188BFF34F8FBFF36F8FFEE7F4
:10FB70002868B0F1FF3F08D0D4F800C01B6A9C454C
:10FB800005D0974203D801240BE0002409E0884205
:10FB900005D9401A28602046FFF748FCF5E7012404
:10FBA0002E60FFF765FB2046BDE8F081A40000242D
:10FBB0002DE9FF5F994616468A4683469000DDE9A7
:10FBC0000E87FEF785FE05001CD05C20FEF780FE48
:10FBD000040014D00020256384F859004B46CDE979
:10FBE0000087CDE90240324651465846FEF727FCD1
:10FBF0002046FEF7C5FA012004B0BDE8F09F284674
:10FC0000FFF74AFB4FF0FF30F6E7F0B585B0DDE9CE
:10FC10000B740A9DA7B1DCB15C262763022684F829
:10FC20005960002703970DF1100C0095CDE901C430
:10FC3000FEF705FC2046FEF7A3FA049805B0F0BDD8
:10FC4000502080F31188BFF34F8FBFF36F8FFEE713
:10FC5000502080F31188BFF34F8FBFF36F8FFEE703
:10FC60000548416919B1006B18B1002070470120A7
:10FC70007047022070470000A40000240148C068BB
:10FC800070470000A40000242DE9F0412E4C206BA9
:10FC9000002728B1A069401CA0613846BDE8F0816A
:10FCA000E668761CE66013D1606B006838B15020BE
:10FCB00080F31188BFF34F8FBFF36F8FFEE7606B48
:10FCC000A16B6163A063206A401C2062FEF740FDC7
:10FCD000DFF87880A06A864209D3606B0068A0B123
:10FCE000606BC068C5686868864211D2A0622068EF
:10FCF000C06A00EB800158F82100012800D90127D3
:10FD0000E0690028C9D00127C7E74FF0FF30EDE7D1
:10FD1000281DFFF727FAA86A18B105F11800FFF7A8
:10FD200021FAE86A2169884200D9206100EB80014C
:10FD300008EB8100291DFFF76FFA2068E96AC06AA5
:10FD40008142CAD30127C8E7A4000024285D00240B
:10FD500070B504464FF0000190B31A4D28688442F4
:10FD600007D0502080F31188BFF34F8FBFF36F8F00
:10FD7000FEE7206D38B1E36C401EE26A20659A42CE
:10FD80001ED040B11CE0502080F31188BFF34F8F8C
:10FD9000BFF36F8FFEE7201DFFF7E4F9E06CC0F1C1
:10FDA0003801A161E0622969884200D9286100EB2D
:10FDB0008000054901EB8000211DFFF72DFA01218C
:10FDC000084670BDA4000024285D002470B5C068FA
:10FDD000C46854B104F118000646FFF7C3F9144D86
:10FDE000286B50B11348314615E0502080F311883C
:10FDF000BFF34F8FBFF36F8FFEE7201DFFF7B2F900
:10FE0000E06A2969884200D9286100EB80000A492C
:10FE100001EB8000211DFFF7FFF9E06A2968C96A3C
:10FE2000884203D90121E961084670BD002070BDF8
:10FE3000A4000024B0610024285D00242DE9F047CF
:10FE40002C4D286B0024274638B1FFF7F1F9286BB9
:10FE5000401E2863286B40B147E0502080F3118892
:10FE6000BFF34F8FBFF36F8FFEE7234E0120A968CA
:10FE7000D9B3A6F5916980463068E0B1F068C468EE
:10FE800004F11800FFF76EF9201DFFF76BF9E06A27
:10FE90002969884200D9286100EB800109EB8100C3
:10FEA000211DFFF7B9F9E06A2968C96A8842E3D3DE
:10FEB000C5F81C80E0E70CB1FEF74AFCAC694CB118
:10FEC0004FEA0806FFF7E0FE00B1EE61641EF9D1CB
:10FED0000020A861E86940B1084901274FF080502F
:10FEE0000860BFF34F8FBFF36F8FFFF7C1F938463C
:10FEF000BDE8F087A4000024B061002404ED00E018
:10FF000010B586B0FEF7A4F9114C2068B8B10020F6
:10FF1000039005AA049004A903A8FFF74BF9DDE9B3
:10FF20000321022000238DE807000C4809A1059A4F
:10FF3000FFF76BFE606010B106B0012010BD5020CD
:10FF400080F31188BFF34F8FBFF36F8FFEE7000080
:10FF5000E0000024546D72205376630041E80008ED
:10FF60002DE9FF411E46134602004FF000000A9D96
:10FF700016D0144C2768002F0FD006290292CDE925
:10FF8000001317DAFFF76CFE02284FF000030FD0C2
:10FF9000002220686946FFF717FC04B0BDE8F08135
:10FFA000502080F31188BFF34F8FBFF36F8FFEE7B0
:10FFB0002A46EEE70023324669463846FFF7B4FC8E
:10FFC000EBE70000E00000240EF1020E2EF0030E1D
:10FFD0005EF8044B244204D44FEA4102B2F17F4F51
:10FFE00011D84FEA4003B3F17F4F0CD80ED14FEA3E
:10FFF000D07CB2F17F4F0CEB4C0C0CF1020C08BF23
:020000040801F1
:100000004CEBD17C04E04FF0080C01E04FEAD17CCE
:100010000CEB4C0324FA03F404F00704B4F1040CD1
:1000200006D20EEB840CBDE810404CF0010C60478A
:10003000DFE80CF0070802024FF00040A0F5800056
:1000400010BD0846420018BFD2F1807288BF00F090
:10005000004010BD4FF04070E1EE100A7047000004
:100060004FF07F4C3CEA410318BF3CEA400200F0ED
:1000700062804FF47F0C10F0004F0CEAD11318BFD0
:1000800043F005031CEAD01218BF13EA0C0F00F06E
:1000900057804FF0004C4CEA00204CEA0121A3F5B8
:1000A00080339A4210DDB0F1004F23F0020306D3F3
:1000B000401A43F00203BCBF404283F001034FEA01
:1000C0004000A2F58032ECE74FEA224CBCEB234F14
:1000D00008DB884206D31CD0A0EB4100C0F1000031
:1000E00083F0010340001DD217D40DD0B0FA80FC7C
:1000F0000CF1010C00FA0CF0A2EB0C42D2F1000C56
:1001000012DB4FEAC37070474FEA437000F00040C3
:10011000704713F0020FE5D0DEE7B2F580324FEA08
:100120004000EBDD002AE9DD4FEAC21242EA50202E
:1001300040EAC370704710B5FFF746FFEDFFFF3E82
:100140001CEAD11F02D000F0004070470048704701
:100150000000C07F8C0401080000000000000000C7
:10016000000000000000000000080000180000006F
:100170000000000000000000A004010800000000D2
:100180005C0B00245C0000005C03002400080000FD
:10019000180000000000000000000000A804010892
:1001A00000000000B81300245C000000B80B00241D
:1001B000000800002800000000000000000000000F
:1001C0008804010800000000142400245C000000E2
:1001D00014140024001000001800000000000000AB
:1001E000000000009804010800000000702C0024AA
:1001F0005C000000702400240008000018000000CB
:100200000000000000000000B00401080000000031
:10021000CC3400245C000000CC2C0024000800003A
:10022000180000000000000000000000000610168A
:10023000000610160001020304050607080C10143E
:100240001820304000000000000000000000000006
:10025000000000000000000001000000020000009B
:100260000300000004000000000000000500000082
:100270000000000000000000000000000600000078
:100280000000000000000000000000000700000067
:10029000010002000400060008000A000C00100023
:1002A000200040008000000101010103070100005F
:1002B0000804020408010101000000000102030417
:1002C0000102030406070809ABAA2A3EABAAAA3E0C
:1002D0001E0028000F000A000A000B000A000A0096
:1002E0000A000A000A0009000A000A0008000200C9
:1002F00003000E00020003000D000A000A000C00BB
:100300000A000A0010000A000A001100020003009F
:1003100007000500050007002800C800070064006A
:1003200064000500640028000F00000000000000C9
:1003300000000000000040AC037D04014103057C87
:1003400000026D0D026D09024C5555555555A53FDE
:100350007751C1166CC156BF9015CB19A001FA3E5A
:10036000AD529C804F7E92BEC4B1B4BD9EEE213E84
:10037000D43888BEE9FAA8BD00004054FB21F93FFB
:100380003163621A61B4D03D0000601A61B4D03D9F
:100390007370032E8A19A33B0000002E8A19A33B19
:1003A000C14920259A837B3900000000000000002D
:1003B0006E83F9A22915444ED15727FCC0DD34F5D0
:1003C000999562DB4190433CAB6351FE61C5BBDE56
:1003D0003A6E24B7E0D24D42EA2E49061C92D1096A
:1003E0001CEB1DFE3EA729B1F53582E88444BB2EE7
:1003F00026709CE9417E5FB439D69139F439538334
:100400008B5F849C3B28F9BDFF97F81F0F9805DE92
:100410008B112FEF1F6D0A5ACF7E366DB709CB2790
:10042000663F464F2DEA5F9EC7BA27757BF1E5EB25
:10043000F739073DEA92528AB15FFB6B085D8D1F69
:10044000000000006E83F9A22915444ED15727FC05
:10045000C0DD34F5999562DB4190433CAB6351FEBE
:10046000A6F810111111813FD561C119A0012ABF51
:100470007DFEB157E31DC73EEB9C2B8AE6E55ABED5
:100480007CD5CF5A3AD9E53D494E53006465666143
:10049000756C745461736B0067696D62616C000008
:1004A00063686173736973006465746563740000E5
:1004B00073686F6F74000000D80401080000002406
:1004C0005C03000008030008FC0501085C0300242D
:1004D000DCF1000064030008011C13A99F1B08D96C
:1004E000041AE504130DA01B0839041A890C1AB567
:1004F0000441170403090412011402020216408386
:1005000004405726020102030114050F0C1C0107C9
:10051000101721031A1A0313F50C1B08F1041AED26
:100520000413190D1B083104193F1182103C90D09F
:10053000030401771AAA018114810182130A062992
:10054000D32A40A41C090243EF1125C03209041B21
:1005500001020B13052416100105240110090104E2
:100560002402020524061701070582030815100955
:10057000040133020A2E0705010240072A810711F0
:1005800013A59A140811991408479C42081AA10C43
:10059000135D981B08D304C11A25281AE51C1A6597
:1005A000081AD90843D0074B803F040156035090E6
:1005B0001A275E429A99193E13204124C05A4503D6
:1005C000327A441A0101A1100DE7416B3A58A08B11
:1005D0003A7D04017C160240AB0341100905530823
:1005E000065804070F160810820911160A15800B09
:0C05F0001605300C18010D024309000034
:04000005080002CD20
:00000001FF
