:020000040800F2
:10000000881901247504000899E1000855B2000818
:1000100095E100086B1A0008D52F010800000000C8
:10002000000000000000000000000000B503000810
:10003000E52500080000000011040008ABF30008EB
:100040009304000893040008930400089304000834
:100050009304000893040008930400089304000824
:10006000930400089304000893040008C11E0008CC
:10007000D11E0008E11E0008F11E0008011F000843
:10008000111F0008211F0008930400086D270008B5
:100090008D2700087D2700089D270008930400088D
:1000A00093040008930400089304000893040008D4
:1000B00093040008930400089304000893040008C4
:1000C00093040008930400089304000893040008B4
:1000D0002DF20008D5060108E50601089304000882
:1000E0009304000893040008000000009304000833
:1000F000930400089304000893040008311F0008CB
:100100009304000893040008930400089304000873
:100110009304000849FA00089304000893040008B7
:10012000411F0008511F0008611F000893040008C8
:10013000930400089304000893040008CD270008E6
:1001400000000000000000000000000000000000AF
:100150009304000893040008930400089304000823
:100160009304000893040008930400089304000813
:10017000930400083DE40008930400080000000018
:10018000930400089304000859FA00089304000837
:1001900093040008930400089304000893040008E3
:1001A0009304000893040008930400080000000072
:1001B00093040008930400089304000893040008C3
:1001C00093040008930400080000000000000000F1
:1001D0000000000000000000930400080000000080
:1001E000000000000000000000000000000000000F
:1001F00000000000000000009304000893040008C1
:100200009304000893040008000000009304000811
:100210009304000893040008930400089304000862
:100220009304000800000000930400080000000090
:1002300093040008930400080000000093040008E1
:100240009304000893040008930400089304000832
:100250009304000893040008930400089304000822
:100260009304000893040008930400089304000812
:1002700093040008930400089304000800000000A1
:1002800093040008930400089304000893040008F2
:100290000000000093040008930400080000000020
:1002A0000000000093040008930400089304000871
:1002B000C50601089304000893040008AD27000850
:1002C000BD27000889F500089304000800F002F833
:1002D00000F060F80AA090E8000C82448344AAF180
:1002E0000107DA4501D100F055F8AFF2090EBAE87E
:1002F0000F0013F0010F18BFFB1A43F0010318475A
:100300000CF801002CF801000A444FF0000C10F822
:10031000013B13F0070408BF10F8014B1D1108BF83
:1003200010F8015B641E05D010F8016B641E01F823
:10033000016BF9D113F0080F1EBF10F8014BAD1C73
:100340000C1B09D16D1E58BF01F801CBFAD505E091
:1003500014F8016B01F8016B6D1EF9D59142D6D3EB
:10036000704700000023002400250026103A28BF13
:1003700078C1FBD8520728BF30C148BF0B60704717
:100380001FB51EF0B9F89DE8030000F0A9FF1FBDDE
:1003900010B510BD01F036F81146FFF7F1FF1AF065
:1003A00005FD01F054F803B4FFF7F2FF03BC01F0C0
:1003B0008BF800002C4B19680868B0E8F04F80F308
:1003C0000988BFF36F8F4FF0000080F311887047EA
:1003D0000000000008480068006880F308884FF0BB
:1003E000000080F3148862B661B6BFF34F8FBFF38D
:1003F0006F8F00DF00BF00BF08ED00E0DFF80C00EA
:10040000016841F470010160704700BF88ED00E0B1
:10041000EFF30980BFF36F8F134B1A681EF0100FB4
:1004200008BF20ED108A20E9F04F106009B44FF0AA
:10043000500080F31188BFF34F8FBFF36F8F1CF014
:100440007DFF4FF0000080F3118809BC196808682F
:10045000B0E8F04F1EF0100F08BFB0EC108A80F328
:100460000988BFF36F8F7047AC000024EFF305805D
:10047000704700000A4880470A4880470A480047FA
:10048000FEE7FEE7FEE7FEE7FEE7FEE7FEE7FEE744
:10049000FEE7FEE705480649064A074B704700009D
:1004A000492700087DF40008CD02000888130124C4
:1004B0008819012488150124881501249FED1A1A32
:1004C000F5EE000A40EE010ABDEEE00AF5EEC00AC4
:1004D00010EE100AF1EE10FA38BF401E00EE100ABE
:1004E0001349F7EE001AB8EEC00A30EEC00ADFED8D
:1004F0000F0A20EE200AFCEEC00A10EE900AC0F3AC
:10050000080000EE900A01EB8000F8EE600A90ED22
:10051000011A70EE600A90ED000A71EEE01A21EE09
:10052000800A00EE810A704783F9223E00000044F1
:1005300084F10108DFED190AB5EEC00A60EE200A69
:10054000BDEEE01A11EE100AF1EE10FA38BF401EAF
:1005500000EE100A1349F7EE001AB8EEC00A30EEAA
:10056000C00ADFED0F0A60EE200ABCEEE00A10EED2
:10057000100AC0F3080000EE100A01EB8000B8EE8C
:10058000400A90ED011A70EEC00A90ED000A71EE7B
:10059000E01A21EE800A00EE810A704783F9223EBC
:1005A0000000004484F1010870B405880E88446896
:1005B000D1F804C05368B54208D1408849888842C0
:1005C00001BF11888D425188884203D070BC6FF002
:1005D0000200704705FB00F1880827D094ED001A4F
:1005E000DCED000A94ED010ADCED011A31EE201A6F
:1005F000D4ED020A70EE211A9CED020A83ED001A76
:10060000C3ED011A94ED031ADCED031A30EE800AF3
:10061000401E71EE210A83ED020A04F11004C3EDBD
:10062000030A03F110030CF1100CD7D111F00300F1
:1006300030D0B0F1004F30D200282BDD211F1B1F1E
:10064000ACF1040210F0010F0AD091ED010AD2EDD5
:10065000010A091D121D30EE200A83ED010A1B1D3F
:10066000400817D091ED010AD2ED010A401E30EE8C
:10067000200A83ED010A91ED020AD2ED020A01F18E
:10068000080102F1080230EE200A83ED020A03F1AC
:100690000803E7D170BC00207047B4EC010A401E8B
:1006A000FCEC010A30EE200AA3EC010AF5D1F1E7D7
:1006B00001804280436070472DE9F34F84B0049875
:1006C00040680090486801900498B0F800E04588C0
:1006D000DFEDFE0A00200290B0EE600AAE4506D1C2
:1006E00008884988884204BF7146864504D06FF067
:1006F000020006B0BDE8F08F01985FEA010C18BF58
:10070000B7EE001A3DD000BFBEEB0C0117D0B1F11F
:10071000004F80F01F82002911DD021F11F0010F30
:100720001CBFC2ED010A121D4B1006D0C2ED010A1A
:10073000C2ED020A08325B1EF8D100EB8100BCF169
:100740000102A0EC011A19D0B2F1004F80F008822A
:10075000002A13DD031F12F0010F1CBFC3ED010AB5
:100760001B1D511008D000BFC3ED010AC3ED020AE2
:10077000491E03F10803F7D100EB8200BCF1010C24
:10078000C2D14FF000080395002D14BFB0EE602ACF
:10079000002000F0BF8100BF009908FB05F001EBCD
:1007A000800B0199DBED002A01EB80000346F0EE9F
:1007B000421AC64552D9AEEB0802ABEB850112F0E6
:1007C000010F17D001EB850191ED000AB5EEC00ACB
:1007D000F1EE10FA07DDB4EEE10AF1EE10FA09DDF0
:1007E000F0EE401A06E0B1EE400AF4EEC01AF1EE67
:1007F00010FAF5D3521031D001EB850C9CED000AB4
:10080000B5EEC00AF1EE10FA05DDB4EEE10AF1EE44
:1008100010FA09DD06E0B1EE400AF4EEC01AF1EE7E
:1008200010FA01D2F0EE401A01EBC50191ED000A79
:10083000B5EEC00AF1EE10FA05DDB4EEE10AF1EE14
:1008400010FA09DD06E0B1EE400AF4EEC01AF1EE4E
:1008500010FA01D2F0EE401A521ECDD1F5EEC01AB8
:10086000F1EE10FA00F07381F5EEC02A0126F1EEE8
:1008700010FA0099D4BFB1EE620AB0EE620AB4EE8B
:10088000610AF1EE10FA1CBFAEEB0802B2F1010CE6
:1008900047D005FB08F201EB820292ED001A00BF7F
:1008A000B0EE410A05FB06F4B5EEC00A00EB840485
:1008B000F1EE10FACCBFF0EE400AF1EE400AF4EE91
:1008C000610AF1EE10FA28D1B5EB080C11D0BCF199
:1008D000004F7DD2BCF1000F0BDD00BF92ED000A8E
:1008E000D1ED000ABCF1010CE2EC010AA1EC010A15
:1008F000F4D129000ED0B1F1004F6AD2002909DDF0
:1009000094ED000AD0ED000A491EE4EC010AA0ECC7
:10091000010AF5D1012002900BE0761CBCF1010C1C
:10092000BED10298012804D0F5EEC02AF1EE10FAEB
:100930007ED09BED000AB5EB08009A465946064664
:1009400022D0B0F1004F74D200281DDD091F10F035
:10095000010F06D0F0EE400A80EEA01A81ED011AD8
:10096000091D401010D000BFD1ED010A401E80EEDD
:10097000801A81ED011A91ED021AC1EE000AC1ED53
:10098000020A01F10801EFD1280026D0B0F1004F92
:100990007ED2002821DDAAF1040110F0010F06D05B
:1009A000D1ED010A80EE801A81ED011A091D401077
:1009B00013D000BFD1ED010A401E80EE801A81EDF8
:1009C000011AD1ED020A80EE801A81ED021A01E0CF
:1009D000CBE0D6E001F10801ECD1DDE900124FF0E7
:1009E00000095FEA0E0773D0C14504BF01EB860121
:1009F00002EB850274D091ED000ADC4650463300CC
:100A000035D01C46B6F1004F7ED2002C2FDD0B1FD7
:100A1000ABF1040C16F0010F0FD0F0EE400ADCED44
:100A2000011AB0EE601A00EEE11A83ED011A01E03E
:100A30008DE0B1E01B1D0CF1040C741015D000BF4B
:100A4000D3ED010A9CED011A40EE410AC3ED010A03
:100A5000D3ED020A9CED021A0CF1080C40EE410A9B
:100A6000C3ED020A0833641EEAD101EB86012B00B4
:100A700036D0B3F1004F72D2002B31DDA2F1040C5D
:100A8000AAF1040013F0010F0CD0DCED010A00E024
:100A90008BE090ED011A001D40EE410ACCED010AF9
:100AA0000CF1040C5C1019D0DCED010A90ED011A78
:100AB00040EE410ACCED010ADCED020A90ED021A8B
:100AC000083040EE410ACCED020A03E000000000CD
:100AD0000DE005E0641E0CF1080CE5D102EB830289
:100AE00001EB88017F1E09F101097FF47DAF0098B9
:100AF00008F10108001D00900398401E03907FF448
:100B00004BAE0299012900E058E004BF06B0BDE8F1
:100B1000F08F00BFB5EEC00AF1EE10FA7FF4E9AD38
:100B200004990EFB05F3002B4A684FF000010BD926
:100B300002EB810C9CED000AB5EEC00AF1EE10FA52
:100B400002D1491C8B42F3D88B427FF4D2AD6FF0B7
:100B50000400CEE5E0EC010A491EFBD1EFE538E0E8
:100B6000E0EC010A521EFBD108E692ED000AD1ED3D
:100B7000000ABCF1010CE2EC010AA1EC010AF4D17B
:100B8000B7E694ED000AD0ED000A491EE4EC010A34
:100B9000A0EC010AF5D1BDE6D1ED000A401E80EEC1
:100BA000801AA1EC011AF7D1EEE6D3ED000A401E3F
:100BB00080EE801AA3EC011AF7D10EE7BCEC011A03
:100BC000D1ED000A5B1E40EE410AE1EC010AF5D1CD
:100BD0004DE7B0EC011AD2ED000A5B1E40EE410A6F
:100BE000E2EC010AF5D17BE72DE9F04F82B04668CF
:100BF00053680193058847884B8800200090088837
:100C0000874201BFB2F800C06545528893421EBFBB
:100C10006FF0020002B0BDE8F08F9FED412A4FEA6D
:100C2000970EC7F3400B00BFDDE9000202EB800A1C
:100C30004A6898464FF00009B0EE420AB4465FEAAF
:100C40000E0025D092ED001ADCED001A02EB8302B3
:100C5000DCED010A01EE810A92ED001A02EB83023B
:100C6000401ED2ED001A02EB830200EE810A9CEDD9
:100C7000021ADCED030A00040CF1100C000C01EE6A
:100C8000210A92ED001A02EB830200EE810AD9D10B
:100C900017F0030026D0ACF10404A2EB830210F09D
:100CA000010F08D002EB8302D4ED010A92ED001A85
:100CB000241D00EE810A5FEA0B0013D002EB830CC7
:100CC000D4ED010A9CED001A02EBC302401E00EEB7
:100CD000810AD4ED020A92ED001A04F1080400EE34
:100CE000810AEBD109F10100AAEC010A1FFA80F98F
:100CF000486800EB8902A8F101001FFA80F8B8F1FA
:100D0000000F99D1009806EB8706184480B2009036
:100D1000681E05042D0C87D102B00020BDE8F08FBD
:100D20000000000070B405880E884468D1F804C043
:100D30005368B54208D140884988884201BF11886C
:100D40008D425188884203D070BC6FF0020070471A
:100D500005FB00F1880827D094ED001ADCED000AAD
:100D600094ED010ADCED011A31EE601AD4ED020AAD
:100D700070EE611A9CED020A83ED001AC3ED011AB0
:100D800094ED031ADCED031A30EEC00A401E71EE3A
:100D9000610A83ED020A04F11004C3ED030A03F1B2
:100DA00010030CF1100CD7D111F0030030D0B0F1CA
:100DB000004F30D200282BDD211F1B1FACF1040295
:100DC00010F0010F0AD091ED010AD2ED010A091DC0
:100DD000121D30EE600A83ED010A1B1D400817D07A
:100DE00091ED010AD2ED010A401E30EE600A83ED5A
:100DF000010A91ED020AD2ED020A01F1080102F1A5
:100E0000080230EE600A83ED020A03F10803E7D11D
:100E100070BC00207047B4EC010A401EFCEC010AD3
:100E200030EE600AA3EC010AF5D1F1E72DE9F04FAD
:100E300002884768B0F802804888D1F8049082B0F0
:100E40004FF0000A1646824207BF098888456FF0B6
:100E5000020002B018BFBDE8F08F4FEA980B02EB1A
:100E600042000190C8F34000CDF8000009EB8A0170
:100E7000BBF1000F33D0019801EB820C01EB800431
:100E80003B46E64601EBC2054FEA0B0093ED000A34
:100E9000401E81ED000A93ED010A01EB02118CED79
:100EA000000A93ED020A0CEB021C85ED000A93ED9B
:100EB000030A05EB021584ED000A04EB021403F1AA
:100EC0001003E3D10EEB820000EB820000EB820105
:100ED000ABF10100504307EB0B1701EB001118F0C9
:100EE000030C21D03B1FA1EB82011CF0010F06D0A7
:100EF00093ED010A01EB82011B1D81ED000A0098B0
:100F000080B100BF93ED010A01EB820401EBC20145
:100F100084ED000A93ED020A401E81ED000A03F100
:100F20000803EFD107EB8C070AF101001FFA80FAE2
:100F3000701E0604360C99D102B00020BDE8F08F77
:100F400070B5064600F0B0F9056806F10B0020F018
:100F50000704B4429CBF002070BD2B466A68BAB13A
:100F60001068A04210D304F1080188423CBF5068C9
:100F7000586007D35168101941601168091B01605E
:100F800058601460101D70BD13465268002AE7D1E6
:100F90002146284600F090F90028DED170BD53EAC2
:100FA000020C00F069802DE9F04B4FF00006002B99
:100FB0001FBFB3FA83F503FA05F424FA05F65E4081
:100FC00012BF1643B2FA82F502FA05F4C5F1200504
:100FD0001EBF22FA05FC44EA0C04203556EA044CF4
:100FE0004FEA144418BF641C4FF000084FF000098A
:100FF000904271EB030C39D3002919BFB1FA81F784
:1010000001FA07F6B0FA80F700FA07F6C7F12007F1
:101010001EBF20FA07FC46EA0C062037B6FBF4FC9C
:10102000A7EB0507103F07F01F0BCBF120060CFACA
:101030000BFB2CFA06F644BFB3460026202FA4BFB4
:101040005E464FF0000B5BEA060C08BF4FF0010B49
:1010500019EB0B09ABFB027C48EB0608C01B06FB37
:1010600002CC0BFB03CC71EB0C01C1E70B46024633
:1010700041464846BDE8F08B13B54FF000004FF0F5
:101080000001AFF30080BDE81C40704740EA010357
:10109000024630B59B0710D14FF0013400E008C282
:1010A00008C91D1B9D4315EAC41FF8D013F0FF01AA
:1010B00002F8011B0DD01B0AF8E711F8013B002BC9
:1010C00002F8013B05D011F8013B002B02F8013B6F
:1010D000F3D130BD10B5431C02E010F8011B71B113
:1010E0008107FAD14FF0013202C88C1A8C4314EAFE
:1010F000C211F9D0C01A0A0603D0C01E10BDC01A12
:1011000010BD0A0401D0801E10BD0902FCD0401E93
:1011100010BD032A40F2308010F0030C00F015805F
:1011200011F8013BBCF1020F624498BF11F801CBEA
:1011300000F8013B38BF11F8013BA2F1040298BF4F
:1011400000F801CB38BF00F8013B11F0030300F0B9
:101150002580083AC0F0088051F8043B083A51F85D
:1011600004CBA0E80810F5E7121D5CBF51F8043B62
:1011700040F8043BAFF30080D20724BF11F8013BD5
:1011800011F801CB48BF11F8012B24BF00F8013B37
:1011900000F801CB48BF00F8012B704710B5203A8A
:1011A000C0F00B80B1E81850203AA0E81850B1E820
:1011B0001850A0E81850BFF4F5AF5FEA027C24BFD6
:1011C000B1E81850A0E8185044BF18C918C0BDE8CD
:1011D00010405FEA827C24BF51F8043B40F8043B96
:1011E00008BF7047D20728BF31F8023B48BF11F84B
:1011F000012B28BF20F8023B48BF00F8012B7047A5
:1012000002F0FF0343EA032242EA024200F002B87E
:101210004FF000020429C0F0128010F0030C00F01F
:101220001B80CCF1040CBCF1020F18BF00F8012B9D
:10123000A8BF20F8022BA1EB0C0100F00DB85FEA6B
:10124000C17C24BF00F8012B00F8012B48BF00F837
:10125000012B70474FF0000200B5134694469646A6
:10126000203922BFA0E80C50A0E80C50B1F12001B9
:10127000BFF4F7AF090728BFA0E80C5048BF0CC067
:101280005DF804EB890028BF40F8042B08BF7047C5
:1012900048BF20F8022B11F0804F18BF00F8012B37
:1012A0007047704770477047004870472C130124FF
:1012B000704770477047704738B504460A460020AB
:1012C0006946AFF30080002808BF38BD0246009988
:1012D000204600F075F8012038BD012000F08AB8E2
:1012E000F8B5AFF30080054600200C46102000BF83
:1012F0000646A819A0420DD9324669460020AFF330
:101300000080070008BF00F075F80098A04218BFE1
:101310000546C419FFF7C8FF05600746F01D20F019
:1013200007004619284600F00AF8B44208BFF8BD85
:10133000A21B31463868BDE8F84000F041B80021F2
:101340000160C0E9011070471020704770B5044675
:10135000051FFFF7A9FF0068002C14BF446870BD8B
:10136000002C18BFAC423CBF20466468F8D301682B
:101370000A18AA4218BF456003D12A6805461144DD
:10138000016028684119A1421CBF6C6070BD616892
:10139000696021680844286070BD10B500F00CF841
:1013A000006810BD10B5044600F006F8046010BDDA
:1013B0000048704724130124004870472413012477
:1013C000034640688C46002818BF88423CBF03464D
:1013D0004068F8D318681844884207D00CF103001D
:1013E00020F00700001D411A521A0146081D0A602C
:1013F000FFF7ACBF10B500F03FF8BDE8104000F0BB
:101400002FB870477546FFF7D3FFAE460500694613
:10141000534620F00700854618B020B5FFF73AF88C
:10142000BDE820404FF000064FF000074FF00008E5
:101430004FF0000B21F00701AC46ACE8C009ACE866
:10144000C009ACE8C009ACE8C0098D46704710B5CA
:101450000446AFF300802046BDE81040FEF7A3BF6E
:10146000002801D000F030B8704710B500F064F8E3
:10147000BDE81040FFF7F4BF10B5012805D00021EA
:1014800003A000F03FF8012010BD09A1F8E700001B
:1014900053494752544D454D3A204F7574206F665D
:1014A0002068656170206D656D6F727900000000C5
:1014B0003A2048656170206D656D6F727920636FA9
:1014C000727275707465640001491820ABBEFEE746
:1014D000260002001FB584B000200A9C06AB04AAB7
:1014E00002A90094AFF3008018B1DDE9020108B051
:1014F00010BD03482040FFF7B8FF00200146F6E783
:101500000000207C70B505460C460A2000E06D1CEA
:1015100000F068F835B128780028F8D102E0641CA2
:1015200000F060F814B120780028F8D1BDE87040D0
:101530000A2000F057B8000010B5022803D041017E
:1015400003D50DA112E0002010BD010101D50FA1AE
:101550000CE0C10001D511A108E0810001D512A164
:1015600004E0400001D513A100E0002115A0FFF721
:10157000C9FF012010BD0000496E76616C696420CE
:101580004F7065726174696F6E000000446976691E
:101590006465204279205A65726F00004F7665724B
:1015A000666C6F7700000000556E646572666C6F44
:1015B00077000000496E6578616374205265737529
:1015C0006C7400005349474650453A204172697493
:1015D000686D6574696320657863657074696F6EA2
:1015E0003A20000008B569468DF800000320ABBE24
:1015F00008BD000010B501221146024804F01AFB94
:1016000010BD00000008025810B500220121024858
:1016100004F010FB10BD00000008025870470000E5
:1016200010B501220821024804F004FB10BD00009F
:101630000008025810B500220821024804F0FAFA06
:1016400010BD000000080258704710B5044603E0C2
:101650004FF47A7000F006F8201EA4F101018CB25C
:10166000F6D110BD70B5034600BF00BF00200022B8
:1016700000BF4FF0E0267569C3EB031674014FF00D
:10168000E026B16910E04FF0E026B06988420BD047
:10169000884202D20E1A324402E02E1A0E4432441C
:1016A0000146A24200D300E0EDE700BF70BD10B5D7
:1016B0000024FFF7B3FFFFF7C7FF15F09BFF10B142
:1016C00044F0800402E015F0F7FE044316F096F9AA
:1016D00010B144F0400402E016F012F90443204631
:1016E00010BD00002DE9FC4105460E4617460020BE
:1016F00000900190FFF788FF922000F0EFF806229B
:101700006946122000F0CAF8FFF774FF9DF8010047
:10171000000200B29DF8001040EA010400EE104AF9
:10172000B8EEC00A5948D0ED000A20EE200A86ED36
:10173000000A9DF80300000200B29DF8021040EA82
:10174000010400EE104AB8EEC00A5048D0ED000A7D
:1017500020EE200A86ED010A9DF80500000200B285
:101760009DF8041040EA010400EE104AB8EEC00AE9
:101770004648D0ED000A20EE200A86ED020AFFF767
:1017800059FF08226946002000F088F8FFF748FF5B
:101790009DF800000F283CD19DF80300000200B224
:1017A0009DF8021040EA010400EE104AB8EEC00AAB
:1017B0003748D0ED000A20EE200A85ED000A9DF89A
:1017C0000500000200B29DF8041040EA010400EE9A
:1017D000104AB8EEC00A2E48D0ED000A20EE200ACA
:1017E00085ED010A9DF80700000200B29DF8061081
:1017F00040EA010400EE104AB8EEC00A2448D0EDD9
:10180000000A20EE200A85ED020A00202149087016
:1018100014E020480078401C1E49087008460078F3
:101820000A280BDD9FED1C0A85ED000A9FED1A0AC0
:1018300085ED010A9FED180A85ED020AFFF7E4FE27
:10184000A22000F04BF802226946222000F026F880
:10185000FFF7D0FE9DF80000C0009DF8011040EA9F
:101860006114B4F5806F02DBA4F5006004B200EEF1
:10187000104AF8EEC00AB4EE001AB3EE070A00EE02
:10188000810A87ED000ABDE8FC810000A80200245F
:10189000AC020024D40200240000000070B506460B
:1018A0000C46154646F0800000F018F806E055207A
:1018B00000F014F82070641C681EC5B2002DF6D12B
:1018C00070BD70B504460D4644F0800000F006F887
:1018D000552000F003F8287070BD000001B582B0FB
:1018E0004FF47A70012301AA02A90090024807F080
:1018F000F7FD9DF804000EBDB04B002470B5054601
:101900000C462846FFF7EAFF2046FFF7E7FF70BDC9
:10191000D2ED020A92ED021AB6EE000A00EEC10AFA
:10192000D2ED030A92ED031A00EEC10AD0ED000ACF
:1019300020EE200AD2ED010A92ED021A60EE810A31
:1019400092ED001AD2ED031A41EE610A90ED011AF0
:1019500000EE810AD2ED010A92ED031A60EE810ACF
:1019600092ED001AD2ED021A41EE210A90ED021A10
:1019700000EE810AF0EE000A20EE200A81ED000A56
:1019800092ED010AD2ED020A20EE200AD2ED000A01
:1019900092ED031A00EE810AD0ED000A60EE200AF3
:1019A00092ED011AD2ED011AB6EE000A01EE610ABB
:1019B000D2ED031A92ED032AB0EE401A01EEC21ADC
:1019C000D0ED011AB0EE600A01EE210AD2ED020A52
:1019D00092ED031A60EE810A92ED001AD2ED011A1F
:1019E00041EE610A90ED021A00EE810AF0EE000A63
:1019F00020EE200A81ED010A92ED010AD2ED030AE0
:101A000020EE200AD2ED000A92ED021A00EEC10A81
:101A1000D0ED000A20EE200AD2ED020A92ED031A60
:101A200060EE810A92ED001AD2ED011A41EE210A10
:101A300090ED011A00EE810A92ED011AD2ED011A21
:101A4000F6EE000A41EE610A92ED021AD2ED021A98
:101A500041EE610A90ED021A00EE810AF0EE000AF2
:101A600020EE200A81ED020A704700BFFEE7000069
:101A70002DE9F04104460D4616461F464FF400700E
:101A8000114908600020486088600820C860200A6A
:101A90000E4908704C70280A8870CD70300A0871A1
:101AA0004E71380A8871CF714FF0004006490861C5
:101AB000002048618861C8610862044A044802F055
:101AC000D7FE8046BDE8F081D0110124080700242C
:101AD000704A002470B504460D464FF40070114959
:101AE00008600020486088600820C86000200E4917
:101AF00008704870200A8870CC70280A08714D71EF
:101B000000208871C8714FF000400649086100202C
:101B100048618861C8610862034A044802F0A8FE6F
:101B2000064670BDAC11012400070024D0490024F2
:101B30002DE9F04104460D4640F2FF20224908609D
:101B40000020486088600820C86000201F49087095
:101B50004870280A8870CD7000200871487188711B
:101B6000C8714FF000401849086100204861886141
:101B7000C8610862154A164802F07AFE074640F22C
:101B8000FF20114908600020486088600820C86074
:101B9000200A0E4908704C7000208870C8700871C7
:101BA00048718871C8714FF00040074908610020F2
:101BB00048618861C8610862044A064802F058FE1C
:101BC0000646BDE8F0810000AC11012400070024A6
:101BD000D0490024704A002470B5044640F2FF103A
:101BE000104908600020486088600820C860200A0A
:101BF0000D490870200A487000208870C87008716C
:101C000048718871C8714FF0004006490861002092
:101C100048618861C8610862034A044802F028FEEE
:101C2000054670BDAC11012400070024D0490024F2
:101C30000346042B15D007DC7BB1012B0ED0022B01
:101C40000DD0032B12D10BE0202B0BD0212B0AD06F
:101C5000222B09D0232B09D107E008E007E006E09A
:101C600005E004E003E002E001E000E000BF00BFA7
:101C7000002070470020704710B500220449054835
:101C80000EF0D3FF044903480EF0C0FF002010BD42
:101C90008C620024B05500248C5A002470B5044690
:101CA0000D46064920461BF09FF8214604480EF0D9
:101CB000ADFF03480EF076FF002070BDA012012496
:101CC000B055002410B503460C460021084610BD4F
:101CD0002DE9F04104460D4600260A48D0F8BC72B2
:101CE000D7F8140210B10120BDE8F0812A46214640
:101CF00004480EF09AFF03480FF04AF806463046B3
:101D0000F2E70000B05500240188B0F90820891AD4
:101D100000EE101AB8EEC00B9FED181BB4EEC10B0D
:101D2000F1EE10FA03DDC168491EC16011E00188BF
:101D3000B0F90820891A00EE101AB8EEC00B9FED1A
:101D4000111BB4EEC10BF1EE10FA02D2C168491CAE
:101D5000C160C168C1EB4131B0F90820114400EE07
:101D6000101AB8EEC00ADFED090A20EE200AF3EEE1
:101D7000030A80EE201A80ED041A7047000000006C
:101D800000FFAF400000000000FFAFC0A005343DE1
:101D90000146074800880844054A10801088C21789
:101DA00000EBD2525212A0EB4222014B1A80704734
:101DB0002E0600241848008818490988884201D155
:101DC0000020704715480088401C13490988884244
:101DD00008D01248008840F2FF11884205D10E4811
:101DE000008810B94FF40070EBE70B4800880B49EE
:101DF0000988884206DC0948008807490988401A92
:101E000080B2DEE704480088C0F500700349098805
:101E1000084480B2D5E700002E06002430060024D6
:101E200000B5FFF7C7FFC0F5007080B200BD00002D
:101E300001460846CB1701EBD3535B12A1EB4323BA
:101E40009AB20148805C70471009012470B50646BB
:101E50000C46FFF7E5FFA04201DA002070BD1648EE
:101E600000882044B0F5007F0DDA1449124A128828
:101E7000881822463146FFF74CF90F480088204465
:101E80000D49088015E00C480088C0F5007085B247
:101E90000A49094A128888182A463146FFF739F953
:101EA000621B71190548FFF734F9601B024908806D
:101EB00000BFE0B2D2E70000300600241009012480
:101EC00010B5024801F076FA10BD000094520024CB
:101ED00010B5024801F06EFA10BD00000C5300244A
:101EE00010B5024801F066FA10BD0000C04C002495
:101EF00010B5024801F05EFA10BD0000384D002414
:101F000010B5024801F056FA10BD000084530024B9
:101F100010B5024801F04EFA10BD00002C5100240B
:101F200010B5024801F046FA10BD0000FC53002431
:101F300010B5024801F03EFA10BD0000A451002483
:101F400010B5024801F036FA10BD00001C52002402
:101F500010B5024801F02EFA10BD000074540024A0
:101F600010B5024801F026FA10BD0000EC54002420
:101F70000146374A0868904249D0354A1832086805
:101F8000904244D0324A3032086890423FD0304AC2
:101F90004832086890423AD02D4A60320868904230
:101FA00035D02B4A78320868904230D0284A903297
:101FB000086890422BD0264AA8320868904226D062
:101FC000244A0868904222D0224A18320868904277
:101FD0001DD0204A30320868904218D01D4A48323D
:101FE0000868904213D01B4A6032086890420ED0B5
:101FF000184A78320868904209D0164A9032086828
:10200000904204D0134AA8320868904201D10120BE
:1020100000E00020B0B10A78103A1823B2FBF3F0C8
:1020200000F007020C4B9A5CCA65032805D90A68C0
:102030006FF30902121D8A6503E00A686FF3090253
:102040008A6503E0086820F0FF008865886D7047A6
:102050001000024010040240A8E9010810B502680F
:102060002B4C0368A34222D0294C14340368A342AA
:102070001DD0274C28340368A34218D0244C3C348C
:102080000368A34213D0224C50340368A3420ED0FD
:102090001F4C64340368A34209D01D4C7834036894
:1020A000A34204D01A4C8C340368A34201D101230B
:1020B00000E000238BB10378083B1424B3FBF4F158
:1020C000144B03EB81030366124B8033436601F02C
:1020D0001F040123A340836618E00378103B1824F3
:1020E000B3FBF4F10C4B9A4204D80B4BA83B9A4239
:1020F00000D30831094B03EB81030366074B8033A0
:10210000436601F01F040123A340836610BD000055
:102110000854025800580258B8040240000802400F
:102120000179A9B3082940D8204B02689A4222D0ED
:102130001E4B143302689A421DD01C4B2833026890
:102140009A4218D0194B3C3302689A4213D0174B6D
:10215000503302689A420ED0144B643302689A429C
:1021600009D0124B783302689A4204D00F4B8C335B
:1021700002689A4201D1012200E000224AB14A1EBF
:102180000B4B03EB8202C266094A4032026708E049
:102190000BE04A1E074B03EB8202C266054A40323F
:1021A00002674A1E01239340436770470854025850
:1021B0000059025800090240014600208A69D2B93C
:1021C0008A6A32B1012A0DD0022A03D0032A10D123
:1021D0000EE000BFCA6A02F08072B2F1807F00D1C7
:1021E000012007E0CA6AB2F1C07F00D1012001E0FE
:1021F00000E000BF36E08A69B2F5005F1BD18A6A51
:1022000032B1012A07D0022A03D0032A11D10AE0F1
:1022100000BF01200EE0CA6A02F08072B2F1807F36
:1022200000D1012006E0CA6AB2F1C07F00D10120CE
:1022300000E000BF16E08A6A32B1012A05D0022A06
:1022400004D0032A0CD103E000BF00BF012008E046
:10225000CA6A02F08072B2F1807F00D1012000E0F2
:1022600000BF00BF70470000F0B5856D846D984FCA
:102270000668BE4270D0964F18370668BE426BD0D3
:10228000934F30370668BE4266D0914F4837066894
:10229000BE4261D08E4F60370668BE425CD08C4F24
:1022A00078370668BE4257D0894F90370668BE42DD
:1022B00052D0874FA8370668BE424DD0854F06687A
:1022C000BE4249D0834F18370668BE4244D0814F82
:1022D00030370668BE423FD07E4F48370668BE4260
:1022E0003AD07C4F60370668BE4235D0794F783798
:1022F0000668BE4230D0774F90370668BE422BD07A
:10230000744FA8370668BE4226D0734F0668BE4297
:1023100022D0714F14370668BE421DD06E4F283749
:102320000668BE4218D06C4F3C370668BE4213D0D8
:10233000694F50370668BE420ED0674F6437066853
:10234000BE4209D0644F78370668BE4204D0624F5F
:102350008C370668BE4201D1012600E000263EB15E
:10236000D0E919767E60C66E16B1D0E91C767E6023
:10237000574F0668BE4249D0554F18370668BE42CF
:1023800044D0534F30370668BE423FD0504F483795
:102390000668BE423AD04E4F60370668BE4235D01E
:1023A0004B4F78370668BE4230D0494F90370668A9
:1023B000BE422BD0464FA8370668BE4226D0454FB6
:1023C0000668BE4222D0434F18370668BE421DD071
:1023D000404F30370668BE4218D03E4F4837066837
:1023E000BE4213D03B4F60370668BE420ED0394F15
:1023F00078370668BE4209D0364F90370668BE422D
:1024000004D0344FA8370668BE4201D1012600E04F
:102410000026DEB190F85C6006F01F073F26BE4044
:10242000AE600668366826F4802607683E60066857
:1024300073608668402E04D10668B2600668F16059
:1024400044E00668B1600668F2603FE0224F06682B
:10245000BE4222D0204F14370668BE421DD01E4F08
:1024600028370668BE4218D01B4F3C370668BE426C
:1024700013D0194F50370668BE420ED0164F64373E
:102480000668BE4209D0144F78370668BE4204D0B1
:10249000114F8C370668BE4201D1012600E00026AC
:1024A000A6B190F85C6006F01F070126BE4066608A
:1024B000066873608668402E04D10668B2600668BC
:1024C000F16003E00668B1600668F260F0BD0000EC
:1024D00010000240100402400854025808B50E488B
:1024E0000078B8B901200C4908700C484068009089
:1024F0000B4900980968884204D20A480068401CC9
:1025000008490860054840680549086000200249FC
:10251000087000BF08BD000088020024001000E021
:10252000780200247402002410B52DED028B82B0D5
:1025300004460E484068019020680199081A00EE90
:10254000100AF8EE400A0A4890ED000AB8EE400A78
:1025500080EE801AB0EE418A01982060FFF7BEFF3E
:10256000B0EE480A02B0BDEC028B10BD001000E0D6
:102570006802002410B504461348006840F08070DB
:10258000114908600020114948600846006840F081
:10259000010008600E4860430E4908600846006864
:1025A0004FF47A71B0FBF1F00B49086009480068FC
:1025B0000749B0FBF1F009490860002008490860AC
:1025C000FFF78CFF10BD0000FCED00E0001000E004
:1025D00040420F00680200246C02002470020024B4
:1025E000740200247047D2ED020A92ED021AB6EE90
:1025F000000A00EEC10AD2ED030A92ED031A00EEC2
:10260000C10AD0ED000A20EE200AD2ED010A92EDB7
:10261000021A60EE810A92ED001AD2ED031A41EE21
:10262000210A90ED011A00EE810AD2ED010A92ED25
:10263000031A60EE810A92ED001AD2ED021A41EE01
:10264000610A90ED021A00EE810AF0EE000A20EE17
:10265000200A81ED000A92ED010AD2ED020A20EE75
:10266000200AD2ED000A92ED031A00EEC10AD0ED65
:10267000000A60EE200A92ED011AD2ED011AB6EEC0
:10268000000A01EE610AD2ED031A92ED032AB0EEC0
:10269000401A01EEC21AD0ED011AB0EE600A01EE46
:1026A000210AD2ED020A92ED031A60EE810A92ED40
:1026B000001AD2ED011A41EE210A90ED021A00EE45
:1026C000810AF0EE000A20EE200A81ED010A92ED67
:1026D000010AD2ED030A20EE200AD2ED000A92EDA3
:1026E000021A00EE810AD0ED000A20EE200AD2ED97
:1026F000020A92ED031A60EE810A92ED001AD2ED01
:10270000011A41EE610A90ED011A00EE810A92ED84
:10271000011AD2ED011AF6EE000A41EE610A92EDBD
:10272000021AD2ED021A41EE610A90ED021A00EE91
:10273000810AF0EE000A20EE200A81ED020A7047BD
:1027400072B600BFFEE700000748006840F00200D4
:102750000549086000BF04480838006800F40050CC
:102760000028F8D0704700000C48025810B5024805
:1027700002F06AFA10BD0000D049002410B50248EA
:1027800002F062FA10BD0000D049002410B50248E2
:1027900002F05AFA10BD0000704A002410B5024839
:1027A00002F052FA10BD0000704A002410B5024831
:1027B00002F04AFA10BD0000104B002410B5024888
:1027C00002F042FA10BD0000104B002410B503487F
:1027D00002F03AFA024802F037FA10BDD04900245C
:1027E000704A002410B501464A6B0868D0F884008E
:1027F0004FF6FC74A04340EA82000C68C4F88400E1
:102800000868D0F8840020F47F04088F44EA004070
:102810000C68C4F88400886B02440868D0F888000B
:102820004FF6FC74A04340EA82000C68C4F88800AC
:102830000868D0F8880020F4FE04888F44EA00403D
:102840000C68C4F88800C86B02EB40020868D0F836
:10285000A0004FF6FC74A04340EA82000C68C4F864
:10286000A0000868D0F8A00020F4FE044020405AE0
:1028700044EA00400C68C4F8A000D1E9104004FB11
:1028800000220868D0F8B0004FF6FC74A04340EA7C
:1028900082000C68C4F8B0000868D0F8B00020F4DA
:1028A000FE04B1F8480044EA00400C68C4F8B000E7
:1028B000D1E9124004FB00220868D0F8AC004FF6C2
:1028C000FC74A04340EA82000C68C4F8AC00D1E973
:1028D000144004FB00220868D0F8F0004FF6FC74A6
:1028E000A04340EA82000C68C4F8F0000868D0F801
:1028F000F00020F47C14B1F8580044EA00400C6861
:10290000C4F8F000886D02EB40020868D0F8C000FF
:102910004FF6FC74A04340EA82000C68C4F8C00083
:102920000868D0F8C00020F47C14B1F85C0044EAD8
:1029300000400C68C4F8C0000868D0F8C00020F05F
:102940007C5491F8600044EA00600C68C4F8C00050
:102950002A4C486B04EB8000C866CC6E886B04EB95
:1029600080040C670C6FC86B04EBC0044C67D1E9A2
:10297000100460434C6F04EB80048C67D1E91204AF
:1029800060438C6F04EB8004CC67D1E9140460438E
:10299000CC6F04EB8004802044504458886D04EBD5
:1029A000C004842044508C6EC86D604384246458F5
:1029B00004EB8004882044508C6E086E60438824A9
:1029C000645804EB80049020445040580C4CA042C2
:1029D00009D99831486840F020004860032001F888
:1029E0009809012010BDCB6E02E0002018601B1D6D
:1029F000902040589842F8D80020F3E700AC0040FF
:102A0000FCD300402DE9F041054614461E46D1F89E
:102A100004C0BCF1000F0AD1D1F810C0D1F8088071
:102A20004CEA080CB1F800804CEA88430BE0D1F87E
:102A300010C04CF0804CD1F808804CEA080CD1F85A
:102A400000804CEA080391F82080D1F81CC04CEAC1
:102A5000086CD1F818804CEA080CD1F814804CEAC4
:102A6000080CB1F80C804CEA0847D5F868C00CFB9C
:102A700006FCD5F8848008EB8C021360121D1760E9
:102A8000121D002019E000F1030C14F80CC04FEAED
:102A90000C6800F1020C14F80CC048EA0C4800F174
:102AA000010C14F80CC048EA0C2C14F800804CEA15
:102AB000080CC2F800C0121D001DDFF81480D1F808
:102AC0000CC018F80CC08445DDD8BDE8F0810000CA
:102AD000B0E901082DE9F04104460D4616461F46AF
:102AE000A1B2012018F0BCF9A9B2022018F0B8F97F
:102AF000B1B2032018F0B4F9B9B2042018F0B0F95B
:102B0000BDE8F08170B50A480468001D0568001D25
:102B10000668344454B10822064920460AF012F9E6
:102B200004220449103128460AF00CF970BD000057
:102B300000E8F11F6A0000242DE9F041044603F08B
:102B40007FF8804614B90120BDE8F08194F8350083
:102B5000022808D08020606500BF002084F834007F
:102B600000BF0120F0E7FE492068884249D0FC49B7
:102B700018312068884244D0F949303120688842B1
:102B80003FD0F7494831206888423AD0F449603153
:102B90002068884235D0F24978312068884230D0A8
:102BA000EF499031206888422BD0ED49A831206848
:102BB000884226D0EB492068884222D0E949183162
:102BC000206888421DD0E74930312068884218D0FB
:102BD000E44948312068884213D0E24960312068D6
:102BE00088420ED0DF4978312068884209D0DD491B
:102BF00090312068884204D0DA49A83120688842A0
:102C000001D1012000E0002068B12068006820F0B8
:102C10001E00216808602068406920F0800021685B
:102C20004861256806E02068006820F00E002168F1
:102C300008602568CA492068884270D0C8491831A0
:102C4000206888426BD0C64930312068884266D0FF
:102C5000C34948312068884261D0C1496031206849
:102C600088425CD0BE4978312068884257D0BC4940
:102C700090312068884252D0B949A83120688842F2
:102C80004DD0B8492068884249D0B64918312068EB
:102C9000884244D0B3493031206888423FD0B1499E
:102CA0004831206888423AD0AE4960312068884275
:102CB00035D0AC4978312068884230D0A94990316C
:102CC000206888422BD0A749A8312068884226D0A6
:102CD000A5492068884222D0A3491431206888423F
:102CE0001DD0A14928312068884218D09E493C3126
:102CF0002068884213D09C495031206888420ED009
:102D0000994964312068884209D097497831206810
:102D1000884204D094498C312068884201D1012036
:102D200000E0002028B1206E006820F48070216E41
:102D300008608B492068884249D089491831206849
:102D4000884244D086493031206888423FD0844947
:102D50004831206888423AD08149603120688842F1
:102D600035D07F4978312068884230D07C49903115
:102D7000206888422BD07A49A8312068884226D022
:102D800078492068884222D07649183120688842E4
:102D90001DD0744930312068884218D071494831BB
:102DA0002068884213D06F496031206888420ED075
:102DB0006C4978312068884209D06A49903120688E
:102DC000884204D06749A8312068884206D120682B
:102DD000006820F001002168086005E020680068B4
:102DE00020F001002168086011E002F029FFA0EB4B
:102DF000080005280BD920206065032084F83500E1
:102E000000BF002084F8340000BF01209CE6286841
:102E100000F001000028E8D151492068884249D0DB
:102E20004F4918312068884244D04D4930312068DC
:102E300088423FD04A494831206888423AD04849C0
:102E400060312068884235D0454978312068884211
:102E500030D043499031206888422BD04049A83176
:102E60002068884226D03F492068884222D03D49C8
:102E70001831206888421DD03A4930312068884294
:102E800018D0384948312068884213D0354960311C
:102E9000206888420ED0334978312068884209D0B2
:102EA000304990312068884204D02E49A8312068EA
:102EB000884201D1012000E0002040B1A66D94F8C5
:102EC0005C0000F01F013F208840B06007E0A76D64
:102ED00094F85C0000F01F010120884078602049D0
:102EE0002068884276D01E4918312068884271D007
:102EF0001B493031206888426CD01949483120681C
:102F0000884267D0164960312068884262D01449EF
:102F10007831206888425DD011499031206888421C
:102F200058D00F49A8312068884253D00D492068F5
:102F300088424FD00B491831206888424AD009494D
:102F400030312068884245D006494831206888429F
:102F500040D004496031206888423BD0014905E0F7
:102F600010000240100402400854025878312068D2
:102F700088422FD02549206888422BD02349183118
:102F80002068884226D022492068884222D02049E1
:102F90001431206888421DD01D492831206888429C
:102FA00018D01B493C312068884213D01849503151
:102FB000206888420ED0164964312068884209D0C2
:102FC000134978312068884204D011498C31206837
:102FD000884201D1012000E0002068B1D4E9191035
:102FE0004860E06E40B1E06E006820F48070E16EF1
:102FF0000860D4E91C104860012084F8350000BF47
:10300000002084F8340000BF00BF9DE5A00402400A
:103010000854025870B504460CB9012070BD94F8EC
:103020003500022803D0802060650120F6E7DC49E6
:103030002068884249D0DA4918312068884244D053
:10304000D7493031206888423FD0D549483120687F
:1030500088423AD0D24960312068884235D0D04980
:1030600078312068884230D0CD499031206888423C
:103070002BD0CB49A8312068884226D0C949206886
:10308000884222D0C7491831206888421DD0C549DE
:1030900030312068884218D0C249483120688842BF
:1030A00013D0C0496031206888420ED0BD497831C4
:1030B0002068884209D0BB4990312068884204D0FA
:1030C000B849A8312068884201D1012000E00020E1
:1030D000F0B3042084F83500B149206888424BD011
:1030E000AF4918312068884246D0AD493031206858
:1030F000884241D0AA494831206888423CD0A8493A
:1031000060312068884237D0A549783120688842EC
:1031100032D0A3499031206888422DD0A049A831EF
:103120002068884228D09F492068884224D09D4941
:103130001831206888421FD09A493031206888426F
:103140001AD0984948312068884215D0954900E046
:1031500020E06031206888420ED0924978312068A2
:10316000884209D08F4990312068884204D08D4927
:10317000A8312068884206D12068006820F001004C
:103180002168086009E12068006820F001002168DA
:10319000086002E12068006820F00E0021680860E5
:1031A0007F492068884249D07D491831206888428B
:1031B00044D07B493031206888423FD0784948313B
:1031C000206888423AD0764960312068884235D0FC
:1031D000734978312068884230D071499031206835
:1031E00088422BD06E49A8312068884226D06D498C
:1031F0002068884222D06B491831206888421DD04F
:10320000684930312068884218D0664948312068C2
:10321000884213D063496031206888420ED06149EA
:1032200078312068884209D05E4990312068884210
:1032300004D05C49A8312068884206D12068006823
:1032400020F001002168086005E02068006820F097
:1032500001002168086052492068884270D05049B6
:103260001831206888426BD04D493031206888423F
:1032700066D04B4948312068884261D04849603166
:10328000206888425CD0464978312068884257D00F
:10329000434990312068884252D04149A831206882
:1032A00088424DD03F492068884249D03D49183175
:1032B0002068884244D03B493031206888423FD062
:1032C00038494831206888423AD036496031206810
:1032D000884235D0334978312068884230D031492E
:1032E0009031206888422BD02E49A831206888422E
:1032F00026D02D492068884222D02B4914312068DD
:1033000088421DD0284928312068884218D0264993
:103310003C312068884213D02349503120688842CC
:103320000ED0214964312068884209D01E49783185
:103330002068884204D01C498C312068884201D121
:10334000012000E00020D8B1206E006820F48070D9
:10335000216E0860A56D94F85C0000F01F0101204B
:1033600088406860D4E919104860E06E40B1E06EB2
:10337000006820F48070E16E0860D4E91C10486099
:10338000012084F8350000BF002084F8340000BF1D
:10339000206D10B12046216D884700203EE60000D8
:1033A0001000024010040240085402580146486DC3
:1033B000704700002DE9F84F044600200090FE48B9
:1033C00000684FF41651B0FBF1FAA66DD4F858809E
:1033D0003768D8F80090F9492068884249D0F74901
:1033E00018312068884244D0F4493031206888423E
:1033F0003FD0F2494831206888423AD0EF496031E5
:103400002068884235D0ED4978312068884230D034
:10341000EA499031206888422BD0E849A8312068D9
:10342000884226D0E6492068884222D0E4491831F3
:10343000206888421DD0E24930312068884218D087
:10344000DF4948312068884213D0DD496031206867
:1034500088420ED0DA4978312068884209D0D849AC
:1034600090312068884204D0D549A831206888422C
:1034700001D1012000E0002000287DD094F85C00FC
:1034800000F01F01082088403840002868D0CB4950
:103490002068884249D0C94918312068884244D000
:1034A000C6493031206888423FD0C449483120683D
:1034B00088423AD0C14960312068884235D0BF493E
:1034C00078312068884230D0BC49903120688842E9
:1034D0002BD0BA49A8312068884226D0B849206844
:1034E000884222D0B6491831206888421DD0B4499C
:1034F00030312068884218D0B1494831206888426C
:1035000013D0AF496031206888420ED0AC49783181
:103510002068884209D0AA4990312068884204D0A6
:10352000A749A8312068884204D12068006800F0CB
:10353000040003E02068006800F0080080B1206803
:10354000006820F004002168086094F85C0000F036
:103550001F0108208840B060606D40F00100606588
:1035600094F85C0000F01F01012088403840E8B367
:1035700092492068884200E0B7E24BD08F49183169
:103580002068884246D08D4930312068884241D039
:103590008A494831206888423CD088496031206897
:1035A000884237D0854978312068884232D08349B3
:1035B0009031206888422DD08049A8312068884207
:1035C00028D07F492068884224D07D49183120685E
:1035D00088421FD07A493031206888421AD0784911
:1035E00048312068884215D0754900E026E06031F6
:1035F000206888420ED0724978312068884209D00C
:103600006F4990312068884204D06D49A831206804
:10361000884204D12068406900F0800002E0206800
:103620000068002050B194F85C0000F01F010120F8
:103630008840B060606D40F00200606594F85C0006
:1036400000F01F01042088403840E8B35B4920683F
:1036500088424BD0594918312068884246D0574992
:1036600030312068884241D054494831206888422E
:103670003CD0524960312068884237D04F49783178
:103680002068884232D04D499031206888422DD040
:103690004A49A8312068884228D049492068884290
:1036A00024D047491831206888421FD0444930311E
:1036B000206888421AD0424948312068884215D093
:1036C0003F496031206800E024E088420ED03C4948
:1036D00078312068884209D0394990312068884281
:1036E00004D03749A8312068884204D12068006896
:1036F00000F0020002E020680068002050B194F859
:103700005C0000F01F0104208840B060606D40F054
:103710000400606594F85C0000F01F0110208840F0
:103720003840E8B325492068884251D023491831F0
:10373000206888424CD0214930312068884247D0E7
:103740001E4948312068884242D01C4960312068B7
:1037500088423DD0194978312068884238D01749CD
:1037600090312068884233D01449A83120688842BB
:103770002ED01349206888422AD011491831206878
:10378000884225D00E4930312068884220D00C492B
:103790004831206888421BD009496031206800E028
:1037A0004DE0884214D006497831206888420FD015
:1037B00003499031206805E0A40000241000024075
:1037C00010040240884203D0FE492068884204D198
:1037D0002068006800F0080003E02068006800F03E
:1037E000040060B394F85C0000F01F0110208840D2
:1037F000B0602068006800F4802080B12068006814
:1038000000F4002028B9206CC8B12046216C8847FC
:1038100015E0A06C98B12046A16C88470FE02068A5
:10382000006800F4807028B92068006820F0080063
:1038300021680860206C10B12046216C884794F8FC
:103840005C0000F01F0120208840384000287DD017
:10385000DD492068884249D0DB4918312068884218
:1038600044D0D9493031206888423FD0D6494831C8
:10387000206888423AD0D44960312068884235D0E7
:10388000D14978312068884230D0CF4990312068C2
:1038900088422BD0CC49A8312068884226D0C9491B
:1038A000A8392068884221D0C649903920688842CA
:1038B0001CD0C44978392068884217D0C149603982
:1038C0002068884212D0BF494839206888420DD00C
:1038D000BC4930392068884208D0BA491839206874
:1038E000884203D0B7492068884204D12068006824
:1038F00000F0100003E02068006800F0020028B328
:1039000094F85C0000F01F0120208840B06094F81B
:10391000350004282DD12068006820F016002168A9
:1039200008602068406920F0800021684861206CB0
:1039300008B9A06C28B12068006820F00800216850
:10394000086094F85C0000F01F0100E03FE03F20B9
:103950008840B060012084F8350000BF002084F862
:10396000340000BF206D10B12046216D8847BDE8AE
:10397000F88F2068006800F4802080B1206800681B
:1039800000F4002028B9606C08B32046616C8847B9
:103990001DE0E06BD8B12046E16B884717E0206856
:1039A000006800F4807068B92068006820F010009A
:1039B00021680860012084F8350000BF002084F8E9
:1039C000340000BFE06B10B12046E16B8847606DAA
:1039D00000287AD0606D00F00100E8B3042084F87C
:1039E00035007949206888424BD0774918312068E2
:1039F000884246D0744930312068884241D07249AB
:103A00004831206888423CD06F4960312068884244
:103A100037D06D4978312068884232D06A49903178
:103A2000206888422DD06849A8312068884228D073
:103A30006449A8392068884223D0624990392068B7
:103A400088421ED05F4978392068884219D05D4984
:103A500060392068884200E040E012D05949483976
:103A6000206888420DD0574930392068884208D0F4
:103A7000544918392068884203D052492068884246
:103A800006D12068006820F001002168086005E088
:103A90002068006820F001002168086000BF0098DD
:103AA000401C0090504500D905E02068006800F0F7
:103AB00001000028F3D100BF2068006800F0010079
:103AC00020B1032084F8350003E00DE0012084F8E4
:103AD000350000BF002084F8340000BFE06C0028EF
:103AE00002D02046E16C8847D9E1384920688842F5
:103AF00022D036491431206888421DD033492831FC
:103B00002068884218D031493C312068884213D05F
:103B10002E495031206888420ED02C4964312068EB
:103B2000884209D0294978312068884204D0274941
:103B30008C312068884201D1012000E0002000285B
:103B4000D2D02068056894F85C0000F01F010420C2
:103B5000884000EA0900D8B305F00400C0B394F827
:103B60005C0000F01F0104208840C8F8040005F440
:103B7000004080B105F4803030B9A06C0028B3D08B
:103B80002046A16C88478AE1206C0028ACD02046F2
:103B9000216C884783E105F02000E8BB0A492068D2
:103BA000884253D008491831206888424ED00649CF
:103BB00030312068884249D0034948312068884222
:103BC00044D006E0B80402401000024008540258F5
:103BD0004FE0B44960312068884237D0B14978312C
:103BE0002068884232D0AF499031206888422DD079
:103BF000AC49A8312068884228D0AB492068884267
:103C000024D0A9491831206888421FD0A6493031F4
:103C1000206888421AD000E025E0A3494831206896
:103C2000884213D0A0496031206888420ED09E4956
:103C300078312068884209D09B49903120688842B9
:103C400004D09949A8312068884206D120680068CC
:103C500020F008002168086005E02068006820F076
:103C6000040021680860206C10B32046216C88474E
:103C700015E194F85C0000F01F010220884000EA82
:103C80000900E8B305F00200D0B394F85C0000F03E
:103C90001F0102208840C8F8040005F4004070B1FC
:103CA00005F4803028B9606C10B12046616C8847FB
:103CB000F5E0E06BF0B32046E16B8847EFE005F0FC
:103CC0002000C0BB7749206888424ED07549183122
:103CD0002068884249D0734930312068884244D0F6
:103CE00070494831206888423FD06E496031206871
:103CF00088423AD06B4978312068884235D000E05C
:103D00004EE068499031206888422ED06549A8313C
:103D10002068884229D064492068884225D06249B9
:103D200018312068884220D05F49303120688842AD
:103D30001BD001E06EE02DE05B49483120688842ED
:103D400013D059496031206888420ED056497831E5
:103D50002068884209D0544990312068884204D0B4
:103D60005149A8312068884206D12068006820F0B7
:103D700014002168086005E02068006820F00A004F
:103D800021680860012084F8350000BF002084F815
:103D9000340000BFE06BE8B32046E16B88477EE06B
:103DA00094F85C0000F01F010820884000EA090038
:103DB00080B305F0080068B33A49206888424BD0C8
:103DC000384918312068884246D036493031206859
:103DD000884241D033494831206888423CD031493B
:103DE00060312068884237D02E4978312068884277
:103DF00032D02C499031206888422DD02949A831F1
:103E00002068884228D028492068884224D0264942
:103E1000183100E043E0206888421DD0224930314B
:103E20002068884218D0204948312068884213D041
:103E30001D496031206888420ED01B4978312068C6
:103E4000884209D0184990312068884204D0164928
:103E5000A8312068884206D12068006820F01C0044
:103E60002168086005E02068006820F00E002168E5
:103E7000086094F85C0000F01F0101208840C8F839
:103E800004000120606584F8350000BF002084F83C
:103E9000340000BFE06C10B12046E16C884700BFE1
:103EA00065E5000010000240100402402DE9F041D9
:103EB000044601F0C5FE804614B90120BDE8F0813A
:103EC000FE492068884249D0FC4918312068884260
:103ED00044D0FA493031206888423FD0F749483110
:103EE000206888423AD0F54960312068884235D050
:103EF000F24978312068884230D0F049903120680A
:103F000088422BD0ED49A8312068884226D0EC4960
:103F10002068884222D0EA491831206888421DD0A2
:103F2000E74930312068884218D0E5494831206897
:103F3000884213D0E2496031206888420ED0E049BF
:103F400078312068884209D0DD4990312068884264
:103F500004D0DB49A8312068884201D1012000E06B
:103F60000020002873D0606A00B100BF022084F8EE
:103F7000350000BF002084F8340000BFCF4920681E
:103F8000884249D0CD4918312068884244D0CB4975
:103F90003031206888423FD0C84948312068884283
:103FA0003AD0C64960312068884235D0C34978315B
:103FB0002068884230D0C1499031206888422BD097
:103FC000BE49A8312068884226D0BD492068884271
:103FD00022D0BB491831206888421DD0B849303101
:103FE0002068884218D0B64948312068884213D0EA
:103FF000B3496031206888420ED0B14978312068D9
:10400000884209D0AE4990312068884204D0AC493A
:10401000A8312068884206D12068006820F001009D
:104020002168086005E02068006820F00100216830
:1040300008600DE001F004FEA0EB0800052807D998
:1040400020206065032084F83500012036E769E010
:104050002068006800F001000028EBD120680568A6
:1040600098480540D4E90201084321690843616981
:104070000843A1690843E1690843216A08430543ED
:10408000606A042803D1D4E90B0108430543606842
:10409000292802D360682E2817D960683F2802D3E8
:1040A0006068422811D96068472802D360684828B0
:1040B0000BD960684F2802D36068522805D9606820
:1040C000742804D36068772801D8012000E000201C
:1040D00008B145F48015206805602068456925F021
:1040E0000705606A0543606A04280DD1A06A05438C
:1040F000E06A48B12046FEF75FF828B140206065CD
:10410000012084F83500D9E6206845612046FDF796
:104110002FFF064694F85C0000F01F013F20884006
:10412000B0609EE068492068884222D06649143118
:10413000206888421DD0644928312068884218D000
:1041400061493C312068884213D05F495031206872
:1041500088420ED05C4964312068884209D05A49AF
:1041600078312068884204D057498C3120688842D1
:1041700001D1012000E00020E0B3534920688842CB
:1041800022D051491431206888421DD04E4928312F
:104190002068884218D04C493C312068884213D0AE
:1041A00049495031206888420ED04749643120681F
:1041B000884209D0444978312068884204D0424975
:1041C0008C312068884201D1012000E0002000B13C
:1041D00000BF022084F8350000BF002084F83400BE
:1041E00000BF2068056839480540A068402802D112
:1041F000102106E02EE0A068802801D1C10100E076
:104200000021E06841EAD001206941EAD0016069FB
:1042100041EAD001A06941EAD001E06941EAD00158
:10422000206A41EA1010054320680560264920688D
:10423000401A1421B0FBF1F08000E0652046FDF744
:1042400097FE074694F85C0000F01F0101208840AB
:10425000786006E040206065032084F83500012086
:104260002CE61649206888427AD014491831206813
:10427000884275D0114930312068884270D00F498A
:104280004831206888426BD00C49603120688842F0
:1042900066D00A4978312068884261D00749903158
:1042A000206888425CD00549A8312068884257D0F0
:1042B00003492068884253D0014909E010000240B8
:1042C000100402403F8010FE085402580F00FEFF09
:1042D00018312068884243D03749206888423FD04F
:1042E00035491831206888423AD033493031206846
:1042F000884235D0304948312068884230D02E4934
:104300006031206888422BD02B4978312068884260
:1043100026D02A492068884222D0284914312068B2
:1043200088421DD0254928312068884218D0234969
:104330003C312068884213D020495031206888429F
:104340000ED01E4964312068884209D01B4978315B
:104350002068884204D019498C312068884201D1F4
:10436000012000E0002000B32046FDF777FEA068A2
:10437000802801D1002060602079216E0860D4E996
:1043800019104860606860B16068082809D8204644
:10439000FDF7C6FE0020E16E0860D4E91C104860FD
:1043A00003E00020E0662067606700206065012070
:1043B00084F83500002081E540040240085402588A
:1043C0002DE9F04104460D4616461F464FF0000801
:1043D00014B90120BDE8F08100BF94F83400012831
:1043E00001D10220F6E7012084F8340000BF94F8E0
:1043F000350001287ED1022084F835000020606558
:10440000E4492068884249D0E2491831206888424E
:1044100044D0E0493031206888423FD0DD494831FE
:10442000206888423AD0DB4960312068884235D024
:10443000D84978312068884230D0D64990312068F8
:1044400088422BD0D349A8312068884226D0D2494F
:104450002068884222D0D0491831206888421DD077
:10446000CD4930312068884218D0CB494831206886
:10447000884213D0C8496031206888420ED0C649AE
:1044800078312068884209D0C34990312068884239
:1044900004D0C149A8312068884206D1206800684C
:1044A00020F001002168086005E02068006820F025
:1044B0000100216808603B46324629462046FDF748
:1044C000D3FEB449206888424BD0B24918312068E5
:1044D000884246D0AF4930312068884241D0AD494A
:1044E0004831206888423CD0AA496031206888421F
:1044F00037D000E042E1A74978312068884230D0C7
:10450000A4499031206888422BD0A249A831206864
:10451000884226D0A0492068884222D09E4918317E
:10452000206888421DD09C4930312068884218D0CC
:10453000994948312068884213D0974960312068F2
:1045400088420ED0944978312068884209D0924937
:1045500090312068884204D08F49A8312068884271
:1045600001D1012000E0002080B12068006820F027
:104570001E0040F0160021680860206CB0B1206871
:10458000006840F00800216808600FE020680068BB
:1045900020F00E0040F00A0021680860206C28B16D
:1045A0002068006840F004002168086079492068AC
:1045B000884270D077491831206888426BD075499D
:1045C00030312068884266D072494831206888427C
:1045D00061D070496031206888425CD06D49783183
:1045E0002068884257D06B4990312068884252D069
:1045F0006849A831206888424DD0674920688842C0
:1046000049D0654918312068884244D06249303128
:10461000206888423FD060494831206888423AD0BB
:104620005D4960312068884235D05B497831206827
:10463000884230D058499031206888422BD0564962
:10464000A8312068884226D054492068884222D068
:1046500052491431206888421DD0504928312068C1
:10466000884218D04D493C312068884213D04B49CC
:104670005031206888420ED0484964312068884211
:1046800009D0464978312068884204D043498C31AA
:104690002068884201D1012000E0002090B1206E06
:1046A000006800F4803028B1206E006840F480700B
:1046B000216E0860E06E28B1E06E006840F4807002
:1046C000E16E086033492068884249D03149183189
:1046D0002068884244D02F493031206888423FD03A
:1046E0002C494831206888423AD02A4960312068F4
:1046F000884235D0274978312068884230D0254912
:104700009031206888422BD02249A8312068884205
:1047100026D021492068884222D01F4918312068BC
:1047200088421DD01C4930312068884218D01A496F
:1047300048312068884213D0174960312068884288
:104740000ED0154978312068884209D0124990313D
:104750002068884204D01049A8312068884206D1D8
:104760002068006840F001002168086010E02068BF
:10477000006840F001002168086009E04FF4006023
:10478000606500BF002084F8340000BF4FF00108CE
:1047900040461FE610000240100402400854025830
:1047A00070B5044601F04CFA06462546681C10B167
:1047B00004480078054400BF01F042FA801BA8427B
:1047C000FAD370BDA000002430B5034693F898409A
:1047D000012C01D0022C3ED11868806D084030B900
:1047E0001868C06D40F001001D68E8650EE01868AB
:1047F000806D0840884206D11868C06D40F0020004
:104800001D68E86502E003201D68E86501F400709A
:1048100030B11868D0F8E00010431D68C5F8E0001A
:1048200001F4806030B11868D0F8E40010431D68CE
:10483000C5F8E40000BF1868406D0B4D0D402843DB
:104840001D6868650948006840EA9170074D286056
:1048500000BF002030BDD3F89C0040F00200C3F838
:104860009C000120F6E70000FFFFCF3F14A80040A6
:104870002DE9F04104460E461746706800B900E085
:1048800000BF94F89800022832D12068D0F8C00008
:1048900000F07C5040B9D4F89C0040F02000C4F8EF
:1048A0009C000120BDE8F0812068D0F8C40000F42D
:1048B000001038B1D4F89C0040F40070C4F89C009B
:1048C0000120EFE72068D0F8C400C0F304452B4670
:1048D0003A4631462046FEF795F80120A840216867
:1048E000C1F8D0000120A840C4F894000020D9E706
:1048F000D4F89C0040F00800C4F89C000120D1E7E7
:10490000704710B5034601B900E000BF93F8980066
:10491000012824D151B91868D0F8F00020F07C505B
:1049200040EA02601C68C4F8F00016E001290AD1D0
:104930001868D0F8A00020F0FE4040EA02601C6831
:10494000C4F8A00009E01868D0F8B00020F0FE40DC
:1049500040EA02601C68C4F8B000002010BDD3F823
:104960009C0040F00400C3F89C000120F6E7F0B57D
:10497000024692F89860012E01D0022E43D1C868F9
:10498000072800D100BF086818BBC868072800D0F6
:1049900000BFC86807280BD1088A4FF0605747EA64
:1049A0000040CF6940EA07208F6940EA07040AE027
:1049B000087A80070F7B40EAC7600F8A40EA074009
:1049C0004F6940EA0704D76E486807EB80031C6014
:1049D00017E0C868072800D000BF0F7B086940EACD
:1049E0004774C868072801D18D6903E00F7A4869C8
:1049F00040EA8775176F486807EBC0031C601B1DF2
:104A00001D600020F0BDD2F89C0040F00200C2F80A
:104A10009C000120F6E770B50446049D94F89800C8
:104A200001280AD1080140EA820040EA43002843F5
:104A30002668C6F88000002070BDD4F89C0040F0C5
:104A40000400C4F89C000120F6E77047704700009E
:104A50002DE9F04304460D469C46002394F89880C7
:104A6000B8F1020F74D1402D38D12068D0F8A000E1
:104A700000F4FE0040B9D4F89C0040F02000C4F8D7
:104A80009C000120BDE8F0832068D0F8A40000F06D
:104A90007F0038B9D4F89C0040F48070C4F89C00C2
:104AA0000120EFE72068D0F8A400C0F3006040B117
:104AB0002068D0F8A0004FF00109B9EBD07F00D1F9
:104AC00001232068D0F8A400C0F305200344606CE3
:104AD0005843D4F8749009EB80014BE0412D38D154
:104AE0002068D0F8B00000F4FE0038B9D4F89C007B
:104AF00040F02000C4F89C000120C3E72068D0F8F3
:104B0000B40000F07F0038B9D4F89C0040F4807005
:104B1000C4F89C000120B5E72068D0F8B400C0F3C9
:104B2000006040B12068D0F8B0004FF00109B9EB47
:104B3000D07F00D101232068D0F8B400C0F3052055
:104B40000344E06C5843D4F8789009EB800111E0FD
:104B50006DE0206DA84207D8D4F89C0040F02000FA
:104B6000C4F89C0001208DE7606D6843D4F87C9008
:104B700009EB8001086800F080405060506820B95F
:104B80000868C0F38A40106003E0086820F06040C5
:104B90001060086800F000509060086800F0004065
:104BA0001061091D088880B2D0610868C0F3034015
:104BB000D060086800F480105061086800F40010AC
:104BC00090610868C0F3066010620868C00F506208
:104BD000091D0F46002603E0B85D0CF80600761CA0
:104BE000DFF85C90D06819F80000B042F4D8402D8E
:104BF00003D12068C0F8A83017E0412D03D1206808
:104C0000C0F8B83011E0202D06D20120A840D4F819
:104C10000090C9F8980008E005F01F09012000FA8B
:104C200009F0D4F80090C9F89C0000202AE7D4F8D5
:104C30009C0040F00800C4F89C00012022E700001E
:104C4000B0E90108704700002DE9F04F8DB004462F
:104C5000EF4800688707EE48001D006807EA807784
:104C60002068006D00F470482068406D00EA080874
:104C70002068006D00F00F092068406D00EA090906
:104C80002068006D00F0F00A2068406D00EA0A0A12
:104C90002068006D00F0715B2068406D00EA0B0B2E
:104CA0002068006D00F060700C902068406D0C99D9
:104CB00008400C902068456D2068066DC5F3002003
:104CC00070B1C6F3002058B100BF4FF48070216866
:104CD00008650020CE49086000BF2046FFF7B2FFFC
:104CE000C5F38020C8B1C6F38020B0B12068D0F8E9
:104CF000DC000A902068D0F8E4000A9908400A9085
:104D000000BF4FF48060216808650020C04908603A
:104D100000BF20460A9900F090FE67B100BFBD4871
:104D2000384021680865B80FB949086000BF3946A6
:104D30002046FFF7E5FDB8F1000F0ED000BFB548E3
:104D400008EA0000216808654FEA9870B0490860D9
:104D500000BF4146204600F072FEB9F1000F0ED0B0
:104D600000BFAC4809EA0000216808654FEA997065
:104D7000A749086000BF4946204600F0EFFBBAF1A2
:104D8000000F0ED000BFA3480AEA000021680865A2
:104D90004FEA9A709E49086000BF5146204600F0D5
:104DA0002BFEC5F3C02070B1C6F3C02058B100BFC0
:104DB0004FF400602168086500209549086000BF35
:104DC000204600F03DFEC5F34020C8B1C6F34020A8
:104DD000B0B12068D0F8D8000B902068D0F8E0007F
:104DE0000B9908400B9000BF4FF4007021680865D4
:104DF00000208749086000BF20460B9900F01EFE86
:104E0000C5F3C04070B1C6F3C04058B100BF4FF405
:104E100000202168086500207D49086000BF204609
:104E200000F09AFBC5F3004070B1C6F3004058B1E2
:104E300000BF4FF480302168086500207449086085
:104E400000BF204600F0F8FDC5F3804070B1C6F306
:104E5000804058B100BF4FF48020216808650020D1
:104E60006B49086000BF204600F0E5FDC5F34040F7
:104E700088B1C6F3404070B100BF4FF400302168E4
:104E8000086500206249086000BFD4F89C0040F02B
:104E90008000C4F89C000C9870B100BF5D490C986C
:104EA0000840216808650C98800F5949086000BFC8
:104EB00020460C99FFF7CAFDBBF1000F10D000BFD0
:104EC00054480BEA0000216808654FEA9B7050497E
:104ED000086000BFD4F89C0040EA0B00C4F89C00B6
:104EE0004D49206888427DD16068806800F00300E9
:104EF000002877D06068006A00F00F0009906068B1
:104F0000406A0999084009906068006A00F0300022
:104F100008906068406A0899084008906068006AD4
:104F200000F4C07007906068406A079908400790D5
:104F30006068006A00F4FC4006906068406A069968
:104F4000084006906068006A00F4F02005906068F0
:104F5000406A0599084005906068406A0290606860
:104F6000006A0190099830B109986168086220468A
:104F7000099900F05DFD089830B1089861680862F1
:104F80002046089900F056FD0298C0F38010A0B1A9
:104F90000198C0F3801080B16068C06B000C049071
:104FA0006068C06B00F03F000390402061680862B9
:104FB0002046DDE9032100F03CFD079830B1079859
:104FC000616808622046079900F031FD069840B1FB
:104FD000069861680862D4F89C0006990843C4F8F2
:104FE0009C0000E00AE0059840B1059861680862FD
:104FF000D4F89C0005990843C4F89C00D4F89C00A0
:1050000010B12046FFF721FD0DB0BDE8F08F000084
:1050100010A80040FFFFCF3F00A0004070B594B043
:1050200004464C22B34901A8FCF7B8F814B9012092
:1050300014B070BDB0492068884203D1206800F5E3
:1050400080706060A068B0F5407F00D100BF206C28
:1050500000B100BFA06C00B100BF206D00B100BF67
:10506000206E00B100BFD4E91710084400B100BFA2
:1050700094F8980028B9002084F89900204600F0A0
:105080003DF92068806920F010002168886100F0F7
:10509000D7FD05460EE000F0D3FD401B0A2809D9D4
:1050A0009834606840F001006060032004F89809BB
:1050B0000120BDE72068806900F008000828EAD0D8
:1050C0002068806940F001002168886100F0B8FD27
:1050D00005460EE000F0B4FD401B0A2809D99834BB
:1050E000606840F001006060032004F89809012026
:1050F0009EE72068806900F001000028EAD020685F
:10510000806940F0020021688861207C012806D176
:105110002068806920F040002168886105E02068EF
:10512000806940F0400021688861607C012806D1D8
:105130002068806940F480402168886105E020682B
:10514000806920F4804021688861A07C012806D114
:105150002068806920F480502168886105E020681B
:10516000806940F48050216888612068806920F45B
:105170004070A1680843216888612068806920F038
:10518000A400216888612068006920F0100021686F
:105190000861E068012806D12068806940F00400B9
:1051A0002168886120E0E068F0B1E068022815D04D
:1051B0002068806940F0800021688861206800696B
:1051C00040F0100021680861E06803280CD12068D5
:1051D000806940F020002168886105E020688069CE
:1051E00040F0200021688861207E401E4106E06971
:1051F000401E41EA0020216A491E0843A18A491E37
:1052000040EA01402168C861A068B0F5407F0FD135
:10521000A06A401EE16A491E40EA0121206B401E3F
:1052200041EA0011A08C401E41EA00402168C8609C
:10523000206E38B12068D0F8C000616E0843216844
:10524000C1F8C000D4E91710084460B12068D0F854
:10525000C80020F0070001AAA16E52F821100843EF
:105260002168C1F8C800206C60B12068D0F8BC008B
:1052700020F0070001AA616C52F821100843216850
:10528000C1F8BC00A06C68B12068D0F8BC0020F068
:10529000700101AAE06C52F8200041EA0010216878
:1052A000C1F8BC00206D68B12068D0F8BC0020F4C3
:1052B000E06101AA606D52F8200041EA00202168F7
:1052C000C1F8BC000C492068884205D1606880683C
:1052D00020F0030061688860002044F8940FA0600B
:1052E00001202071943C2046FDF77CFA06463046AA
:1052F0009EE60000C0E9010800A0004010B5B6B06D
:105300000446142130A8FBF7A5FFB82102A8FBF73B
:10531000A1FF8A492068884259D14FF400410020FA
:10532000CDE9021048031D9002A801F021FF08B149
:10533000FDF706FA82480068401C8149086008466B
:10534000006801280DD100BF7E48006840F48070DD
:105350007C4908600846006800F48070019000BF36
:1053600000BF00BF77480C38006840F0080075495E
:105370000C3908600846006800F00800019000BF82
:1053800000BF0320309002203190002032903390F3
:105390000920349030A96C4800F054FB002205210C
:1053A000132000F005FD132000F0EEFC0022052183
:1053B000152000F0FDFC152000F0E6FC0022052180
:1053C0003F2000F0F5FC3F2000F0DEFCB3E05F4939
:1053D0002068884259D14FF400410020CDE90210E5
:1053E00048031D9002A801F0C3FE08B1FDF7A8F91B
:1053F00053480068401C524908600846006801286C
:105400000DD100BF4F48006840F480704D490860DE
:105410000846006800F48070019000BF00BF00BF24
:1054200048480C38006840F0020046490C390860D2
:105430000846006800F00200019000BF00BF602035
:105440003090022031900020329033900920349027
:1054500030A93F4800F0F6FA00220521142000F0A0
:10546000A7FC142000F090FC00220521162000F07B
:105470009FFC162000F088FC002205213F2000F050
:1054800097FC3F2000F080FC55E0324920688842BC
:1054900051D14FF400410020CDE9021048031D9086
:1054A00002A801F065FE08B1FDF74AF9244800683A
:1054B000401C234908600846006801280DD100BF40
:1054C0002048006840F480701E4908600846006863
:1054D00000F48070019000BF00BF00BF19480C3875
:1054E000006840F0080017490C3908600846006859
:1054F00000F00800019000BF00BF4FF44050309012
:10550000022031900020329033900520349030A951
:105510000D4800F097FA002205219F2000F048FC7A
:105520009F2000F031FC00220521A02000F040FC6B
:10553000A02000F029FC36B010BD000000A0004003
:1055400020000024EC440258000C025800A4004043
:105550000004025800D400407047000030B591B0FC
:1055600004460D46182101A8FBF774FE01AB07AAFB
:1055700040212046FFF76CFAF94884427ED1079813
:10558000A0F2012009287AD2DFE800F0052B517A39
:10559000C9C9C9C9A300F348008800B2F14908810C
:1055A0009DF805009DF8041040EA0120ED490880AF
:1055B0009DF807009DF8061040EA012000B2E94975
:1055C00048809DF809009DF8081040EA012000B2CB
:1055D000E44988809DF80A008871012013F0ECF8F6
:1055E0009EE0E048808A01B2DE4881839DF8050094
:1055F0009DF8041040EA0120DA4988829DF80700EE
:105600009DF8061040EA012001B2D648C1829DF8FB
:1056100009009DF8081040EA012001B2D148018339
:105620009DF80A108176022013F0C6F878E0CD4884
:10563000008D01B2CB4801869DF805009DF804104D
:1056400040EA0120C74908859DF807009DF806102B
:1056500040EA012001B2C34841859DF809009DF848
:10566000081040EA012001B2BE4881859DF80A1069
:1056700080F82E10032013F09FF851E051E04EE027
:10568000B848808F01B2B748A0F844109DF80500D3
:105690009DF8041040EA0120B24988879DF8070070
:1056A0009DF8061040EA012001B2AE48C1879DF87E
:1056B00009009DF8081040EA012001B2A948A0F8AD
:1056C00040109DF80A1080F84210042013F074F87E
:1056D00026E0A548008800B2A34908819DF805008E
:1056E0009DF8041040EA01209F4908809DF80700BA
:1056F0009DF8061040EA012000B29B4948809DF8C1
:1057000009009DF8081040EA012000B296498880FF
:105710009DF80A008871092013F04EF800E000BFE0
:1057200064E1924884427CD10798A0F2022030B113
:1057300001282AD0032877D0082874D14BE08C4860
:10574000008800B28A4908819DF805009DF8041080
:1057500040EA0120864908809DF807009DF8061060
:1057600040EA012000B2824948809DF809009DF876
:10577000081040EA012000B27D4988809DF80A00A7
:1057800088710C2013F018F8C6E07948808A01B2BD
:10579000774881839DF805009DF8041040EA0120B8
:1057A000734988829DF807009DF8061040EA0120A1
:1057B00001B26F48C1829DF809009DF8081040EAC7
:1057C000012001B26A4801839DF80A1081760D20FC
:1057D00012F0F2FFA0E06448808A01B2624881833F
:1057E0009DF805009DF8041040EA01205E4988827A
:1057F0009DF807009DF8061040EA012001B25A48C2
:10580000C1829DF809009DF8081040EA012001B20C
:10581000554801839DF80A1081760A2012F0CCFFCA
:105820007AE07AE000E076E05248008800B2514920
:1058300008819DF805009DF8041040EA01204D49BB
:1058400008809DF807009DF8061040EA012000B28C
:10585000484948809DF809009DF8081040EA012059
:1058600000B2444988809DF80A0088710846FCF718
:105870004BFA0B2012F0A0FF3F4890ED000A80ED9C
:10588000010A3C48008800EE100AB8EE400B9FED7C
:105890003B1B20EE010BB7EEC00B374880ED000A32
:1058A00090ED000AD0ED010A30EE600ADFED350A16
:1058B000B4EEE00AF1EE10FA06DD33480088401E2F
:1058C00000B23149088013E02B4890ED000AD0ED7A
:1058D000010A30EE600ADFED2D0AB4EEE00AF1EEC7
:1058E00010FA05D228480088401C00B226490880DA
:1058F000254800884FF4B47110FB01F000EE100A47
:10590000B8EEC00A1C48D0ED000A30EE200A20484C
:1059100080ED000A00E000BF68E01E48844265D1C7
:105920000A98D8B30798B0F5007F39D008DCFF2873
:1059300053D0B0F5807F0AD0A0F2011078BB50E0C0
:10594000B0F5407F35D0B0F5806F4ED13BE00122FD
:1059500001A9114813F0DEFE052012F02DFF44E0EE
:10596000704A0024D010012420110124D0490024C1
:105970005C11012448110124F8060024BA490C02E4
:105980002B87A63F0000344320070024000034C3C7
:1059900024070024104B0024E412012426E024E014
:1059A000022201A9124813F0B5FE062012F004FFEE
:1059B0001BE0032201A90E48103013F0ABFE0720B4
:1059C00012F0FAFE11E0042201A90948203013F078
:1059D000A1FE082012F0F0FE07E001A815F032FB4E
:1059E00003E001A9034815F0A5F900BF11B030BDCF
:1059F000F4120124180700247047014691F898001A
:105A000001280CD1022081F898000868806920F0F4
:105A100001000A6890610020C1F89C007047D1F82D
:105A20009C0040F00400C1F89C000120F6E770479C
:105A300070477047704770477047704770477047AE
:105A400070470000F8B502460B4600216D4DD2E0CC
:105A500001278F401E6806EA0704002C72D01E79C9
:105A600006F00306012E04D01E7906F00306022E6E
:105A700013D190684F000326BE40B0434F00DE684C
:105A8000BE4030439060506801268E40B0431E797E
:105A9000C6F300168E40304350601E7906F00306B0
:105AA000032E09D0D0684F000326BE40B0434F00FC
:105AB0009E68BE403043D0601E7906F00306022E79
:105AC00013D1CF0802F1200656F827004E07F70E33
:105AD0000F26BE40B0434F07FF0E1E69BE40304345
:105AE000CF0802F1200646F8270010684F00032671
:105AF000BE40B0431E7906F003064F00BE4030435F
:105B000010605E6806F44036002E73D000BF3E4E33
:105B1000366846F002063C4F3E603E46366806F068
:105B20000206009600BF00BF384E8F0856F82700C7
:105B30008E07370F0F26BE40B043354EB24202D11A
:105B4000002629E056E0334EB24201D1012623E07F
:105B5000314EB24201D102261EE0304EB24201D196
:105B6000032619E02E4EB24201D1042614E02D4E38
:105B7000B24201D105260FE02B4EB24201D10626DA
:105B80000AE02A4EB24201D1072605E0284EB24271
:105B900001D1092600E00A268F073F0FBE4030439F
:105BA0001A4E8F0846F827004FF0B0463068A043E1
:105BB0005E6806F4801606B120434FF0B0463060B0
:105BC0007068A0435E6806F4001606B120434FF0EB
:105BD000B04670606868A0435E6806F4003606B19F
:105BE000204368602868A0435E6806F4803606B1EA
:105BF00020432860491C1E68CE40002E7FF428AF49
:105C0000F8BD000080000058F44402580804005811
:105C1000000002580004025800080258000C025804
:105C2000001002580014025800180258001C0258B4
:105C3000002402580AB1816101E00B0483617047BE
:105C4000014800687047000098000024034800687D
:105C50000349097808440149086070479800002406
:105C6000A000002410B5032000F0E0F802F0F4FAE0
:105C700010490968C1F303210F4A515C01F01F016B
:105C800020FA01F40B48006800F00F001146085C90
:105C900000F01F0024FA00F008490860084804607A
:105CA0000F2000F00FF808B1012010BD00F054F8EB
:105CB0000020FAE71844025834EA0108A80000243A
:105CC000A400002470B58AB00446102C0AD2002229
:105CD0002146A12000F06CF8A12000F055F81948E9
:105CE000046002E001200AB070BD00BF16480068E1
:105CF00040F08070144908600846006800F0807029
:105D0000009000BF00BF01A902A802F025FA02F02E
:105D100091FA45000D48B5FBF0F0461E0C480D49C0
:105D2000086040F2E7310B48C16046600021016124
:105D3000816003F081FE18B9064803F0B5FED2E792
:105D40000120D0E79C000024EC44025840420F00A0
:105D500000E000406455002408B500BF0948006811
:105D600040F00200074908600846006800F00200A1
:105D7000009000BF00BF00220F21901E00F018F815
:105D800008BD0000F44402580146084600280DDB17
:105D900000BF00BF00F01F0301229A4043099B008F
:105DA00003F1E023C3F8002100BF00BF00BF70472C
:105DB0002DE9F05F80460D4616460DF091F9074635
:105DC00039462A46334601F00700C0F1070ABAF106
:105DD000040F02D94FF0040A01E0C0F1070AD146CE
:105DE00000F1040ABAF1070F02D24FF0000A01E0F5
:105DF000A0F1030AD4464FF0010A0AFA09FAAAF1FF
:105E0000010A0AEA020A0AFA0CFA4FF0010B0BFA2D
:105E10000CFBABF1010B0BEA030B4AEA0B04214626
:105E200040460DF065F9BDE8F09F000000BF00F0AE
:105E30000702064B19684FF6FF031940044B0B434A
:105E400043EA0221014B196000BF70470CED00E0EE
:105E50000000FA0501460A680120C1F8D8040020B4
:105E600081F8CC04906940F000609061506D024B65
:105E70001843506500207047030000107047024629
:105E80001068416200207047F0B503461546186857
:105E9000446A21B944EA05401E68B06219E01868F6
:105EA000806A04EB1044002208E0186800F5827054
:105EB00050F8220004EB1044501CC2B2481E90421D
:105EC000F3D844EA0547186800F582704E1E40F882
:105ED00026700020F0BD10B50446D4F8E0040BF0A5
:105EE000E3FB10BD70B504460D4605EBC50304F198
:105EF000140101EB8301CA682946D4F8E0040BF0D1
:105F0000CEFA70BD70B504460D4605EBC50304F529
:105F1000157101EB8301CA682946D4F8E0040BF03F
:105F200042FB70BD10B50446D4F8E0040BF0BFFB93
:105F300010BD2DE9F04104460D4605F08000802893
:105F400008D105F00F0000EBC00104F1140000EBD4
:105F5000810607E005F00F0000EBC00104F51570A5
:105F600000EB8106314620680CF0F6FD0746384606
:105F7000BDE8F08170B504460E4606F0800080282A
:105F80000AD106F00F0000EBC00104F1140000EB91
:105F900081050120687009E006F00F0000EBC001E8
:105FA00004F5157000EB81050020687006F00F0005
:105FB000287000BF94F89404012801D1022070BD1C
:105FC000012084F8940400BF294620680CF056F99B
:105FD00000BF002084F8940400BF00BFEFE770B555
:105FE00004460E4606F00F002179884201D90120AF
:105FF00070BD06F0800080280AD106F00F0000EB8B
:10600000C00104F1140000EB81050120687009E073
:1060100006F00F0000EBC00104F5157000EB8105E0
:10602000002068700020A87006F00F00287000BFE4
:1060300094F89404012801D10220D9E7012084F8C2
:10604000940400BF294620680CF012FB00BF00201A
:1060500084F8940400BF00BFCAE7024601F00F00B5
:1060600000EBC00302F5157000EB83004069704738
:106070002DE9F04705460E4690461F464FF00009B1
:1060800006F0800080280AD106F00F0000EBC00166
:1060900005F1140000EB81040120607009E006F0B6
:1060A0000F0000EBC00105F5157000EB8104002026
:1060B000607006F00F002070C8F30A00A06027711E
:1060C000607808B120786083022F01D100206071D0
:1060D00000BF95F89404012802D10220BDE8F087A2
:1060E000012085F8940400BF214628680BF0D0FFFA
:1060F00000BF002085F8940400BF4846EEE72DE974
:10610000F04105460E461746984606F00F0000EB94
:10611000C00105F5157000EB8104E760C4F810803C
:1061200000206061607006F00F002070A8790128DF
:1061300000D1E761AA79214628680CF02DFB0020E8
:10614000BDE8F08170B504460D4605F00F002179D9
:10615000884201D9012070BD05F0800080280AD155
:1061600005F00F0000EBC00104F1140000EB810604
:106170000120707007E005EBC50104F5157000EB18
:106180008106002070700120B07005F00F003070A3
:1061900000BF94F89404012801D10220DBE701201C
:1061A00084F8940400BF314620680CF0A8FA05F08A
:1061B0000F0028B9A17904F29C4220680CF020FA63
:1061C00000BF002084F8940400BF00BFC3E72DE99E
:1061D000F04105460E461746984606F00F0000EBC4
:1061E000C00105F1140000EB8104E760C4F81080E1
:1061F000002060610120607006F00F002070A87917
:10620000012800D1E761AA79214628680CF0C4FA78
:106210000020BDE8F0812DE9FE4F0446D4F800B01F
:106220005E4620680CF07AFD002874D120680CF0DE
:10623000B4FD08B9BDE8FE8F40F608008059C0F3F0
:106240000D20C4F8D40420680CF0A7FD00F0020073
:10625000022805D12068406900F0020021684861E9
:1062600020680CF09AFD00F01000102845D120683D
:10627000806920F0100021688861DBF8209009F027
:106280000F0000EBC00104F5157000EB810AC9F3A3
:10629000434002281AD147F6F07009EA000030B3F3
:1062A000C9F30A125846DAF80C100CF07BFDC9F35A
:1062B0000A11DAF80C000844CAF80C00C9F30A11F4
:1062C000DAF814000844CAF8140010E0C9F3434097
:1062D00006280CD1082204F29C4158460CF062FDBD
:1062E000C9F30A11DAF814000844CAF81400206847
:1062F000806940F010002168886120680CF04DFD35
:1063000000F40020B0F5002F7BD1002520680CF0B0
:1063100014FD029072E003E3029800F001000028EF
:1063200068D0E9B220680CF02BFD804608F001002F
:1063300048B1012106F5306000EB45108160294627
:10634000204608F0B5F808F00800082809D108210F
:1063500006F5306000EB451081602946204608F0C4
:1063600075F808F01000102805D1102106F53060EE
:1063700000EB4510816008F00200022824D1DBF810
:10638000140000F08000802807D140F604008059F6
:1063900040F4806140F60400815105EBC50104F52D
:1063A000157000EB810A9AF80300012806D100203D
:1063B0008AF80300E9B2204600F0BDFA022106F592
:1063C000306000EB4510816008F02000202805D1E6
:1063D000202106F5306000EB4510816008F4005084
:1063E000B0F5005F06D14FF4005106F5306000EBC8
:1063F000451081606D1C02984008029002980028A8
:106400008AD120680CF0C9FC00F48020B0F5802F00
:106410007DD120680CF087FC029000259AE002985C
:1064200000F00100002873D0E9B220680CF08FFC66
:10643000804608F00100F0B305F00F01012088400C
:10644000019040F634008159019821EA000040F69D
:1064500034018851012106F5106000EB4510816080
:10646000A079012824D105EBC50104F1140000EB4B
:10647000810005EBC502C16804F1140000EB820045
:106480008068014405EBC50204F1140000EB8200B2
:10649000C1606DB905EBC50104F1140000EB81008A
:1064A000006928B904F29C42012120680CF0A8F888
:1064B000E9B2204600E001E0FFF714FD08F0080013
:1064C000082805D1082106F5106000EB4510816011
:1064D00008F01000102805D1102106F5106000EB1F
:1064E0004510816008F04000402805D1402106F5A4
:1064F000106000EB4510816008F0020002281DD1F9
:10650000294658460CF0CDFB05EBC50101E025E01E
:106510001CE004F1140000EB810A9AF80300012842
:1065200006D100208AF80300E9B2204600F0FAF90B
:10653000022106F5106000EB4510816008F0800034
:10654000802803D12946204608F054F86D1C029893
:1065500040080290029800287FF461AF20680CF098
:106560001CFC00F00040B0F1004F1CD140F60400CC
:10657000805920F0010140F60400815194F8CC04C8
:10658000012807D1002084F8CC0400212046FFF721
:1065900075FC02E0204600F0FDFA2068406900F03A
:1065A00000402168486120680CF0F7FB00F40060AF
:1065B000B0F5006F0ED140F60800805900F00100E0
:1065C00010B1204600F03EFB2068406900F40060F6
:1065D0002168486120680CF0E0FB00F00060B0F139
:1065E000006F19D12068406900F00060216848619F
:1065F00094F8CC0468B9012084F8CC042068406D7C
:10660000C0F38300C4F8D00401212046FFF736FC14
:1066100002E0204600F016FB20680CF0BEFB00F400
:106620008050B0F5805F7ED140F60400805920F0A4
:10663000010140F604008151102120680CF031FB6B
:10664000002732E04FF67F3106F5106000EB47106F
:10665000816006F5106000EB4710006820F400111F
:1066600006F5106000EB471001604FF67F3106F52C
:10667000306000EB4710816006F5306000EB47109A
:10668000006820F4001106F5306000EB471001604F
:1066900006F5306000EB4710006840F0006106F539
:1066A000306000EB471001607F1C2079B842C9D8E8
:1066B00040F61C00805940F0011140F61C00815149
:1066C000E07B70B1D6F8840840F00B01C6F884185E
:1066D00040F64400805940F00B0140F644008151DF
:1066E0000FE040F61400805942F22B01084340F6B7
:1066F00014018851081F805940F00B014FF40160CC
:106700008151D6F8000820F4FE60C6F80008A1798F
:1067100004F29C4220680BF073FF2068406900F48B
:106720008050216800E000E0486120680CF035FBF3
:1067300000F40050B0F5005F17D120680BF010FD99
:1067400020680CF0D8FAE07101F03CFD0090E2798D
:10675000206800990CF0A8FB204600F003FA20689E
:10676000406900F400502168486120680CF015FB76
:1067700000F00800082808D1204600F012FA20682E
:10678000406900F008002168486120680CF005FBB2
:1067900000F08000802818D1DBF8180020F080007D
:1067A000CBF8180001250DE005EBC50104F51570C7
:1067B00000EB8100C078012803D1E9B22046FFF741
:1067C000B8FB6D1C2079A842EED820680CF0E5FAE1
:1067D00000F48010B0F5801F2DD1012522E006F5D0
:1067E000106000EB4510D0F8009005EBC50104F1F6
:1067F000140000EB81000079012812D109F000405B
:10680000B0F1004F0DD1012105EBC50204F11400D8
:1068100000EB8200C170E8B240F080012046FFF733
:1068200088FB6D1C2079A842D9D82068406900F403
:1068300080102168486120680CF0AFFA00F4001065
:10684000B0F5001F44D1012538E006F5306000EBBB
:106850004510D0F8009005EBC50104F5157000EB6C
:1068600081000079012828D109F00040B0F1004FE3
:1068700023D194F8D40400F00100C9F30041884208
:106880001BD1012105EBC50204F5157000EB820058
:10689000C170DBF8180040F08000CBF81800DBF87E
:1068A000140000F0800040B940F60400805940F424
:1068B000007140F60400815103E06D1C2079A8426C
:1068C000C3D800BF2068406900F400102168486107
:1068D00020680CF062FA00F08040B0F1804F08D1DF
:1068E0002046FFF7F8FA2068406900F080402168F0
:1068F000486120680CF051FA00F0040004280FD120
:106900002068D0F8049009F00400042802D1204641
:10691000FFF708FB2068406840EA090021684860EA
:1069200000BF87E470B504460D462946D4F8E0045C
:106930000AF02EFF70BD70B504460D462946D4F806
:10694000E0040AF049FF70BD38B504460CB90120D7
:1069500038BD94F8950428B9002084F894042046A2
:1069600000F0A2F8032084F8950420680BF040FEA4
:10697000207C8DF8000094E80F000BF005FC20B19E
:10698000022084F895040120E2E7002120680CF041
:1069900039FA20B1022084F895040120D8E70025B7
:1069A00031E0012105EBC50204F1140000EB820087
:1069B000417005EBC50104F1140000F8215005EB0E
:1069C000C50100EB81004583002105EBC50204F100
:1069D000140000EB8200017105EBC50204F1140004
:1069E00000EB8200816005EBC50204F1140000EBAE
:1069F0008200C16005EBC50204F1140000EB8200C7
:106A00000161681CC5B22079A842CADC00252AE0D1
:106A1000002105EBC50204F5157000EB8200417002
:106A200005EBC50104F5157000F82150002105EBB8
:106A3000C50200EB8200017105EBC50204F515707B
:106A400000EB8200816005EBC50204F5157000EBD8
:106A50008200C16005EBC50204F5157000EB8200F1
:106A60000161681CC5B22079A842D1DC207C8DF878
:106A7000000094E80F000BF0CBFC20B1022084F85A
:106A80009504012064E700206074012084F89504D7
:106A9000207B012802D12046FFF7DCF920680BF0AB
:106AA000A5FC002054E7000010B5B4B00446B8219E
:106AB00006A8FAF7CFFB2849206888424AD100BFD0
:106AC0002648006840F00100244908600846006834
:106AD00000F00100009000BF00BF142101A8FAF7E8
:106AE000B9FB4FF4805001900120029002200390E6
:106AF0000020049001A91A48FEF7A4FF0520FDF725
:106B00004FFE4FF480210020CDE906104FF44010D5
:106B1000279006A800F02CFB08B1FBF711FE00F04F
:106B2000DBF800BF0D480838006840F000700B49E2
:106B3000083908600846006800F00070009000BF47
:106B400000BF002205214D20FFF732F94D20FFF74D
:106B50001BF900BF34B010BD00000440E0440258EF
:106B60000000025870B504460125E07908B90025F7
:106B700006E0E079022801D1012501E0FBF7E0FD04
:106B80002946D4F8E0040AF0D0FED4F8E0040AF074
:106B900077FE70BD10B50446D4F8E0040AF0A6FEF6
:106BA00010BD10B50446D4F8E0040AF0AAFE10BDEA
:106BB00070B504460D4600BF94F89404012801D135
:106BC000022070BD012084F8940400BF657429463A
:106BD00020680CF04BF900BF002084F8940400BF3B
:106BE00000BFEEE710B5044604F29C41D4F8E0047F
:106BF0000AF0B2FE10BD70B50446256800BF94F8D7
:106C00009404012801D1022070BD012084F894046D
:106C100000BFE86800F0400030B1607B012803D17C
:106C2000A86B40F48030A86320680CF00BF8206853
:106C30000BF0CAFB00BF002084F8940400BF00BF23
:106C4000E2E7000010B50446D4F8E0040AF0E1FEE3
:106C50002068D0F8000E40F001002168C1F8000E55
:106C6000E07A28B10348006840F006000149086056
:106C700010BD000010ED00E070B504461548006836
:106C8000C0F3800048B91348006800F00700A04234
:106C900001D0012070BD0020FCE70E48006820F004
:106CA000070020430B490860FEF7CAFF054607E0CE
:106CB000FEF7C6FF401BB0F57A7F01D90120E9E756
:106CC000044808380068C0F340300028F0D00020A5
:106CD000E0E700000C4802580348006840F080706C
:106CE00001490860704700000C48025810B501F0D7
:106CF00069FA05490968C1F30211044A515C01F0BF
:106D00001F01C84010BD00002044025834EA0108A9
:106D100070B50146844D2D6805F00303824D2D6842
:106D2000C5F30530804D2D1D2D68C5F300147E4D33
:106D300014352D68C5F3CC0515FB04F501EE105A8A
:106D4000B8EE411AF0EE410A00286FD023B1012BB2
:106D50004ED0022B6BD16BE0734D283D2D68C5F3EF
:106D600040153DB3704D283D2D68C5F3C1066F4DEC
:106D700025FA06F201EE102AF8EE411A01EE100A89
:106D8000B8EE411A81EE812A9FED691AC0EE811A90
:106D9000654D10352D68C5F3080501EE105AB8EEA3
:106DA000411A31EE811AF7EE001A31EE211A22EE65
:106DB000010A1CE001EE100AB8EE411ADFED5D1A7F
:106DC00081EE812A9FED5A1AC0EE811A564D103578
:106DD0002D68C5F3080501EE105AB8EE411A31EEE0
:106DE000811AF7EE001A31EE211A22EE010A5BE059
:106DF00001EE100AB8EE411ADFED4F1A81EE812A3A
:106E00009FED4B1AC0EE811A474D10352D68C5F322
:106E1000080501EE105AB8EE411A31EE811AF7EE6C
:106E2000001A31EE211A22EE010A3DE077E01DE062
:106E300001EE100AB8EE411A9FED402AC2EE011A87
:106E40009FED3B1A80EE812A374D10352D68C5F332
:106E5000080501EE105AB8EE411A32EE011AB7EEEB
:106E6000002A31EE021A21EE810A1DE001EE100A1D
:106E7000B8EE411ADFED301A81EE812A9FED2C1A0F
:106E8000C0EE811A284D10352D68C5F3080501EEB6
:106E9000105AB8EE411A31EE811AF7EE001A31EEAF
:106EA000211A22EE010A00BF00BF1F4D10352D68C8
:106EB000C5F3462501EE105AB8EE411AF7EE001A56
:106EC00031EE211AC0EE011ABCEEE11A81ED001A72
:106ED000154D10352D68C5F3064501EE105AB8EE74
:106EE000411AF7EE001A31EE211AC0EE011ABCEE7B
:106EF000E11A81ED011A0C4D10352D68C5F30665B8
:106F000001EE105AB8EE411AF7EE001A31EE211ACE
:106F1000C0EE011ABCEEE11A81ED021A03E0002571
:106F20000D604D608D6070BD284402580090D00304
:106F3000000000460024744C0024744A001BB74B28
:106F400070B50146844D2D6805F00303824D2D6810
:106F5000C5F30550804D2D1D2D68C5F300247E4DD1
:106F60001C352D68C5F3CC0515FB04F501EE105A50
:106F7000B8EE411AF0EE410A00286FD023B1012B80
:106F80004ED0022B6BD16BE0734D283D2D68C5F3BD
:106F900040153DB3704D283D2D68C5F3C1066F4DBA
:106FA00025FA06F201EE102AF8EE411A01EE100A57
:106FB000B8EE411A81EE812A9FED691AC0EE811A5E
:106FC000654D18352D68C5F3080501EE105AB8EE69
:106FD000411A31EE811AF7EE001A31EE211A22EE33
:106FE000010A1CE001EE100AB8EE411ADFED5D1A4D
:106FF00081EE812A9FED5A1AC0EE811A564D18353E
:107000002D68C5F3080501EE105AB8EE411A31EEAD
:10701000811AF7EE001A31EE211A22EE010A5BE026
:1070200001EE100AB8EE411ADFED4F1A81EE812A07
:107030009FED4B1AC0EE811A474D18352D68C5F3E8
:10704000080501EE105AB8EE411A31EE811AF7EE3A
:10705000001A31EE211A22EE010A3DE077E01DE030
:1070600001EE100AB8EE411A9FED402AC2EE011A55
:107070009FED3B1A80EE812A374D18352D68C5F3F8
:10708000080501EE105AB8EE411A32EE011AB7EEB9
:10709000002A31EE021A21EE810A1DE001EE100AEB
:1070A000B8EE411ADFED301A81EE812A9FED2C1ADD
:1070B000C0EE811A284D18352D68C5F3080501EE7C
:1070C000105AB8EE411A31EE811AF7EE001A31EE7D
:1070D000211A22EE010A00BF00BF1F4D18352D688E
:1070E000C5F3462501EE105AB8EE411AF7EE001A24
:1070F00031EE211AC0EE011ABCEEE11A81ED001A40
:10710000154D18352D68C5F3064501EE105AB8EE39
:10711000411AF7EE001A31EE211AC0EE011ABCEE48
:10712000E11A81ED011A0C4D18352D68C5F306657D
:1071300001EE105AB8EE411AF7EE001A31EE211A9C
:10714000C0EE011ABCEEE11A81ED021A03E000253F
:107150000D604D608D6070BD284402580090D003D2
:10716000000000460024744C0024744A001BB74BF6
:107170002DE9F04104460025A8464FF00062D4E90D
:10718000001011400020134659404040014331D1C6
:10719000606E48B1B0F5801F0DD0B0F5001F11D062
:1071A000B0F5401F16D114E0FE48006840F40030EE
:1071B000FC49086010E0022104F1080007F058FEC5
:1071C000054609E0022104F1280007F003FF054607
:1071D00002E001E0012500BF00BF55B9F1482430AD
:1071E000006820F44010616E0843EE4924310860C5
:1071F00000E0A8464FF48072D4E90010114000204E
:1072000013465940404001432ED1A06D05281BD2A2
:10721000DFE800F0030A11181900E248006840F4A2
:107220000030E049086011E0002104F1080007F097
:107230001FFE05460AE0002104F1280007F0CAFEFF
:10724000054603E002E001E0012500BF00BF55B99B
:10725000D4482430006820F00700A16D0843D149CC
:107260002431086000E0A8464FF48062D4E90010A1
:107270001140002013465940404001433DD1D4F80D
:10728000A400B0F5C00F24D007DC68B1B0F5001F32
:1072900011D0B0F5800F1FD114E0B0F5000F19D058
:1072A000B0F5200F18D116E0BE48006840F4003059
:1072B000BC49086012E0002104F1080007F0D8FD85
:1072C00005460BE0002104F1280007F083FE054687
:1072D00004E003E002E001E0012500BF00BF5DB96A
:1072E000B0482C30006820F46000D4F8A4100843A3
:1072F000AC492C31086000E0A8464FF40062D4E9A4
:1073000000011040002113465840494008433DD138
:10731000D4F8A800B0F1407F24D007DC68B1B0F108
:10732000807F11D0B0F1007F1FD114E0B0F1806FE9
:1073300019D0B0F1A06F18D116E09A48006840F457
:1073400000309849086012E0002104F1080007F0BD
:107350008FFD05460BE0002104F1280007F03AFEFE
:10736000054604E003E002E001E0012500BF00BFA4
:107370005DB98C482C30006820F0E060D4F8A8108B
:10738000084388492C31086000E0A8464FF000739C
:10739000D4E900101940002059404040014328D151
:1073A000E06CA8B1102804D0202809D0302810D1D2
:1073B0000DE07C48006840F400307A4908600AE03B
:1073C000022104F1080007F053FD054603E002E046
:1073D00001E0012500BF00BF55B9724820300068A8
:1073E00020F03000E16C08436E492031086000E075
:1073F000A8464FF48053D4E90010194000205940AA
:107400004040014337D1E06DB0F5005F1AD004DC95
:1074100050B1B0F5805F1ED10DE0B0F5405F18D0DF
:10742000B0F5804F17D115E05E48006840F4003099
:107430005C49086011E0002104F1080007F018FD24
:1074400005460AE0002104F1280007F0C3FD0546C7
:1074500003E002E001E0012500BF00BF55B951483B
:107460002430006820F4E040E16D08434D492431A8
:10747000086000E0A8464FF40053D4E9001019401A
:10748000002059404040014335D1206EB0F5403FC7
:107490001ED007DC68B1B0F5803F0BD0B0F5003FDF
:1074A00019D10EE0B0F5802F13D0B0F5A02F12D176
:1074B00010E012E0012104F1080007F0D9FC0546B4
:1074C0000BE0012104F1280007F084FD054604E0EB
:1074D00003E002E001E0012500BF00BF55B93148DB
:1074E0002430006820F4E020216E08432D49243127
:1074F000086000E0A8464FF48042D4E90001104043
:107500000021134658404940084337D1D4F8AC0015
:10751000B0F1405F1ED007DC68B1B0F1805F0BD0E6
:10752000B0F1005F19D10EE0B0F1804F13D0B0F18F
:10753000A04F12D110E012E0012104F1080007F081
:1075400097FC05460BE0012104F1280007F042FDFD
:10755000054604E003E002E001E0012500BF00BFB2
:107560005DB910482C30006820F0E040D4F8AC1031
:1075700008430C492C31086000E0A8464FF4004352
:10758000D4E90001184000215840494008432AD15D
:10759000E06EB8B1B0F1805F06D0B0F1005F12D1FB
:1075A00009E000002C440258F948006840F400301B
:1075B000F749086009E0012104F1080007F058FCD0
:1075C000054602E001E0012500BF00BF55B9F048C3
:1075D0002430006820F04050E16E0843EC4924312B
:1075E000086000E0A8464FF08073D4E9001019400D
:1075F000002059404040014328D1A06CA8B1012887
:1076000004D0022809D0032810D10DE0E04800681A
:1076100040F40030DE4908600AE0022104F108006D
:1076200007F026FC054603E002E001E0012500BF6B
:1076300000BF55B9D6482030006820F00300A16C87
:107640000843D3492031086000E0A8464FF4800386
:10765000D4E90010194000205940404001437DD139
:10766000CC48006840F48070CA490860FEF7E8FA28
:10767000064606E0FEF7E4FA801B642801D90325DC
:1076800005E0C448006800F480700028F2D000BF14
:1076900085BBBF484430006800F44070B4F8B010B7
:1076A00001F44071884213D0B9484430006820F496
:1076B0004077B7484430006840F48030B4494431E2
:1076C00008600846006820F48030086008460760BB
:1076D000D4F8B000B0F5807F15D1FEF7B1FA0646B8
:1076E00009E0FEF7ADFA801B41F28831884202D9E9
:1076F000032507E038E0A64844300068C0F34000A6
:107700000028EED000BF55BB00BFB4F8B00000F4B5
:107710004070B0F5407F0ED19D481C38006820F4C1
:107720007C519D4AD4F8B000104041EA10109849AD
:107730001C39086007E096481C38006820F47C502B
:1077400093491C390860924844300068B4F8B0107E
:10775000C1F30B0108438E49443101E005E001E02B
:10776000086002E0A84600E0A8460122D4E9000132
:1077700010400021134658404940084330D1A06FC3
:1077800018281AD005DC48B1082808D0102817D1CD
:107790000CE0202812D0282812D110E012E001219C
:1077A00004F1080007F064FB05460BE0012104F139
:1077B000280007F00FFC054604E003E002E001E0CA
:1077C000012500BF00BF55B971482830006820F07E
:1077D0003800A16F08436E492831086000E0A846D0
:1077E0000223D4E9001019400020594040400143D1
:1077F00029D1606F062816D2DFE800F003040B12CF
:10780000131412E0012104F1080007F031FB0546D2
:107810000BE0012104F1280007F0DCFB054604E041
:1078200003E002E001E0012500BF00BF55B9584860
:107830002830006820F00700616F08435449283160
:10784000086000E0A8460422D4E90010114000209E
:1078500013465940404001432BD1D4F890000628EC
:1078600016D2DFE800F003040B12131412E001211A
:1078700004F1080007F0FCFA05460BE0012104F1D1
:10788000280007F0A7FB054604E003E002E001E062
:10789000012500BF00BF5DB93D482C30006820F0D5
:1078A0000700D4F89010084339492C31086000E0F3
:1078B000A8462023D4E9000118400021584049403F
:1078C000084337D1D4F88C00B0F1405F1ED007DCFC
:1078D00068B1B0F1805F0BD0B0F1005F19D10EE05C
:1078E000B0F1804F13D0B0F1A04F12D110E012E0F0
:1078F000002104F1080007F0BBFA05460BE0022165
:1079000004F1280007F066FB054604E003E002E00E
:1079100001E0012500BF00BF5DB91D4828300068A7
:1079200020F0E040D4F88C10084319492831086051
:1079300000E0A8464023D4E9001019400020594037
:10794000404001433CD1D4F89800B0F5406F25D0B9
:1079500007DC68B1B0F5806F0BD0B0F5006F20D1B7
:107960000EE0B0F5805F1AD0B0F5A05F19D117E036
:1079700019E0002104F1080007F07AFA054612E048
:10798000022104F1280007F025FB05460BE000006A
:107990002C44025800480258FFFCFF0F03E002E0AD
:1079A00001E0012500BF00BF4DB9FE48006820F48A
:1079B000E050D4F898100843FA49086000E0A8465F
:1079C0008023D4E900101940002059404040014371
:1079D00035D1D4F89C00B0F5C04F1ED007DC68B19B
:1079E000B0F5005F0BD0B0F5804F19D10EE0B0F5C7
:1079F000004F13D0B0F5204F12D110E012E000215B
:107A000004F1080007F034FA05460BE0022104F106
:107A1000280007F0DFFA054604E003E002E001E099
:107A2000012500BF00BF4DB9DE48006820F460406A
:107A3000D4F89C100843DB49086000E0A8460823FE
:107A4000D4E900011840002158404940084317D1AB
:107A5000D4F88000B0F5805F07D1022104F128003E
:107A600007F0B8FA08B14FF00108CE48001F0068CF
:107A700020F44050D4F880100843CA49091F086018
:107A80001023D4E900011840002158404940084320
:107A900015D1D4F89400B0F5807F07D1022104F10C
:107AA000280007F097FA08B14FF00108BD480068B8
:107AB00020F44070D4F894100843BA4908604FF499
:107AC0000023D4E9000118400021584049400843F0
:107AD00027D1D4F8A00030B1B0F5803F0AD0B0F57E
:107AE000003F0FD10DE0002104F1080007F0C0F9BC
:107AF000054609E0022104F1280007F06BFA05466B
:107B000002E001E0012500BF00BF4DB9A5480068B3
:107B100020F44030D4F8A0100843A249086000E0E7
:107B2000A8464FF48023D4E90001184000215840B2
:107B3000494008432DD1D4F88400B0F5801F06D009
:107B4000B0F5001F0CD0B0F5401F11D10FE09548E3
:107B50002C38006840F4003092492C39086009E064
:107B6000012104F1280007F035FA054602E001E0A2
:107B7000012500BF00BF5DB98A48001F006820F4DE
:107B80004010D4F8841008438649091F086000E0BB
:107B9000A8464FF48032D4E900011040002113467A
:107BA00058404940084325D1206D18B1B0F5803FB9
:107BB00010D108E07B482C38006840F40030794947
:107BC0002C39086008E0022104F1080007F050F9A0
:107BD000054601E0012500BF00BF55B971480C38CA
:107BE000006820F48030216D08436E490C3908602C
:107BF00000E0A8464FF00053D4E9001019400020DF
:107C000059404040014307D1022104F1280007F008
:107C1000E1F908B14FF001084FF40032D4E9000156
:107C200010400021134658404940084327D1E06FD7
:107C3000A0B1B0F5807F06D0B0F5007F0CD0B0F5D4
:107C4000407F0CD109E057482C38006840F40030E0
:107C500054492C39086004E003E002E001E001250A
:107C600000BF00BF55B94F48001F006820F44070A6
:107C7000E16F08434B49091F086000E0A8464FF434
:107C80008012D4E9001011400020134659404040B2
:107C9000014309D143480838006820F00040216FB3
:107CA00008434049083908604FF40013D4E9000143
:107CB0001840002158404940084309D13948083844
:107CC000006820F08070A16E0843364908390860CA
:107CD0004FF08043D4E90010194000205940404043
:107CE000014311D100BF2F484838006820F40040FC
:107CF0002C494839086008460068D4F8B410084395
:107D000028494839086000BF4FF00042D4E900011B
:107D100010400021134658404940084309D12148EA
:107D20000C38006820F04050616D08431D490C3943
:107D300008604FF40002D4E90010114000201346FF
:107D40005940404001430AD11648001F006820F402
:107D50004000D4F8881008431249091F0860012226
:107D600000216068104049405040014306D104F1B1
:107D7000080007F07DF8054605B1A846022200215B
:107D80006068104049405040014307D1012104F18F
:107D9000080007F06DF8054605B1A8460423002049
:107DA000616801E0584402581940042240405140A3
:107DB000084307D1022104F1080007F059F80546ED
:107DC00005B1A846082300206168194008224040F8
:107DD0005140084307D1002104F1280007F0FAF8C8
:107DE000054605B1A84610230020616819401022FD
:107DF00040405140084307D1012104F1280007F019
:107E0000E9F8054605B1A846202200216068104027
:107E100049405040014307D1022104F1280007F0F6
:107E2000D9F8054605B1A846B8F1000F02D10020E7
:107E3000BDE8F0810120FBE72DE9F04104460D4645
:107E400014B90120BDE8F081BD48006800F00F00C2
:107E5000A8420ED2BA48006820F00F002843B84963
:107E600008600846006800F00F00A84201D0012019
:107E7000E8E7207800F0040004280ED1B149206919
:107E8000096801F07001884207D9AE48006820F007
:107E9000700021690843AB490860207800F00800B1
:107EA000082811D1A749091D6069096801F070010E
:107EB000884209D9A348001D006820F0700061695C
:107EC0000843A049091D0860207800F01000102820
:107ED00011D19C49091DA069096801F4E06188423B
:107EE00009D99848001D006820F4E060A1690843A2
:107EF0009449091D0860207800F02000202811D145
:107F000090490831E069096801F07001884209D997
:107F10008C480830006820F07000E1690843894906
:107F200008310860207800F0020002280ED185494F
:107F3000E068096801F00F01884207D981480068AC
:107F400020F00F00E16808437E490860207800F0C7
:107F50000100002850D07B48006820F47060A168C0
:107F60000843784908606068022807D175481838C6
:107F70000068C0F34040F8B9012063E76068032857
:107F800007D1704818380068C0F34060A0B90120DC
:107F900058E76068012807D16A4818380068C0F3BC
:107FA000002048B901204DE7664818380068C0F342
:107FB000800008B9012045E762480838006820F0D1
:107FC0000700616808435F4908390860FDF738FE1B
:107FD000064608E0FDF734FE801B41F288318842F6
:107FE00001D903202EE757480838006800F0380010
:107FF0006168B0EBC10FEDD1207800F002000228DB
:108000000ED15049E068096801F00F01884207D29B
:108010004C48006820F00F00E168084349490860B7
:108020004748006800F00F00A8420ED94448006895
:1080300020F00F002843424908600846006800F01D
:108040000F00A84201D00120FCE6207800F00400D7
:1080500004280ED13B492069096801F0700188426B
:1080600007D23848006820F070002169084335497C
:108070000860207800F00800082811D13149091D56
:108080006069096801F07001884209D22D48001D1D
:10809000006820F07000616908432A49091D0860E2
:1080A000207800F01000102811D12649091DA06980
:1080B000096801F4E061884209D22248001D006885
:1080C00020F4E060A16908431E49091D086020787A
:1080D00000F02000202811D11A490831E069096810
:1080E00001F07001884209D216480830006820F07B
:1080F0007000E169084313490831086000F0ACF8EA
:1081000010490968C1F303210F4A515C01F01F01B6
:1081100020FA01F70B48006800F00F001146085CD8
:1081200000F01F0027FA00F00849086008480760BF
:1081300008480068FDF7C6FD8046404682E600001C
:10814000002000521844025834EA0108A800002414
:10815000A40000249C0000243F220260174A1268F9
:1081600002F007024260154A0832126802F4706297
:108170008260124A0832126802F00F02C2600F4A8F
:108180000832126802F0700202610C4A0C32126866
:1081900002F070024261094A0C32126802F4E06295
:1081A0008261064A1032126802F07002C261044A0B
:1081B000126802F00F020A60704700001044025873
:1081C0000020005210B500F047F80D490968C1F3CE
:1081D00003210C4A515C01F01F0120FA01F4084808
:1081E000006800F00F001146085C00F01F0024FA40
:1081F00000F005490860054804600846006810BDA5
:108200001844025834EA0108A8000024A4000024FD
:1082100000B5FFF7D7FF05490968C1F30211044A09
:10822000515C01F01F01C84000BD00001C44025811
:1082300034EA010800B5FFF7C5FF05490968C1F335
:108240000221044A515C01F01F01C84000BD00003A
:108250001C44025834EA0108F0B5824E366806F034
:10826000380636B1082E15D0102E15D0182E7DD117
:1082700014E07C4E103E3668C6F3401646B1794E87
:10828000103E3668C6F3C107774E26FA07F000E0C5
:108290007548E5E07548E3E07548E1E0714E183651
:1082A000366806F003046F4E18363668C6F30511BB
:1082B0006C4E1C36366806F001056A4E2436366868
:1082C000C6F3CC0616FB05F601EE106AB8EE410ABD
:1082D000002971D024B1012C50D0022C6DD16DE059
:1082E000604E103E3668C6F340163EB35D4E103EFB
:1082F0003668C6F3C1075C4E26FA07F301EE103A62
:10830000F8EE411A01EE101AB8EE411A81EE812AF8
:108310009FED581AC0EE011A524E20363668C6F349
:10832000080601EE106AB8EE411A31EE811AF7EE36
:10833000001A31EE211A62EE010A1EE001EE101A57
:10834000B8EE411ADFED4C1A81EE812A9FED491AF1
:10835000C0EE011A434E20363668C6F3080601EE19
:10836000106AB8EE411A31EE811A00E076E0F7EEBD
:10837000001A31EE211A62EE010A5BE001EE101ADA
:10838000B8EE411A9FED3D2AC2EE011A9FED391A4F
:1083900080EE012A334E20363668C6F3080601EE19
:1083A000106AB8EE411A32EE011AB7EE002A31EE29
:1083B000021A61EE810A3DE04EE01DE001EE101A66
:1083C000B8EE411ADFED2E1A81EE812A9FED291AAF
:1083D000C0EE011A234E20363668C6F3080601EEB9
:1083E000106AB8EE411A31EE811AF7EE001A31EE3A
:1083F000211A62EE010A1DE001EE101AB8EE411AD0
:108400009FED1E2AC2EE011A9FED1A1A80EE012A74
:10841000144E20363668C6F3080601EE106AB8EE30
:10842000411A32EE011AB7EE002A31EE021A61EE5D
:10843000810A00BF00BF0B4E20363668C6F34626C1
:10844000721C01EE102AB8EE411AC0EE811ABCEE81
:10845000E11A11EE100A00E0002001E0034800BF1D
:1084600000BFF0BD104402580090D00300093D0049
:1084700000366E01000000460024744C0024744A4B
:10848000001BB74B2DE9F047044614B90120BDE8A5
:10849000F087207800F00100002870D0F9480068CB
:1084A00000F03808F7481830D0F80090B8F1100FF5
:1084B00006D0B8F1180F0FD109F0030002280BD134
:1084C000F04810380068C0F3404000286AD0606867
:1084D000002867D10120DAE700BF6068B0F5803F6F
:1084E00008D1E8481038006840F48030E549103978
:1084F00008602EE0606868B9E2481038006820F42F
:108500008030E049103908600846006820F4802077
:1085100008601EE06068B0F5A02F0DD1D948103872
:10852000006840F48020D749103908600846006888
:1085300040F4803008600CE0D2481038006820F425
:108540008030D049103908600846006820F4802047
:10855000086000BF606898B1FDF772FB054606E051
:10856000FDF76EFB401B642801D903208FE7C54847
:1085700010380068C0F340400028F1D012E012E04B
:10858000FDF75EFB054606E0FDF75AFB401B64283D
:1085900001D903207BE7BB4810380068C0F3404096
:1085A0000028F1D100BF207800F00200022879D124
:1085B000B448006800F03808B2481830D0F800908D
:1085C000B8F1000F05D0B8F1180F35D109F003004C
:1085D00088BBAC4810380068C0F3800018B1E06870
:1085E00008B9012053E7A7481038006820F01900A7
:1085F000E1680843A34910390860FDF721FB0546EF
:1086000006E0FDF71DFB401B022801D903203EE7D1
:108610009C4810380068C0F380000028F1D09948C9
:108620000C38006820F0FE40217C40EA016095494A
:108630000C39086045E0FFE7E06838B3914810382E
:10864000006820F01900E16808438E49103908607D
:10865000FDF7F6FA054606E0FDF7F2FA401B0228A0
:1086600001D9032013E7874810380068C0F3800061
:108670000028F1D083480C38006820F0FE40217CAF
:1086800040EA01607F490C3908601AE07D481038E3
:10869000006820F001007B4910390860FDF7D0FA2E
:1086A000054607E00EE0FDF7CBFA401B022801D992
:1086B0000320ECE6734810380068C0F380000028FF
:1086C000F1D100BF207800F0100010286FD16D4864
:1086D000006800F038086B481830D0F80090B8F106
:1086E000080F06D0B8F1180F1CD109F003000128BB
:1086F00018D1644810380068C0F3002020B1E06948
:10870000802801D00120C2E600BF5E48001F00683B
:1087100020F07C5094F8201040EA01605949091F6C
:10872000086043E0E06938B356481038006840F00C
:108730008000544910390860FDF782FA054606E0CA
:10874000FDF77EFA401B022801D903209FE64D4821
:1087500010380068C0F300200028F1D000BF49485D
:10876000001F006820F07C5094F8201040EA01605F
:108770004449091F086019E042481038006820F099
:108780008000404910390860FDF75AFA054606E0B6
:10879000FDF756FA401B022801D9032077E6394835
:1087A00010380068C0F300200028F1D100BF207805
:1087B00000F00800082836D16069D0B13148643033
:1087C000006840F001002F4964310860FDF738FA75
:1087D000054606E0FDF734FA401B022801D90320C4
:1087E00055E6284864300068C0F340000028F1D006
:1087F00019E024486430006820F001002149643108
:108800000860FDF71DFA054606E0FDF719FA401B62
:10881000022801D903203AE61A4864300068C0F300
:1088200040000028F1D1207800F02000202838D125
:10883000A069D0B113481038006840F48050114945
:1088400010390860FDF7FCF9054606E0FDF7F8F978
:10885000401B022801D9032019E60A481038006895
:10886000C0F340300028F1D01BE006481038006803
:1088700020F48050034910390860FDF7E1F90546FE
:1088800009E0000010440258FDF7DAF9401B022805
:1088900001D90320FBE5D0480068C0F34030002830
:1088A000F2D1207800F0040004287DD1CB48006884
:1088B00040F48070C9490860FDF7C2F9054606E03A
:1088C000FDF7BEF9401B642801D90320DFE5C3484A
:1088D000006800F480700028F2D000BFA068012872
:1088E00008D1BD487030006840F00100BA497031CD
:1088F00008602DE0A06868B9B7487030006820F0C3
:108900000100B549703108600846006820F0040095
:1089100008601DE0A06805280DD1AF4870300068E0
:1089200040F00400AC49703108600846006840F02F
:10893000010008600CE0A8487030006820F00100D9
:10894000A549703108600846006820F004000860FE
:1089500000BFA068A0B1FDF773F9054608E0FDF778
:108960006FF9401B41F28831884201D903208EE51E
:10897000994870300068C0F340000028EFD013E041
:10898000FDF75EF9054608E0FDF75AF9401B41F294
:108990008831884201D9032079E58F48703000681A
:1089A000C0F340000028EFD1606A00287DD08A48DB
:1089B0001030006800F03800182877D0606A02286C
:1089C00075D18548006820F0807083490860FDF704
:1089D00037F9054606E0FDF733F9401B022801D9B7
:1089E000032054E57C480068C0F340600028F2D1C1
:1089F00000BFD4E90A1041EA00107749283109681C
:108A000040F2F33291430843734928310860208EC5
:108A1000401EC0F30800616B491E4FF47E4202EA1B
:108A200041210843218F491ED20102EA0141084336
:108A30003C21095D491E120202EA016108436649B0
:108A40003031086000BF081F006820F00100091FD6
:108A500008606148343000684FF6F8718843A16CB3
:108A600040EAC1005C49343108605B482C30006842
:108A700020F00C00216C084357492C31086008464F
:108A8000006820F00200616C084353492C310860F3
:108A90000846006840F4803008600846006840F4EA
:108AA000003008600846006802E092E038E01FE00D
:108AB00040F4802008600846006840F0010008602B
:108AC0004548006840F0807043490860FDF7B8F8F9
:108AD000054606E0FDF7B4F8401B022801D9032043
:108AE000D5E43D480068C0F340600028F2D070E053
:108AF0003948006820F0807037490860FDF7A0F819
:108B0000054606E0FDF79CF8401B022801D903202A
:108B1000BDE431480068C0F340600028F2D158E05D
:108B20002D48283007682C4830300668606A0128D4
:108B300021D007F00301A06A81421CD1C7F30511BF
:108B4000E06A884217D1C6F30801206B401E8142BB
:108B500011D1606B401EC6F3462188420BD1A06B39
:108B6000401EC6F30641884205D1E06B401EC6F3A5
:108B70000661884201D0012089E41748343000683A
:108B8000C0F3CC07A06CB84223D013482C30006847
:108B900020F0010010492C310860FDF751F805461E
:108BA00000BFFDF74DF8401BFBD00B483430006888
:108BB0004FF6F8718843A16C40EAC1000649343190
:108BC000086005482C30006840F0010002492C3153
:108BD000086000205BE4000000440258004802588E
:108BE000704700002DE9F05F04462068076920689F
:108BF000D0F8148007EA08052068D0F808904FF0F4
:108C0000000A94F88160206800F1300B08F40060DD
:108C1000B0F5006F0ED107F0080008280AD12068CF
:108C2000806940F4006021688861204600F0FDFA08
:108C3000BDE8F09F05F0400070B905F0200058B97C
:108C400005F00400042807D12046616F88472046BC
:108C5000216F88474FF0010A05F0400050B905F038
:108C6000010038B105F0040020B92046216F884783
:108C70004FF0010A05F0200058B905F00200022863
:108C800007D105F0040020B92046616F88474FF0F6
:108C9000010ABAF1000F00D0CAE705F00800082861
:108CA00063D12068806940F00800216888612068ED
:108CB000806940F01000216888612068806940F474
:108CC0000060216888612068006920F00800216840
:108CD00008612068806800F4404038BB22E0E0680A
:108CE0000F2807D92068006B616E0860606E001D58
:108CF000606612E0E068072807D9BBF80000616EE3
:108D00000880606E801C606607E0206890F8300084
:108D1000616E0870606E401C6066B4F86A00401EA8
:108D2000A4F86A00B4F86A000028D8D1204606F0FA
:108D300085FA012084F88100D4F8840018B1204617
:108D4000FFF74EFF74E7052E03D1204600F0F3FD38
:108D50000AE0042E03D1204600F066FA04E0032E58
:108D600002D1204600F0E6FD62E705F458700028C5
:108D70007DD005F0400058B1D4F8840040F00400E4
:108D8000C4F884002068806940F040002168886150
:108D900005F4007058B1D4F8840040F00100C4F824
:108DA00084002068806940F400702168886105F4BF
:108DB000807058B1D4F8840040F00800C4F88400F2
:108DC0002068806940F480702168886105F0200087
:108DD00058B1D4F8840040F08000C4F884002068C2
:108DE000806940F0200021688861D4F88400A8B32D
:108DF0002068006820F00100216808602068006990
:108E000040F26B3188432168086109F44040B0F5B5
:108E1000404F25D12068806820F440402168886058
:108E2000E06F60B11348E16F0865E06FFAF7F2F8A0
:108E300028B1D4F8840040F04000C4F88400A06F4A
:108E400060B10C48A16F0865A06FFAF7E3F828B18C
:108E5000D4F8840040F04000C4F8840006E006E046
:108E6000012084F881002046FFF7BAFEE0E600BF4B
:108E7000DEE6000013F3000870B504460CB90120CB
:108E800070BD606A00B900BF0021A162634920681B
:108E900088420CD062492068884208D06149206825
:108EA000884204D0E0680F2801D90120E8E7204675
:108EB00006F03DFA054659492068884209D05849CC
:108EC0002068884205D057492068884201D0082D83
:108ED0000DD852492068884207D0514920688842FD
:108EE00003D050492068884203D1102D01D90120B8
:108EF000C6E794F8810028B9002084F88000204655
:108F000000F092F8022084F881002068006820F0C8
:108F10000100216808602068806800F4F816A069E4
:108F2000B0F1806F11D16068B0F5800F01D1A06BF6
:108F300028B1606848B9A06BB0F1805F05D12068A6
:108F4000006840F4805021680860606800F4800088
:108F5000B0F5800F0BD1E068072808D320680068BF
:108F600020F48070216D08432168086005E02068C6
:108F7000006820F4807021680860A16AE0690843F5
:108F80003043E16B0843E168084321688860616A07
:108F9000606B0843A16B0843A1690843216908433A
:108FA00061690843216A084361680843E16C08432A
:108FB000A1680843A16C0843A16D08432168C860FB
:108FC000606878B92068806820F4C05040F4006080
:108FD000216888602068806820F4C06040F4806068
:108FE000216888602068006D20F001002168086514
:108FF000606800F48000B0F5800F07D12068C06879
:1090000020F00040616D08432168C8600020C4F86A
:109010008400012084F88100002031E70030014005
:1090200000380040003C004010B5B6B004461421A2
:1090300030A8F8F70FF9B82102A8F8F70BF9714931
:10904000206888427ED181140020CDE90210199059
:1090500002A8FEF78DF808B1F9F772FB00BF6A4865
:10906000006840F48040684908600846006800F4E1
:109070008040019000BF00BF00BF6348083800680F
:1090800040F004006049083908600846006800F0B4
:109090000400019000BF00BF00BF0846006840F018
:1090A000020008600846006800F00200019000BF5E
:1090B00000BF062030900220319000203290339083
:1090C0000520349030A95148FCF7BCFC4FF4005007
:1090D000309002203190002032903390052034905F
:1090E00030A94B48FCF7AEFC4A484B4908602720A2
:1090F0004860002148488160C1604FF4806101618F
:10910000002141618161C1614FF440310162002160
:109110004162FAF7CBFE08B1F9F712FB00BF3E48F7
:10912000E067846300BF3B4818303C490860282052
:1091300048604021394881600021C1604FF480615E
:10914000016100E01BE0002141618161C1614FF4D8
:109150000031016200214162FAF7A8FE08B1F9F777
:10916000EFFA00BF2D48A067846300BF00220521ED
:109170002420FCF71DFE2420FCF706FE3FE02849D2
:10918000206888423BD14FF480410020CDE9021095
:109190004FF0A0402D9002A8FDF7EAFF08B1F9F7C3
:1091A000CFFA00BF18480C30006840F02000164984
:1091B0000C3108600846006800F02000019000BFF4
:1091C00000BF00BF10480838006840F001000E4999
:1091D000083908600846006800F00100019000BFEF
:1091E00000BFA02030900220319000203290032058
:1091F00033900820349030A90A48FCF723FC36B09D
:1092000010BD000000380040E84402580008025831
:109210000004025840000240C04C0024384D002495
:109220000014005800000258704770472DE9F843B9
:109230000446884616461D46206800F12009FCF7C2
:10924000FFFC074694F88100012802D00220BDE807
:10925000F883B8F1000F00D00EB90120F7E700BF86
:1092600094F88000012801D10220F0E7012084F861
:10927000800000BF03205C3484F825000020A06239
:10928000C4F80080A680E680A060A081E081A06193
:1092900060615C3CA068B0F5C02F06D12068006812
:1092A00040F400602168086007E02068C06820F48E
:1092B000C02040F400302168C860206840686FF327
:1092C0000F003043216848602068006840F00100CA
:1092D000216808606068B0F5800F05D120680068DB
:1092E00040F4007021680860E0680F2833D92DE051
:1092F0002068406900F0020002280CD1E06D00688F
:1093000021680862E06D001DE065B4F86200401E4F
:10931000A4F862001AE0FCF793FCC01BA84201D33A
:10932000681C00B995B9204605F088FFD4F8840080
:1093300040F48070C4F88400012084F8810000BFEC
:10934000002084F8800000BF032080E7B4F86200AA
:109350000028CDD1A4E0E068072846D940E0206885
:10936000406900F0020002281FD1B4F86200012811
:109370000ED9E06B60B1E06D006821680862E06DB5
:10938000001DE065B4F86200801EA4F8620027E0CA
:10939000E06D0088A9F80000E06D801CE065B4F87D
:1093A0006200401EA4F862001AE0FCF749FCC01BF2
:1093B000A84201D3681C00B995B9204605F03EFFCC
:1093C000D4F8840040F48070C4F88400012084F84C
:1093D000810000BF002084F8800000BF032036E732
:1093E000B4F862000028BAD15AE055E0206840691C
:1093F00000F00200022834D1B4F8620003280FD92B
:10940000E06B40280CD9E06D006821680862E06DCF
:10941000001DE065B4F86200001FA4F862003BE0A4
:10942000B4F8620001280ED9E06B60B1E06D0088ED
:10943000A9F80000E06D801CE065B4F86200801EB1
:10944000A4F8620028E0E06D0078216881F820002F
:10945000E06D401CE065B4F86200401EA4F86200B4
:109460001AE0FCF7EDFBC01BA84201D3681C00B951
:1094700095B9204605F0E2FED4F8840040F48070EF
:10948000C4F88400012084F8810000BF002084F823
:10949000800000BF0320DAE6B4F862000028A5D1FE
:1094A0002B46002208212046009705F04DFF28B1E9
:1094B000D4F8840040F02000C4F88400204605F071
:1094C000BDFE012084F8810000BF002084F88000E8
:1094D00000BFD4F8840008B10120B8E60020B6E649
:1094E0002DE9FF4F85B004469846129E2068203033
:1094F0000490206800F1300BE06B4009401C80B202
:109500000290FCF79DFB03904746454694F8810086
:10951000012803D0022009B0BDE8F08F069820B1E1
:10952000079810B1B8F1000F01D10120F3E700BF97
:1095300094F88000012801D10220ECE7012084F892
:10954000800000BF052084F881000020C4F884005A
:1095500007986066A4F86A80A4F868800698E065B9
:10956000A4F86280A4F8608000202067606720680B
:10957000C06820F4C0202168C860EB492068884298
:1095800007D0EA492068884203D0E9492068884228
:1095900002D14FF0100A01E04FF0080A206840683D
:1095A0006FF30F0040EA08002168486020680068F7
:1095B00040F00100216808606068B0F5800F05D1B7
:1095C0002068006840F4007021680860E0680F2897
:1095D00069D94FEA9A0A61E02068406900F0020008
:1095E000022812D18FB107EB0A00A8420DD9E06D15
:1095F000006821680862E06D001DE065B4F8620053
:10960000401EA4F86200B4F862702068D0F814908C
:109610003DB32068406900F0010070B12068006B24
:10962000616E0860606E001D6066B4F86A00401EDE
:10963000A4F86A00B4F86A5030E00298854211DA62
:1096400009F4004070B12068006B616E0860606EC4
:10965000001D6066B4F86A00401EA4F86A00B4F801
:109660006A501BE0FCF7ECFA0399401AB04201D3B0
:10967000701C00B996B9204605F0E0FDD4F88400CE
:1096800040F48070C4F88400012084F8810000BF99
:10969000002084F8800000BF03203CE7002F9BD10E
:1096A000002D99D11EE1E06807287CD94FEA5A0ABB
:1096B0007AE02068406900F00200022811D187B1E9
:1096C00007EB0A00A8420CD954F85C0F01880498F3
:1096D00001802068801C2060E088401EE080E788D0
:1096E0005C3C2068D0F81490002D5DD02068406963
:1096F00000F0010068B1BBF8000054F8641F088056
:109700002068801C2060E088401EE080E588643C82
:109710004AE00298854217DA09F40040A0B1BBF88C
:10972000000054F8641F08802068801C2060BBF88B
:109730000000216808802068801C2060E088801E6E
:10974000E080E588643C2FE0012D10D109F4005041
:1097500068B1BBF8000054F8641F08802068801CC2
:109760002060E088401EE080E588643C1CE0FCF757
:1097700067FA0399401AB04201D3701C00B99EB930
:10978000204605F05BFDD4F8840040F48070C4F8F6
:109790008400012084F8810000BF002084F880004C
:1097A00000BF0320B7E604E0002F82D1002D80D156
:1097B00098E092E02068406900F00200022813D18E
:1097C00097B107EB0A00A8420ED9E06D0078216836
:1097D00081F82000E06D401CE065B4F86200401E96
:1097E000A4F86200B4F862702068D0F81490002DDC
:1097F00073D02068406900F0010078B1206890F8CB
:109800003000616E0870606E401C6066B4F86A00DB
:10981000401EA4F86A00B4F86A505EE002988542DF
:109820002ADA09F4004038B3206890F83000616EFD
:109830000870606E401C6066206890F83000616EB1
:109840000870606E401C6066206890F83000616EA1
:109850000870606E401C6066206890F83000616E91
:109860000870606E401C6066B4F86A00001FA4F8BF
:109870006A00B4F86A5030E0042D12D209F4C040F6
:1098800078B1206890F83000616E0870606E401CFE
:109890006066B4F86A00401EA4F86A00B4F86A5022
:1098A0001BE0FCF7CDF90399401AB04201D3701CBC
:1098B00000B996B9204605F0C1FCD4F8840040F404
:1098C0008070C4F88400012084F8810000BF00206B
:1098D00084F8800000BF03201DE6002F7FF46AAFEC
:1098E000002DFBD10398334600220821009020462A
:1098F00005F02AFD28B1D4F8840040F02000C4F817
:109900008400204605F09AFC012084F8810000BF05
:10991000002084F8800000BFD4F8840008B1012042
:10992000F9E50020F7E50000003001400038004074
:10993000003C004070477047034A126882430A4364
:10994000014B1A60704700000404005870477047CC
:109950007047000030B502460B4600BF92F83C004D
:10996000012801D1022030BD012082F83C0000BF57
:10997000022082F83D001068416810688468254D17
:109980001068A84203D0244D1068A84203D121F4E6
:1099900070015868014321F0700118680143106894
:1099A00041601C4D1068A84223D01068B0F1804F70
:1099B0001FD01A4D1068A8421BD0194D1068A8423C
:1099C00017D0184D1068A84213D0134D1068A84244
:1099D0000FD0154D1068A8420BD0144D1068A84246
:1099E00007D0134D1068A84203D0124D1068A8424A
:1099F00005D124F080049868044310688460012035
:109A000082F83D0000BF002082F83C0000BF00BF8C
:109A1000A9E70000000001400004014000040040EC
:109A200000080040000C00400018004000400140C9
:109A300000E0004000E4004010B504460CB90120ED
:109A400010BD94F83D0028B9002084F83C00204661
:109A500000F029F8022084F83D00211D206805F05F
:109A60009BFD012084F8480000BF84F83E000121DE
:109A70003F2001554020015541200155422001550C
:109A80004320015500BF00BF012084F84400452059
:109A90000155462001554720015500BF012084F89B
:109AA0003D000020CCE77047014691F83D000128B9
:109AB00001D001207047022081F83D000868C0688D
:109AC00040F001000B68D860204B0868984223D012
:109AD0000868B0F1804F1FD01D4B086898421BD01A
:109AE0001C4B0868984217D01B4B0868984213D04B
:109AF0001A4B086898420FD0194B086898420BD04F
:109B0000184B0868984207D0174B0868984203D052
:109B1000164B0868984210D108688068144B00EA18
:109B20000302062A0FD0B2F5803F0CD00868006807
:109B300040F001000B68186005E00868006840F01C
:109B400001000B6818600020B4E70000000001402D
:109B50000004004000080040000C004000040140E8
:109B6000001800400040014000E0004000E40040D8
:109B700007000100704770B504462068C668206879
:109B8000056905F00200022819D106F0020002283A
:109B900015D1401F21680861012020772068806965
:109BA00000F0030018B12046FFF7E4FF05E020466F
:109BB00000F0FEF8204600F017FA0020207705F0AC
:109BC0000400042819D106F00400042815D1C0436C
:109BD00021680861022020772068806900F44070C5
:109BE00018B12046FFF7C6FF05E0204600F0E0F878
:109BF000204600F0F9F90020207705F00800082839
:109C000019D106F00800082815D1C0432168086161
:109C1000042020772068C06900F0030018B12046B6
:109C2000FFF7A8FF05E0204600F0C2F8204600F04C
:109C3000DBF90020207705F01000102819D106F07C
:109C40001000102815D1C043216808610820207732
:109C50002068C06900F4407018B12046FFF78AFF01
:109C600005E0204600F0A4F8204600F0BDF90020F1
:109C7000207705F0010048B106F0010030B16FF027
:109C8000010021680861204600F06EFA05F08000AE
:109C9000802804D005F40050B0F5005F0AD106F02A
:109CA0008000802806D16FF40250216808612046A8
:109CB000FFF74DFE05F48070B0F5807F0AD106F005
:109CC0008000802806D16FF48070216808612046EA
:109CD000FFF73CFE05F04000402809D106F04000A7
:109CE000402805D1C04321680861204600F048FAA9
:109CF00005F02000202809D106F02000202805D1F9
:109D0000C043216808612046FFF722FE70BD0000B5
:109D100010B586B00446142101A8F7F79BFA204934
:109D2000206888421AD100BF1E48006840F0020037
:109D30001C4908600846006800F00200009000BF5F
:109D400000BF0220019002900020039004900220A6
:109D5000059001A91448FBF775FE1FE01349206820
:109D600088421BD100BF0F48006840F002000D4937
:109D700008600846006800F00200009000BF00BFC5
:109D80004FF40040019002200290002003900490C4
:109D90000220059001A90448FBF754FE06B010BD4F
:109DA00000040040E044025800040258001800403B
:109DB00070472DE9F04104460D461646002700BFC6
:109DC00094F83C00012802D10220BDE8F081012076
:109DD00084F83C0000BF0C2E51D005DC4EB1042E9F
:109DE0001ED0082E7AD133E0102E60D0142EF9D177
:109DF00075E02946206805F055FC2068806940F030
:109E00000800216888612068806920F004002168CA
:109E1000886120688069296908432168886178E041
:109E20002946206805F094FC2068806940F40060B1
:109E3000216888612068806920F4806021688861D9
:109E400020688069296940EA01202168886160E012
:109E50002946206805F0D6FC2068C06940F008005B
:109E60002168C8612068C06920F004002168C861C9
:109E70002068C069296908432168C86149E029460A
:109E8000206805F019FD2068C06940F40060216871
:109E9000C8612068C06920F480602168C8612068BA
:109EA000C069296940EA01202168C86131E029467A
:109EB000206805F03BFD2068406D40F008002168F7
:109EC00048652068406D20F00400216848652068DE
:109ED000406D29690843216848651AE017E0294662
:109EE000206805F05BFD2068406D40F4006021684B
:109EF00048652068406D20F48060216848652068CE
:109F0000406D296940EA01202168486501E0012788
:109F100000BF00BF00BF002084F83C0000BF3846EF
:109F200053E710B504460CB9012010BD94F83D006C
:109F300028B9002084F83C00204600F029F80220CF
:109F400084F83D00211D206805F026FB012084F8DF
:109F5000480000BF84F83E0001213F200155402009
:109F6000015541200155422001554320015500BFB4
:109F700000BF012084F844004520015546200155CA
:109F80004720015500BF012084F83D000020CCE7A8
:109F900008B5124A016891420DD100BF1049096805
:109FA00041F002010E4A11601146096801F00201F8
:109FB000009100BF11E00B4A016891420DD100BF32
:109FC0000749096841F04001054A116011460968D6
:109FD00001F04001009100BF00BF08BD0004004037
:109FE000E8440258001800407047000070B504466D
:109FF0000D4615B994F83E0015E0042D02D13F201E
:10A00000005D10E0082D02D14020005D0BE00C2D1A
:10A0100002D14120005D06E0102D02D14220005DFA
:10A0200001E04320005D012801D0012070BD1DB971
:10A03000022084F83E001AE0042D03D102213F20C3
:10A04000015514E0082D03D10221402001550EE0F6
:10A050000C2D03D102214120015508E0102D03D120
:10A0600002214220015502E0022143200155012234
:10A070002946206805F004FB2F49206888420FD04C
:10A080002E49206888420BD02D492068884207D08D
:10A090002C492068884203D02B492068884201D18E
:10A0A000012000E0002028B12068406C40F400400E
:10A0B0002168486420492068884223D02068B0F194
:10A0C000804F1FD02149206888421BD0204920683A
:10A0D000884217D01F492068884213D0174920684A
:10A0E00088420FD01C49206888420BD01449206850
:10A0F000884207D019492068884203D0184920684F
:10A10000884210D120688068164900EA0106062EB0
:10A110000FD0B6F5803F0CD02068006840F00100F9
:10A120002168086005E02068006840F001002168AF
:10A13000086000207AE700000000014000040140B0
:10A14000004001400044014000480140000400403C
:10A1500000080040000C00400018004000E00040F3
:10A1600000E400400700010010B5044603492068E0
:10A17000884201D1FBF76AFD10BD000000E00040FD
:10A180007047014600BF91F88400012801D10220E8
:10A190007047012081F8840000BF2420C1F88800A6
:10A1A000086802680868006820F001000B68186001
:10A1B00022F0005200204866086802602020C1F8A2
:10A1C000880000BF002081F8840000BF00BFDFE7E7
:10A1D0002DE9F04104460E461746D4F88C0020289D
:10A1E00025D106B117B90120BDE8F0810120E06654
:10A1F000002020673A463146204606F0A9F9054678
:10A200009DB9E06E01280FD110202168086200BFBF
:10A2100000BF216851E8001F41F01000226842E8A9
:10A2200000010029F5D100E001252846DCE70220E5
:10A23000DAE7000070B504460D46294920688842D7
:10A240000AD12A462749204612F0EAFC4FF48072D0
:10A250002449204612F0EEFC23492068884205D1AB
:10A2600082152249204612F0E5FC37E0204920689B
:10A27000884213D113F066FD1E49086001201E4973
:10A2800008701E48006818B11D481C4909688847B5
:10A2900019221B49204612F0CDFC1FE01949206805
:10A2A000884205D182151849204612F0C3FC15E0FA
:10A2B00016492068884211D129461548F7F7C6FD8E
:10A2C0002A461349204612F0ABFC4FF48072104925
:10A2D000204612F0AFFC0E200EF06EFA70BD0000AA
:10A2E000001001408001012400440040800201244C
:10A2F00000500040500200244C0200245C02002464
:10A30000800301240078004099030124001C0140CF
:10A3100099040124704770B504460D4600BF94F8B7
:10A320008400012801D1022070BD012084F884003E
:10A3300000BF2420C4F888002068066820680068F0
:10A3400020F00100216808602068806820F06060CB
:10A35000284321688860204605F086FB2068066057
:10A360002020C4F8880000BF002084F8840000BFCB
:10A3700000BFD9E770B504460D4600BF94F88400CD
:10A38000012801D1022070BD012084F8840000BFA3
:10A390002420C4F88800206806682068006820F03F
:10A3A0000100216808602068806820F06040284330
:10A3B00021688860204605F057FB20680660202051
:10A3C000C4F8880000BF002084F8840000BF00BFEC
:10A3D000D9E770477047000010B5044600BF00BFC2
:10A3E000216851E8001F21F49070226842E80001C2
:10A3F0000029F5D100BF00BF00BF2168083151E836
:10A40000001F2C4A01EA02002168083141E80002DD
:10A41000002AF2D100BFE06E01280CD100BF00BFBE
:10A42000216851E8001F21F01000226842E8000175
:10A430000029F5D100BF2068806800F04000402866
:10A4400025D100BF00BF2168083151E8001F21F06D
:10A4500040002168083141E80002002AF3D100BF22
:10A46000D4F8800098B10020D4F880100865D4F8A2
:10A470008000F8F761FB50B1D4F88000F8F796FF40
:10A48000202804D11020C4F89000032010BD002023
:10A49000A4F85E000F20216808622068806940F0FF
:10A4A0000800216888612020C4F88C000020E06644
:10A4B00000BFEBE7FEFFFFEF10B504461D488442E6
:10A4C00007D1FFF789FF19221B491A48FFF780FEC1
:10A4D0002EE01A48844208D1FFF77EFF4FF48072C5
:10A4E00017491648FFF774FE22E01648844208D147
:10A4F000FFF772FF4FF4807213491248FFF768FEAE
:10A5000016E01248844208D1FFF766FF4FF48072CC
:10A510000F490E48FFF75CFE0AE00E48844207D15F
:10A52000FFF75AFF4FF480720B490A48FFF750FEBD
:10A5300010BD0000484E002480030124704F002409
:10A54000800101240450002480020124DC4E0024F8
:10A550009903012498500024990401242DE9F0471F
:10A5600004462068C569206806682068876840F648
:10A570000F0005EA0009B9F1000F0FD105F0200026
:10A5800060B106F0200010B907F0805030B1606F64
:10A5900010B12046616F8847BDE8F087B9F1000F20
:10A5A0007ED0F848384018B9F74830400028F7D036
:10A5B00005F0010058B106F4807040B10120216817
:10A5C0000862D4F8900040F00100C4F8900005F053
:10A5D000020058B107F0010040B102202168086272
:10A5E000D4F8900040F00400C4F8900005F0040096
:10A5F00058B107F0010040B1042021680862D4F886
:10A60000900040F00200C4F8900005F0080070B11E
:10A6100006F0200010B9DB48384040B1082021681E
:10A620000862D4F8900040F00800C4F8900005F4E7
:10A63000006060B106F0806048B14FF400602168AE
:10A640000862D4F8900040F02000C4F89000D4F8DC
:10A650009000002852D005F0200050B106F02000F4
:10A6600010B907F0805020B1606F10B12046616FC3
:10A670008847D4F890A02068806800F04000402807
:10A6800002D00AF0280070B3204605F0DFFB2068F6
:10A69000806800F04000402826D100BF00BF00E0E5
:10A6A0002DE02168083151E8001F21F040002168A9
:10A6B000083141E80002002AF1D100BFD4F880003F
:10A6C00068B1B248D4F880100865D4F88000F8F773
:10A6D000A1FC98B1D4F88000016D88470EE02046B7
:10A6E000FFF7EAFE0AE003E02046FFF7E5FE05E09B
:10A6F0002046FFF7E1FE0020C4F890004CE7E06E32
:10A7000001287DD105F01000002879D006F0100056
:10A710000028FAD01020216808622068806800F0C4
:10A72000400040286DD1D4F88000006898498842E4
:10A730006BD0D4F88000006895491831884264D005
:10A74000D4F8800000689249303188425DD0D4F856
:10A75000800000688E494831884256D0D4F8800085
:10A7600000688B49603188424FD0D4F8800000687F
:10A7700087497831884248D0D4F8800000688449FD
:10A780009031884241D0D4F8800000688049A831D7
:10A7900088423AD0D4F8800000687E49884234D09C
:10A7A000D4F8800000687B49183188422DD0D4F855
:10A7B0008000006877493031884226D0D4F8800084
:10A7C00000687449483188421FD0D4F8800000687E
:10A7D00070496031884218D0D4F8800000686D4913
:10A7E0007831884211D0D4F88000006869499031EE
:10A7F00088420AD0D4F8800000686649A83102E097
:10A80000CAE07BE001E0884204D1D4F8800000680F
:10A81000406803E0D4F88000006840681FFA80F8C0
:10A82000B8F1000F58D0B4F85C00404554DDA4F8EE
:10A830005E80D4F88000C069B0F5807F40D000BF52
:10A8400000BF216851E8001F21F48070226842E8AF
:10A8500000010029F5D100BF00BF00BF2168083109
:10A8600051E8001F21F001002168083141E8000291
:10A87000002AF3D100BF00BF00BF2168083151E8B2
:10A88000001F21F040002168083141E80002002A41
:10A89000F3D100BF2020C4F88C000020E06600BF88
:10A8A00000BF216851E8001F21F01000226842E833
:10A8B00000010029F5D100BFD4F88000F8F73CF979
:10A8C00002202067B4F85C00B4F85E20801A81B2E0
:10A8D0002046FFF7AFFC10E0B4F85C0040450CD117
:10A8E000D4F88000C069B0F5807F06D102202067CF
:10A8F000B4F85C102046FFF79DFC4DE634F85C0F81
:10A900006188401A1FFA80F860885C3CC8B3B8F1CF
:10A91000000F36D000BF00BF216851E8001F21F4AE
:10A920009070226842E800010029F5D100BF00BF05
:10A9300000BF2168083151E8001F124AD24301EAE2
:10A9400002002168083141E80002002AF1D100BF6D
:10A950002020C4F88C000020E066606700BF00BFC4
:10A96000216851E8001F21F01000226842E8000130
:10A970000029F5D100BF0220206741462046FFF79D
:10A9800059FC09E60100001020010004A3FC0008A6
:10A99000100002401004024005F4801050B107F48A
:10A9A000800038B14FF48010216808622046FFF71C
:10A9B00011FDF1E505F0800058B106F0800010B9F6
:10A9C00007F4000028B1A06F10B12046A16F88479E
:10A9D000E2E505F0400030B106F0400018B1204635
:10A9E00005F06AFAD8E505F4000030B106F08040C1
:10A9F00018B12046FFF7EDFCCEE505F0807030B1D0
:10AA000006F0004018B12046FFF784FCC4E500BF03
:10AA1000C2E510B504460CB9012010BDA06900B113
:10AA200000E000BFD4F8880028B9002084F8840032
:10AA3000204600F02BF82420C4F888002068006825
:10AA400020F0010021680860A06A10B1204605F0DE
:10AA500037F8204605F068FA012800D1DDE72068C4
:10AA6000406820F49040216848602068806820F0A9
:10AA70002A00216888602068006840F00100216891
:10AA80000860204605F098F8C7E7000010B5B6B09A
:10AA90000446142130A8F6F7DDFBB82102A8F6F72A
:10AAA000D9FBFD492068884277D102210020CDE9F9
:10AAB00002101F9002A8FCF75BFB08B1F7F740FEFD
:10AAC00000BFF648006840F48010F449086008466A
:10AAD000006800F48010019000BF00BF00BFEF4885
:10AAE0000838006840F00400EC490839086008465E
:10AAF000006800F00400019000BF00BF00BF0846DE
:10AB0000006840F0080008600846006800F008008F
:10AB1000019000BF00BF4FF4805030900220319070
:10AB20000020329033900820349030A9DC48FAF7A6
:10AB300089FF042030900220319000203290339021
:10AB40000820349030A9D748FAF77CFFD648D74977
:10AB50000860412048600021D4488160C1604FF402
:10AB600080610161002141618161C16101624162D5
:10AB7000F9F79CF908B1F7F7E3FD00BFCB48C4F83B
:10AB80008000846300BF002205213520FBF710F907
:10AB90003520FBF7F9F833E2FFE7C5492068884222
:10ABA0007CD102200021CDE9020100201F9002A8E3
:10ABB000FCF7DEFA08B1F7F7C3FD00BFB74800683D
:10ABC00040F08040B54908600846006800F08040C9
:10ABD000019000BF00BF00BFB0480838006840F0D7
:10ABE0001000AE49083908600846006800F01000FF
:10ABF000019000BF00BF4FF4C07030900220319030
:10AC00000020329033900720349030A9A948FAF7F9
:10AC100019FFA5483030A84908604F20486000213E
:10AC2000A5488160C1604FF48061016100214161EC
:10AC30008161C16101624162F9F738F908B1F7F742
:10AC40007FFD00BF9C48C4F88000846300BF9B4820
:10AC50009B4908605020486040219948816000214C
:10AC6000C1604FF480610161002141618161C16176
:10AC700001624162F9F71AF908B1F7F761FD00BF07
:10AC80008F48E067846300BF002205215220FBF754
:10AC90008FF85220FBF778F8B2E1FFE78949206886
:10ACA00088427ED101210020CDE90210209002A827
:10ACB000FCF75EFA08B1F7F743FD00BF77480830AC
:10ACC000006840F0100075490831086008460068C7
:10ACD00000F01000019000BF00BF00BF6F480838AF
:10ACE000006840F001006D490839086008460068B6
:10ACF00000F00100019000BF00BF4FF4C060309031
:10AD0000022031900020329033900720349030A9F7
:10AD10006D48FAF797FE644878386C490860292036
:10AD20004860002169488160C1604FF48061016121
:10AD3000002141618161C16101624162F9F7B6F8A8
:10AD400008B1F7F7FDFC00BF6048C4F880008463D9
:10AD500000BF554860385E4908602A20486040219D
:10AD60005B4881600021C1604FF480610161002176
:10AD700041618161C16101624162F9F797F808B1EF
:10AD8000F7F7DEFC00BF5248E067846300BF002293
:10AD900005212520FBF70CF82520FAF7F5FF2FE118
:10ADA000FFE74C492068884275D102210020CDE997
:10ADB00002101F9002A8FCF7DBF908B1F7F7C0FCFE
:10ADC00000BF3648006840F4003034490860084647
:10ADD000006800F40030019000BF00BF00BF2F48A2
:10ADE0000838006840F008002C4908390860084617
:10ADF000006800F00800019000BF00BF60203090A4
:10AE0000022031900020329033900720349030A9F6
:10AE10002448FAF717FE244818382F4908602B20D9
:10AE2000486000212C488160C1604FF4806101615D
:10AE3000002141618161C16101624162F9F736F827
:10AE400008B1F7F77DFC00BF2348C4F88000846395
:10AE500000BF15481830214908602C204860402167
:10AE60001E4881600021C1604FF4806101610021B2
:10AE700041618161C16101624162F9F717F808B16E
:10AE8000F7F75EFC00BF1548E067846300BF00224F
:10AE90000521262024E029E000500040E844025823
:10AEA00000080258000C0258880002402C5100246F
:10AEB0000078004000100258A45100241004024001
:10AEC0001C5200240010014000000258945200243B
:10AED0000C5300240044004084530024FC530024FD
:10AEE000FAF766FF2620FAF74FFF89E04549206808
:10AEF0008842FAD101210020CDE90210209002A859
:10AF0000FCF736F908B1F7F71BFC00BF3E480068B4
:10AF100040F080003C4908600846006800F080006E
:10AF2000019000BF00BF00BF37481038006840F0F4
:10AF300010003549103908600846006800F010001C
:10AF4000019000BF00BF042030900220319000200B
:10AF5000329033900420349030A92C48FAF772FDD7
:10AF600008203090022031900020329033900B2046
:10AF7000349030A92548FAF765FD25482549086031
:10AF800076204860002123488160C1604FF48061D1
:10AF90000161002141618161C16101624162F8F793
:10AFA00085FF08B1F7F7CCFB00BF1A48C4F8800052
:10AFB000846300BF1648183017490860772048603E
:10AFC0004021154881600021C1604FF4806101611A
:10AFD000002141618161C16101624162F8F766FF50
:10AFE00008B1F7F7ADFB00BF0B48E067846300BF13
:10AFF000002205219C20FAF7DBFE9C20FAF7C4FE14
:10B0000036B010BD001C0140F04402580010025838
:10B010002804024074540024EC5400247047704704
:10B0200070B504460E461546D4F8880020283FD156
:10B0300006B10DB9012070BD44F8506FA580E580C0
:10B04000002020642120A063E06A503CE0B1194850
:10B05000E16FC8631848E16F08641848E16FC8647D
:10B060000020E16F0865236803F128022B46216D5B
:10B07000E06FF9F7A5F938B11020C4F8900020204E
:10B08000C4F888000120D6E740202168086200BF8C
:10B0900000BF2168083151E8001F41F0800021689D
:10B0A000083141E80002002AF3D100BF0020C2E7C6
:10B0B0000220C0E7E9FD00083DFE0008B7FC0008DB
:10B0C0000F4A0168914202D101210E4A11700E4AC5
:10B0D0000168914203D101210C4A11700EE00C4A23
:10B0E0000168914203D101210A4A117006E00A4A1F
:10B0F0000168914202D10121084A11707047000095
:10B100000010014055020024004400405602002473
:10B110000078004057020024001C0140580200241F
:10B120007047000070B5044600202074A37B484D92
:10B130002D8803FB05F26168D4F8F400F6F72EF8C9
:10B14000A27B434B1B8802FB03F16068F6F782F891
:10B15000A27B3F4B1B885A43A37B02FB03F1D4F82D
:10B160001801F6F777F8227B394B1B885A43A37BEB
:10B1700002FB03F1D4F80C01F6F76CF8002031E083
:10B18000D4F8F41001EB800191ED000AB5EEC00A8D
:10B19000F1EE10FA24D0D4F8F41001EB800191ED17
:10B1A000000A227CD4F8F41001EB820181ED000A40
:10B1B000227C616A8854A16901EB800191ED000A4B
:10B1C0006169095C227B237C12FB0311491ED4F8C0
:10B1D0000C2102EB810181ED000A217C491C2174C4
:10B1E000411CC8B2A17B8142CADC002011E0626A26
:10B1F000125CE16901EB820191ED000A227C00FB07
:10B200000202D4F8181101EB820181ED000A411C01
:10B21000C8B2217C8142EADC207CA4F87800217B42
:10B220007A200153207BA4F88000217C82200153E6
:10B23000207CA4F89000217C92200153207BA4F86C
:10B240009800217C9A200153207CA4F8480070BD0E
:10B250005405002400BFFEE770B52DED088B86B0C5
:10B2600004460D461646D4ED040ACD4890ED001A6A
:10B2700070EEC10AB0EE600A0EF09FF9DFEDC90A68
:10B28000B4EEE00AF1EE10FA26DCD4ED050AC64869
:10B2900090ED001A70EEC10AB0EE600A0EF08DF962
:10B2A000DFEDC00AB4EEE00AF1EE10FA14DCD4EDE2
:10B2B000060ABE4890ED001A70EEC10AB0EE600AB0
:10B2C0000EF07BF9DFEDB70AB4EEE00AF1EE10FA0A
:10B2D00002DC207800287DD094ED040ADFEDB40A6A
:10B2E00080EE201AB0EE41BAB0EE4B0AF5F7E6F860
:10B2F000F0EE408A94ED050ADFEDAD0A80EE201AEB
:10B30000B0EE41BAB0EE4B0AF5F7D8F8F0EE40AA2D
:10B3100094ED060ADFEDA60A80EE201AB0EE41BADF
:10B32000B0EE4B0AF5F7CAF8B0EE409A94ED040A75
:10B33000DFED9F0A80EE201AB0EE41BAB0EE4B0A64
:10B34000F5F7F8F8B0EE40AA94ED050ADFED980A9B
:10B3500080EE201AB0EE41BAB0EE4B0AF5F7EAF8EB
:10B36000F0EE409A94ED060ADFED910A80EE201A85
:10B37000B0EE41BAB0EE4B0AF5F7DCF8B0EE408A19
:10B3800068EE890A2AEE291AB0EE480A41EE000A50
:10B390008848C0ED000A2AEE8A0A874880ED000A34
:10B3A000B0EE480A28EE800A69EE0A0A00EEE90AC1
:10B3B000824880ED000A68EEA90AB0EE480A20EE45
:10B3C000800A09EE4A0A7E4880ED000A28EEAA0AA1
:10B3D0007C4800E021E080ED000AF1EE4A0AB0EE80
:10B3E000480A20EE800A68EE890A00EEE90A7648EB
:10B3F00080ED000AF1EE6A0AB0EE480A20EE800AFB
:10B40000724880ED000A7248C0ED009A2AEE890A5F
:10B41000704880ED000A00202070002011E005EB4C
:10B42000800191ED000A211D01EB8001D1ED000AA0
:10B4300020EE200A03A901EB800181ED000A411CE6
:10B44000C8B20328EBDB9DED030A5A48D0ED000A91
:10B4500020EE200ADDED040A574890ED001A01EEB7
:10B46000200ADDED050A554890ED001A01EE200A8C
:10B4700085ED000A9DED030A5148D0ED000A20EE4B
:10B48000200ADDED040A4F4890ED001A01EE200A73
:10B49000DDED050A4C4890ED001A01EE200A85ED1D
:10B4A000010A9DED030A4948D0ED000A20EE200A6A
:10B4B000DDED040A464890ED001A01EE200ADDEDAC
:10B4C000050A444890ED001A01EE200A85ED020AB3
:10B4D00000200AE006EB800191ED000A694601EBCD
:10B4E000800181ED000A411CC8B20328F2DB9DED0A
:10B4F000000A3048D0ED000A20EE200ADDED010AF6
:10B500002D4890ED001A01EE200ADDED020A2B48CD
:10B5100090ED001A01EE200A86ED000A9DED000A6A
:10B520002748D0ED000A20EE200ADDED010A25486B
:10B5300090ED001A01EE200ADDED020A224890ED9E
:10B54000001A01EE200A86ED010A9DED000A1F484F
:10B55000D0ED000A20EE200ADDED010A1C4890ED36
:10B56000001A01EE200ADDED020A1A4890ED001AD9
:10B5700001EE200A86ED020A94ED040A084880EDE7
:10B58000000A94ED050A084880ED000A94ED060AC9
:10B59000064880ED000A06B0BDEC088B70BD0000C7
:10B5A000FC0100246F12833A0002002404020024EC
:10B5B000E12E6542080200240C020024100200243F
:10B5C00014020024180200241C020024200200247B
:10B5D000240200242802002410B5044654F8EC0F7D
:10B5E00090ED000A834880ED000A206890ED010A82
:10B5F000814880ED000A206890ED020A7F4880EDC6
:10B60000000A54F8EC0990ED030A7D4880ED000A29
:10B610007848D0ED000A60EEA00A774890ED001A55
:10B62000D0ED001A41EE210A744890ED001AD0EDD9
:10B63000001A41EE210A724890ED001AD0ED001A6E
:10B6400041EE210AB0EE600A0FF022FB6D4880ED5A
:10B65000000A002012E0D4F8EC1001EB800191ED1B
:10B66000000A6849D1ED000A20EE200AD4F8EC1057
:10B6700001EB800181ED000A411CC8B20428EADB1D
:10B68000614890ED6F0A5C48D0ED000A20EE200A78
:10B69000F0EE000A80EE201AF834A06880ED041A5B
:10B6A000594890ED6F0A5548D0ED000A20EE200A67
:10B6B000F0EE000A80EE201AA06880ED051A5248CC
:10B6C00090ED6F0A4B48D0ED000AF1EE600A20EED3
:10B6D000200AF0EE000A80EE201AA06880ED0A1A17
:10B6E000494890ED6F0A4648D0ED000A20EE200A46
:10B6F000F0EE000A80EE201AA06880ED0B1A424896
:10B7000090ED6F0A3E48D0ED000AF1EE600A20EE9F
:10B71000200AF0EE000A80EE201AA06880ED101AD0
:10B72000394890ED6F0A3348D0ED000AF1EE600A17
:10B7300020EE200AF0EE000A80EE201AA06880EDCC
:10B74000111A314890ED6F0A2C48D0ED000A20EE16
:10B75000200AF0EE000A80EE201AA06880ED161A8A
:10B76000294890ED6F0A2448D0ED000AF1EE600AF6
:10B7700020EE200AF0EE000A80EE201AA06880ED8C
:10B78000171A206890ED1C0A1F48D0ED740A80EE4D
:10B79000201A206880ED1C1A206890ED230A1A48B0
:10B7A000D0ED740A80EE201A206880ED231A54F838
:10B7B000F80990ED1C0ADFED150AB4EEE00AF1EE8F
:10B7C00010FA05DD9FED110AD4F8F80080ED1C0A8F
:10B7D000D4F8F80090ED230ADFED0C0AB4EEE00A8D
:10B7E000F1EE10FA05DD9FED090AD4F8F80080EDBE
:10B7F000230A10BDF8050024FC05002400060024DF
:10B800000406002408060024A006012400401C466B
:10B8100010B52DED068BF0EE408AB0EE60AAB0EECA
:10B82000419AB0EE618AF0EE429A01203A490870DE
:10B830000846C0ED6C8A80ED6DAA80ED6E9A9FED92
:10B84000370A80ED730A002081F838010A46C2F8F1
:10B850004001C2F844010021C2F84811C2F84C115D
:10B86000B7EE000AB4EEC08AF1EE10FA03DDB7EECF
:10B87000000AB0EE408A284880ED748AC0ED649AD0
:10B88000032300220621001D01F07CFA244B012233
:10B890001146A3F10800F4F70BFFB7EE000A1E48AB
:10B8A000D0F8EC0080ED000A9FED1E0A1A48D0F88F
:10B8B000EC0080ED010A9FED1B0A1748D0F8EC0060
:10B8C00080ED020A9FED170A1348D0F8EC0080EDD6
:10B8D000030A15491048C0F8D0101449C0F8D41014
:10B8E0001349C0F8D8101349C0F8DC10012180F8C2
:10B8F0002E1080F82F1001469022D1F804010E4935
:10B90000F5F74CFC04499022D1F8FC000B49F5F7FF
:10B9100045FCBDEC068B10BDA006012477CC2B3274
:10B92000680801240000000041B90008D9B50008EA
:10B9300075B90008C9C00008F0EA010858050024DC
:10B9400010B5044654F8F81F90220748F5F726FC76
:10B9500048220648616AF5F721FC6169F83C4822F3
:10B960000348F5F71BFC10BD58050024800801248E
:10B97000C808012410B5044654F8EC0F90ED000AF5
:10B98000F0EE000A20EE200A3F4880ED000A206811
:10B9900090ED010AF0EE000A20EE200A3B4880ED0F
:10B9A000000A206890ED020AF0EE000A20EE200A5C
:10B9B000374880ED000A206890ED030AF0EE000A97
:10B9C00020EE200A334880ED000A14F8DE2C324BBA
:10B9D0001B885A4314F8E03C02FB03F1206AF5F798
:10B9E00039FC2B4890ED000AB1EE400A206A80ED48
:10B9F000000A284890ED000A206A80ED010A2248DA
:10BA000090ED000AB1EE400A206A80ED020A1F485C
:10BA100090ED000A206A80ED030A1C4890ED000AB0
:10BA2000206A80ED060A184890ED000A206A80ED31
:10BA3000070A184890ED000A206A80ED080A1448A9
:10BA400090ED000A206A80ED090A0F4890ED000A87
:10BA5000206A80ED0C0A0D4890ED000AB1EE400A14
:10BA6000206A80ED0D0A0A4890ED000AB1EE400A06
:10BA7000206A80ED0E0A074890ED000A206AEC3C2F
:10BA800080ED0F0A10BD00000C06002410060024F3
:10BA900014060024180600245405002410B52DEDCA
:10BAA000088BB0EE40ABB0EE41BAF0EE618AB0EE7A
:10BAB000429BB0EE438AFE48007858B99FEDFD2ABC
:10BAC000F7EE001A9FEDFC1ADFEDFC0AB2EE040A55
:10BAD000FFF79EFEF64880ED6F8A90ED580A3AEE29
:10BAE000400A80ED5B0A90ED590A3AEEC00A80EDFB
:10BAF0005C0A90ED5A0A3BEE400A80ED5D0A90ED3B
:10BB00005B0AF6EE000A20EE200A20EE080AEC4856
:10BB100080ED000AE64890ED5C0AF6EE000A20EEA1
:10BB2000200A20EE080AE74880ED000AE04890ED80
:10BB30005D0AF6EE000A20EE200A20EE080AE2482E
:10BB400080ED000ADA499022D1F80401DF49F5F7C7
:10BB500025FBDB4890ED000AB1EE400AD448D0F84E
:10BB6000040180ED010AD74890ED000AB1EE400AC9
:10BB7000CF48D0F8040180ED020AD34890ED000AC6
:10BB8000B1EE400ACA48D0F8040180ED030ACC485F
:10BB900090ED000AC648D0F8040180ED060ACA48B4
:10BBA00090ED000AC248D0F8040180ED080AC548AB
:10BBB00090ED000AB1EE400ABD48D0F8040180EDD6
:10BBC000090AC04890ED000AB948D0F8040180ED98
:10BBD0000C0ABD4890ED000AB1EE400AB448D0F816
:10BBE000040180ED0D0AB64890ED000AB048D0F887
:10BBF000040180ED0F0AB44890ED000AAC48D0F87B
:10BC0000040180ED120AAF4890ED000AA848D0F870
:10BC1000040180ED130AAA4890ED000AB1EE400A33
:10BC2000A348D0F8040180ED140AA148D0F84811C7
:10BC3000D0F84C01002359405840014306D19C489C
:10BC4000C0ED5E8A80ED5F9AC0ED609A984890EDF5
:10BC50005E0AD0ED640A60EE200A90ED6F0A90ED66
:10BC6000641A30EE011A80EE810AD0ED6F0A90ED71
:10BC7000641A70EE810A90ED6F1A21EE281AC1EE57
:10BC8000201A30EE210A80ED5E0A90ED5F0AD0EDB9
:10BC9000640A60EE200A90ED6F0A90ED641A30EEAF
:10BCA000011A80EE810AD0ED6F0A90ED641A70EEF1
:10BCB000810A90ED6F1A21EE091AC1EE201A30EEBA
:10BCC000210A80ED5F0A90ED600AD0ED640A60EE13
:10BCD000200A90ED6F0A90ED641A30EE011A80EEA2
:10BCE000810AD0ED6F0A90ED641A70EE810A90ED32
:10BCF0006F1A21EE291AC1EE201A30EE210A80EDCA
:10BD0000600AD0ED5E0A60EEA00A90ED5F1AD0EDF9
:10BD10005F1A41EE210A90ED601AD0ED601A41EEF3
:10BD2000210AB0EE600A0EF0B3FF694880ED000A08
:10BD3000002011E0674901EB800191ED000A6449A0
:10BD4000D1ED000A20EE200A5949896801EB8001F3
:10BD500081ED000A411CC8B20328EBDB5448D0ED4A
:10BD60005B0A60EEA00A90ED5C1AD0ED5C1A41EE21
:10BD7000210A90ED5D1AD0ED5D1A41EE210AB0EE78
:10BD8000600A0EF085FFF7EE000A80EE801A484840
:10BD900080ED651A4E4890ED000AF7EE000A80EE3D
:10BDA000801A434880ED661A90ED650ADFED4A0A75
:10BDB000B4EEE00AF1EE10FA16D290ED660ADFED6D
:10BDC000470AB4EEE00AF1EE10FA0DDD90ED660AD6
:10BDD000DFED430AB4EEE00AF1EE10FA04D20120DE
:10BDE000334981F8390103E00020314981F83901F4
:10BDF0002F4890ED6C0AD0ED6F0A20EE200AD0F8A3
:10BE0000180180ED000A2A4890ED6C0AD0ED6F0A07
:10BE100020EE200AD0F8180180ED070A244890EDA2
:10BE20006C0AD0ED6F0A20EE200AD0F8180180EDE0
:10BE30000E0A1F4890ED6C0AD0ED6F0A20EE200A22
:10BE4000D0F8180180ED150A194890ED6D0AD0ED73
:10BE50006F0A20EE200AD0F8180180ED1C0A144861
:10BE600090ED6D0AD0ED6F0A20EE200AD0F818018F
:10BE700080ED230A0E4890ED6E0AD0F81C0180ED8B
:10BE8000000A0B4890ED6E0AD0F81C0180ED040A00
:10BE9000074890ED6E0AD0F81C0180ED080A0448AE
:10BEA000001D01F0EFFB0248406890ED000A19E028
:10BEB000A0060124000000008096184B6F12833A00
:10BEC000E8050024EC050024F0050024F0EA010850
:10BED000F4050024180801249A99993ECDCC144108
:10BEE000CDCC2441734880ED540A406890ED010A9E
:10BEF000704880ED550A406890ED020A6D4880ED6B
:10BF0000560A406890ED030A6A4880ED570A406877
:10BF100090ED040A674880ED580A406890ED050AE4
:10BF2000644880ED590A1FED1D0A80ED5A0A90ED14
:10BF3000541A21EE011AD0ED551A90ED552A01EE52
:10BF4000821AF7EE001AB0EE002A52EE011AF0EE55
:10BF5000610A90ED541AD0ED571A21EE211AD0ED56
:10BF6000551A90ED562A01EE821AF0EE001A21EED3
:10BF7000211AB0EE410A07F001FADFED4F0A20EE78
:10BF8000200A4C4880ED6A0A90ED541A21EE011AFD
:10BF9000D0ED571A90ED572A01EE821AF7EE001AEB
:10BFA000B0EE002A52EE011AF0EE610A90ED541A3A
:10BFB000D0ED551A21EE211AD0ED561A90ED572AE0
:10BFC00001EE821AF0EE001A21EE211AB0EE410ABB
:10BFD00007F0D4F9DFED380A20EE200A354880ED6D
:10BFE000690AD0ED550A90ED571A60EE810A90ED7E
:10BFF000541AD0ED561A41EE610AB8EE001A60EEFE
:10C00000810AB0EE600A07F01DF9DFED2B0A20EE81
:10C01000200A284880ED680A90ED6A0AD0ED760A79
:10C0200030EE600ADFED250AB4EEE00AF1EE10FA18
:10C0300007DDB0F8D401401E00B21E49A1F8D401BA
:10C0400014E01C4890ED6A0AD0ED760A30EE600AE2
:10C05000DFED1B0AB4EEE00AF1EE10FA06D2B0F8FA
:10C06000D401401C00B21349A1F8D401114890ED4D
:10C070006A0AB0F9D40100EE900AF8EEE00A9FEDEA
:10C08000111A01EE200A0B4880ED6B0A90ED6A0A46
:10C0900080ED760AD0F84821D0F84C01521C40F1CE
:10C0A00000000449C1F84821C1F84C01BDEC088BDF
:10C0B00010BD0000A0060124E12E654200003443BB
:10C0C000000034C30000B44370B52DED028B04466C
:10C0D00004F1800104F17800F4F7A8FE84F8C800A8
:10C0E000B4F87800A4F8A8005A20015BAA200153F4
:10C0F00004F1A80204F1580104F17800F4F774FD8A
:10C1000084F8C800B4F8A800A4F8B0008220015B4D
:10C11000B220015304F1B00204F1800104F1A8003F
:10C12000F4F762FD84F8C800B4F89000A4F8A00009
:10C130009220015BA220015304F1A00204F19001BE
:10C1400004F1B000F4F730FA84F8C80004F1B0014B
:10C1500004F1A000F4F7B0FAAC342077206C90ED35
:10C16000000AFE4880ED000A206C90ED010AFC48B0
:10C1700080ED000A206C90ED020AFA4880ED000A7A
:10C18000206C90ED030AF84880ED000A34F8340C76
:10C19000A081AC3C0121BA200153F14890ED000A86
:10C1A000F148D0ED000A20EE200AEC48D0ED000A5C
:10C1B000EC4890ED001A00EEC10AF0EE000A20EE05
:10C1C000200AD4F82C0180ED000AE44890ED000A22
:10C1D000E348D0ED000A20EE200AE248D0ED000A44
:10C1E000E14890ED001A00EE810AF0EE000A20EE20
:10C1F000200AD4F82C0180ED010AD84890ED000AFD
:10C2000020EE000AD648D0ED000A90ED001A00EEAC
:10C21000C10AD448D0ED000A90ED001A00EEC10A20
:10C22000D148D0ED000A90ED001A00EE810AD4F852
:10C230002C0180ED020A002514E0D4F82C0100EB5B
:10C24000850090ED000AF0EEC00AB0EE608AB0EE14
:10C25000480A06F065FFC54800EB850080ED000A3E
:10C26000681CC5B2032DE8DBB4F84800A4F8C00090
:10C270000121C220015304F1C00204F1B80104F10C
:10C280004800F4F74FFD84F8C800B4F8C000A4F8E3
:10C29000A8000121AA20015304F1A80204F1C00161
:10C2A00004F1B000F4F7A0FCB83420740120208021
:10C2B0002189B83CBA20015304F1B80104F1C0004F
:10C2C000F4F7B4FD84F8C800A84A3C3204F1A80190
:10C2D00004F1B800F4F788FC84F8C800A44890ED95
:10C2E000720AD0ED730AB6EE001A60EE810AB4EE5F
:10C2F000E00AF1EE10FA03D201209D4981F83801DD
:10C300009B4890ED720AD0ED730AB4EEE00AF1EEAC
:10C3100010FA45DD90F83801002841D0944890F893
:10C32000390168B19248D0F84031D0F84401591C25
:10C3300040F100008E4AC2F84011C2F8440105E005
:10C3400000208B4AC2F84001C2F84401884800F539
:10C35000A0700CC80020D2F13201984106D2002012
:10C36000834981F8380184F82C0049E0237B814D12
:10C370002D8803FB05F2D4E93A01F4F70FFF237B84
:10C380007C4D2D886B43257B03FB05F2D4E93E01F0
:10C39000F4F704FF012084F82C00BDEC028B70BD83
:10C3A000734890ED720AD0ED730A9FED731A60EE38
:10C3B000810AB4EEE00AF1EE10FA14DD90F83801CB
:10C3C00088B16B4890ED730AD0ED720A30EE600AC6
:10C3D000D0ED730A9FED691A60EE810A80EE201A93
:10C3E00080ED671A04E0B7EE000A614880ED670A45
:10C3F00000205F4AC2F84001C2F8440184F82C00D2
:10C40000B4F85800A4F8A8008220015BAA200153C8
:10C4100004F1A80204F1800104F15800F4F7E4FBF0
:10C4200084F8C80004F1980204F1B00104F1A800F6
:10C43000F4F7DAFB84F8C800002012E0D4F81C11ED
:10C4400001EB800191ED000A4949D1ED670A20EE28
:10C45000200AD4F81C1101EB800181ED000A411C77
:10C46000C8B2B4F898109A22125B51438142E5DCBD
:10C47000042025E000211FE0021F3C4B03EB820259
:10C4800092ED000ADFED3E0A80EE201A00EB400339
:10C490000B44D4F81C2102EB830292ED000A21EE3A
:10C4A000000A00EB40030B44D4F81C2102EB83028A
:10C4B00082ED000A4A1CD1B20329DDDB411CC8B25F
:10C4C0000628D7DBB4F89800A4F8B8000121BA20F8
:10C4D000015304F1B80204F1C00104F19800F4F72B
:10C4E00083FB84F8C800224890F83801A0B30420E8
:10C4F00058E0BC21095901EB800191ED000A1C496B
:10C50000D1ED6F0A9FED1F1A60EE810AB4EEE00ACA
:10C51000F1EE10FA0BDD91ED6F0ADFED1A0A20EE55
:10C52000200ABC21095901EB800181ED000ABC21E0
:10C53000095901EB800191ED000A0D49D1ED6F0A17
:10C540009FED111A60EE810AB4EEE00AF1EE10FAE6
:10C5500026D291ED6F0A19E026E000001C060024A7
:10C560002006002424060024280600242408012490
:10C57000A006012454050024CDCCCC3D6666663F60
:10C58000DA0FC93F0AD7233C0AD723BC5FED020A62
:10C5900020EE200ABC21095901EB800181ED000A3F
:10C5A000411CC8B20628A4DB9FED080ABC20005934
:10C5B00080ED030A04F1300204F1B80104F13800FF
:10C5C000F3F7F2FF84F8C80000BFE6E600000000C1
:10C5D00010B52DED028B1548D0ED060AB0EE600ABD
:10C5E0001348D0ED000A134802F05FF81148406B81
:10C5F00000EE100A0DF03EF800EE100AB8EEC00A88
:10C60000B0EE408A9FED0C1ADFED0C0A0DF01CF81D
:10C61000BCEEC00A10EE100A84B222460C21084873
:10C6200003F0F4F9BDEC028B10BD000080FB002488
:10C63000E8010024D4FA00240000804F000000002C
:10C64000B04D002410B5B7EE000A2C4880ED010A69
:10C65000B7EE000A80ED020AB7EE000A80ED030A89
:10C660009FED270A80ED040A9FED250A80ED050A5B
:10C670009FED230A80ED060A0120204908709FEDF6
:10C68000202AF7EE001A9FED1F1ADFED1F0AB2EE07
:10C69000040AFFF7BDF800221146DFED194A9FEDAD
:10C6A000184ADFED173A9FED163ADFED152AB3EE83
:10C6B000042ADFED161A9FED121ADFED140A9FED22
:10C6C000140A144802F058F90C211348FDF78EFCA7
:10C6D0009FED120A124880ED100A9FED090A80EDC5
:10C6E000210A00200E49A1F888009FED050A08469E
:10C6F00080ED230A002081F8900010BDB8FA0024D4
:10C70000000000008096184B6F12833A0000964399
:10C7100000004844D4FA0024B04D002496430B3C5A
:10C7200024FA002430B52DED028B87B0FE4A07CAEB
:10C7300004AB07C3FD48F5F7F7FEFD4880ED000A9E
:10C7400090ED000AB5EEC00AF1EE10FA0FD990EDA7
:10C75000000ADFEDF80AB4EEE00AF1EE10FA06DCAA
:10C7600090ED000AB4EE400AF1EE10FA08D0F2485B
:10C770000068401CF049086007B0BDEC028B30BD7A
:10C78000EE4890ED000AEA48D0ED000A30EE200AAB
:10C79000EA4880ED000A00BFE94AA2F10C01A1F1CC
:10C7A0000C00F4F79FFF012500241FE0E4480C383B
:10C7B00000EB840090ED000AB4EE400AF1EE10FAAE
:10C7C00010D1DF480C3800EB8400D0ED000AB0EE49
:10C7D000600A0CF0F2FEDFEDDB0AB4EEE00AF1EEE7
:10C7E00010FA01DD002503E0601CC4B2032CDDDB80
:10C7F00000BF25B300241FE0D148183800EB8400A7
:10C8000090ED000AB4EE400AF1EE10FA10D1CC48D7
:10C81000183800EB8400D0ED000AB0EE600A0CF08E
:10C82000CCFEDFEDC90AB4EEE00AF1EE10FA01DD4C
:10C83000002503E0601CC4B2032CDDDB00BF75B92A
:10C84000C2480078401CC149087008460078642836
:10C8500008DAB9480068401CB74908608CE7002036
:10C86000BA490870B648183890ED030AB84880ED08
:10C87000070AB348183890ED040AB54880ED080A55
:10C88000AF48183890ED050AB14880ED090AAC4868
:10C89000183890ED000AAE4880ED040AA848183810
:10C8A00090ED010AAA4880ED050AA548183890EDD8
:10C8B000020AA74880ED060AD0ED040A60EEA00A3D
:10C8C00090ED051AD0ED051A41EE210A90ED061AF9
:10C8D000D0ED061A41EE210AB0EE600A07F055F9D4
:10C8E000F0EE408A9A48D0ED070A60EEA00A90ED7B
:10C8F000081AD0ED081A41EE210A90ED091AD0ED80
:10C90000091A41EE210AB0EE600A07F03EF9B0EED6
:10C91000408A9FED900AF4EEC08AF1EE10FA45D2FB
:10C920009FED8D0AB4EEC08AF1EE10FA3EDD9FED68
:10C930008B0AB4EEC08AF1EE10FA37D2844890ED3B
:10C94000230AD0ED060A30EE200A80ED230AB0F863
:10C950008800401C7E49A1F888000846B0F888008D
:10C9600064282CDB0846D0ED230AB0F8880000EEDE
:10C97000100AB8EE401A80EE810ADFED760A20EE4A
:10C98000200A0846D0ED210A9FED751A00EE810AB3
:10C9900080ED210A012081F890000020A1F8880094
:10C9A0009FED700A084680ED230A08E000206849E0
:10C9B000A1F888009FED6B0A084680ED230A6448C1
:10C9C00090F8900040B1624890ED060AD0ED210A3F
:10C9D00030EE600A80ED060A5D4A1C32A2F10C01BD
:10C9E0006148FEF739FC5A4890ED091AF0EE410A09
:10C9F00090ED071AB0EE410A06F0C0FCB1EE400A15
:10CA0000DFED5A0A20EE200ADFED590A80EE201AE7
:10CA10004F4880ED1A1A90ED091AF0EE410A90ED98
:10CA2000081AB0EE410A06F0A9FCDFED500A20EE2C
:10CA3000200ADFED4F0A80EE201A454880ED1B1AD0
:10CA400090ED093AF0EE432A90ED083AB0EE432A11
:10CA500090ED073AF0EE431A90ED063AB0EE431A25
:10CA600090ED053AF0EE430A90ED043AB0EE430A39
:10CA70002F4890ED003AFFF711F835493D48D0E9CD
:10CA80001534026DC06D81E81C00C8600A4644314F
:10CA90003948F4F73DFF2E4A02F150013748F4F7C8
:10CAA00037FF2B4A02F15C013548F4F731FF284A81
:10CAB00001A904A8F5F797FD002069E024491C317D
:10CAC00001EB800191ED000A01A901EB8001D1ED9C
:10CAD000000A30EE600A1649D1ED000A60EE200A25
:10CAE0001B4991ED100A124991ED001A30EE011A1E
:10CAF00080EE810A1649283101EB8001D1ED000A50
:10CB0000134991ED101A60EE810A91ED101A08494F
:10CB1000D1ED001A31EE211AC0EE811A30EE210A51
:10CB20000B4928312EE00000D0EA0108D80100248A
:10CB3000DC010024CDCCCC3DF4010024E001002434
:10CB400098FB00240000C84200004842F80100247D
:10CB500024FA0024CDCC4C3DCDCC1441CDCC244185
:10CB60003333733F00000000B8FA00240000344360
:10CB7000DB0F4940A0070124ACEA0108B8EA01082C
:10CB8000C4EA010801EB800181ED000A411CC8B232
:10CB9000032893DB304A02F13401A1F10C00F4F7D1
:10CBA000B7FE2E4890ED6A0A2B4880ED1E0A2B48EE
:10CBB00090ED690A284880ED1D0A284890ED680A22
:10CBC000254880ED1C0A90ED1E0AB4EE400AF1EEF5
:10CBD00010FA0DD190ED1D0AB4EE400AF1EE10FAF4
:10CBE00006D190ED1C0AB4EE400AF1EE10FA18D00E
:10CBF0001FED242AF7EE001A9FED191ADFED190A2E
:10CC0000B2EE040AFEF704FE1FED2A0A124880ED78
:10CC10001E0A1FED2C0A80ED1D0A1FED2E0A80ED65
:10CC20001C0A0E4890ED6B0A0B4880ED1F0A0E4857
:10CC300090ED060A084880ED200A00BF0B480078F6
:10CC400000F0010008B9FFF7C3FC08480068401C69
:10CC50000649086000BF8FE524FA0024A0060124DD
:10CC60008096184B6F12833A80FB0024F401002455
:10CC700007200EF035F902E064200EF031F9F4F7E8
:10CC800016FD0028F8D1FFF7DDFC52E0FFF74AFD62
:10CC9000284890ED1E0ADFED280A20EE200ADFED7D
:10CCA000270A80EE201A264880ED001A214890EDD0
:10CCB0001D0ADFED210A20EE200ADFED200A80EEBA
:10CCC000201A1F4880ED011A1A4890ED1C0ADFED6A
:10CCD0001A0A20EE200ADFED190A80EE201A184801
:10CCE00080ED021A134890ED040A154880ED030AFE
:10CCF000104890ED050A124880ED040A0D4890EDA9
:10CD0000060A0F4880ED050A0A4890ED070A0C480C
:10CD100080ED060A074890ED080A094880ED070AE9
:10CD2000044890ED090A064880ED080A022010F038
:10CD300025FAABE724FA0024DB0F49400000344316
:10CD40009CFB002430B50B46002100BF16E00A24EE
:10CD5000B4EB107F05D9302404EB107403F81140B4
:10CD600005E0412404EB10740A3C03F81140000173
:10CD700000254C00641C1D554C1CE1B29142E6DBC1
:10CD800030BD00000FB583B00420FE4908800820A4
:10CD9000FD490880DDE9031008730399059848737D
:10CDA00003990698887300210398017406980290ED
:10CDB00010F041F803994861069802900398406981
:10CDC00001900299F4F724FAEE4800880699484346
:10CDD000029010F030F803998861EA4800880699BB
:10CDE000484302900398806901900299F4F732FA5F
:10CDF000E448008806994843029010F01CF8039913
:10CE0000C861E04800880699484302900398C069C9
:10CE100001900299F4F71EFADA4800880499484311
:10CE2000029010F008F803990862D6480088049927
:10CE3000484302900398006A01900299F4F70AFAB5
:10CE4000069802900FF0F7FF039948620698029047
:10CE50000398406A01900299F4F7DAF9C94800880A
:10CE60000499484302900FF0E6FF03990860C54813
:10CE70000088049948430290039800680190029941
:10CE8000F4F7E8F9BF4800880699484302900FF08C
:10CE9000D2FF03994860BB48008806994843029036
:10CEA0000398406801900299F4F7D4F9B5480088D6
:10CEB0000599484302900FF0BEFF03998860B1487E
:10CEC0000088059948430290039880680190029970
:10CED000F4F7C0F9AB4800880499484302900FF07A
:10CEE000AAFF0399C1F8E800A648008804994843BE
:10CEF00002900398D0F8E80001900299F4F7AAF99B
:10CF00000398D0F8E80002900398007B019001227A
:10CF10000146DDE902303030F3F7CAFB994800885A
:10CF20000499484302900FF086FF0399C1F8EC0082
:10CF3000944800880499484302900398D0F8EC0084
:10CF400001900299F4F786F90398D0F8EC0002906A
:10CF50000398007B019001220146DDE90230383060
:10CF6000F3F7A6FB059818B386480088059948434F
:10CF700002900FF060FF0399C1F8F000814800882B
:10CF80000599484302900398D0F8F0000190029967
:10CF9000F4F760F90398D0F8F00002900398407B12
:10CFA000019001220146DDE902304030F3F780FBB9
:10CFB000744800880699484302900FF03CFF03999B
:10CFC000C1F8F4006F48008806994843029003981E
:10CFD000D0F8F40001900299F4F73CF90398D0F8E6
:10CFE000F40002900398807B019001220146DDE964
:10CFF00002304830F3F75CFB6248008804994843EC
:10D00000484302900FF017FF0399C1F8F8005D48FC
:10D01000008804994843484302900398D0F8F800E8
:10D0200001900299F4F716F90398D0F8F8000290ED
:10D030000398007B01900398007B00900146DDE996
:10D0400002305030019AF3F733FB4E4800880499C0
:10D050004843484302900FF0EEFE0399C1F8FC00EC
:10D060004848008804994843484302900398D0F800
:10D07000FC0001900299F4F7EDF80398D0F8FC0059
:10D0800002900398007B01900398007B009001467A
:10D09000DDE902305830019AF3F70AFB394800887D
:10D0A00004994843484302900FF0C5FE0399C1F824
:10D0B00000013448008804994843484302900FF027
:10D0C000BAFE0399C1F804012E4800880499484328
:10D0D000484302900398D0F8000101900299F4F7B8
:10D0E000B9F82848008804994843484302900398B7
:10D0F000D0F8040101900299F4F7ACF80398D0F845
:10D10000000102900398007B01900398007B00903F
:10D110000146DDE902306030019AF3F7C9FA03985D
:10D12000D0F8040102900398007B01900398007BE3
:10D1300000900146DDE902306830019AF3F7B8FA51
:10D14000059878B30F4800880499484305994843E7
:10D1500002900FF070FE0399C1F808010948008899
:10D16000049948430599484302900398D0F8080170
:10D1700001900299F4F76EF80398D0F80801029034
:10D18000039803E05405002456050024407B0190D9
:10D190000398007B00900146DDE902307030019A6F
:10D1A000F3F786FAB948008806994843049948433A
:10D1B00002900FF040FE0399C1F80C01B3480088BB
:10D1C000049948430699484302900FF034FE0399AE
:10D1D000C1F81001AD4800880699484304994843B6
:10D1E00002900398D0F80C0101900299F4F732F8FC
:10D1F000A64800880499484306994843029003983A
:10D20000D0F8100101900299F4F724F80398D0F8AF
:10D210000C0102900398007B01900398807B0090A2
:10D220000146DDE902307830019AF3F741FA0398BC
:10D23000D0F8100102900398807B01900398007B46
:10D2400000900146DDE902308030019AF3F730FAB0
:10D250008E48008804994843484302900FF0EBFD44
:10D260000399C1F814018948008804994843484348
:10D2700002900398D0F8140101900299F3F7EAFFA5
:10D280000398D0F8140102900398007B0190039852
:10D29000007B00900146DDE902308830019AF3F707
:10D2A00007FA7A48008806994843484302900FF0ED
:10D2B000C2FD0399C1F818017448008806994843D3
:10D2C000484302900398D0F8180101900299F3F7AF
:10D2D000C1FF0398D0F8180102900398807B019059
:10D2E0000398807B00900146DDE902309030019A7E
:10D2F000F3F7DEF9654800880499484306994843E6
:10D3000002900FF098FD0399C1F81C015F48008856
:10D31000049948430699484302900398D0F81C01A9
:10D3200001900299F3F796FF0398D0F81C01029040
:10D330000398807B01900398007B00900146DDE913
:10D3400002309830019AF3F7B3F90398007B4F4904
:10D35000098848430399097B484302900FF06BFD0D
:10D360000399C1F820010398007B48490988484384
:10D370000399097B484302900FF05DFD0399C1F8C2
:10D3800024010398007B4149098848430399097B9C
:10D39000484302900FF04FFD0399C1F8280103980C
:10D3A000007B3A490988484302900FF044FD0399F5
:10D3B000C1F82C010398007B344909884843029046
:10D3C0000FF039FD0399C1F830010398D0F820011E
:10D3D00002900398007B01900398007B0090014627
:10D3E000DDE90230A030019AF3F762F90398D0F832
:10D3F000240102900398007B01900398007B009029
:10D400000146DDE90230A830019AF3F751F903989B
:10D41000D0F8280102900398007B01900398007BCC
:10D4200000900146DDE90230B030019AF3F740F98F
:10D430000398D0F82C0102900398007B0190012200
:10D440000146DDE90230B830F3F732F90398D0F83D
:10D45000300102900398007B019001220146DDE932
:10D460000230C030F3F724F90021039880F8281027
:10D47000039880F82910039880F82A10039880F800
:10D480002B10039880F82C1007B000BD5405002421
:10D4900070B50446E07B18B12046FDF743FE11E06D
:10D4A000A37B0E4D2D8803FB05F26168D4F8F400D0
:10D4B000F3F774FEA27B094B1B8802FB03F1606843
:10D4C000F3F7C8FE637B054D2D8803FB05F2A168C9
:10D4D000D4F8F000F3F762FE70BD0000540500249C
:10D4E00010B5044694F82C0068BBB4F89800A4F872
:10D4F000A8007A20015BAA200153B4F8A800A4F880
:10D50000B0005A20015BB220015304F1A80204F1DB
:10D51000780104F19800F3F767FB84F8C80004F180
:10D52000B00204F1580104F1A800F3F75DFB84F8A0
:10D53000C80004F1500204F1B00104F15800F3F7FF
:10D54000F1FB84F8C80010BD10B5044694F829001A
:10D5500068BB04F1680104F16000F3F767FC84F82C
:10D56000C80004F1580204F1500104F16000F3F71F
:10D570003BFB84F8C800B4F85800A4F8A8006A205F
:10D58000015BAA20015304F1A80204F1680104F12F
:10D590005800F3F729FB84F8C80004F1580204F19D
:10D5A000880104F1A800F2F7FFFF84F8C80010BD5D
:10D5B00010B5044694F82A00002861D104F18001D6
:10D5C00004F17800F3F732FC84F8C800B4F878006E
:10D5D000A4F8A8005A20015BAA20015304F1A80274
:10D5E00004F1580104F17800F3F7FEFA84F8C8005A
:10D5F000B4F8A800A4F8B0008220015BB220015367
:10D6000004F1B00204F1800104F1A800F3F7ECFA90
:10D6100084F8C800B4F89000A4F8A0009220015B40
:10D62000A220015304F1A00204F1900104F1B00022
:10D63000F2F7BAFF84F8C80004F1B00104F1A000C9
:10D64000F3F73AF884F8C800B4F85800A4F8A80032
:10D650008220015BAA20015304F1A80204F1800199
:10D6600004F15800F3F7C0FA84F8C80004F19802F6
:10D6700004F1B00104F1A800F3F7B6FA84F8C80089
:10D6800010BD000070B504462046FFF701FFD4F836
:10D69000CC0018B12046D4F8CC108847204600F0C2
:10D6A00085F8D4F8D00018B12046D4F8D0108847B7
:10D6B0002046FFF749FFD4F8D40018B12046D4F82B
:10D6C000D4108847207C08B9E07BB8B92046FFF722
:10D6D0006FFFD4F8D80018B12046D4F8D810884786
:10D6E000204600F0A1F8D4F8DC0018B12046D4F8A8
:10D6F000DC1088472046FFF7F3FE13E0237B2A4D1A
:10D700002D8803FB05F2D4E93A01F3F747FD237BAB
:10D71000254D2D886B43257B03FB05F2D4E93E01A3
:10D72000F3F73CFDD4F8E00018B12046D4F8E0103F
:10D730008847002022E0227B00FB0202D4F8F81088
:10D7400001EB820191ED000A216A01EB8001D1ED2C
:10D75000000AB4EEE00AF1EE10FA0DD2216A01EBF4
:10D76000800191ED000A227B00FB0202D4F8F81040
:10D7700001EB820181ED000A411CC8B2217B81428C
:10D78000D9DC237B084D2D8803FB05F2D4F8E81083
:10D790002068F3F703FDD4F8E40018B12046D4F86C
:10D7A000E4108847206870BD5405002410B5044675
:10D7B00094F8280060BB607B00282ADD207BA4F859
:10D7C000B8000121BA20015304F1B80204F130017C
:10D7D00004F16000F3F708FA84F8C800207BA4F88D
:10D7E000C0000121C220015304F1C00204F1400134
:10D7F00004F17000F3F7F8F984F8C80004F1380276
:10D8000004F1C00104F1B800F2F7CEFE84F8C800BC
:10D8100009E004F1380204F1300104F16000F3F78B
:10D82000E3F984F8C80010BD10B5044694F82B0045
:10D83000E0BBB4F87800A4F8B8000121BA20015385
:10D8400004F1B80204F1380104F17800F3F7CCF9DF
:10D8500084F8C800B4F84800A4F8C0000121C22030
:10D86000015304F1C00204F1B80104F14800F3F7D8
:10D8700059FA84F8C800B4F89800A4F8B800012157
:10D88000BA20015304F1B80204F1C00104F1980078
:10D89000F3F7AAF984F8C80004F1300204F1B801E2
:10D8A00004F13800F2F780FE84F8C80010BD10B50E
:10D8B00000220A21104605F08FFB10BD10B50A2288
:10D8C0000021084605F088FB10BD10B50022114666
:10D8D0000A2005F081FB10BD10B50A221146104642
:10D8E00005F07AFB10BD000008B500BF394800689C
:10D8F00040F00100374908600846006800F0010068
:10D90000009000BF00BF00BF0846006840F0020062
:10D9100008600846006800F00200009000BF00BFE9
:10D92000002205210B20F8F743FA0B20F8F72CFA18
:10D93000002205210C20F8F73BFA0C20F8F724FA16
:10D94000002205210D20F8F733FA0D20F8F71CFA14
:10D95000002205210E20F8F72BFA0E20F8F714FA12
:10D96000002205210F20F8F723FA0F20F8F70CFA10
:10D97000002205211020F8F71BFA1020F8F704FA0E
:10D98000002205211120F8F713FA1120F8F7FCF90D
:10D99000002205212F20F8F70BFA2F20F8F7F4F9D1
:10D9A000002205213820F8F703FA3820F8F7ECF9BF
:10D9B000002205213920F8F7FBF93920F8F7E4F9BE
:10D9C000002205213A20F8F7F3F93A20F8F7DCF9BC
:10D9D00008BD0000D844025810B51E481E49086012
:10D9E0000020886000211C48C1600174417401213D
:10D9F0008174032141610A2181611D21C1610A21D4
:10DA00000162032141620A2181621D21C1620A2152
:10DA1000016300214163802181630021C1632021D2
:10DA2000016404214164202181640421C164002136
:10DA300001650421416500218165C16520210166E0
:10DA40000021416604218166F7F7E8FA08B1F4F78E
:10DA500077FE10BD00A00040D049002410B51F483B
:10DA60001F4908600020886000211D48C1600174C2
:10DA7000417401218174032141610A2181611D21C9
:10DA8000C1610A210162032141620A2181621D21D3
:10DA9000C1620A21016340F25631416380218163F2
:10DAA0000021C1632021016404214164202181649B
:10DAB0000421C164002101650421416500218165C3
:10DAC000C165202101660021416604218166F7F7C6
:10DAD000A5FA08B1F4F734FE10BD000000A4004020
:10DAE000704A002410B51F481F4908600020886054
:10DAF00000211D48C160017441740121817403211A
:10DB000041610A2181611D21C1610A210162032154
:10DB100041620A2181621D21C1620A21016340F232
:10DB2000AA614163802181630021C16320210164D6
:10DB300004214164202181640421C1640021016524
:10DB40000421416500218165C16520210166002114
:10DB5000416604218166F7F761FA08B1F4F7F0FD38
:10DB600010BD000000D40040104B002410B51C4A2A
:10DB700000211C480DF00AFA1B4908601B4A0021CD
:10DB80001B480DF003FA1B4908601B4A00211B4883
:10DB90000DF0FCF91A4908601A4A00211A480DF0E4
:10DBA000F5F91A4908601A4A00211A480DF0EEF9F1
:10DBB00019490860194A002119480DF0E7F9194977
:10DBC0000860194A002119480DF0E0F91849086069
:10DBD000184A002118480DF0D9F91849086010BDFD
:10DBE00088E801089DF3000800000024ACE8010863
:10DBF000C184010804000024D0E80108458A010816
:10DC000008000024F4E8010871CC00080C0000248E
:10DC100018E9010849A10108100000243CE90108A5
:10DC20006DC601081400002460E90108A9A90108D3
:10DC30001800002484E9010869BF01081C000024C1
:10DC400000B587B0142102A8F3F704FB00BF3F48DA
:10DC5000006840F010003D4908600846006800F088
:10DC60001000019000BF00BF00BF0846006840F0F0
:10DC7000040008600846006800F00400019000BF3E
:10DC800000BF00BF0846006840F0800008600846FA
:10DC9000006800F08000019000BF00BF00BF084690
:10DCA000006840F0010008600846006800F00100CC
:10DCB000019000BF00BF00BF0846006840F00200AE
:10DCC00008600846006800F00200019000BF00BF35
:10DCD00000BF0846006840F0080008600846006879
:10DCE00000F00800019000BF00BF01224EF20901C0
:10DCF0001748F7F79FFF4FF4604002900120039010
:10DD000000200490059002A91148F7F79BFE092016
:10DD1000029001200390002004900320059002A9A6
:10DD20000B48F7F78FFE4FF4A05002904FF4881085
:10DD300003900020049002A90648F7F783FE002113
:10DD40004FF00060FBF7F8FD07B000BDE04402585B
:10DD5000000802580010025810B51648164908600D
:10DD60004FF4800048600021134881600721C160A2
:10DD70004FF0007101614910416189008161090121
:10DD8000C1610021016241628162C1624FF0804144
:10DD9000416300218163C163016441648164C164A2
:10DDA000016541658165FBF767F808B1F4F7C8FCC8
:10DDB00010BD000000380040B04B002410B51648DC
:10DDC000164908604FF48000486041111348816093
:10DDD0000721C160002101614FF08071416189001C
:10DDE00081618900C1610021016241628162C16279
:10DDF0004FF08041416300218163C163016441644C
:10DE00008164C164016541658165FBF735F808B13E
:10DE1000F4F796FC10BD000000140058384C0024A4
:10DE200000B58BB00020089009900A901C2101A831
:10DE3000F3F710FA184819490860172048600021C4
:10DE40001648816040F2CF71C1600021016181619B
:10DE5000FCF767F808B1F4F773FC002008900A900B
:10DE600008A90E48FBF776FD08B1F4F769FC6020BD
:10DE700001904FF47A7002900020039005900422E4
:10DE800001A90648FBF795FF08B1F4F759FC0348D0
:10DE9000FBF73EFF0BB000BD00180040FC4D002416
:10DEA00000B58BB00020089009900A901C2101A8B1
:10DEB000F3F7D0F918481949086017204860002185
:10DEC0001648816042F20F71C1600021016180211A
:10DED0008161FCF726F808B1F4F732FC00200890C5
:10DEE0000A9008A90D48FBF735FD08B1F4F728FCA6
:10DEF0006020019000200290039005900C2201A95F
:10DF00000648FBF756FF08B1F4F71AFC0348FBF785
:10DF1000FFFE0BB000BD000000040040B04D002427
:10DF200010B5194819490860194848604FF48051E4
:10DF3000164881604900C160C91001610421416136
:10DF400000218161C1610162416200200F49886244
:10DF50000846FCF75EFD08B1F4F7F2FB00210B4820
:10DF6000FCF708FA08B1F4F7EBFB00210748FCF7CF
:10DF7000D2F908B1F4F7E4FB0448FCF702F908B160
:10DF8000F4F7DEFB10BD000000500040484E0024B6
:10DF9000A086010010B51848184908604FF46120A8
:10DFA0004860002115488160C16001610C21416118
:10DFB00000218161C1610162416200200F498862D4
:10DFC0000846FCF726FD08B1F4F7BAFB00210B4820
:10DFD000FCF7D0F908B1F4F7B3FB00210748FCF7D0
:10DFE0009AF908B1F4F7ACFB0448FCF7CAF808B199
:10DFF000F4F7A6FB10BD000000780040DC4E0024C2
:10E0000010B51848184908604FF4E1304860002105
:10E0100015488160C16001610C214161002181616D
:10E02000C1610162416200200F4988620846FCF725
:10E03000F0FC08B1F4F784FB00210B48FCF79AF9D7
:10E0400008B1F4F77DFB00210748FCF764F908B13B
:10E05000F4F776FB0448FCF794F808B1F4F770FB8A
:10E0600010BD0000001C01409850002410B5184855
:10E07000184908604FF4E13048600021154881607C
:10E08000C16001610C21416100218161C1610162B6
:10E09000416200200F4988620846FCF7BAFC08B1CB
:10E0A000F4F74EFB00210B48FCF764F908B1F4F7D4
:10E0B00047FB00210748FCF72EF908B1F4F740FBB5
:10E0C0000448FCF75EF808B1F4F73AFB10BD000015
:10E0D00000100140704F002410B51848184908601E
:10E0E0004FF461204860002115488160C1600161E2
:10E0F0000C21416100218161C16101624162002006
:10E100000F4988620846FCF784FC08B1F4F718FB55
:10E1100000210B48FCF72EF908B1F4F711FB0021A0
:10E120000748FCF7F8F808B1F4F70AFB0448FCF7D5
:10E1300028F808B1F4F704FB10BD000000440040CB
:10E140000450002410B501220E490F4803F064F971
:10E1500008B1F4F7F5FA0D490B4803F09BFC08B140
:10E16000F4F7EEFA0A49084802F044FD08B1F4F762
:10E17000E7FA054803F090FD08B1F4F7E1FAF8F783
:10E18000ABFD10BD24000024B05500243C01002448
:10E190008400002400BFFEE700BFFEE710B52DEDB0
:10E1A000028B0446B0EE408BD4F8060090ED010AD5
:10E1B0008A4880ED000A00201DE054F8062F411C1B
:10E1C00002EB810191ED000A8449D1ED000A30EEA5
:10E1D000600A216801EB800181ED000A6268411C40
:10E1E00002EB810191ED000AA41F02EB800181ED99
:10E1F000000A411C88B22188491E8142DDDCD4F826
:10E2000006102088801E01EB800090ED000A30EEA1
:10E21000080A2088401E01EB800080ED000AD4F837
:10E220000A102088401E01EB8000C0ED008AD4F85F
:10E2300002002188884204D2D4F80200401CC4F8AD
:10E240000200102104F11A00F2F7E2FF218862882F
:10E25000891A88B24AE054F8061F01EB8001D1ED1B
:10E26000000A216801EB800191ED001A616900EE5E
:10E27000101A00EE810A10EE101A616154F80619A6
:10E2800001EB8001D1ED000AD4F81E1000EE101A47
:10E2900030EE800A10EE101AC4F81E10D4F80610E2
:10E2A00001EB8001D1ED000AD4F80A1001EB8001E6
:10E2B00091ED001AD4F8221000EE101A00EE810A37
:10E2C00010EE101AC4F82210D4F80A1001EB8001E5
:10E2D000D1ED000AD4F8261000EE101A30EE800AB4
:10E2E00010EE101AC4F82610411C88B22188814211
:10E2F000B1DCD4F8220000EE100A208800EE900A6B
:10E30000F8EE600A20EE200AD4F81E0000EE900A13
:10E31000D4F8260001EE100A00EEC10AD4F81A0063
:10E3200000EE900A208801EE100AB8EE411A60EE65
:10E33000811AD4F81E0000EE900A01EE100A40EE99
:10E34000C11AC0EE210A10EE900AC4F80E009FED2B
:10E35000240A10EE100AC4F8160021886288891A6F
:10E3600088B221E054F8061F01EB8001D1ED001ABC
:10E37000E16800EE901AA16801EE101A41EE210A40
:10E38000616801EB800191ED001A30EEC10AF0EEF8
:10E39000C00A216900EE101A30EE800A10EE101A41
:10E3A0002161A41F411C88B221888142DADCD4F8A3
:10E3B000160000EE100A208800EE900AB8EE601AEF
:10E3C000C0EE010A10EE900AC4F81600D4F80E0050
:10E3D00000EE100ABDEC028B10BD0000D802002434
:10E3E0000000000070B504460D46A41C24F8025C31
:10E3F00000202060A800F2F7A3FD6060A800F2F7FB
:10E400009FFDA0609FED0C0A10EE100AE0609FEDEA
:10E410000A0A10EE100A2061A9006068F2F71AFFDC
:10E42000A900A068A41EF2F715FF102104F11A003C
:10E43000F2F7EEFE70BD00000000000010B50248CB
:10E44000F7F7E9FE10BD00008C6A00242DE9F047C3
:10E4500004460D4626683746D6F8408007F53060FA
:10E4600000EB4510D0F80890104880450BD909F40E
:10E470000040B0F5004F06D14FF4004107F5306081
:10E4800000EB451081602046F8F7ACFB074880455B
:10E4900008D9A079012805D104F29C420121206805
:10E4A00004F0AEF80020BDE8F08700000A30544FB9
:10E4B0002DE9F04705460C46D5F800904E46D9F8B0
:10E4C00040A006F5306000EB4410D0F80880A87931
:10E4D000012855D108F0080008280FD1434882458B
:10E4E0000BD908F40040B0F5004F7BD14FF4004148
:10E4F00006F5306000EB4410816073E008F0200006
:10E50000202806D1202106F5306000EB4410816000
:10E5100068E008F02800002864D1344882450CD90E
:10E5200008F40040B0F5004F07D14FF4004106F564
:10E53000306000EB4410816054E004EBC40105F549
:10E54000157000EB810706F5306000EB4410396A66
:10E550000069C0F31200081A786164B9386930B9EB
:10E5600005F29C420121286804F04AF803E0796929
:10E57000F8680844F860E1B22846F7F7C3FC31E0D8
:10E580001B4882451BD108F40040B0F5004F07D16D
:10E590004FF4004106F5306000EB4410816021E04B
:10E5A00008F02000202805D1202106F5306000EB7E
:10E5B00044108160E1B22846F7F7A4FC12E06CB980
:10E5C00004EBC40105F5157000EB8100006928B962
:10E5D00005F29C420021286804F012F8E1B22846B6
:10E5E000F7F790FC0020BDE8F08700000A30544F98
:10E5F0000A31544F2DE9F84F07460E46D7F80090E0
:10E60000C84606EBC60107F1140000EB8104D4E90B
:10E610000410884202D90120BDE8F88FD4E9040132
:10E62000451AA068A84200D2A568E81C4FEA900AE3
:10E6300017E0D4E90401451AA068A84200D2A568F1
:10E64000E81C4FEA900AB879ABB2F2B200904846A3
:10E65000E16804F09DFCE0682844E06060692844BB
:10E66000606108F5106000EB4610806980B250458B
:10E6700006D3D4E90410884202D220690028D8D1F8
:10E68000D4E9040188420ED806F00F01012000FAF7
:10E6900001FB40F6340050F8080020EA0B0040F679
:10E6A000340141F808000020B6E710B52DED028BCB
:10E6B0000446B0EE408B94F8980000F0800010B152
:10E6C00020460AF0B1FE04F18C00F3F72DFF10EEA6
:10E6D000100AC4F8900018EE100A206118EE900A93
:10E6E0002060206800EE100A206900EE900A30EEEB
:10E6F000600A10EE100AA061D4F8A20018B1D4F894
:10E70000A21020468847A06900EE100AB5EEC00AA4
:10E71000F1EE10FA03DDA06900EE100A04E0A06932
:10E7200000EE100AB1EE400AA06C00EE900AB4EEC2
:10E73000E00AF1EE10FA7EDDD4F8940098BB606830
:10E7400000EE100AA06900EE900A20EE200A10EEFA
:10E75000100A6062A06800EE100AA06900EE900A3C
:10E7600060EE200AD4F8900000EE100A20EE800A35
:10E7700010EE100A2063B4F86000022814DDA069CE
:10E7800000EE900AD4F8900000EE100A04F1620046
:10E79000FFF704FDE06800EE900A20EE200A10EE7C
:10E7A000100AE0627FE016E0A06900EE100AE0695E
:10E7B00000EE900A70EE600AE06800EE100A20EEAB
:10E7C000801AD4F8900000EE100AC1EE000A10EE94
:10E7D000900AE06267E0606800EE100AD4F89400E6
:10E7E000006800EE900A70EE200AA06900EE100AA0
:10E7F00020EE800A10EE100A6062A06800EE100A97
:10E80000D4F89400406800EE900A70EE200AA069E7
:10E8100000EE100A60EE800AD4F8900000EE100AB4
:10E8200020EE800A10EE100A2063B4F8600002287F
:10E830001CDDA06900E08EE000EE900AD4F89000A4
:10E8400000EE100A04F16200FFF7A8FCE06800EE99
:10E85000900AD4F89400806801EE100A70EE810AE4
:10E8600020EE200A10EE100AE0621CE0E06800EEE4
:10E87000100AD4F89400806800EE900A30EE201A56
:10E88000A06900EE100AE06900EE900A30EE600A1E
:10E8900021EE001AD4F8900000EE100AC1EE000A32
:10E8A00010EE900AE062D4F8A60018B1D4F8A610D1
:10E8B0002046884794F8980000F0040010B12046E4
:10E8C0000AF02FFE94F8980000F0200010B12046C6
:10E8D0000AF0C8FB94F8980000F0020010B120463E
:10E8E0000AF063FC94F8980000F0400010B1204654
:10E8F0000AF030FC94F8980000F0010010B12046B6
:10E900000AF0CEFCA06A00EE100A206B00EE900A1E
:10E9100030EE200A10EE100AA062606A00EE100AC3
:10E92000A06A00EE900A70EE200AE06A00EE100A7B
:10E9300030EE800A10EE100A606394F8980000F040
:10E94000100010B120460AF021FD20460AF049FDD2
:10E9500020460AF0C3FD20696061606BA063E06A35
:10E96000E063A069E061206B2062606B00EE100A3A
:10E97000BDEC028B10BD000070B52DED0A8B044676
:10E98000B0EE408BB0EE419BB0EE42ABB0EE43BB7D
:10E99000B0EE44CB0D46164619EE100AA06418EEF0
:10E9A000900A606418EE100A20649FED1C0A10EEB5
:10E9B000100A206019EE900A60601AEE100AA0603A
:10E9C0001AEE900AE0609FED150A10EE100A20631F
:10E9D0001BEE100A20651BEE900A60651CEE100A03
:10E9E000A0651CEE900AE065A4F86050294604F189
:10E9F0006200FFF7F7FC00208D3444F8010CE6724A
:10EA00000021E16021618D3CA12001559FED030AA9
:10EA100010EE100A6063BDEC0A8B70BD00000000B0
:10EA2000B0EE401A10B99FED450A704790ED0F0AFD
:10EA300080ED100A90ED0E0A80ED0F0AC0ED050A78
:10EA400080ED061A30EEC10A80ED0E0A90ED000A44
:10EA5000D0ED0E1A20EE210A80ED080A90ED090A89
:10EA6000D0ED011A90ED0E2A01EE820A80ED090A1E
:10EA700090ED0C0A80ED0D0A90ED0B0A80ED0C0A6A
:10EA800090ED0E0AD0ED0F1A30EE610A80ED0B0A00
:10EA900090ED020AD0ED0B1A20EE210A80ED0A0A51
:10EAA00090ED090AD0ED041AB4EEE10AF1EE10FA85
:10EAB00004DD90ED040A80ED090A10E090ED090AEA
:10EAC000D0ED041AF1EE611AB4EEE10AF1EE10FA9B
:10EAD00005D290ED040AB1EE400A80ED090A90EDEE
:10EAE000080AD0ED091A30EE210AD0ED0A1A30EEEC
:10EAF000210A80ED070A90ED070AD0ED031AB4EE63
:10EB0000E10AF1EE10FA04DD90ED030A80ED070A48
:10EB100010E090ED070AD0ED031AF1EE611AB4EEA1
:10EB2000E10AF1EE10FA05D290ED030AB1EE400AC7
:10EB300080ED070A90ED070A77E70000000000006B
:10EB4000B0EE401A10B99FED430A704790ED0F0ADE
:10EB500080ED100A90ED0E0A80ED0F0AC0ED050A57
:10EB600080ED061A30EEC10A80ED0E0A90ED000A23
:10EB7000D0ED0E1A20EE210A80ED080A90ED090A68
:10EB8000D0ED011A90ED0E2A01EE820A80ED090AFD
:10EB900090ED0C0A80ED0D0A90ED0B0A80ED0C0A49
:10EBA00090ED0E0AD0ED0F1A30EE610A80ED0B0ADF
:10EBB00090ED020AD0ED0B1A20EE210A80ED0A0A30
:10EBC00090ED090AD0ED041AB4EEE10AF1EE10FA64
:10EBD00004DD90ED040A80ED090A10E090ED090AC9
:10EBE000D0ED041AF1EE611AB4EEE10AF1EE10FA7A
:10EBF00005D290ED040AB1EE400A80ED090A90EDCD
:10EC0000080AD0ED091A30EE210AD0ED0A1A30EECA
:10EC1000210A80ED070A90ED070ADFED0F1AB4EE26
:10EC2000E10AF1EE10FA04DD9FED0B0A80ED070A10
:10EC30000CE090ED070ADFED091AB4EEE10AF1EEFF
:10EC400010FA03D29FED050A80ED070A90ED070A3E
:10EC50007BE700000000000000409C4600409CC68E
:10EC600000B970479FED100A80ED100A80ED0F0A81
:10EC700080ED0E0A9FED0C0A80ED0D0A80ED0C0A66
:10EC800080ED0B0A9FED080A80ED0A0A80ED090A63
:10EC900080ED080A80ED070A9FED030A80ED050A62
:10ECA00080ED060A00BFDCE70000000000B97047F5
:10ECB00080ED000AC0ED010A80ED021AC0ED031AD2
:10ECC00080ED042ADFED0C2AC0ED0D2AC0ED0C2AE0
:10ECD000C0ED0B2ADFED082AC0ED072AC0ED0A2A95
:10ECE000C0ED092AC0ED082AC0ED102AC0ED0F2A98
:10ECF000C0ED0E2A00BFDAE7000000005549898DFB
:10ED000000EE901AF8EE600AB0EE600ADFED520AEB
:10ED1000B4EEE00AF1EE10FA0CD2DFED500AB4EED8
:10ED2000E00AF1EE10FA05DBF6EE080A4C49C1EDF7
:10ED3000000A6DE0DFED490AB4EEE00AF1EE10FAE8
:10ED40000CD2DFED480AB4EEE00AF1EE10FA05DB72
:10ED5000F6EE000A4249C1ED000A59E0DFED410A32
:10ED6000B4EEE00AF1EE10FA0CD2F3EE0E0AB4EEB5
:10ED7000E00AF1EE10FA05DBF5EE000A3849C1EDC4
:10ED8000000A45E0F3EE0E0AB4EEE00AF1EE10FAE6
:10ED90000CD2F3EE040AB4EEE00AF1EE10FA05DB51
:10EDA000F5EE000A2E49C1ED000A31E0F3EE040A47
:10EDB000B4EEE00AF1EE10FA0CD2F2EE040AB4EE70
:10EDC000E00AF1EE10FA05DBF4EE000A2449C1ED89
:10EDD000000A1DE0F2EE040AB4EEE00AF1EE10FAC9
:10EDE0000AD2B5EEC00AF1EE10FA05DBDFED1E0A1D
:10EDF0001B49C1ED000A0BE0DFED1C0AB4EEE00A8E
:10EE0000F1EE10FA04DBF7EE000A1549C1ED000A35
:10EE1000D0ED1F0A124991ED001A60EE810AC0ED93
:10EE20001F0AD0ED300A91ED001A60EE810AC0EDA4
:10EE3000300AD0ED410A91ED001A60EE810AC0ED72
:10EE4000410AD0ED520A91ED001A60EE810AC0ED40
:10EE5000520A7047C0FB00240000484200002042D4
:10EE60004407002400000C42CDCC4C3D0000704211
:10EE70002DE9F04104460E4600275548006800F091
:10EE80000300032802D10120BDE8F0815048283852
:10EE9000006820F080604E4928390860F6F7D0FEFF
:10EEA000054606E0F6F7CCFE401B022801D90320F8
:10EEB000EAE7474828380068C0F3C0600028F1D16D
:10EEC00000BF4348006820F47C30216840EA0130EC
:10EED0003F490860A088401EC0F30800A168491E91
:10EEE0004FF47E4202EA41210843A189491ED20122
:10EEF00002EA01410843217C491E120202EA016133
:10EF0000084333491031086000BF3148001D0068D4
:10EF100020F0C000616908432D49091D08600846BA
:10EF2000006820F02000A16908432949091D0860F4
:10EF30000846006820F0100008602548143000687A
:10EF40004FF6F8718843E16940EAC1002049143165
:10EF500008601F48001D006840F010001C49091D92
:10EF600008602EB90846006840F40020086012E0EE
:10EF7000012E08D11648001D006840F48010144985
:10EF8000091D086007E01248001D006840F40010E9
:10EF90000F49091D08600E482838006840F080605D
:10EFA0000B4928390860F6F74BFE054606E0F6F7F0
:10EFB00047FE401B022801D9032065E70448283892
:10EFC0000068C0F3C0600028F1D038465CE700005C
:10EFD000284402582DE9F04104460E4600275548C2
:10EFE000006800F00300032802D10120BDE8F08191
:10EFF00050482838006820F080504E492839086071
:10F00000F6F71EFE054606E0F6F71AFE401B02283C
:10F0100001D90320EAE7474828380068C0F3407068
:10F020000028F1D100BF4348006820F07C7021889F
:10F0300040EA01503F490860A088401EC0F3080024
:10F04000A168491E4FF47E4202EA41210843A1898A
:10F05000491ED20102EA01410843217C491E1202E5
:10F0600002EA0161084333491831086000BF3148A2
:10F07000001D006820F44060616908432D49091DA6
:10F0800008600846006820F40070A1690843294917
:10F09000091D08600846006820F480700860254853
:10F0A0001C3000684FF6F8718843E16940EAC100FE
:10F0B00020491C3108601F48001D006840F4807022
:10F0C0001C49091D08602EB90846006840F48000FC
:10F0D000086012E0012E08D11648001D006840F4B7
:10F0E00000001449091D086007E01248001D00686F
:10F0F00040F080700F49091D08600E4828380068EC
:10F1000040F080500B4928390860F6F799FD054614
:10F1100006E0F6F795FD401B022801D9032065E7BC
:10F12000044828380068C0F340700028F1D0384601
:10F130005CE70000284402582DE9F041C0B00646C3
:10F1400070E0F2F737FE092803DA002040B0BDE88E
:10F15000F08135480088F2F76BFEA52803D0012026
:10F16000F2F716FE5EE030490988491C88B2F2F7D2
:10F170005FFE80462C490988891C88B2F2F758FE48
:10F1800048EA002707F1090085B2B5F5807F03DD65
:10F190000120F2F7FDFD45E0F2F70CFEA84201DA8E
:10F1A0000020D3E7002409E01F490988214488B2E0
:10F1B000F2F73EFE0DF80400601C84B2052CF3DB70
:10F1C000052168460EF022F918B90120F2F7E0FD9A
:10F1D00028E0002409E014490988214488B2F2F7A4
:10F1E00027FE0DF80400601C84B2AC42F3DB294614
:10F1F00068460EF0EBF818B90120F2F7C9FD11E0EE
:10F20000002408E008490988214488B2F2F710FE7A
:10F210003055601C84B2AC42F4DB2846F2F7B8FDEE
:10F22000284693E78DE700002E06002410B502481B
:10F23000F9F7D8FC10BD0000B04B002402685169FA
:10F240000268926942F0080203689A610268926952
:10F2500042F0100203689A610268126822F001020B
:10F2600003681A600268126940F26F339A430368B8
:10F270001A610268926822F4404203689A6090F82A
:10F280008120042A0ED001F020025AB1D0F8842047
:10F2900042F08002C0F884200268926942F02002A5
:10F2A00003689A6190F88120032A0ED001F0400291
:10F2B0005AB1D0F8842042F00402C0F884200268D9
:10F2C000926942F0400203689A6101F400725AB1F7
:10F2D000D0F8842042F00102C0F8842002689269CC
:10F2E00042F4007203689A6101F480725AB1D0F856
:10F2F000842042F00802C0F884200268926942F437
:10F30000807203689A610022A0F86220A0F86A2047
:10F31000704770B50546AC6B0020623420812080B8
:10F320000120E077623C2046F9F75AFC70BD10B529
:10F3300001460124C86B04EB5013C868421CD01D61
:10F34000C20802FB03F010BD2DE9F04106460D4650
:10F3500017461C46DDF818800BE0F6F771FCA0EBB1
:10F360000800A04201D3601C00B914B90320BDE815
:10F37000F081306840692840A84201D1012000E0B6
:10F380000020B842E9D00020F1E730B501460A4636
:10F390001378521C147843EA042030BDFEF7D2FEE5
:10F3A00000BF01200BF09CFDFBE710B54FF0E02003
:10F3B00000690EF0B7FC012801D00EF0F3F810BD83
:10F3C00000B59DB04C210AA8F1F744FF202102A806
:10F3D000F1F740FF0220F7F74FFC00BF002001903B
:10F3E0002548006820F4404023490860084600682A
:10F3F00000F44040019000BF00BF00BF1E480068FD
:10F4000000F40050B0F5005FF8D121200A904FF4CD
:10F4100080300B9001201090022013900221149153
:10F42000159128211691012117910421189102218B
:10F4300019910C211A9100211B911C910AA8F9F72E
:10F4400021F808B1F3F77CF93F20029003200390E4
:10F4500000200490082005904020069007900001AD
:10F46000089040200990032102A8F8F7E5FC08B1B4
:10F47000F3F766F91DB000BD184802583A48006815
:10F4800040F47000384908603848006800F00F0008
:10F49000072806D23548006820F00F00C01D334908
:10F4A00008603348006840F00100314908600020DE
:10F4B0002F49103108602E4800682E4908402C4919
:10F4C00008602A48006800F00F00072806D927487E
:10F4D000006820F00F00C01D244908600020244966
:10F4E00018310860091D0860091D0860224820497C
:10F4F000283108602148091D08602148091D08605D
:10F500000020091D08601E48091D08600020091D13
:10F5100008601B48091D08600020091D0860144888
:10F52000006820F4802012490860002010496031F2
:10F5300008600F48D430006800F4805098B90C4837
:10F54000D430006840F480500949D431086043F257
:10F55000D2000C4908600648D430006820F480507E
:10F560000349D4310860704788ED00E00020005264
:10F57000004402587FEDF6EA000202020000FF019B
:10F58000800201010040005210B50248FAF7F3FA78
:10F5900010BD00006455002410B502682E4B98423F
:10F5A0000ED0B0F1804F0BD02C4B984208D02C4B92
:10F5B000984205D02B4B984202D02B4B984203D156
:10F5C00022F070024B681A43234B98421DD0B0F1D1
:10F5D000804F1AD0214B984217D0214B984214D01B
:10F5E000204B984211D0204B98420ED01F4B98428E
:10F5F0000BD01F4B984208D01E4B984205D01E4B93
:10F60000984202D01D4B984203D122F44072CB683D
:10F610001A4322F080034C6943EA04028B68C362F8
:10F620000B6883620C4B98420BD00F4B984208D06A
:10F630000E4B984205D00E4B984202D00D4B98428B
:10F6400001D10B690363036843F0040303600123E2
:10F650004361026010BD0000000001400004004052
:10F6600000080040000C0040000401400040014040
:10F67000004401400048014000E0004000E4004038
:10F6800030B501F01F05012404FA05F3046A9C4318
:10F690000462046A01F01F0502FA05F52C430462B6
:10F6A00030BD000030B5026A056A25F0010505622B
:10F6B00043688469204D2C4024F003040D682C43DA
:10F6C00022F002028D682A431C4DA84200D10FE0AF
:10F6D0001B4DA84200D10BE01A4DA84200D107E013
:10F6E000194DA84200D103E0184DA84206D100BF31
:10F6F00022F00802CD682A4322F004020F4DA842EE
:10F700000BD00F4DA84208D00E4DA84205D00E4D8B
:10F71000A84202D00D4DA84207D123F4807323F4F0
:10F7200000734D692B438D692B43436084614D68A1
:10F730004563026230BD00008FFFFEFF0000014004
:10F7400000040140004001400044014000480140E5
:10F7500030B5026A056A25F01005056243688469C0
:10F76000224D2C4024F440740D6844EA052422F014
:10F7700020028D6842EA05121D4DA84200D10FE01B
:10F780001C4DA84200D10BE01B4DA84200D100BF88
:10F790001A4DA84200D100BF194DA84207D106E07A
:10F7A00022F08002CD6842EA051222F04002104D9C
:10F7B000A8420BD00F4DA84208D00F4DA84205D04B
:10F7C0000E4DA84202D00E4DA84209D123F4806309
:10F7D00023F400634D6943EA85038D6943EA850399
:10F7E000436084614D688563026230BDFF8FFFFE18
:10F7F000000001400004014000400140004401407D
:10F800000048014030B5026A056A25F4807505623A
:10F810004368C469224D2C4024F003040D682C4336
:10F8200022F400728D6842EA05221E4DA84200D1E2
:10F830000FE01D4DA84200D10BE01C4DA84200D1A5
:10F8400000BF1B4DA84200D100BF1A4DA84207D1EE
:10F8500006E022F40062CD6842EA052222F48062CA
:10F86000104DA8420BD0104DA84208D00F4DA84211
:10F8700005D00F4DA84202D00E4DA84209D123F465
:10F88000805323F400534D6943EA05138D6943EA1D
:10F8900005134360C4614D68C563026230BD00005A
:10F8A0008FFFFEFF000001400004014000400140C6
:10F8B000004401400048014030B5036A056A25F460
:10F8C000805505624468C269124D2A4022F4407294
:10F8D0000D6842EA052223F400538D6843EA05339C
:10F8E0000D4DA8420BD00D4DA84208D00C4DA8429A
:10F8F00005D00C4DA84202D00B4DA84204D124F4EF
:10F9000080444D6944EA85144460C2614D680564D1
:10F91000036230BDFF8FFFFE000001400004014084
:10F9200000400140004401400048014030B5026AF7
:10F93000056A25F4803505624368446D114D2C40FD
:10F940000D682C4322F400320D8942EA05420E4D27
:10F95000A8420BD00D4DA84208D00D4DA84205D0AD
:10F960000C4DA84202D00C4DA84204D123F48033A0
:10F970004D6943EA0523436044654D68856502622D
:10F9800030BD00008FFFFEFF000001400004014079
:10F9900000400140004401400048014030B5026A87
:10F9A000056A25F4801505624368446D114D2C40AD
:10F9B0000D6844EA052422F400120D8942EA05523A
:10F9C0000D4DA8420BD00D4DA84208D00C4DA842B9
:10F9D00005D00C4DA84202D00B4DA84204D123F40F
:10F9E00080234D6943EA8523436044654D68C565BE
:10F9F000026230BDFF8FFFFE0000014000040140A5
:10FA00000040014000440140004801400368DB6AB7
:10FA1000934202D20368DB6A9AB231B1042907D05B
:10FA2000082908D00C290CD108E003685A6308E0C3
:10FA300003689A6305E00368DA6302E003681A6406
:10FA400000BF00BF7047000010B50248FAF786FDFE
:10FA500010BD0000484E002410B50248FAF77EFDA4
:10FA600010BD0000DC4E002470B5456E2DB9012597
:10FA7000A0F86A50A0F868501CE010231024056814
:10FA8000AD68C5F342610568AD686A0F0A4DAD5CAB
:10FA900015FB04F5094EB65C95FBF6F5A0F86A5027
:10FAA000054D6D5C15FB03F5044E765C95FBF6F594
:10FAB000A0F8685070BD000024EA01082CEA010893
:10FAC00090F8281001F00801082907D10168496859
:10FAD00021F40041826B11430268516090F82810B4
:10FAE00001F0010139B10168496821F40031C26AAD
:10FAF00011430268516090F8281001F002010229B8
:10FB000007D10168496821F48031026B1143026812
:10FB1000516090F8281001F00401042907D1016810
:10FB2000496821F48021426B11430268516090F8CA
:10FB3000281001F01001102907D10168896821F40B
:10FB40008051C26B11430268916090F8281001F057
:10FB50002001202907D10168896821F40051026C35
:10FB600011430268916090F8281001F0400140298B
:10FB700013D10168496821F48011426C1143026875
:10FB80005160416CB1F5801F07D10168496821F4CB
:10FB9000C001826C11430268516090F8281001F096
:10FBA0008001802907D10168496821F40021C26CD5
:10FBB000114302685160704738B504460020C4F80C
:10FBC0009000F6F73DF805462068006800F0080050
:10FBD000082821D16FF07E402B4600224FF40011FF
:10FBE0000090204600F018FDB0B100BF00BF2168B2
:10FBF00051E8001F21F08000226842E8000100293E
:10FC0000F5D100BF2020C4F8880000BF002084F890
:10FC1000840000BF032038BD2068006800F00400A5
:10FC2000042830D16FF07E402B4600224FF4800133
:10FC30000090204600F0F0FC28B300BF00BF216810
:10FC400051E8001F21F49070226842E80001002969
:10FC5000F5D100BF00BF00BF2168083151E8001F87
:10FC600021F001002168083141E80002002AF3D1A7
:10FC700000BF2020C4F88C0000BF002084F884005E
:10FC800000BF0320C7E72020C4F88800C4F88C0018
:10FC90000020E066206700BF84F8840000BF00BF3A
:10FCA000B9E770B50446A56B0020A5F85E002846AC
:10FCB000FAF702FC70BD2DE9F0410546AC6BD4F8B3
:10FCC0008860D4F88C702068806800F080008028FC
:10FCD00007D1212E05D10020A4F85600204600F0BF
:10FCE00003F92068806800F04000402807D1222FE7
:10FCF00005D10020A4F85E00204600F0A7F8D4F853
:10FD0000900040F01000C4F890002046FAF7D4FBB1
:10FD1000BDE8F08170B50546AC6BE869B0F5807F51
:10FD200040D00020A4F85E0000BF00BF216851E869
:10FD3000001F21F48070226842E800010029F5D1FB
:10FD400000BF00BF00BF2168083151E8001F21F04B
:10FD500001002168083141E80002002AF3D100BF08
:10FD600000BF00BF2168083151E8001F21F04000AA
:10FD70002168083141E80002002AF3D100BF2020A9
:10FD8000C4F88C00E06E01280CD100BF00BF2168D0
:10FD900051E8001F21F01000226842E8000100290C
:10FDA000F5D100BF00202067E06E012805D1B4F82E
:10FDB0005C102046FAF73EFA02E02046FBF72EF9E7
:10FDC00070BD70B50546AC6B01202067E06E012860
:10FDD00006D1B4F85C0041082046FAF72BFA02E09D
:10FDE0002046FBF71CF970BD70B50546AC6BE869A1
:10FDF000B0F5807F1ED00020A4F8560000BF00BFE1
:10FE00002168083151E8001F21F080002168083185
:10FE100041E80002002AF3D100BF00BF00BF216803
:10FE200051E8001F41F04000226842E8000100292B
:10FE3000F5D102E02046FBF743F970BD70B50446EA
:10FE4000A56B2846FBF76CF970BD000000BF00BF32
:10FE5000026852E8002F22F49071036843E8001210
:10FE6000002AF5D100BF00BF00BF0268083252E887
:10FE7000002F104B02EA03010268083242E8001327
:10FE8000002BF2D100BFC16E01290CD100BF00BF11
:10FE9000026852E8002F22F01001036843E80012C4
:10FEA000002AF5D100BF2021C0F88C100021C166C6
:10FEB00041677047FEFFFFEF10B5044600BF00BF6B
:10FEC000216851E8001F21F04000226842E800014B
:10FED0000029F5D100BF2020C4F888000020A067C9
:10FEE0002046FBF7EDF810BD00BF00BF026852E8E6
:10FEF000002F22F0C001036843E80012002AF5D168
:10FF000000BF00BF00BF0268083252E8002F22F491
:10FF100000010268083242E80013002BF3D100BF51
:10FF20002021C0F8881070472DE9F04F89B00546B0
:10FF300000200890F8492868884200D100E000BFFE
:10FF40002969A868084369690843E96940EA010822
:10FF500028680068F149084040EA080029680860FC
:10FF60002868406820F44050E968084329684860E0
:10FF7000D5F81880E8492868884202D0286A40EA03
:10FF8000080828688068E649084040EA08002968AF
:10FF900088602868C06A20F00F00696A08432968F1
:10FFA000C86200BFDF492868884220D1DE48006867
:10FFB00000F03800182811D005DC48B1082809D015
:10FFC000102811D108E020280AD028280CD109E0F7
:10FFD00001240BE0042409E0082407E0102405E0D4
:10FFE000202403E0402401E0802400BF42E1CF4907
:10FFF0002868884219D1CC48006800F0070006281C
:020000040801F1
:1000000010D2DFE800F0030507090B0D00240BE018
:10001000042409E0082407E0102405E0202403E07C
:10002000402401E0802400BF24E1C14928688842BF
:1000300019D1BD48006800F00700062810D2DFE89B
:1000400000F0030507090B0D00240BE0042409E070
:10005000082407E0102405E0202403E0402401E008
:10006000802400BF06E1B3492868884219D1AE4810
:10007000006800F00700062810D2DFE800F0030552
:1000800007090B0D00240BE0042409E0082407E015
:10009000102405E0202403E0402401E0802400BF78
:1000A000E8E0A5492868884219D19F48006800F017
:1000B0000700062810D2DFE800F0030507090B0D42
:1000C00000240BE0042409E0082407E0102405E0E4
:1000D000202403E0402401E0802400BFCAE09749C7
:1000E0002868884220D19048006800F0380018281D
:1000F00011D005DC48B1082809D0102811D108E03A
:1001000020280AD028280CD109E001240BE004247F
:1001100009E0082407E0102405E0202403E040243F
:1001200001E0802400BFA5E085492868884219D1F4
:100130007D48006800F00700062810D2DFE800F0D4
:10014000030507090B0D00240BE0042409E0082433
:1001500007E0102405E0202403E0402401E080248F
:1001600000BF87E077492868884219D16E48006847
:1001700000F00700062810D2DFE800F003050709A9
:100180000B0D00240BE0042409E0082407E01024F0
:1001900005E0202403E0402401E0802400BF69E062
:1001A00069492868884220D15F48006800F038001B
:1001B000182811D005DC48B1082809D0102811D121
:1001C00008E020280AD028280CD109E001240BE0FF
:1001D000042409E0082407E0102405E0202403E0BB
:1001E000402401E0802400BF44E058492868884248
:1001F00020D14D48006800F03800182811D005DCE7
:1002000048B1082809D0102811D108E020280AD0C8
:1002100028280CD109E001240BE0042409E008247B
:1002200007E0102405E0202403E0402401E08024BE
:1002300000BF1FE03849286888421AD13A48001D9B
:10024000006800F00700062810D2DFE800F0030580
:1002500007090B0D02240BE0042409E0082407E041
:10026000102405E0202403E0402401E0802400BFA6
:1002700000E0802400BF2849286888424BD1102C18
:100280001AD006DC022C09D0042C0BD0082C29D162
:100290000DE0202C21D0402C24D120E0F6F726FDC3
:1002A000064623E005A8F6F733FD069E1EE002A8E9
:1002B000F6F746FE039E19E01B4854380068C0F369
:1002C000401040B1184854380068C0F3C1012048BC
:1002D00020FA01F600E01E4E08E01E4E06E04FF444
:1002E000004603E000260120089000BF00BF002E5A
:1002F00010D01949686A31F81000B6FBF0F9686847
:1003000000EB4000484503D868680003484525D203
:100310000120089007E153E0000C0058F369FFCF7B
:10032000FFF4FF1100100140544402580044004003
:1003300000480040004C00400050004000140140C4
:1003400000780040007C004000180140001C014083
:100350000090D00300093D000CEA01087849686A62
:1003600031F810C06246002330461946F0F717FEF8
:100370004FF4807C00220346A3FB0C0B01FB0CB165
:1003800003FB02136968490884461CEB010143EB37
:100390000200CDE90010D5F804C0624600230846EB
:1003A0000199F0F7FCFD0746B7F5407F05D3B7F597
:1003B000801F02D22868C760B5E001200890B2E033
:1003C000E869B0F5004F5BD1082C1AD005DC5CB1B0
:1003D000012C0DD0042C2DD10EE0102C16D0202C89
:1003E00023D0402C26D122E0F7F712FF064625E065
:1003F000F7F720FF064621E005A8F6F789FC069EE0
:100400001CE002A8F6F79CFD039E17E04D4800682B
:10041000C0F3401038B14B480068C0F3C1014A48EE
:1004200020FA01F600E0484E08E0484E06E04FF49E
:10043000004603E000260120089000BF00BF7EB305
:100440003F49686A31F81000B6FBF0F04000696877
:1004500000EB5100B0FBF1F7102F0ED3B7F5803F42
:100460000BD24FF6F07007EA000AC7F342004AEADF
:10047000000A2868C0F80CA055E00120089052E05E
:10048000082C1BD005DC64B1012C0ED0042C2ED11D
:100490000FE0102C17D0202C24D0402C27D123E0A3
:1004A00041E0F7F7B5FE064625E0F7F7C3FE06463E
:1004B00021E005A8F6F72CFC069E1CE002A8F6F742
:1004C0003FFD039E17E01F480068C0F3401038B19D
:1004D0001C480068C0F3C1011B4820FA01F600E087
:1004E000194E08E0194E06E04FF4004603E00026DE
:1004F0000120089000BF00BFAEB11149686A31F811
:100500001000B6FBF0F0696800EB5100B0FBF1F7AA
:10051000102F06D3B7F5803F03D2B8B22968C86060
:1005200001E0012008900120A5F86A00A5F8680004
:1005300000206867A867089809B0BDE8F08F000040
:100540000CEA0108004402580090D00300093D0065
:1005500070B504460E46154644F8586FA580002035
:10056000A06322206063A06A583CF8B12748241D8C
:10057000E16FC8632648E16F08642648E16FC864EC
:100580000020E16F086554F8043C03F12401626D1A
:10059000E06F241F2B46F3F713FF38B11020C4F887
:1005A00090002020C4F88C00012070BD206960B14B
:1005B00000BF00BF216851E8001F41F4807022682D
:1005C00042E800010029F5D100BF00BF00BF21684B
:1005D000083151E8001F41F001002168083141E86D
:1005E0000002002AF3D100BF00BF00BF216808311C
:1005F00051E8001F41F040002168083141E8000245
:10060000002AF3D100BF0020CFE7000015FD00084D
:10061000C3FD0008B7FC00082DE9F04104460D4673
:1006200017469846069E41E0701C00283ED0F5F71C
:1006300007FBA0EB0800B04200D816B90320BDE8C4
:10064000F0812068006800F0040070B3802D2DD088
:10065000402D2BD02068C069C0F3C00078B10820BD
:10066000216808622046FFF7F1FB0820C4F89000DB
:1006700000BF002084F8840000BF0120DFE720686D
:10068000C069C0F3C02080B14FF4006021680862E7
:100690002046FFF7DBFB2020C4F8900000BF0020BD
:1006A00084F8840000BF0320C9E7FFE72068C06921
:1006B0002840A84201D1012000E00020B842B3D078
:1006C0000020BCE710B50248F9F748FF10BD000054
:1006D0009850002410B50248F9F740FF10BD000003
:1006E000704F002410B50248F9F738FF10BD000024
:1006F000045000242DE9F04104460D46D4F8C87298
:1007000004F53070D4F8D41250F8210010B9032049
:10071000BDE8F08104F53070D4F8D41250F82160AF
:1007200005F00F0000EB800104F1140000EB8100E4
:10073000406838B305F00F0000EB800104F11400AD
:1007400000EB8100416805F00F0000EBC00207F1EB
:10075000140000EB82008068B1FBF0F200FB121085
:1007600080B9002105F00F0000EB800204F11400B5
:1007700000EB8200416000231A462946204601F022
:1007800056F917E00020C6F8140204F53170D4F8C9
:10079000D41250F82100006960B1D6F8080204F5BF
:1007A0003171D4F8D42251F822102A460B6906F58B
:1007B000047198470020ABE770B504460E4604F577
:1007C0003070D4F8D41250F82150D4F8D41250F824
:1007D000210008B9032070BD3146204600F07AFFA1
:1007E000C5F80C02D5F8040204F53171D4F8D432FE
:1007F00051F82310CA6805F5037190470020EAE715
:1008000070B504460D4630480178204600F034FEAD
:1008100000212D48007800F00F0000EB800204F169
:10082000140000EB8200018228480178204600F085
:1008300023FE00212548007800F00F0000EB800225
:1008400004F5AA7000EB820001822148017820465D
:1008500000F012FE00211E48007800F00F0000EBAF
:10086000800204F1140000EB820001821848007835
:1008700000F00F0000EB800204F1140000EB820096
:10088000418204F53070D4F8D41250F82100C8B178
:1008900004F53171D4F8D42251F822104868804709
:1008A00004F53071D4F8D42251F8220001F0E8FBAD
:1008B000002104F53070D4F8D42240F82210002032
:1008C000C4F8BC02002070BDB7010024B8010024A8
:1008D000B901002470B5044604F53070D4F8D41280
:1008E00050F821500DB9032070BD04F53170D4F8D3
:1008F000D41250F8210098B195F80002FF280FD0CB
:1009000095F8012295F8000204F53171D4F8D4620B
:1009100051F826108B6829469847FF2085F8000279
:100920000020E1E701460A200880014870470000E6
:10093000300100242DE9F041044682210D4800F0E9
:100940002FFC054601210B4800F02AFC06468121B8
:10095000084800F025FC07460DB11020A8710EB123
:100960004020B0800FB14020B88043202080014853
:10097000BDE8F081740100242DE9F0410446822194
:100980000E4800F00DFC054601210C4800F008FC63
:1009900006468121094800F003FC07460DB11020EE
:1009A000A87116B14FF40070B08017B14FF4007009
:1009B000B880432020800148BDE8F0817401002404
:1009C0002DE9F041044682210D4800F0E9FB05467F
:1009D00001210B4800F0E4FB06468121084800F0A5
:1009E000DFFB07460DB11020A8710EB14020B0808A
:1009F0000FB14020B880432020800148BDE8F0813D
:100A00007401002470B504460E464FF4077001F0DF
:100A100039FB054645B9002104F53070D4F8D422DD
:100A200040F82210022070BD4FF407712846F0F7FD
:100A300011FC04F53070D4F8D41240F82150D4F8E9
:100A4000D41250F82100C4F8BC02207C98BB4FF4AB
:100A50000073022250480178204600F0E1FE012197
:100A60004D48007800F00F0000EB800204F1140004
:100A700000EB820001824B020222484801782046A6
:100A800000F0CEFE01214548007800F00F0000EB99
:100A9000800204F5AA7000EB820001821021404818
:100AA000007800F00F0000EB800204F1140000EB6E
:100AB0008200418232E0FFE740230222364801787B
:100AC000204600F0ADFE01213348007800F00F0011
:100AD00000EB800204F1140000EB8200018240234D
:100AE00002222E480178204600F09AFE01212B4870
:100AF000007800F00F0000EB800204F5AA7000EB14
:100B00008200018210212648007800F00F0000EBDF
:100B1000800204F1140000EB8200418208230322CA
:100B20001F480178204600F07BFE01211C48007818
:100B300000F00F0000EB800204F1140000EB8200D3
:100B400001820020C5F8040204F53171D4F8D422E2
:100B500051F82210086880470020C5F81402C5F833
:100B60001802D5F8040208B902205CE7207C48B9D5
:100B70004FF40073094801782046D5F8042200F0AC
:100B800067FE07E04023054801782046D5F8042297
:100B900000F05EFE002046E7B7010024B801002403
:100BA000B901002470B5044604F53070D4F8D412AD
:100BB00050F82150D4F8D41250F8210008B903207D
:100BC00070BD207C48B94FF4007309480178204675
:100BD000D5F8042200F03CFE07E0402304480178E9
:100BE0002046D5F8042200F033FE0020E8E700009C
:100BF000B8010024024609B90320704702F531709C
:100C0000D2F8D43240F823100020F6E710B502469F
:100C100002F53070D2F8D44250F824300BB90320DA
:100C200010BDC3F804120020FAE730B503460C46A5
:100C300003F53070D3F8D45250F8251009B90320C9
:100C400030BDC1F80842C1F810220020F8E72DE9B4
:100C5000FC4105460C4605F53070D5F8D41250F825
:100C60002160002001900090804616B90320BDE865
:100C7000FC81207800F0600000283DD020287CD145
:100C8000E08868B3207800F08000B8B1E28860782E
:100C900005F53171D5F8D4C251F82C108B68314666
:100CA0009847E088072801D9072000E0E088074638
:100CB0003A463146284600F011F91CE0607886F883
:100CC0000002E088402801D2E08800E0402086F859
:100CD000010296F801223146284600F0DEF80AE0CB
:100CE000607805F53171D5F8D42251F82210002230
:100CF0008B682146984747E0607830B1012832D0B0
:100D00000A2813D00B282FD121E095F89C02032844
:100D100005D102226946284600F0E0F805E02146A8
:100D2000284600F0AEF84FF0030824E095F89C0246
:100D3000032805D1012201A9284600F0CFF805E0DB
:100D40002146284600F09DF84FF0030813E095F87F
:100D50009C02032805D02146284600F092F84FF067
:100D6000030808E009E006E02146284600F089F87B
:100D70004FF0030800BF00BF06E02146284600F000
:100D800080F84FF0030800BF00BF40466FE7000047
:100D900070B5054605F53070D5F8D41250F82140ED
:100DA00001260CB9032070BDD4F81402C8B9012083
:100DB000C4F814020C48007800F00F0000EB800229
:100DC00005F1140000EB8200D4F8101241600648CF
:100DD00001782846D4F81032D4F8082200F027FE13
:100DE00000263046DFE70000B701002470B5044656
:100DF0000D460026D4F8B80229464268204690479E
:100E000000B10326304670BD70B504460D4694F817
:100E10009C02012804D0022803D003280CD101E051
:100E200000BF00BF6888012805D10020C4F8A402D3
:100E3000204600F064F804E02946204600F021F83E
:100E400000BF00BF70BD0246002070470246002070
:100E5000704770B506460C4615462B4622460021C3
:100E6000304600F0F5FC002070BD70B506460C461B
:100E700015462B4622460021304600F0D8FD0020C2
:100E800070BD70B504460D468021204600F09FFDE0
:100E90000021204600F09BFD70BD70B504460E4653
:100EA00015460320C4F894024FF4AC700551001DA0
:100EB00005512B4632460021204600F0C9FC002097
:100EC00070BD10B504460520C4F8940200231A46EC
:100ED0001946204600F0BCFC002010BD70B5044649
:100EE0000E4615460220C4F89402A561E5612B4622
:100EF00032460021204600F09AFD002070BD10B55A
:100F000004460420C4F8940200231A4619462046D9
:100F100000F08DFD002010BD70B504460D46E88838
:100F2000012804D029462046FFF7ABFF1EE094F8C5
:100F30009C02012804D0022803D0032810D109E024
:100F400000BF0020A060012204F108012046FFF745
:100F5000C5FF0AE00122211D2046FFF7BFFF04E084
:100F600029462046FFF78DFF00BF00BF70BDF8B5D2
:100F700004460E46002000900027002570880012CD
:100F8000062874D006DC01281BD0022821D00328B3
:100F90006ED132E007286CD00F28F9D1D4F8B40212
:100FA000C06938B1207CD4F8B412CA696946904748
:100FB000074605E031462046FFF763FF681CC5B2CF
:100FC000CBE0207CD4F8B4120A6869469047074603
:100FD000C3E0207C40B9D4F8B802816A68468847EB
:100FE00007460220787007E0D4F8B802C16A684664
:100FF0008847074602207870AFE0B07806287AD29A
:10100000DFE800F00316293F5265D4F8B4024068C7
:1010100038B1207CD4F8B4124A6869469047074634
:1010200005E031462046FFF72CFF681CC5B269E099
:10103000D4F8B402806838B1207CD4F8B4128A683D
:1010400069469047074605E031462046FFF719FFFD
:10105000681CC5B256E0D4F8B402C06850B1207C18
:10106000D4F8B412CA6869469047074608E04BE0D6
:101070006CE059E031462046FFF703FF681CC5B21B
:1010800040E0D4F8B402006938B1207CD4F8B4123E
:101090000A6969469047074605E031462046FFF752
:1010A000F0FE681CC5B22DE0D4F8B402406938B136
:1010B000207CD4F8B4124A6969469047074605E097
:1010C00031462046FFF7DDFE681CC5B21AE0D4F8B1
:1010D000B402806940B1207CD4F8B4128A696946B0
:1010E0009047074606E006E031462046FFF7C9FE76
:1010F000681CC5B206E031462046FFF7C2FE681CF8
:10110000C5B200BF00BF28E0207C30B9D4F8B802D7
:10111000416B68468847074605E031462046FFF7A1
:10112000B0FE681CC5B218E0207C40B9D4F8B80203
:10113000016B6846884707460720787005E031460E
:101140002046FFF79EFE681CC5B206E031462046E9
:10115000FFF797FE681CC5B200BF00BF05B1F8BD20
:10116000F088C0B1BDF8000080B1F088BDF8001073
:10117000884202DDBDF8000000E0F0880090BDF874
:10118000002039462046FFF7A9FE07E031462046F9
:10119000FFF777FE02E02046FFF7B1FE00BFDEE773
:1011A0002DE9F84105460F462C462E464FF0000823
:1011B00070883178884218DD307800900FE06946F9
:1011C000204600F020F804466078052807D1A046A4
:1011D00098F80200B84200D106E04FF0000870888D
:1011E000BDF800108842EADC00BF4046BDE8F88147
:1011F000014600200A4602E0431CD8B2521C137874
:10120000002BF9D1704710B5024610460B880478C0
:1012100023440B800378981810BD70B504460D4622
:1012200094F89C02012804D0022803D003281AD184
:1012300001E000BF00BFE888022804D0294620460C
:10124000FFF71FFE14E00120E060D4F8A40218B1FB
:10125000E06840F00200E060022204F10C01204648
:10126000FFF73CFE04E029462046FFF70AFE00BFD8
:1012700000BF70BD2DE9F04107460D4690460024A1
:101280000FB9BDE8F0813E463046FFF7B1FF0221BD
:1012900001EB4000B0F5007F01D9080204E03046C0
:1012A000FFF7A6FF4000801CA8F8000098F8000097
:1012B0002855601CC4B203202855601CC4B208E045
:1012C00030782855761C601CC4B200202855601C5C
:1012D000C4B230780028F3D100BFD2E70146002025
:1012E00031B1012906D0022906D0032908D105E031
:1012F000002007E0032005E0012003E0032001E0D7
:10130000032000BF00BF704770B505460C462DB9DD
:101310002246064906A0FFF7ADFF04E02246034936
:1013200003A0FFF7A7FF014870BD00008C58002400
:1013300043444320436F6E666967000002461220F3
:1013400008800148704700004400002470B505463D
:101350000C462DB92246064906A0FFF78BFF04E094
:101360002246034903A0FFF785FF014870BD000036
:101370008C58002443444320496E7465726661634F
:101380006500000002460420088001487047000004
:101390006400002470B505460C462246024903A0AD
:1013A000FFF768FF004870BD8C58002453544D6906
:1013B00063726F656C656374726F6E69637300004E
:1013C00070B505460C462DB92246064906A0FFF722
:1013D00051FF04E02246034903A0FFF74BFF0148F9
:1013E00070BD00008C58002453544D333220566990
:1013F000727475616C20436F6D506F7274000000E1
:1014000070B505460C461A202080F1F77BFB014899
:1014100070BD0000680000242DE9F04104460D462F
:10142000164614B90320BDE8F0810020C4F8B802C4
:10143000C4F8C402C4F8D0020DB1C4F8B4520120FB
:1014400084F89C022670204600F04EF90746384684
:10145000E9E72DE9F04104460D460026002729461C
:10146000D4F8C802F4F7BBFD06463046FFF736FF56
:1014700007463846BDE8F0812DE9F04104460D46A7
:10148000002600272946D4F8C802F4F773FD064663
:101490003046FFF723FF07463846BDE8F0812DE9C7
:1014A000F04704460F469146002F56D104F114052B
:1014B000D4F89402022846D1D5E9020188420FD916
:1014C000D5E90201401AA86049462046AA68FFF7FC
:1014D000CCFC00231A461946204600F0B9F932E048
:1014E000D5E90210884217D1E9686868884213D3A9
:1014F0006868D4F8981288420ED20022114620461D
:10150000FFF7B3FC0020C4F8980200231A461946DE
:10151000204600F09DF916E094F89C0203280BD1B8
:10152000D4F8B802C06838B10020C4F8D402D4F8A6
:10153000B802C168204688478021204600F047FA5B
:101540002046FFF7BEFC94F8A00250B3204600F0FE
:10155000C5FA002084F8A00223E047F0800120466D
:10156000FFF771FC0646FF2E1BD0D6B994F89C02FB
:10157000032816D104F52E7050F82600406980B17A
:10158000C4F8D46204F52E7050F82600394642693A
:10159000204690478046B8F1000F02D04046BDE893
:1015A000F0870020FBE72DE9F04705460F469046FF
:1015B0004FF00009002F51D105F5AA76D5F8940215
:1015C00003286FD1D6E90201884210D9D6E9020179
:1015D000401AB060D6E90201884201D2B06800E04A
:1015E000F068024641462846FFF733FC5AE095F87A
:1015F000AA0200F01F0020B1012804D0022812D155
:1016000009E0002411E040F2AE20415D2846FFF7DA
:101610001DFC044609E040F2AE20415D2846FFF77C
:1016200012FC044601E0002400BF00BF94B995F805
:101630009C0203280ED105F52E7050F82400006995
:1016400040B1C5F8D44205F52E7050F82400016968
:10165000284688472846FFF752FC23E007F07F0121
:101660002846FFF7F0FB0446FF2C1BD0D4B995F8B1
:101670009C02032810D105F52E7050F824008069D3
:1016800050B1C5F8D44205F52E7050F82400394603
:101690008269284690478146B9F1000F02D048463A
:1016A000BDE8F0870020FBE701460020704770B5D9
:1016B00004460025012084F89C02D4F8B80238B111
:1016C0002179D4F8B80242682046904700B103253A
:1016D000284670BD70B504460D462946D4F8C802A8
:1016E000F4F7BBFC70BD000010B50446207801285B
:1016F0002CD11748C0F8E044C4F8C8021548144972
:1017000008600920087102211148C171002181710E
:101710000221417200218172C17201738173C17310
:101720000174F5F711F908B1F1F70AF84FF40071F7
:101730000748F4F7A4FB802200210548F4F7A4FB36
:101740004FF4BA7201210248F4F79EFB002010BD4D
:101750008C6A00240000044010B50246D2F8C8325A
:1017600001F08000802809D101F07F0000EBC00467
:1017700003F1140000EB8400807810BD01F07F00BD
:1017800000EBC00403F5157000EB84008078F4E7EB
:1017900070B504460D4604F52E70D4F8D41250F8F6
:1017A000210008B9032070BD94F89C02032811D1D0
:1017B00004F52E70D4F8D41250F82100006A48B114
:1017C00004F52E70D4F8D41250F821002946026A8C
:1017D000204690470020E6E770B504460D4604F524
:1017E0002E70D4F8D41250F8210008B9032070BD2F
:1017F00094F89C02032811D104F52E70D4F8D41269
:1018000050F82100406A48B104F52E70D4F8D41283
:1018100050F821002946426A204690470020E6E71A
:101820002DE9F04704460F4615461E464FF00008C6
:10183000C1462B4632463946D4F8C802F4F718FCA4
:1018400080464046FFF74AFD81464846BDE8F0879E
:101850002DE9F04704460D4616461F464FF0000896
:10186000C1463B4632462946D4F8C802F4F747FC45
:1018700080464046FFF732FD81464846BDE8F08786
:1018800070B504460025012084F89C020020C4F8AD
:1018900094026060C4F8A40284F8A002D4F8B802EC
:1018A00058B1D4F8B802406838B12179D4F8B802F8
:1018B00042682046904700B103254023002211468C
:1018C0002046FFF7ADFF01214FF4B27001534021D4
:1018D000001F01514023002280212046FFF7A0FF76
:1018E0000121A18440212162284670BD014691F862
:1018F0009C02042803D191F89D0281F89C020020EB
:10190000704710B5044694F89C0203280BD1D4F814
:10191000B80240B1D4F8B802C06920B1D4F8B80216
:10192000C16920468847002010BD0246117400207E
:1019300070472DE9F04104460D4600260027294650
:10194000D4F8C802F5F734F906463046FFF7C6FC6E
:1019500007463846BDE8F08170B504460D46294675
:1019600004F2AA2000F07BF80120C4F894024FF49E
:101970002C70005BC4F8980294F8AA0200F01F00D3
:1019800020B1012809D0022815D10DE004F2AA21C6
:10199000204600F087F9064616E004F2AA21204608
:1019A00000F017FB06460FE004F2AA21204600F0E3
:1019B000D0F9064608E094F8AA0200F0800120461B
:1019C00000F005F8064600BF00BF304670BD2DE9A7
:1019D000F04104460D46002600272946D4F8C802E7
:1019E000F4F7B0FB06463046FFF778FC074638466A
:1019F000BDE8F08170B5044600250026D4F8C80281
:101A0000F5F7F9F805462846FFF768FC0646304624
:101A100070BD014691F89C02042803D091F89C0205
:101A200081F89D02042081F89C02002070472DE976
:101A3000F04704460D4616461F464FF00008C146C3
:101A40003B4632462946D4F8C802F4F7C0FB80462C
:101A50004046FFF743FC81464846BDE8F08770B535
:101A600005460E46344620782870641C207868703D
:101A7000641C2046FDF789FC6880641C641C2046B9
:101A8000FDF783FCA880641C641C2046FDF77DFCE8
:101A9000E88070BD38B504460D46002000900DB9B1
:101AA000032038BDC4F8B85204F52E70D4F8D4120F
:101AB00050F82100C06A50B104F52E70D4F8D42239
:101AC00050F82200C16A68468847C4F8D002D4F8AA
:101AD000D802401CC4F8D8020020E2E701460020EA
:101AE000704770B504460D46A88810BBE88800BB57
:101AF000688880281DD2A87800F07F0694F89C02A0
:101B0000032804D129462046FFF7BBF915E084F8E5
:101B10009E6231462046FFF70CFF2046FFF7EFF9A3
:101B20001EB1022084F89C0207E0012084F89C0288
:101B300003E029462046FFF7A4F970BD70B50446BE
:101B40000D460026D4F8B80230B1D4F8B8022946C0
:101B50000268204690470646304670BD70B5044680
:101B60000E460025B0783D490870084600780128E7
:101B700005D931462046FFF784F9032070BD94F85B
:101B80009C02022802D0032859D11FE03348007874
:101B9000C0B1324800786060304801782046FFF7D5
:101BA000CDFF05463DB131462046FFF76AF90220D8
:101BB00084F89C0209E02046FFF7A1F9032084F88D
:101BC0009C0202E02046FFF79AF943E023480078A0
:101BD00070B9022084F89C022048007860601F4899
:101BE00001782046FFF702F92046FFF788F925E043
:101BF0001A490978606888421DD021792046FFF78C
:101C0000F5F8164800786060144801782046FFF720
:101C100095FF05465DB131462046FFF732F921793F
:101C20002046FFF7E3F8022084F89C0206E02046F5
:101C3000FFF765F902E02046FFF761F90AE0314657
:101C40002046FFF71EF9054801782046FFF7CEF839
:101C5000032500BF00BF284690E700002C010024A8
:101C600070B505460C466088012805D1C5F8A40268
:101C70002846FFF744F90EE06088022807D1A088C3
:101C8000001285F8A0022846FFF739F903E0214643
:101C90002846FFF7F6F870BD10B504462046FFF75A
:101CA000A9FE10BD70B504460D460026287800F048
:101CB000600088B1202802D0402842D100E000BF57
:101CC00004F52E70D4F8D41250F821002946826809
:101CD00020469047064639E068780A282AD2DFE88D
:101CE00000F01A24291F290A0529150F2946204624
:101CF000FFF73DF923E029462046FFF7F2FE1EE0FC
:101D000029462046FFF72AFF064618E029462046C6
:101D1000FFF702F913E029462046FFF77EFA0EE0AE
:101D200029462046FFF79CFF09E029462046FFF799
:101D30006BF804E029462046FFF7A3F800BF00BF78
:101D400004E029462046FFF79CF800BF00BF30465C
:101D500070BD2DE9F04705460F464FF000093C796C
:101D6000387800F06000F8B1202802D040287DD1FA
:101D700000E000BF21462846FFF765F80646FF2E23
:101D800011D086B9C5F8D46205F52E7050F826003A
:101D9000806840B105F52E7050F8260039468268FB
:101DA00028469047814610E1787800287AD00128AB
:101DB0002FD003286ED195F89C02022802D0032868
:101DC00020D110E054B1802C08D021462846FFF7DE
:101DD000FEFD80212846FFF7FAFD03E0394628463C
:101DE000FFF74FF813E0788840B93CB1802C05D05C
:101DF000F88818B921462846FFF7E9FD2846FFF77D
:101E00007EF804E039462846FFF73BF800BF00BFE4
:101E1000D4E095F89C02022802D003283BD110E0C0
:101E200054B1802C08D021462846FFF7D0FD8021F0
:101E30002846FFF7CCFD03E039462846FFF721F896
:101E40002EE0788820BB04F07F0018B12146284698
:101E5000FFF7FFFA2846FFF752F821462846FEF71B
:101E6000F2FF0646FF2E13D096B900E0A8E0C5F8B1
:101E7000D46205F52E7050F82600806840B105F553
:101E80002E7050F8260039468268284690478146D1
:101E900006E007E08DE039462846FEF7F2FF00BF76
:101EA00000BF8BE095F89C02022802D0032879D16C
:101EB00026E034B1802C04D039462846FEF7E1FFF5
:101EC00075E004F08000802808D104F07F0000EB6A
:101ED000800105F1140000EB810007E004F07F00B1
:101EE00000EB800105F5AA7000EB81008046002020
:101EF000C8F80000022241462846FEF7EFFF56E0F0
:101F000004F0800080280ED104F00F0000EB800167
:101F100005F1140000EB8100008A98B93946284683
:101F2000FEF7AFFF43E004F00F0000EB800105F582
:101F3000AA7000EB8100008A20B939462846FEF7D6
:101F4000A0FF34E004F08000802808D104F07F0076
:101F500000EB800105F1140000EB810007E004F0C4
:101F60007F0000EB800105F5AA7000EB8100804640
:101F70000CB1802C03D10020C8F800000CE02146F1
:101F80002846FFF7E9FB20B10120C8F8000003E074
:101F900008E00020C8F80000022241462846FEF76B
:101FA0009DFF04E039462846FEF76BFF00BF00BFE7
:101FB00004E039462846FEF764FF00BF00BF04E096
:101FC00039462846FEF75DFF00BF00BF4846BDE822
:101FD000F0872DE9F04105460E460027307800F0E5
:101FE000600030B1202802D0402840D100E000BF7E
:101FF00000BF95F89C02012804D0022803D00328D2
:102000002ED101E000BF00BF3079012823D83179FB
:102010002846FEF71BFF0446FF2C14D09CB905F59B
:102020002E7050F82400806858B1C5F8D44205F5E8
:102030002E7050F8240031468268284690470746A3
:1020400002E0032700E00327F08840B93FB92846A3
:10205000FEF755FF03E031462846FEF712FF04E085
:1020600031462846FEF70DFF00BF00BF04E03146B1
:102070002846FEF706FF00BF00BF3846BDE8F081E6
:10208000704700000146014870470000706F00244F
:1020900070B504460B4622461978587801282CD191
:1020A00040F61C0080581D7805F00F060125B5404C
:1020B000ADB2284340F61C05A85002F5106000EBB5
:1020C0004110006800F40040F0BB1889C0F30A001A
:1020D0001D7940EA854040EA815040F0805040F44C
:1020E000004002F5106505EB41152D68284302F507
:1020F000106505EB411528602DE040F61C00805866
:102100001D7805F00F060125B540144E06EA054579
:10211000284340F61C05A85002F5306000EB411042
:10212000006800F4004078B91889C0F30A001D79EE
:1021300040EA854040F0805040F4004002F53065B0
:1021400005EB41152D6800E005E0284302F53065F8
:1021500005EB41152860002070BD00000000FFFF66
:1021600001460A464FF410608058C30ADB024FF460
:102170001060835040F60400805840F4807340F6AD
:1021800004008350002070470FB470B504469DF8DA
:102190001900012818D1A06B20F48030A063E068FA
:1021A0001F490840E060E06820F44010E0609DF8BE
:1021B0002000012803D1E06840F48010E060204650
:1021C00000F032F8054613E0E06840F04000E060BF
:1021D000204600F029F805469DF81D0020B9A06BA7
:1021E00040F48030A06303E0A06B20F48030A06353
:1021F0009DF8160001280ED1E06D80B2E065E06D1B
:1022000008490843E065A06840F00600A060A068A7
:1022100040F02000A060284670BC5DF814FB000070
:10222000BFFFBDFF0000EE0308B50146002000908F
:1022300000BF0098401C00900098B0F1706F01D969
:10224000032008BD086900F000400028F1D00020FC
:102250000090086940F00100086100BF0098401C30
:1022600000900098B0F1706F01D90320E9E7086988
:1022700000F001000028F1D100BFE2E770B504468C
:102280000B46224619785878012848D102F510608B
:1022900000EB4110006800F00040B0F1004F17D192
:1022A00002F5106000EB4110006840F0006502F597
:1022B000106000EB4110056002F5106000EB41106A
:1022C000006840F0804502F5106000EB41100560A9
:1022D00040F63C0080581D7805F00F060125B540FA
:1022E000ADB2A84340F63C05A85040F61C0080580B
:1022F0001D7805F00F060125B540ADB2A84340F6A4
:102300001C05A85002F5106000EB411000682B4D31
:10231000284002F5106505EB411528604BE002F5F9
:10232000306000EB4110006800F00040B0F1004F59
:1023300017D102F5306000EB4110006840F00065F5
:1023400002F5306000EB4110056002F5306000EBF3
:102350004110006840F0804502F5306000EB41100C
:10236000056040F63C0080581D7805F00F060125F9
:10237000B540134E06EA0545A84340F63C05A85073
:1023800040F61C008558187800F00F060120B04078
:102390000B4E06EA0040854340F61C00855002F5CE
:1023A000306000EB41100068064D284002F53065B2
:1023B00005EB41152860002070BD0000007833EC6B
:1023C0000000FFFF0078F3EF01460A46D2F8000E46
:1023D00020F00300C2F8000E40F60400805820F000
:1023E000020340F6040083500020704701460A466D
:1023F000D2F8000E20F00300C2F8000E40F60400F0
:10240000805840F0020340F60400835000207047DB
:102410000FB4F0B5054600272E46002405E0002144
:1024200005F5827040F82410641C0F2CF7D39DF83A
:102430002200A0B940F60400805940F0020140F6A5
:1024400004008151A86B20F40010A863286840F0B4
:1024500040002860286840F08000286003E0A86BF6
:1024600040F40010A8630020C6F8000E9DF81D007F
:1024700001280CD19DF81B0020B90021284600F04E
:102480000AFD08E00121284600F005FD03E00321D4
:10249000284600F000FD1021284600F002FC00B1A3
:1024A0000127284600F0D5FB00B1012700214FF499
:1024B00001608151001D815140F61C0081510024B2
:1024C0002EE006F5106000EB4410006800F00040BC
:1024D000B0F1004F10D13CB94FF0006106F510602B
:1024E00000EB441001600DE04FF0904106F51060E4
:1024F00000EB4410016005E0002106F5106000EBE0
:1025000044100160002106F5106000EB44100161E9
:102510004FF67F3106F5106000EB44108160641CBB
:102520009DF81800A042CCD800242EE006F53060BB
:1025300000EB4410006800F00040B0F1004F10D1F3
:102540003CB94FF0006106F5306000EB44100160CB
:102550000DE04FF0904106F5306000EB4410016053
:1025600005E0002106F5306000EB44100160002119
:1025700006F5306000EB441001614FF67F3106F53F
:10258000306000EB44108160641C9DF81800A0428C
:10259000CCD84FF40160805920F480714FF4016071
:1025A00081510020A8616FF0804068619DF81A0099
:1025B00018B9A86940F01000A861A8690A49084341
:1025C000A8619DF81E0018B1A86940F00800A86134
:1025D0009DF82200012803D1A86904490843A86195
:1025E0003846F0BC5DF814FB00383C800400004025
:1025F0000146886820F001008860002070470000D4
:1026000070B503460C4619461D6C1848854209D919
:102610004FF43060405800F00040B0F1004F01D15D
:10262000002070BD0026C1F8106BD1F8100B40F4EB
:102630000026C1F8106BD1F8100B40F01806C1F855
:10264000106BD1F8100B40F0C046C1F8106B012C94
:1026500009D1C1F8142B4FF43060405840F0802667
:102660004FF4306046500020DBE700000A30544F42
:1026700030B504460B4622461978587801281ED1F9
:1026800002F5106000EB4110006820F4001502F51F
:10269000106000EB411005601879032802D018790A
:1026A00002282AD102F5106000EB4110006840F0CA
:1026B000805502F5106000EB411005601DE002F549
:1026C000306000EB4110006820F4001502F5306026
:1026D00000EB411005601879032802D01879022810
:1026E0000BD102F5306000EB4110006840F08055DE
:1026F00002F5306000EB41100560002030BD30B5C0
:1027000004460B46224619785878012821D102F553
:10271000106000EB4110006800F0004060B959B152
:1027200002F5106000EB4110006820F0804502F5D2
:10273000106000EB4110056002F5106000EB4110E5
:10274000006840F4001502F5106000EB41100560D0
:1027500020E002F5306000EB4110006800F000401E
:1027600060B959B102F5306000EB4110006820F00B
:10277000804502F5306000EB4110056002F53060E5
:1027800000EB4110006840F4001502F5306000EBEA
:1027900041100560002030BD2DE9F84381460E460A
:1027A00090464D463478707801287DD1306920BB41
:1027B00005F5106000EB44100069E649084005F596
:1027C000106101EB4411086105F5106000EB441045
:1027D000006940F4002105F5106000EB4410016130
:1027E00005F5106000EB44100069C10CC90405F543
:1027F000106000EB441001616FE005F5106000EB24
:1028000044100069C10CC90405F5106000EB4410C8
:10281000016105F5106000EB44100069CD490840E6
:1028200005F5106101EB4411086194B9B168306994
:10283000884201D9B068306105F5106000EB4410A2
:10284000006940F4002105F5106000EB44100161BF
:1028500035E0B16830690844401EB0FBF1F087B242
:1028600005F5106000EB44100069BA49C94301EA5C
:10287000C741084305F5106101EB44110861307947
:1028800001281CD105F5106000EB4410006920F010
:10289000C04105F5106000EB4410016105F51060C2
:1028A00000EB4410006900E099E04FF0C04101EAFC
:1028B0004771084305F5106101EB4411086105F506
:1028C000106000EB441000693169C1F31201084344
:1028D00005F5106101EB44110861B8F1010F36D123
:1028E000F06928B105F5106000EB4410F169416111
:1028F000307901281ED140F60800405900F480705C
:1029000060B905F5106000EB4410006840F000511C
:1029100005F5106000EB441001600BE005F5106058
:1029200000EB4410006840F0805105F5106000EBAA
:102930004410016005F5106000EB4410006840F0A1
:10294000044105F5106000EB44100160FEE005F560
:10295000106000EB4410006840F0044105F5106081
:1029600000EB44100160307901280FD03069002855
:10297000ECD040F634004059317801F00F020121CB
:102980009140084340F634014851DFE040F608002A
:10299000405900F4807060B905F5106000EB4410F8
:1029A000006840F0005105F5106000EB4410016034
:1029B0000BE005F5106000EB4410006840F080511A
:1029C00005F5106000EB44100160CDF80080308AFE
:1029D00083B232784846F16800F0DAFAB6E005F5DD
:1029E000306000EB44100069C10CC90405F530608B
:1029F00000EB4410016105F5306000EB4410006904
:102A00005449084005F5306101EB4411086104BBED
:102A1000306908B1B0683061B068306205F5306087
:102A200000EB44100069316AC1F31201084305F557
:102A3000306101EB4411086105F5306000EB441092
:102A4000006940F4002105F5306000EB441001619D
:102A500043E03069D0B905F5306000EB44100069FF
:102A6000B168C1F31201084305F5306101EB44116F
:102A7000086105F5306000EB4410006940F4002166
:102A800005F5306000EB4410016126E0B168306963
:102A90000844401EB0FBF1F087B2B0687843306262
:102AA00005F5306000EB441000692A49C94301EA8A
:102AB000C741084305F5306101EB4411086105F594
:102AC000306000EB44100069316AC1F31201084321
:102AD00005F5306101EB44110861B8F1010F07D130
:102AE000F06828B105F5306000EB4410F1684161F1
:102AF000307901281ED140F60800405900F480705A
:102B000060B905F5306000EB4410006840F00051FA
:102B100005F5306000EB441001600BE005F5306016
:102B200000EB4410006840F0805105F5306000EB88
:102B30004410016005F5306000EB4410006840F07F
:102B4000044105F5306000EB441001600020BDE851
:102B5000F8830000FFFF07E078B5034600240094E7
:102B600000201A464C78012C35D10C7802F51065FE
:102B700005EB4414246804F00044B4F1004F60D124
:102B80000C7805EB4414246844F000660C7805EBDF
:102B9000441426600C7805EB4414246844F0804605
:102BA0000C7805EB4414266000BF009C641C009464
:102BB00042F21075009CAC4201D901200AE00C7869
:102BC00002F5106505EB4414246804F00044B4F1E8
:102BD000004FEAD035E00C7802F5306505EB44147F
:102BE000246804F00044B4F1004F2AD10C7805EBBE
:102BF0004414246844F000660C7805EB4414266005
:102C00000C7805EB4414246844F080460C7805EBFE
:102C10004414266000BF009C641C009442F21075AE
:102C2000009CAC4201D901200AE00C7802F5306525
:102C300005EB4414246804F00044B4F1004FEAD0DA
:102C400000BF78BD0146886840F001008860002020
:102C5000704708B501460020009000BF0098401C56
:102C600000900098B0F1706F01D9032008BD086989
:102C700000F000400028F1D00020009010200861F2
:102C800000BF0098401C00900098B0F1706F01D90F
:102C90000320EBE7086900F010001028F1D00020B5
:102CA000E4E708B502460020009000BF0098401CF1
:102CB00000900098B0F1706F01D9032008BD106931
:102CC00000F000400028F1D000200090202040EAD1
:102CD0008110106100BF0098401C00900098B0F176
:102CE000706F01D90320E9E7106900F02000202867
:102CF000F1D00020E2E710B501460B4640F608048B
:102D0000E45804F006020AB9002006E0022A01D0C5
:102D1000062A01D1022000E00F2010BD01464869BB
:102D200000F00100704701460B4640F61800C258FB
:102D3000001DC058024090B2704701460B4640F655
:102D40001800C258001DC0580240100C704770B5E2
:102D5000024613464FF40166F45840F63406F5581F
:102D600001F00F0625FA06F606F0010644EAC6143D
:102D700003F5106606EB4116B66806EA040070BD5E
:102D800010B50246134603F5306404EB4114A06805
:102D900040F61404E458204010BD014648698A6991
:102DA000104070472DE9F04104460D46274628465D
:102DB0004FEA920C02F0030300210AE04FF480581E
:102DC00058F80780C0F80080401C401C401C401C84
:102DD000491C6145F2D39BB100214FF4805858F84B
:102DE000076000BF4FEAC10826FA08F880F80080A3
:102DF000491C401CA3F101081FFA88F3002BF1D1F4
:102E0000BDE8F08170B504460E460025E06820F06C
:102E1000C040E060012E10D1E06840F00050E0605A
:102E200000BF0A20F1F7BCFC0A352046FFF776FF09
:102E3000012815D0C82DF4D312E07EB9E06840F027
:102E40008040E06000BF0A20F1F7AAFC0A35204666
:102E5000FFF764FF20B1C82DF5D301E0012070BD5C
:102E6000C82D01D10120FAE70020F8E710B502468D
:102E70000B461146D1F8000820F4FE60C1F80008A6
:102E8000D1F800084FF4FE6404EA03142043C1F8AB
:102E90000008002010BD02461346D3F8000808437E
:102EA000C3F800080020704730B503461446022CD2
:102EB00049D12D48814204D32C48814201D20F22AE
:102EC00045E02A48814204D32948814201D20E229A
:102ED0003DE02748814204D32648814201D20D2299
:102EE00035E02448814204D32348814201D20C2298
:102EF0002DE02148814204D32048814201D20B2297
:102F000025E01E48814204D31D48814201D20A2295
:102F10001DE01B48814204D31A48814201D2092294
:102F200015E01848814204D31748814201D2082293
:102F30000DE01548814204D31448814201D2072292
:102F400005E0062203E00CB9092200E00922D86856
:102F500020F47050D860D8684FF4705505EA822587
:102F60002843D860002030BDC0ACD800C0E1E400E8
:102F70000024F40080730601A0491A01002D3101DC
:102F800040A44C0100366E0120ABA6010048E801C8
:102F90002DE9F04304460D461E46DDF81CC0A04650
:102FA0002946BCF1000F12D1F01C870800230CE069
:102FB000D1F8009008F5805000EB0230C0F8009086
:102FC000491C491C491C491C5B1CBB42F0D3002016
:102FD000BDE8F08300BFFEE7F0B587B004460E46BB
:102FE00015460020009000BF27E046FA00F101F0EE
:102FF000010109B1F02100E0C0214910C0F1070230
:1030000001AB995444FA00F101F0010109B1F0213A
:1030100000E0C0214910C0F10F0201AB995445FAFC
:1030200000F101F0010109B1F02100E0C0214910D7
:10303000C0F1170201AB9954401C0828D5DB4FF6AC
:10304000FF73002269460F48F6F7F0F800BF0D48FD
:1030500090F881000128FAD14FF6FF73182201A9D8
:103060000848F6F7E3F8002707E04FF6FF73012260
:1030700069460448F6F7DAF87F1C642FF5DB07B0E1
:10308000F0BD0000384C002403B4019841000098C2
:1030900050EAC12018BF04204A0D18BF40F00100BB
:1030A00040F2FF72B2EB515F08BF40F0020001280E
:1030B00008BF052002B070474100080218BF042075
:1030C0000A0E18BF40F001004FF07F4232EA0101C2
:1030D00008BF40F00200012808BF0520704700002B
:1030E00002480068C0F30220704700000CED00E0C9
:1030F00010B5002804DB0A07130E054A135406E036
:103100000A07140E034A00F00F031B1FD45410BD0E
:1031100000E400E018ED00E0EFF3058070470000E8
:1031200010B510EE104A4FF01A402DED028B00EB57
:103130004400B0F1C85F4AD84FF0FC40B0EB440FF8
:1031400022D2B0EEC00ADFED310A30EEC00ADFED68
:10315000300A20EE208A18EE100A09F0E3FA00EE99
:10316000100A14F0004F1DBF9FED2A1ADFED2A0A46
:10317000B1EE400A9FED291A08BFF0EE410ADFEDDB
:10318000281A20EE210A05E020EE008A9FED251A7C
:10319000DFED250ADFED251A9FED252A70EEC00A26
:1031A00020EE080A08EE212ADFED221A48EE021A64
:1031B0009FED212A08EE212ADFED201A48EE021A9F
:1031C000BDEC028B40EE610A30EE810A10BD4FF07B
:1031D000CC40B0EB440F82BF9FED190ABDEC028BCF
:1031E00010BD4FF07F40B0EB440F05D2BDEC028B19
:1031F000BDE8104000F084BF0120EEF7D3F8BDEC2D
:10320000028BBDE8104000F081BF00000000803F4D
:103210000000003F0000494022AA7D3A0000000063
:10322000000000C00000C93F22AAFD3924FE1C3D59
:10323000C78AD83C1E67383D1B93993DAFAA2A3EEA
:10324000DB0FC93F10B54FF00E402DED028BB0EEF5
:10325000408A18EE104A00EB4400B0F1506F4AD893
:103260004FF0FC40B0EB440F22D2B0EEC80ADFEDC5
:10327000360A30EEC00ADFED350A60EE208A18EE1D
:10328000900A09F04FFA01EE100A14F0004F1DBF2A
:10329000DFED2F0A9FED2F0AB1EE411ADFED2E0A66
:1032A00008BF9FED2E0ADFED2E1A21EE218A05E0E0
:1032B000DFED2C0A68EE088AB0EE600A9FED2A1A4C
:1032C000DFED2A1A30EE080A48EE811A9FED281A1F
:1032D00008EEA11ADFED271A48EE811A9FED261A93
:1032E00008EEA11A68EE281ABDEC028B01EE810AE5
:1032F00030EE200A10BD4FF0E440B0EB440F0CD983
:1033000018EE100AFFF7D8FE042808BF00F006FFE9
:10331000B0EE480ABDEC028B10BD4FF07F40B0EB21
:10332000440F07D2B0EE480ABDEC028BBDE8104056
:1033300000F0E6BE0120EEF735F8BDEC028BBDE8EB
:10334000104000F0E3BE00000000803F0000003F9E
:103350000000C9BF22AAFDB90000C93F22AAFD3959
:10336000000000C00000000024FE1C3DC78AD83CBD
:103370001E67383D1B93993DAFAA2A3E70B54FF0AA
:1033800068422DED048BF0EE408A18EE900AB0EE04
:10339000608A18EE101A02EB4003B3F1654F3CBF90
:1033A00002EB4102B2F1654F7DD200BFC0F3C753BB
:1033B000C1F3C7529A1A1B2A09DD10F0004F14BF3F
:1033C0009FED830A9FED830ABDEC048B70BD12F163
:1033D0001A0F36DA11F0004F09D010F0004F0CBF71
:1033E0009FED7D0A9FED7D0ABDEC048B70BD88EEDC
:1033F000889A19EE100AFFF75FFE042808BF00F054
:103400008DFE18EE900AFFF757FE054618EE100ADB
:10341000FFF752FE044619EE100AFFF74DFE042D89
:1034200018BF052D08D1042C18BF052C04D1002885
:1034300004BF0220EDF7B6FFB0EE490ABDEC048BE5
:1034400070BD4200B2EB410F3AD910F0004F19BFE6
:10345000DFED630A9FED630ADFED630A9FED630A08
:10346000B0EE481A0A46B1EE688A80F00041F0EEEC
:10347000418A10460A1A5200B2F1807F34D2484085
:1034800010F0004FDFED5A1A9FED5A2A1DBF9FED35
:103490005A1A70EEE10A30EE420A9FED581A08BF40
:1034A00070EEA10A00E040E008BF30EE020AB0EE84
:1034B000682A01EE482A08EE818AC2EE081A15E051
:1034C00011F0004F04BF9FED4E0AF0EE400AD1D03C
:1034D00010F0004F19BFDFED4B0A9FED4B0ADFEDF7
:1034E0004B0A9FED4B0AC5E7C8EE881A21EEA11AD8
:1034F0009FED482ADFED482A41EE022A9FED472A38
:1035000001EE222ADFED462A41EE022A9FED452AEE
:10351000BDEC048B01EE222A21EE811A01EE020A93
:1035200030EE210A30EE200A70BD4FF07F42B2EB40
:10353000400F28BFB2EB410F09D2F0EE480AB0EEBF
:10354000680ABDEC048BBDE8704000F0DCBD40EAC9
:1035500001035B0008BF41F0FF410BD0B2EB400F0D
:1035600008BFB2EB410F08D120F0804008EE900A6E
:1035700021F0804108EE101A18E7B2EB400F12BF9D
:103580005FEA410340F0FF4001F000413FF40EAF1D
:10359000B2EB410F12BF5FEA400200F0004041F081
:1035A000FF413FF403AF4A0092EA40033FF5FEAE0D
:1035B000002AACBF9FED1C0A9FED1C0A68EE808AB2
:1035C00028EE008A18EE900A18EE101AEEE60000B7
:1035D000DB0FC9BFDB0FC93FDB0F4940DB0F49C021
:1035E0000000C9BF22AAFDB90000C93F22AAFD39C7
:1035F0000060ED3EC30ACE37000000BF0000003F70
:1036000000000000000049C022AA7DBA0000494025
:1036100022AA7D3A2DAD65BD8FB8D53D0FB511BE3F
:1036200061C84C3EA8AAAABE0000804F0000802FAF
:1036300010B529499FED261B2DED020B84B005988E
:1036400020F000408842D8BF9DED040B2DDD2349BA
:10365000884209D1049840B94FF00100EDF7A2FE6D
:1036600000F036FD06B010BD05DB9DED040B30EE1D
:10367000000B06B010BD68469DED040B00F0A4FAE7
:1036800010F0030004BF9DED021B9DED000B0CD05C
:1036900001280ED09DED021B9DED000B022810D0DD
:1036A000012000F0C1FC06B010BD00F015FC06B012
:1036B00010BD9DED021B9DED000B012000F0B4FC40
:1036C00001E000F009FC06B0B1EE400B10BD0000B7
:1036D0000000000000000000FB21E93F0000F07F37
:1036E00010EE101A08B5434A6846B2EB410F26D9CE
:1036F0004FF0E640B0EB410F94BF00204FF0FF3099
:1037000000900098DFED3C0A002860DB10F0010F0C
:1037100046D060EE000ADFED391A9FED391A10F03D
:10372000020F00EEE11ADFED371A40EE811A21EEAA
:10373000A01AF0EE400A40EE010A2ED041E0324BD2
:1037400021F0004293423FD911F0004FDFED2F0AE4
:1037500020EE201ADFED2E0A19BF31EE601A71EE4D
:10376000200A31EE201A71EE600ABDEEE01A11EE69
:10377000100A9FED281A00F0030000EEC10A9FED29
:10378000261A009000EEC10A9FED241A00EEC10A2D
:103790009FED231A00EEC10AB3E7F1EE600A10E0D4
:1037A00020EE000A9FED1F1ADFED1F1A10F0020F26
:1037B00040EE011A9FED1D1A00EE211A40EE010A9B
:1037C000EBD1B0EE600A08BD00F0B0FC99E710EE56
:1037D000100A4000B0F17F4FF3D307D14FF0010042
:1037E000EDF7E0FDBDE8084000F090BCBDE8084002
:1037F00000F086BCB61F927E0000803F336D4C39CE
:10380000DA82083CA0AA2ABE490E494683F9223F23
:103810000000004B0000C93F00A0FD390020A2338A
:103820001A61342CB93AB2BACA9F2A3DDDFFFFBEF5
:1038300010B52DED028BF0EE408A18EE900AB0EE36
:10384000608A20F00040C0F1FF40C00F07D118EEA1
:10385000100A20F00040C0F1FF40C00F2BD018EE3E
:10386000101A18EE900A0AF04DFE00EE100A10EE43
:10387000100A6FEAD05010F0FF0F04BFBDEC028BAE
:1038800010BD18EE900A00F0004110EE100A00F092
:103890000040814204BFBDEC028B10BD18EE101A2F
:1038A00010EE100ABDEC028B61F31E0000EE900AD0
:1038B00030EE600A10BD18EE900A4FF07F41B1EB78
:1038C000400F1CBF18EE100A5FEA4000C7D101206C
:1038D000EDF768FDBDEC028BBDE8104000F016BCB2
:1038E00010B529499FED261B2DED020B84B00598DC
:1038F00020F000408842DCBF00209DED040B2EDD4F
:103900002249884209D1049840B94FF00100EDF7EF
:1039100049FD00F0DDFB06B010BD05DB9DED040B9D
:1039200030EE000B06B010BD68469DED040B00F0B4
:103930004BF910F003000DD0012814D09DED021BAF
:103940009DED000B022816D000F0C6FA06B0B1EECD
:10395000400B10BD9DED021B9DED000B012000F002
:1039600063FB06B010BD9DED021B9DED000B00F04A
:10397000B3FA06B010BD012000F056FBE6E70000E8
:103980000000000000000000FB21E93F0000F07F84
:1039900000B510EE101A2DED028B81B0524A684628
:1039A000B2EB410F2ED94FF0E640B0EB410F94BF80
:1039B00000204FF0FF3000900098B0EE408A0028C1
:1039C0006ADB10F0010F4BD068EE080A9FED471A32
:1039D0009FED470A00EE810A9FED461A00EE801A1D
:1039E0009FED450A10F0020F00EE810A02BF01B000
:1039F000BDEC028B00BD00BF01B0B1EE400ABDECD2
:103A0000028B00BD3D4B21F00042934241D911F0A1
:103A1000004FDFED3B0A20EE201ADFED3A0A19BF16
:103A200031EE601A71EE200A31EE201A71EE600A52
:103A3000BDEEE01A11EE100A9FED331A00F00300FC
:103A400000EEC10A9FED311A009000EEC10A9FED11
:103A5000301A00EEC10A9FED2F1A00EEC10AABE743
:103A600028EE080A9FED2C1ADFED2C0A10F0020F49
:103A700040EE410A9FED2A1A00EE201A61EE000A7C
:103A8000B0EE480A08EE200AB6D101B0BDEC028BB8
:103A900000BD00F04BFB8FE718EE100A4000B0F1BC
:103AA0007F4F0DD218EE100AFFF706FB042808BF5F
:103AB00000F034FBB0EE480A01B0BDEC028B00BD53
:103AC00009D10120EDF76EFC01B0BDEC028B5DF871
:103AD00004EB00F01BBB01B0B0EE480ABDEC028B5A
:103AE0005DF804EB00F00CBBB61F927EB93AB2BA97
:103AF000CA9F2A3DDDFFFFBE0000803F490E4946B8
:103B000083F9223F0000004B0000C93F00A0FD39AF
:103B10000020A2331A61342C336D4C39DA82083C10
:103B2000A0AA2ABE00B52DED028BB1EEC08B83B0EA
:103B300018EE100A18EE901A8DED008B002818BFB1
:103B40000120084320F00040C0F17F6000F1E04018
:103B5000C00F14D010EE101A10EE900A8DED000B6D
:103B6000002918BF0121084320F00040C0F17F6008
:103B700000F1E040C00F04BF0120EDF713FCB0EEF0
:103B8000480B03B0BDEC028B00BD10B52DED028BD0
:103B9000B1EEC08A18EE100A20F00040C0F1FF40DC
:103BA000C00F0AD010EE100A20F00040C0F1FF4014
:103BB000C00F04BF0120EDF7F5FBB0EE480ABDECE5
:103BC000028B10BD000000002DE9F14F04462DEDE1
:103BD000020B2DED048B94B09FED9D0B80ED020B3D
:103BE000199E9D4826F0004585420ADC9DED180B84
:103BF000002084ED000B14B0BDEC048B03B0BDE8D5
:103C0000F08F96489FED969B9FED978BA84225DD00
:103C100097489FED991B9FED9A2B9DED180B002E59
:103C20000DDD30EE490B854212BF30EE480B30EE11
:103C3000410B30EE420B84ED000B0120DBE730EE50
:103C4000090B854212BF30EE080B30EE010B30EE4F
:103C5000020B84ED000B4FF0FF30CCE78A48A842FE
:103C600053DB9DED180B51EC100B05F09AFC41EC69
:103C7000100BB0EE401B9FED862B9FED870B290D9F
:103C8000DFF81CC201EE020B0120FDEEC00B10EEAE
:103C9000903A00EE903AB8EEE02BB0EE410B02EE17
:103CA000490B22EE081BFC44032830EE411B84ED37
:103CB000001B1DD011EE902A00EB4015113DC2F300
:103CC0000A528A1A954213DA0CEB0012B0EE403B0E
:103CD00092ED000B401C20EE021B33EE410B33EE45
:103CE000403B33EE411B92ED023B12EE031BDBE740
:103CF000002EA8BF1846BFF67EAF94ED000B5842C9
:103D0000B1EE400B84ED000B75E7C6F3130040F4F1
:103D1000801EC6F30A50A0F2F530471100F01F05CF
:103D2000C5F12000DDF860B01390002008900990E4
:103D300005200DF1080C5B49002D07EB00027944CA
:103D400008BF51F8221009D051F8223001EB82014E
:103D5000AB404A68139922FA01F11943A1FB0E26E0
:103D6000A1FB0B131A449A4234BF0123002303EB37
:103D700006080CEB8003D3E901A60E448E4234BF43
:103D80000121002192448A4411B1924502D903E0F5
:103D9000924501D2012100E00021C3E901A641447E
:103DA0004CF82010011EA0F10100C4DC04989DED28
:103DB000050A00F10050810F04989FED3B4B8000F5
:103DC00001EE100ADDED060A9DED072AB8EEC13BB3
:103DD000B8EE401BB8EE600BB8EE422B002021EE8F
:103DE000041B9FED334B20EE040B9FED334B22EE73
:103DF000042B30EE024B34EE014B34EE034B8DEDD1
:103E0000004B00909DED004B199834EE433B10F0B1
:103E1000004F33EE411B31EE400B32EE401B9DED67
:103E2000000B9FED272B20EE020B9FED272B01EEC1
:103E3000020B9DED001B9FED262B01EE020B1CBF1C
:103E40004942B1EE400B84ED000B0846D3E600007A
:103E50000000000000000000FB21E93F7CD9024087
:103E600000004054FB21F93F3163621A61B4D03D38
:103E7000FB21F93F000000000000601A61B4D03D52
:103E80007370032E8A19A33BFB2139410000000007
:103E900083C8C96D305FE43F000000000000E03FD0
:103EA0000EBD0000A6BC0000000000000000103E97
:103EB000000000000000103C000000000000103A6C
:103EC0003326A611460B113C182D4454FB21F93D15
:103ED00000000054FB21F93D10B52DED040B2DED34
:103EE000068B82B0B0EE41AB09989FED299B20F084
:103EF0000044B4F1795F0FDA9DED080BBDEEC00B05
:103F000010EE100A002801BFB0EE490B02B0BDEC64
:103F1000068B04B008BF10BD9DED080B1E4806219E
:103F200020EE008BB0EE480B784400F045F820EE10
:103F3000080B9DED081B1C48844228EE000B01EE87
:103F40004A0B9FED171B28EE011BBCBF31EE400B47
:103F500039EE400B16DB1548A042BCBF9FED142B79
:103F60008DED002B06DBA4F50010019000200090E1
:103F70009DED002B31EE421B39EE422B31EE400B12
:103F800032EE400B02B0BDEC068B04B010BD000059
:103F9000000000000000F03F5CBA000000000000DC
:103FA000000000000000E03F3333D33F0000E93F52
:103FB000000000000000D23F491E00EBC102B0EE3D
:103FC000401B92ED000B31F006020DD0491E00EBB4
:103FD000C102B0EE403B92ED002B31F00602B0EE94
:103FE000420B03EE010BF1D1022914D004290AD0AF
:103FF000062918BF704790ED0A2B00EE012B90EDBB
:10400000080B02EE010B90ED062B00EE012B90ED5C
:10401000040B02EE010B90ED022B00EE012B90ED54
:10402000000B02EE010B704731B504462DED040B79
:104030002DED068BB0EE419B07989DED060B20F011
:104040000040B0F1795F0DDA51EC100BFFF71CF86E
:10405000042808BF00F048F89DED060BBDEC068B68
:1040600005B030BD20EE008B1348052128EE00ABD3
:10407000B0EE480B7844FFF79FFF9FED111B8CB10A
:104080009FED112B29EE022B0AEE402B9DED060B26
:1040900018EE029B0AEE419B30EE490BBDEC068BFD
:1040A00005B030BD08EE001B9DED060B0AEE010BBE
:1040B000BDEC068B05B030BD28BA00000000000042
:1040C000495555555555C5BF000000000000E03F5B
:1040D0009FED031B81EE010B704700000000000004
:1040E00000000000000000009FED030B20EE000B1D
:1040F00070470000000000000000000000000010F9
:1041000030EE000A704730EE200A7047DFED020AF9
:1041100080EEA00A70470000000000009FED020A38
:1041200020EE000A70470000000000102DE9F001A9
:104130004FF07F42B2EB410F9FBF4FF0FF31016064
:10414000BDE8F00170474FF0004242EA0123C1F39D
:10415000C752783A551112F01F0C434CCCF120068F
:104160007C44C1F3C752A2F178024FEA621204EB19
:10417000820254F8254008BFD2E9015612D0556892
:1041800004FA0CF425FA06F73C43976805FA0CF597
:1041900027FA06F8D26807FA0CFCF24045EA08054F
:1041A0004CEA0206A4FB034CA5FB0352A6FB0363E7
:1041B0001D449D4234BF012600261319334416B115
:1041C000934202D903E0934201D2012200E000228F
:1041D000624402F1200C9206DC0C42EA443200EE0A
:1041E000102A5B03DFED210AF8EEC01A00EE103A48
:1041F0004FEA9C1C11F0004FB8EE400AC0F800C016
:1042000020EE201A00EE105ADFED190AB8EE400A2F
:1042100020EE200A71EE810A70EE800A10EE902ADC
:1042200002F500626FF30B0200EE902A70EEE11AC5
:1042300031EEC11ADFED101A30EE411A9FED0D0A72
:1042400020EE800A01EE210A9FED0C1A00EE810A91
:1042500004BFBDE8F0017047CCF180510160BDE8BA
:10426000F001B1EE400A70471CB9000000000036B2
:104270000000802C22AAFD29DB0FC92F0000C92FC6
:1042800010B500201CE00222C0EB00134A49CA54BA
:104290000922C0EB001319444A70C0EB00134649D1
:1042A00019448870C0EB001243491144C97821F0C9
:1042B0000701491CC0EB00133F4A1A44D170401C4F
:1042C0000128E0DB01200CE0C0EB00123A49114468
:1042D000C97821F00702C0EB001337491944CA70AE
:1042E000401C0128F0DB35480068C07820F0380019
:1042F00032490968C87031480068C07820F007006A
:10430000401C2E490968C8702C480068B0F80300AA
:1043100020F4707029490968A1F803002748006853
:10432000007920F03C0025490968087140F20451E9
:1043300022480068008961F38C00204909680881DF
:1043400040F21A211D480068B0F8090061F34F10CF
:104350001A490968A1F8090018480068B0F8070070
:104360006FF30900C01D15490968A1F8070040F264
:10437000195112480068808961F38C000F4909685F
:10438000888140F21A210D480068B0F80D0061F3F1
:104390004F100A490968A1F80D0007480D3808F0C8
:1043A00033FB1E2204490D39054808F0DDFC1E20B0
:1043B00008F0E4FE10BD00002B0C01245806002478
:1043C0009850002410B501203B4948730A213A480F
:1043D00081730021C173007C20F00700401C364926
:1043E000087436480068C07820F038003830334907
:1043F0000968C87031480068C07820F00700401C88
:104400002E490968C8702D480068B0F8030020F4F0
:1044100070702A490968A1F80300284800680079EB
:1044200020F03C00203025490968087140F2F22153
:1044300022480068008961F38C00204909680881DE
:10444000BB211E480068B0F8090061F34F101B49FA
:104450000968A1F8090019480068B0F807006FF36F
:104460000900801C15490968A1F8070014211348A8
:104470000068808861F38E101049096888801521D2
:104480000E480068B0F8050061F3CF100B490968C9
:10449000A1F805000AA1094800680F30ECF7F6FD05
:1044A000054808F041FB3C220349094808F05CFC40
:1044B0001E2008F063FE10BD3C0C01245C060024A5
:1044C00048494748545F53504545445F544F500056
:1044D0009850002410B501203B4948730B213A48FD
:1044E00081730121C173007C20F00700401C364914
:1044F000087436480068C07820F0380038303349F6
:104500000968C87031480068C07820F00700401C76
:104510002E490968C8702D480068B0F8030020F4DF
:1045200070702A490968A1F80300284800680079DA
:1045300020F03C00203025490968087140F22B31F9
:1045400022480068008961F38C00204909680881CD
:104550008A211E480068B0F8090061F34F101B491A
:104560000968A1F8090019480068B0F807006FF35E
:104570000900801C15490968A1F807001421134897
:104580000068808861F38E101049096888800E21C8
:104590000E480068B0F8050061F3CF100B490968B8
:1045A000A1F805000AA1094800680F30ECF76EFD7C
:1045B000054808F0B9FA3C220349094808F0D4FB41
:1045C0001E2008F0DBFD10BD780C012460060024DD
:1045D0004C4F575F53504545445F544F50000000C7
:1045E0009850002410B501203C4948730C213B48E9
:1045F00081730121C173007C20F00700401C374902
:10460000087437480068C07820F0380038303449E2
:104610000968C87032480068C07820F00700401C64
:104620002F490968C8702E480068B0F8030020F4CC
:1046300070702B490968A1F80300294800680079C7
:1046400020F03C00203026490968087140F2DC5116
:1046500023480068008961F38C00214909680881BA
:104660004FF420711E480068B0F8090061F34F1044
:104670001B490968A1F8090019480068B0F807004B
:104680006FF30900801C16490968A1F8070014217E
:1046900013480068808861F38E101149096888808A
:1046A0000E210F480068B0F8050061F3CF100C49E7
:1046B0000968A1F805000BA1094800680F30ECF764
:1046C000E5FC064808F030FA3C220449094808F0A5
:1046D0004BFB1E2008F052FD10BD0000B40C01245D
:1046E000640600244E4F524D414C5F5350454544A3
:1046F000000000009850002410B501203C49487388
:104700000D213B4881730121C173007C20F007001B
:10471000401C3749087437480068C07820F03800DA
:10472000383034490968C87032480068C07820F0D1
:104730000700401C2F490968C8702E480068B0F86F
:10474000030020F470702B490968A1F80300294880
:104750000068007920F03C00203026490968087183
:1047600040F2DC5123480068008961F38C00214944
:10477000096808814FF416711E480068B0F80900F6
:1047800061F34F101B490968A1F809001948006836
:10479000B0F807006FF30900801C16490968A1F8FA
:1047A0000700142113480068808861F38E101149B6
:1047B000096888800E210F480068B0F8050061F391
:1047C000CF100C490968A1F805000BA10948006841
:1047D0000F30ECF75BFC064808F0A6F93C220449D0
:1047E000084808F0C1FA1E2008F0C8FC10BD0000FF
:1047F000F00C0124680600244C4F575F5350454588
:10480000440000009850002410B500201CE0022253
:10481000C0EB00134A49CA540022C0EB00131944EC
:104820004A70C0EB0013464919448870C0EB00126F
:1048300043491144C97821F00701491CC0EB00131A
:104840003F4A1A44D170401C0128E0DB01200CE0F3
:10485000C0EB00123A491144C97821F00702C0EBBD
:10486000001337491944CA70401C0128F0DB354851
:104870000068C07820F03800083032490968C870F4
:1048800030480068C07820F00700401C2D490968B6
:10489000C8702C480068B0F8030020F470702949F3
:1048A0000968A1F8030027480068007920F03C005F
:1048B0002449096808714FF4AF61224800680089F3
:1048C00061F38C001F49096808814FF41B711D4872
:1048D0000068B0F8090061F34F101A490968A1F89F
:1048E000090018480068B0F807006FF309001E308F
:1048F00014490968A1F8070040F27951114800688D
:10490000808961F38C000F490968888140F26D212C
:104910000C480068B0F80D0061F34F1009490968B0
:10492000A1F80D0006480D3808F06EF81E22044963
:104930000D39054808F018FA1E2008F01FFC10BDBC
:104940001D0B0124340600249850002410B50020CB
:104950001CE00222C0EB00134A49CA540122C0EBFA
:10496000001319444A70C0EB00134649194488707B
:10497000C0EB001243491144C97821F00701491CDA
:10498000C0EB00133F4A1A44D170401C0128E0DB01
:1049900001200CE0C0EB00123A491144C97821F023
:1049A0000702C0EB001337491944CA70401C0128A4
:1049B000F0DB35480068C07820F038000830324914
:1049C0000968C87030480068C07820F00700401CB3
:1049D0002D490968C8702C480068B0F8030020F41D
:1049E000707029490968A1F8030027480068007918
:1049F00020F03C0018302449096808713C21224805
:104A00000068008961F38C001F49096808814FF430
:104A100043711D480068B0F8090061F34F101A494E
:104A20000968A1F8090018480068B0F807006FF39A
:104A30000900401C14490968A1F807004FF4E67109
:104A400011480068808961F38C000F4909688881EA
:104A500040F239310C480068B0F80D0061F34F1096
:104A600009490968A1F80D0006480D3807F0CCFF88
:104A70001E2204490D39054808F076F91E2008F079
:104A80007DFB10BD3B0B0124380600249850002408
:104A900010B500201BE00222C0EB00134A49CA54A3
:104AA000C0EB001319444A70C0EB00134649194487
:104AB0008870C0EB001244491144C97821F0070105
:104AC000491CC0EB0013404A1A44D170401C012815
:104AD000E1DB01200CE0C0EB00123B491144C97836
:104AE00021F00702C0EB001337491944CA70401C7B
:104AF0000128F0DB35480068C07820F03800083025
:104B000032490968C87031480068C07820F0070051
:104B1000401C2E490968C8702C480068B0F8030092
:104B200020F4707029490968A1F80300274800683B
:104B3000007920F03C0018302449096808713C21B4
:104B400022480068008961F38C00204909680881C7
:104B500040F2DF211D480068B0F8090061F34F10F2
:104B60001A490968A1F8090018480068B0F8070058
:104B70006FF30900401C15490968A1F807004FF4BC
:104B8000E67112480068808961F38C000F4909685A
:104B900088814FF443710D480068B0F80D0061F34F
:104BA0004F100A490968A1F80D0007480D3807F0B1
:104BB0002BFF1E2204490D39054808F0D5F81E20A8
:104BC00008F0DCFA10BD0000590B01243C0600245B
:104BD0009850002410B500201CE00222C0EB001306
:104BE0004A49CA540322C0EB001319444A70C0EB6F
:104BF0000013464919448870C0EB00124349114420
:104C0000C97821F00701491CC0EB00133F4A1A4440
:104C1000D170401C0128E0DB01200CE0C0EB001249
:104C20003A491144C97821F00702C0EB0013374913
:104C30001944CA70401C0128F0DB35480068C07870
:104C400020F03800083032490968C87030480068E0
:104C5000C07820F00700401C2D490968C8702C4816
:104C60000068B0F8030020F4707029490968A1F8C1
:104C7000030027480068007920F03C0018302449E0
:104C8000096808713C2122480068008961F38C00A2
:104C90001F490968088140F2B2211D480068B0F838
:104CA000090061F34F101A490968A1F80900184872
:104CB0000068B0F807006FF30900401C1449096848
:104CC000A1F807004FF4E67111480068808961F38C
:104CD0008C000F490968888140F2DF210C48006888
:104CE000B0F80D0061F34F1009490968A1F80D00F3
:104CF00006480D3807F088FE1E2204490D39054884
:104D000008F032F81E2008F039FA10BD770B0124A4
:104D1000400600249850002410B500201CE0022218
:104D2000C0EB00134A49CA540422C0EB00131944D3
:104D30004A70C0EB0013464919448870C0EB00125A
:104D400043491144C97821F00701491CC0EB001305
:104D50003F4A1A44D170401C0128E0DB01200CE0DE
:104D6000C0EB00123A491144C97821F00702C0EBA8
:104D7000001337491944CA70401C0128F0DB35483C
:104D80000068C07820F03800083032490968C870DF
:104D900030480068C07820F00700401C2D490968A1
:104DA000C8702C480068B0F8030020F470702949DE
:104DB0000968A1F8030027480068007920F03C004A
:104DC00018302449096808713C212248006800898C
:104DD00061F38C001F490968088140F23A211D489F
:104DE0000068B0F8090061F34F101A490968A1F88A
:104DF000090018480068B0F807006FF30900401C6C
:104E000014490968A1F807004FF4E67111480068D9
:104E1000808961F38C000F490968888140F267211D
:104E20000C480068B0F80D0061F34F10094909689B
:104E3000A1F80D0006480D3807F0E6FD1E220449D2
:104E40000D39054807F090FF1E2008F097F910BDB6
:104E5000950B0124440600249850002410B500202E
:104E60001CE00222C0EB00134A49CA540522C0EBE1
:104E7000001319444A70C0EB001346491944887066
:104E8000C0EB001243491144C97821F00701491CC5
:104E9000C0EB00133F4A1A44D170401C0128E0DBEC
:104EA00001200CE0C0EB00123A491144C97821F00E
:104EB0000702C0EB001337491944CA70401C01288F
:104EC000F0DB35480068C07820F0380008303249FF
:104ED0000968C87030480068C07820F00700401C9E
:104EE0002D490968C8702C480068B0F8030020F408
:104EF000707029490968A1F8030027480068007903
:104F000020F03C0018302449096808713C212248EF
:104F10000068008961F38C001F490968088140F22C
:104F20000D211D480068B0F8090061F34F101A49BF
:104F30000968A1F8090018480068B0F807006FF385
:104F40000900401C14490968A1F807004FF4E671F4
:104F500011480068808961F38C000F4909688881D5
:104F600040F23A210C480068B0F80D0061F34F1090
:104F700009490968A1F80D0006480D3807F044FDFD
:104F80001E2204490D39054807F0EEFE1E2008F0E8
:104F9000F5F810BDB30B01244806002498500024F6
:104FA00010B500201CE00222C0EB00134A49CA548D
:104FB0000622C0EB001319444A70C0EB00134649A7
:104FC00019448870C0EB001243491144C97821F09C
:104FD0000701491CC0EB00133F4A1A44D170401C22
:104FE0000128E0DB01200CE0C0EB00123A4911443B
:104FF000C97821F00702C0EB001337491944CA7081
:10500000401C0128F0DB35480068C07820F03800EB
:10501000083032490968C87030480068C07820F00C
:105020000700401C2D490968C8702C480068B0F87A
:10503000030020F4707029490968A1F8030027488B
:105040000068007920F03C002449096808713C217F
:1050500022480068008961F38C00204909680881B2
:105060004FF4F0711D480068B0F8090061F34F106B
:105070001A490968A1F8090018480068B0F8070043
:105080006FF30900401C15490968A1F807004FF4A7
:10509000E67112480068808961F38C000F49096845
:1050A000888140F20D210D480068B0F80D0061F3D1
:1050B0004F100A490968A1F80D0007480D3807F09C
:1050C000A3FC1E2204490D39054807F04DFE1E20A1
:1050D00008F054F810BD0000D10B01244C06002448
:1050E0009850002410B500201CE00122C0EB0013F2
:1050F0004949CA540722C0EB001319444A70C0EB57
:105100000013454919448870C0EB0012424911440C
:10511000C97821F00701491CC0EB00133E4A1A442C
:10512000D170401C0128E0DB01200CE0C0EB001234
:1051300039491144C97821F00702C0EB0013364900
:105140001944CA70401C0128F0DB34480068C0785C
:1051500020F03800283031490968C8702F480068AD
:10516000C07820F00700401C2C490968C8702B4803
:105170000068B0F8030020F4707028490968A1F8AD
:10518000030026480068007920F03C0018302349CD
:10519000096808714FF4B96120480068008961F31B
:1051A0008C001E490968088140F2D5211B4800681F
:1051B000B0F8090061F34F1018490968A1F8090017
:1051C00016480068B0F807006FF30900801C134907
:1051D0000968A1F80700142110480068808861F36D
:1051E0008E100E49096888800D48807A00EB800097
:1051F00040000A490968C1F80B0007480D3807F05C
:1052000003FC1E2204490D39064807F0ADFD1E209F
:1052100007F0B4FF10BD0000EF0B0124500600247E
:10522000181201249850002410B500201CE002221E
:10523000C0EB00135549CA540822C0EB00131944AF
:105240004A70C0EB0013514919448870C0EB00123A
:105250004E491144C97821F00701491CC0EB0013E5
:105260004A4A1A44D170401C0128E0DB01200CE0BE
:10527000C0EB001245491144C97821F00702C0EB88
:10528000001342491944CA70401C0128F0DB404811
:105290000068C07820F0380020303D490968C870A7
:1052A0003B480068C07820F00700401C3849096876
:1052B000C87037480068B0F8030020F470703449B3
:1052C0000968A1F8030032480068007920F03C002A
:1052D00018302F490968087140F2C5312C48006820
:1052E000008961F38C002A49096808814FF405712F
:1052F00027480068B0F8090061F34F102449096895
:10530000A1F8090022480068B0F807006FF309000F
:1053100016301F490968A1F80700E8211C480068F9
:10532000808861F38E101A4909688880E92118483D
:105330000068B0F8050061F3CF1015490968A1F8BD
:1053400005004FF4B97112480068808961F38C0040
:105350000F49096888814FF4B4710D480068B0F8AE
:105360000D0061F34F100A490968A1F80D000748C4
:105370000D3807F049FB1E2204490D39054807F096
:10538000F3FC1E2007F0FAFE10BD00000D0C0124F6
:10539000540600249850002410B500201CE003227D
:1053A000C0EB0013FE49CA540022C0EB001319449D
:1053B0004A70C0EB0013FA4919448870C0EB001220
:1053C000F7491144C97821F00701491CC0EB0013CB
:1053D000F34A1A44D170401C0728E0DB07200CE098
:1053E000C0EB0012EE491144C97821F00702C0EB6E
:1053F0000013EB491944CA70401C0728F0DBE94848
:105400000068C07820F03800E6490968C870E548AF
:105410000068C07820F00700401CE2490968C870A5
:10542000E0480068B0F8030020F47070DD490968B6
:10543000A1F80300DB480068007920F03C00203030
:10544000D849096808714FF43E71D6480068008950
:1054500061F38C00D349096808814FF40771D14882
:105460000068B0F8090061F34F10CE490968A1F84F
:105470000900CC480068B0F807006FF30900401C31
:10548000C8490968A1F807004FF49161C548006850
:10549000808961F38C00C349096888814FF40771E2
:1054A000C0480068B0F80D0061F34F10BD490968AD
:1054B000A1F80D00BC480068C07820F03800BA4957
:1054C0000968C870B8480068C07820F00700401C20
:1054D000B5490968C870B4480068B0F8030020F402
:1054E0007070B1490968A1F80300AF4800680079FD
:1054F00020F03C002030AC49096808714FF470710D
:10550000A9480068008961F38C00A74909680881EF
:1055100040F28121A4480068B0F8090061F34F10FF
:10552000A1490968A1F809009F480068B0F8070080
:105530006FF30900401C9C490968A1F807004FF46B
:10554000707199480068808961F38C0096490968F8
:1055500088814FF4967194480068B0F80D0061F3AB
:105560004F1091490968A1F80D0090480068C07873
:1055700020F0380020308D490968C8708B480068D9
:10558000C07820F00700401C88490968C870874827
:105590000068B0F8030020F4707084490968A1F82D
:1055A000030082480068007920F03C0020307F49E9
:1055B000096808714FF470717C480068008961F3D4
:1055C0008C007A490968088140F2222177480068F6
:1055D000B0F8090061F34F1074490968A1F8090097
:1055E00072480068B0F807006FF30900401C6F496B
:1055F0000968A1F807004FF4A9716C480068808819
:1056000061F38E106949096888801621674800682F
:10561000B0F8050061F3CF1064490968A1F80500EE
:105620004FF4967161480068808961F38C005F498E
:10563000096888814FF496715C480068B0F80D00E5
:1056400061F34F1059490968A1F80D0058480068E6
:10565000C07820F0380056490968C870544800687E
:10566000C07820F00700401C51490968C8705048B4
:105670000068B0F8030020F470704D490968A1F883
:1056800003004B480068007920F03C002030484976
:105690000968087140F2593145480068008961F392
:1056A0008C004349096808814FF4937140480068B1
:1056B000B0F8090061F34F103D490968A1F80900ED
:1056C0003B480068B0F807006FF30900401C3849F8
:1056D0000968A1F8070040F2513135480068808917
:1056E00061F38C0032490968888140F20911304821
:1056F0000068B0F80D0061F34F102D490968A1F85A
:105700000D002C480068C07820F03800294909684D
:10571000C87028480068C07820F00700401C254960
:105720000968C87023480068B0F8030020F470705E
:1057300020490968A1F803001E480068007920F09C
:105740003C0020301B490968087140F22741194884
:105750000068008961F38C001649096808814FF4DC
:10576000937114480068B0F8090061F34F101149B3
:105770000968A1F809000F480068B0F807006FF346
:105780000900401C0B490968A1F8070040F22F41AD
:1057900008480068808961F38C00064909680BE0BD
:1057A000390D012474060024780600247C060024A8
:1057B0008006002484060024888140F2091166488E
:1057C0000068B0F80D0061F34F1063490968A1F853
:1057D0000D0062480068C07820F0380008305F494A
:1057E0000968C8705D480068C07820F00700401C58
:1057F0005A490968C87059480068B0F8030020F495
:10580000707056490968A1F803005448006800798F
:1058100020F03C0020305149096808714FF4AF6115
:105820004E480068008961F38C004C490968088182
:105830004FF41B7149480068B0F8090061F34F103C
:1058400046490968A1F8090044480068B0F8070013
:105850006FF30900401C41490968A1F8070040F2B4
:1058600096513E480068808961F38C003B49096885
:10587000888140F28A2139480068B0F80D0061F350
:105880004F1036490968A1F80D0035480068C07806
:1058900020F0380032490968C87031480068C07883
:1058A00020F00700401C2E490968C8702C48006889
:1058B000B0F8030020F4707029490968A1F80300CA
:1058C00027480068007920F03C002030244909680E
:1058D00008714FF4667122480068008961F38C00FA
:1058E0001F49096808814FF402711D480068B0F82B
:1058F000090061F34F101A490968A1F80900184816
:105900000068B0F807006FF30900401C14490968EB
:10591000A1F807004FF47A7111480068808961F39B
:105920008C000F49096888814FF402710C480068A7
:10593000B0F80D0061F34F1009490968A1F80D0096
:10594000084807F0C1F878220649074807F00CFA22
:105950001E2007F013FC10BD8406002488060024D6
:105960008C0600242C0D01249850002410B5002032
:105970001EE00322C0EB0013FE49CA540022C0EB14
:10598000001319444A70C11DCAB2C0EB0013F94993
:1059900019448A70C0EB0012F6491144C97821F00D
:1059A0000701491CC0EB0013F24A1A44D170401C95
:1059B0000728DEDB07200CE0C0EB0012ED491144A4
:1059C000C97821F00702C0EB0013EA491944CA70F4
:1059D000401C0728F0DBE8480068C07820F0380059
:1059E0002030E5490968C870E3480068C07820F0B5
:1059F0000700401CE0490968C870DF480068B0F83B
:105A0000030020F47070DC490968A1F80300DA484B
:105A10000068007920F03C002030D74909680871FF
:105A200040F2B631D4480068008961F38C00D24955
:105A3000096808814FF40771CF480068B0F8090081
:105A400061F34F10CC490968A1F80900CA48006801
:105A5000B0F807006FF30900401CC7490968A1F8B6
:105A60000700E621C4480068808861F38E10C249AF
:105A7000096888804FF48771BF480068B0F8050056
:105A800061F3CF10BC490968A1F805004FF4B97162
:105A9000B9480068808961F38C00B749096888813A
:105AA0004FF4B971B4480068B0F80D0061F34F10BD
:105AB000B1490968A1F80D00B0480068C07820F02D
:105AC00038002030AD490968C870AC480068C0781B
:105AD00020F00700401CA9490968C870A748006861
:105AE000B0F8030020F47070A4490968A1F803001D
:105AF000A2480068007920F03C0020309F490968E6
:105B0000087140F2CF319D480068008961F38C0034
:105B10009A49096808814FF4077198480068B0F8FD
:105B2000090061F34F1095490968A1F809009348ED
:105B30000068B0F807006FF30900401C8F4909683E
:105B4000A1F80700E9218D480068808861F38E1074
:105B50008A490968888040F20D1188480068B0F8C9
:105B6000050061F3CF1085490968A1F8050040F2EE
:105B7000711182480068808961F38C007F4909684F
:105B8000888140F271117D480068B0F80D0061F322
:105B90004F107A490968A1F80D0079480068C0786B
:105BA00020F0380076490968C87075480068C078E8
:105BB00020F00700401C72490968C87070480068EE
:105BC000B0F8030020F470706D490968A1F8030073
:105BD0006B480068007920F03C0020306849096873
:105BE000087140F29A2166480068008961F38C00D0
:105BF00063490968088140F2073161480068B0F8DC
:105C0000090061F34F105E490968A1F809005C487A
:105C10000068B0F807006FF30900401C5849096894
:105C2000A1F807004FF42A7155480068808961F394
:105C30008C0053490968888140F2F7215048006878
:105C4000B0F80D0061F34F104D490968A1F80D003F
:105C50004C480068C07820F038004A490968C8708C
:105C600048480068C07820F00700401C4549096892
:105C7000C87044480068B0F8030020F470704149CF
:105C80000968A1F803003F480068007920F03C0053
:105C900020303C490968087140F2432139480068C6
:105CA000008961F38C0037490968088140F21B21A3
:105CB00034480068B0F8090061F34F1031490968B1
:105CC000A1F809002F480068B0F807006FF3090039
:105CD000401C2C490968A1F8070040F25D212948C1
:105CE0000068808961F38C0026490968888140F248
:105CF000232124480068B0F80D0061F34F102149BA
:105D00000968A1F80D0020480068C07820F038002C
:105D10001D490968C8701C480068C07820F0070059
:105D2000401C19490968C87017480068B0F803009A
:105D300020F4707014490968A1F803001248006843
:105D4000007920F03C0020300F49096808714FF4B9
:105D500061710D480068008961F38C000A49096887
:105D600008814FF4FA7108480068B0F8090061F33F
:105D70004F100BE0B10D012490060024940600247E
:105D8000980600249C060024A00600247349096894
:105D9000A1F8090071480068B0F807006FF3090026
:105DA000401C6E490968A1F807004FF47F716B48E9
:105DB0000068808961F38C006849096888814FF424
:105DC000FA7166480068B0F80D0061F34F1063493E
:105DD0000968A1F80D0062480068C07820F038001A
:105DE0005F490968C8705E480068C07820F0070005
:105DF000401C5B490968C87059480068B0F8030046
:105E000020F4707056490968A1F8030054480068EE
:105E1000007920F03C0020305149096808714FF4A6
:105E20005C714F480068008961F38C004C49096837
:105E300008814FF4F0714A480068B0F8090061F336
:105E40004F1047490968A1F8090045480068B0F8B3
:105E500007006FF30900401C41490968A1F80700D9
:105E600040F211413E480068808961F38C003C4952
:105E7000096888814FF4F07139480068B0F80D0066
:105E800061F34F1036490968A1F80D0035480068E4
:105E9000C07820F0380033490968C870314800687C
:105EA000C07820F00700401C2E490968C8702D48B2
:105EB0000068B0F8030020F470702A490968A1F85E
:105EC000030028480068007920F03C002030254974
:105ED000096808714FF4577122480068008961F31E
:105EE0008C002049096808814FF4E6711D4800685C
:105EF000B0F8090061F34F101A490968A1F80900C8
:105F000018480068B0F807006FF30900401C1549F5
:105F10000968A1F8070040F224411248006880890E
:105F200061F38C000F49096888814FF4E6710D48D0
:105F30000068B0F80D0061F34F100A490968A1F834
:105F40000D00094806F0C0FD78220749074806F011
:105F50000BFF1E2007F012F910BD0000A006002460
:105F6000A4060024A8060024A40D012498500024AF
:105F700010B502203C49487300213B488173192128
:105F8000C173007C20F00700401C37490874374873
:105F90000068C07820F03800383034490968C8708B
:105FA00032480068C07820F00700401C2F4909687B
:105FB000C8702E480068B0F8030020F470702B49B8
:105FC0000968A1F8030029480068007920F03C0026
:105FD00018302649096808714FF4B96123480068F0
:105FE000008961F38C0021490968088140F207317A
:105FF0001E480068B0F8090061F34F101B4909689A
:10600000A1F8090019480068B0F807006FF309000B
:10601000801C16490968A1F807001421134800687C
:10602000808861F38E101149096888800B210F4820
:106030000068B0F8050061F3CF100C490968A1F8B9
:1060400005000BA1094800680F30EBF71FF8064860
:1060500006F06AFD3C220449084806F085FE1E2031
:1060600007F08CF810BD00001A100124D806002497
:1060700053555045525F504F574552009850002499
:1060800010B500201FE00222C0EB0013FE49CA54E5
:106090000022C0EB001319444A7000F11A01CAB281
:1060A000C0EB0013F84919448A70C0EB0012F6499E
:1060B0001144C97821F00701491CC0EB0013F24AD2
:1060C0001A44D170401C0728DDDB07200CE0C0EB30
:1060D0000012ED491144C97821F00702C0EB00130A
:1060E000E9491944CA70401C0728F0DBE7480068FA
:1060F000C07820F038003030E4490968C870E348BF
:106100000068C07820F00700401CE0490968C870AA
:10611000DE480068B0F8030020F47070DB490968BD
:10612000A1F80300D9480068007920F03C00203035
:10613000D6490968087140F21C51D44800680089AA
:1061400061F38C00D1490968088140F22721CF48CA
:106150000068B0F8090061F34F10CC490968A1F854
:106160000900CA480068B0F807006FF30900801CF6
:10617000C6490968A1F807000F21C4480068808853
:1061800061F38E10C149096888800020BF49096801
:10619000C1F80B00BE480068C07820F038003030ED
:1061A000BB490968C870BA480068C07820F0070089
:1061B000401CB7490968C870B5480068B0F80300CA
:1061C00020F47070B2490968A1F80300B048006873
:1061D000007920F03C002030AD490968087140F298
:1061E0001D51AB480068008961F38C00A84909681B
:1061F000088140F25521A6480068B0F8090061F313
:106200004F10A3490968A1F80900A1480068B0F837
:1062100007006FF30900801C9D490968A1F8070079
:106220000F219B480068808861F38E1098490968A7
:106230008880052096490968C1F80B0095480068D8
:10624000C07820F03800303092490968C870914811
:106250000068C07820F00700401C8E490968C870AB
:106260008C480068B0F8030020F470708949096810
:10627000A1F8030087480068007920F03C00203036
:1062800084490968087140F2095182480068008910
:1062900061F38C007F490968088140F281217D48C3
:1062A0000068B0F8090061F34F107A490968A1F855
:1062B000090078480068B0F807006FF30900401C37
:1062C00074490968A1F807000D21724800688088A8
:1062D00061F38E106F49096888800A206D4909684A
:1062E000C1F80B006C480068C07820F038003030EE
:1062F00069490968C87068480068C07820F00700DC
:10630000401C65490968C87063480068B0F803001C
:1063100020F4707060490968A1F803005E480068C5
:10632000007920F03C0020305B490968087140F298
:10633000FB4159480068008961F38C00564909689F
:10634000088140F2AD2154480068B0F8090061F3BB
:106350004F1051490968A1F809004F480068B0F88A
:1063600007006FF30900401C4B490968A1F80700BA
:106370000D2149480068808861F38E1046490968FC
:1063800088800F2044490968C1F80B004348006821
:10639000C07820F03800303040490968C8703F4864
:1063A0000068C07820F00700401C3C490968C870AC
:1063B0003A480068B0F8030020F470703749096863
:1063C000A1F8030035480068007920F03C00203037
:1063D00032490968087140F2E94130480068008993
:1063E00061F38C002D490968088140F2D9212B48BE
:1063F0000068B0F8090061F34F1028490968A1F856
:10640000090026480068B0F807006FF30900401C37
:1064100022490968A1F807000D21204800688088FA
:1064200061F38E101D490968888014201B49096892
:10643000C1F80B001A480068C07820F038003030EE
:1064400017490968C87016480068C07820F007002E
:10645000401C13490968C87011480068B0F803006F
:1064600020F470700E490968A1F803000C48006818
:10647000007920F03C0020300949096808714FF488
:106480009A61074800680DE063100124DC060024CF
:10649000E0060024E4060024E8060024EC060024BC
:1064A000F0060024008961F38C00444909680881E2
:1064B00040F2063141480068B0F8090061F34F101E
:1064C0003E490968A1F809003C480068B0F8070097
:1064D0006FF30900401C39490968A1F807000D2134
:1064E00036480068808861F38E10344909688880D6
:1064F000192032490968C1F80B0031480068C0789A
:1065000020F0380030302E490968C8702C480068E7
:10651000C07820F00700401C29490968C870284845
:106520000068B0F8030020F4707025490968A1F8EC
:10653000030023480068007920F03C002030204907
:106540000968087140F2B2411D480068008961F392
:106550008C001B490968088140F2353118480068F1
:10656000B0F8090061F34F1015490968A1F8090056
:1065700013480068B0F807006FF30900401C104989
:106580000968A1F807000D210D480068808861F3B3
:106590008E100B49096888801E2009490968C1F8D6
:1065A0000B00084806F090FA78220649064806F0E3
:1065B000DBFB1E2006F0E2FD10BD0000F00600240B
:1065C000F4060024561001249850002410B5002031
:1065D0001FE00322C0EB0013DE49CA540022C0EBC7
:1065E000001319444A7000F10E01CAB2C0EB001347
:1065F000D84919448A70C0EB0012D6491144C978B1
:1066000021F00701491CC0EB0013D24A1A44D17093
:10661000401C0428DDDB04200CE0C0EB0012CD4957
:106620001144C97821F00702C0EB0013C94919448D
:10663000CA70401C0528F0DBC7480068C07820F00D
:1066400038001830C4490968C870C3480068C07869
:1066500020F00700401CC0490968C870BE480068A7
:10666000B0F8030020F47070BB490968A1F803007A
:10667000B9480068007920F03C002030B64909682C
:1066800008714FF47071B4480068008961F38C00A0
:10669000B149096808814FF40771AF480068B0F844
:1066A000090061F34F10AC490968A1F80900AA4834
:1066B0000068B0F807006FF30900401CA64909689C
:1066C000A1F807000A21A4480068808961F38C00C2
:1066D000A149096888810A219F480068B0F80D0027
:1066E00061F34F109C490968A1F80D009B480068B0
:1066F000C07820F0380099490968C8709748006848
:10670000C07820F00700401C94490968C87093487D
:106710000068B0F8030020F4707090490968A1F88F
:1067200003008E480068007920F03C0008308B4957
:10673000096808714FF4E17188480068008961F3C5
:106740008C00864909680881962184480068B0F861
:10675000090061F34F1081490968A1F809007F48D9
:106760000068B0F807006FF30900401C7B49096816
:10677000A1F807004FF4167178480068808961F32A
:106780008C007649096888814FF4BE7173480068AF
:10679000B0F80D0061F34F1070490968A1F80D00C1
:1067A0006F480068C07820F038006D490968C870EB
:1067B0006B480068C07820F00700401C68490968F1
:1067C000C87067480068B0F8030020F4707064492E
:1067D0000968A1F8030062480068007920F03C00D5
:1067E00008305F490968087140F2BE515C48006892
:1067F000008961F38C005A4909680881962158483C
:106800000068B0F8090061F34F1055490968A1F814
:10681000090053480068B0F807006FF30900401CF6
:106820004F490968A1F807004FF4A5614C4800687A
:10683000808961F38C004A49096888814FF4BE71F0
:1068400047480068B0F80D0061F34F1044490968EB
:10685000A1F80D0043480068C07820F038002030CF
:1068600040490968C8703F480068C07820F00700B8
:10687000401C3C490968C8703A480068B0F80300F9
:1068800020F4707037490968A1F8030035480068A2
:10689000007920F03C0020303249096808714FF43B
:1068A000707130480068008961F38C002D490968D7
:1068B000088140F23F212B480068B0F8090061F3DD
:1068C0004F1028490968A1F8090026480068B0F867
:1068D00007006FF30900401C22490968A1F807006E
:1068E0004FF4AA711F480068808861F38E101D491B
:1068F0000968888014211B480068B0F8050061F31E
:10690000CF1018490968A1F805004FF49671154891
:106910000068808961F38C001249096888814FF40E
:10692000967110480068B0F80D0061F34F100D49E2
:106930000968A1F80D0007480D3806F095F85A22AD
:1069400004490D39084806F00FFA1E2006F016FC1F
:1069500010BD0000290E0124AC060024B00600245E
:10696000B4060024B80600249850002410B5032073
:106970003C49487300213B4881731221C173007C5C
:1069800020F00700401C3749087437480068C07879
:1069900020F03800383034490968C870324800683F
:1069A000C07820F00700401C2F490968C8702E48A5
:1069B0000068B0F8030020F470702B490968A1F852
:1069C000030029480068007920F03C00183026496F
:1069D0000968087140F2545123480068008961F346
:1069E0008C0021490968088140F266211E48006830
:1069F000B0F8090061F34F101B490968A1F80900BC
:106A000019480068B0F807006FF30900801C1649A8
:106A10000968A1F80700142113480068808861F311
:106A20008E1011490968888005210F480068B0F868
:106A3000050061F3CF100C490968A1F805000BA10E
:106A4000094800680F30EAF721FB064806F06CF8A9
:106A50003C220449074806F087F91E2006F08EFB09
:106A600010BD0000760E0124BC060024535045459D
:106A7000440000009850002410B503203B4948739F
:106A800000213A4881731321C173007C20F0070074
:106A9000401C3649087436480068C07820F0380039
:106AA000383033490968C87031480068C07820F030
:106AB0000700401C2E490968C8702D480068B0F8CE
:106AC000030020F470702A490968A1F803002848DF
:106AD0000068007920F03C001830254909680871E9
:106AE0003E2123480068008961F38C002049096831
:106AF000088140F22A311E480068B0F8090061F3AD
:106B00004F101B490968A1F8090019480068B0F83E
:106B100007006FF30900801C15490968A1F80700F8
:106B2000142113480068808861F38E1010490968A9
:106B3000888010210E480068B0F8050061F3CF107E
:106B40000B490968A1F805000AA1094800680F303F
:106B5000EAF79CFA054805F0E7FF3C2203490A489A
:106B600006F002F91E2006F009FB10BDB20E01244A
:106B7000C00600244E4F5F464F4C4C4F575F47496D
:106B80004D42414C000000009850002410B50320F5
:106B90003B49487300213A4881731421C173007C3A
:106BA00020F00700401C3649087436480068C07859
:106BB00020F03800383033490968C870314800681F
:106BC000C07820F00700401C2E490968C8702D4885
:106BD0000068B0F8030020F470702A490968A1F831
:106BE000030028480068007920F03C00183025494F
:106BF000096808713E2123480068008961F38C0010
:106C000020490968088140F2FD211E480068B0F85B
:106C1000090061F34F101B490968A1F809001948E0
:106C20000068B0F807006FF30900801C1549096877
:106C3000A1F80700142113480068808861F38E10C2
:106C40001049096888800D210E480068B0F80500D9
:106C500061F3CF100B490968A1F805000AA10948A2
:106C600000680F30EAF712FA054805F05DFF3C2294
:106C70000349094806F078F81E2006F07FFA10BD97
:106C8000EE0E0124C4060024464F4C4C4F575F477C
:106C9000494D42414C0000009850002410B503209B
:106CA0003B49487300213A4881731521C173007C28
:106CB00020F00700401C3649087436480068C07848
:106CC00020F03800383033490968C870314800680E
:106CD000C07820F00700401C2E490968C8702D4874
:106CE0000068B0F8030020F470702A490968A1F820
:106CF000030028480068007920F03C00183025493E
:106D0000096808713E2123480068008961F38C00FE
:106D10002049096808814FF434711E480068B0F8B2
:106D2000090061F34F101B490968A1F809001948CF
:106D30000068B0F807006FF30900801C1549096866
:106D4000A1F80700142113480068808861F38E10B1
:106D50001049096888800B210E480068B0F80500CA
:106D600061F3CF100B490968A1F805000AA1094891
:106D700000680F30EAF78AF9054805F0D5FE3C2295
:106D80000349084805F0F0FF1E2006F0F7F910BD92
:106D90002A0F0124C8060024434841535349535F36
:106DA000544F50009850002410B503203B494873BD
:106DB00000213A4881731621C173007C20F007003E
:106DC000401C3649087436480068C07820F0380006
:106DD000383033490968C87031480068C07820F0FD
:106DE0000700401C2E490968C8702D480068B0F89B
:106DF000030020F470702A490968A1F803002848AC
:106E00000068007920F03C001830254909680871B5
:106E10003E2123480068008961F38C0020490968FD
:106E200008814FF416711E480068B0F8090061F33C
:106E30004F101B490968A1F8090019480068B0F80B
:106E400007006FF30900801C15490968A1F80700C5
:106E5000142113480068808861F38E101049096876
:106E600088800A210E480068B0F8050061F3CF1051
:106E70000B490968A1F805000AA1094800680F300C
:106E8000EAF704F9054805F04FFE3C22034908489B
:106E900005F06AFF1E2006F071F910BD660F01248F
:106EA000CC06002453484F4F545F53544F500000BA
:106EB0009850002410B503203B49487300213A48FC
:106EC00081731721C173007C20F00700401C3649F4
:106ED000087436480068C07820F0380038303349EC
:106EE0000968C87031480068C07820F00700401C6D
:106EF0002E490968C8702D480068B0F8030020F4D6
:106F000070702A490968A1F80300284800680079D0
:106F100020F03C0018302549096808713E212348BB
:106F20000068008961F38C0020490968088140F2FB
:106F30002B211E480068B0F8090061F34F101B496F
:106F40000968A1F8090019480068B0F807006FF354
:106F50000900801C15490968A1F80700142113488D
:106F60000068808861F38E101049096888800B21C1
:106F70000E480068B0F8050061F3CF100B490968AE
:106F8000A1F805000AA1094800680F30EAF77EF869
:106F9000054805F0C9FD3C220349084805F0E4FE18
:106FA0001E2006F0EBF810BDA20F0124D00600242D
:106FB00053484F4F545F5245414459009850002464
:106FC00010B503203B49487300213A4881731821CA
:106FD000C173007C20F00700401C36490874364815
:106FE0000068C07820F03800383033490968C8702C
:106FF00031480068C07820F00700401C2E4909681D
:10700000C8702D480068B0F8030020F470702A4959
:107010000968A1F8030028480068007920F03C00C6
:1070200018302549096808713E2123480068008905
:1070300061F38C002049096808814FF4FF711E48F4
:107040000068B0F8090061F34F101B490968A1F806
:10705000090019480068B0F807006FF30900801CA8
:1070600015490968A1F807001421134800688088B1
:1070700061F38E101049096888800C210E48006861
:10708000B0F8050061F3CF100B490968A1F80500BD
:107090000AA1094800680F30E9F7F8FF054805F034
:1070A00043FD3C220349094805F05EFE1E2006F020
:1070B00065F810BDDE0F0124D406002453484F4F5D
:1070C000545F42554C4C4554000000009850002439
:1070D00010B500200DE0C0EB00120E491144C97834
:1070E00021F00701C91CC0EB00130A4A1A44D170F1
:1070F000401C0128EFDB07480D3805F085FC1E22F7
:1071000004490D39044805F02FFE1E2006F036F81C
:1071100010BD00001D0B01249850002410B5002064
:107120000DE0C0EB00120E491144C97821F00701AF
:10713000C91CC0EB00130A4A1A44D170401C012834
:10714000EFDB07480D3805F05FFC1E2204490D39BE
:10715000044805F009FE1E2006F010F810BD0000DE
:107160003B0B01249850002410B500200DE0C0EB2B
:1071700000120E491144C97821F00701C91CC0EB67
:1071800000130A4A1A44D170401C0128EFDB07485B
:107190000D3805F039FC1E2204490D39044805F06C
:1071A000E3FD1E2005F0EAFF10BD0000590B01248D
:1071B0009850002410B500200DE0C0EB00120E49DD
:1071C0001144C97821F00701C91CC0EB00130A4A19
:1071D0001A44D170401C0128EFDB07480D3805F038
:1071E00013FC1E2204490D39044805F0BDFD1E2084
:1071F00005F0C4FF10BD0000770B01249850002457
:1072000010B500200DE0C0EB00120E491144C97802
:1072100021F00701C91CC0EB00130A4A1A44D170BF
:10722000401C0128EFDB07480D3805F0EDFB1E225E
:1072300004490D39044805F097FD1E2005F09EFF16
:1072400010BD0000950B01249850002410B50020BB
:107250000DE0C0EB00120E491144C97821F007017E
:10726000C91CC0EB00130A4A1A44D170401C012803
:10727000EFDB07480D3805F0C7FB1E2204490D3926
:10728000044805F071FD1E2005F078FF10BD0000D8
:10729000B30B01249850002410B500200DE0C0EB82
:1072A00000120E491144C97821F00701C91CC0EB36
:1072B00000130A4A1A44D170401C0128EFDB07482A
:1072C0000D3805F0A1FB1E2204490D39044805F0D4
:1072D0004BFD1E2005F052FF10BD0000D10B012414
:1072E0009850002410B500200DE0C0EB00120E49AC
:1072F0001144C97821F00701C91CC0EB00130A4AE8
:107300001A44D170401C0128EFDB07480D3805F006
:107310007BFB1E2204490D39044805F025FD1E2083
:1073200005F02CFF10BD0000EF0B01249850002445
:1073300010B500200DE0C0EB00120E491144C978D1
:1073400021F00701891CC0EB00130A4A1A44D170CE
:10735000401C0128EFDB07480D3805F055FB1E22C5
:1073600004490D39044805F0FFFC1E2005F006FF16
:1073700010BD00002B0C01249850002410B50948C2
:10738000007C20F00700801C06490874084605F0C0
:10739000CBFB3C220349044805F0E6FC1E2005F027
:1073A000EDFE10BD3C0C01249850002410B5094896
:1073B000007C20F00700801C06490874084605F090
:1073C000B3FB3C220349044805F0CEFC1E2005F027
:1073D000D5FE10BD780C01249850002410B5094842
:1073E000007C20F00700801C06490874084605F060
:1073F0009BFB3C220349044805F0B6FC1E2005F027
:10740000BDFE10BDB40C01249850002410B50948ED
:10741000007C20F00700801C06490874084605F02F
:1074200083FB3C220349044805F09EFC1E2005F026
:10743000A5FE10BDF00C01249850002410B50020CA
:107440000DE0C0EB00120E491144C97821F007018C
:10745000891CC0EB00130A4A1A44D170401C012851
:10746000EFDB07480D3805F0CFFA1E2204490D392D
:10747000044805F079FC1E2005F080FE10BD0000D8
:107480000D0C012498500024D0ED000AF4EEC00A3F
:10749000F1EE10FA02DD80ED000A0CE0D0ED000AFA
:1074A000B1EE401AF4EEC10AF1EE10FA03D2F1EE99
:1074B000400AC0ED000A704738B500200090002453
:1074C000EAF7A2F88020EAF709FA5520EAF706FA67
:1074D0005520EAF703FA0090EAF78CF89620EAF7CD
:1074E000C1F8EAF791F88020EAF7F8F95520EAF7B1
:1074F000F5F95520EAF7F2F90090EAF77BF89620C3
:10750000EAF7B0F8EAF780F8B6217E20EAF7F6F954
:10751000EAF770F85020EAF798F8EAF775F8802053
:10752000EAF7DCF95520EAF7D9F95520EAF7D6F958
:107530000090EAF75FF89620EAF794F8EAF764F823
:107540008020EAF7CBF95520EAF7C8F95520EAF789
:10755000C5F90090EAF74EF89620EAF783F89DF80F
:1075600000001E2801D0012038BD00243BE0EAF7CE
:107570004BF804EB44021E4B1A44517804EB4402CE
:10758000985CEAF7BBF9EAF735F89620EAF76AF86B
:10759000EAF73AF804EB4401154A515C41F08000E7
:1075A000EAF79CF95520EAF799F95520EAF796F998
:1075B0000090EAF71FF89620EAF754F804EB44002D
:1075C0000B49084440789DF80010884209D004EB2C
:1075D000440007490844807808B10120C4E700202E
:1075E000C2E7601CC4B2062CC1DB0020BCE700006F
:1075F000B002002410B586B00020019002900090E7
:107600000024EAF701F88020EAF768F95520EAF744
:1076100065F95520EAF762F90090E9F7EBFF96204B
:10762000EAF720F8E9F7F0FF8020EAF757F955204C
:10763000EAF754F95520EAF751F90090E9F7DAFF33
:107640009620EAF70FF8E9F7DFFFB6217E20EAF788
:1076500055F9E9F7CFFF5020E9F7F7FFE9F7D4FF35
:107660008020EAF73BF95520EAF738F95520EAF788
:1076700035F90090E9F7BEFF9620E9F7F3FFE9F747
:10768000C3FF8020EAF72AF95520EAF727F95520A9
:10769000EAF724F90090E9F7ADFF9620E9F7E2FF59
:1076A0009DF800001E2802D0012006B010BD002465
:1076B0003EE0E9F7A9FF04EB4402904B1A445178ED
:1076C00004EB4402985CEAF719F9E9F793FF962076
:1076D000E9F7C8FFE9F798FF04EB4401874A515CDA
:1076E00041F08000EAF7FAF85520EAF7F7F855205C
:1076F000EAF7F4F80090E9F77DFF9620E9F7B2FF8A
:1077000004EB44007D49084440789DF8001088420D
:1077100009D004EB440079490844807808B101207D
:10772000C3E70020C1E75020E9F78FFF601CC4B217
:10773000042CBEDB002473E0E9F766FF221D02EB98
:1077400042026E4B1A445178221D02EB4202985CB1
:10775000EAF7D4F8E9F74EFF9620E9F783FFE9F757
:1077600053FF211D01EB4101644A515C41F080004F
:10777000EAF7B4F85520EAF7B1F85520EAF7AEF881
:107780000090E9F737FF9620E9F76CFF201D00EB2A
:1077900040005A49084440789DF8001088420AD0B9
:1077A000201D00EB400055490844807808B10120B5
:1077B0007BE7002079E75020E9F747FFE9F724FF4E
:1077C0009220EAF78BF8062201A91220EAF766F860
:1077D000E9F710FF9DF80500000200B29DF80410C3
:1077E000084304EB440103AA22F811009DF80700A6
:1077F000000200B29DF80610084304EB440102EBBE
:10780000410148809DF80900000200B29DF808106F
:10781000084304EB440102EB41018880601CC4B2C0
:10782000022C89DBE9F7F0FE00216D20EAF766F80B
:10783000E9F7E0FE9620E9F715FFE9F7E5FEED2010
:10784000EAF74CF85520EAF749F85520EAF746F8E8
:107850000090E9F7CFFE9620E9F704FF9DF80000BD
:1078600008B1012021E7E9F7CFFEB6217E20EAF733
:1078700045F8E9F7BFFE5020E9F7E7FEBDF90C0037
:10788000BDF91210401A40F25551884210DBBDF983
:107890000E10BDF91400081A40F25551884207DB5A
:1078A000BDF91010BDF91600081AB0F52A7F01DAEB
:1078B0000120FAE6E9F7A8FE8020EAF70FF8552044
:1078C000EAF70CF85520EAF709F80090E9F792FE7C
:1078D0009620E9F7C7FEE9F797FE8020E9F7FEFF5B
:1078E0005520E9F7FBFF5520E9F7F8FF0090E9F78D
:1078F00081FE9620E9F7B6FE0020D6E6DCEA010814
:1079000038B5002400200090E9F794FE6946002075
:10791000E9F7D7FFE9F784FE9620E9F7A3FEE9F738
:1079200089FE69460020E9F7CCFFE9F779FE962049
:10793000E9F798FEE9F77EFEB6211420E9F7DEFFAD
:10794000E9F76EFE5020E9F780FEE9F773FE69461D
:107950000020E9F7B6FFE9F763FE9620E9F782FE1B
:10796000E9F768FE69460020E9F7ABFFE9F758FE42
:107970009620E9F777FE9DF800000F2801D001203E
:1079800038BD002433E0E9F755FE04EB44021A4BFE
:107990001A44517804EB4402985CE9F7AFFFE9F729
:1079A0003FFE9620E9F75EFEE9F744FE04EB440152
:1079B000114A505C6946E9F784FFE9F731FE9620E9
:1079C000E9F750FE04EB44000B49084440789DF869
:1079D0000010884209D004EB44000749084480782D
:1079E00008B10120CCE70020CAE7601CC4B2062C15
:1079F000C9DB0020C4E70000C202002438B5002023
:107A000000900024E9F716FE69460020E9F759FFC7
:107A1000E9F706FE9620E9F725FEE9F70BFE694631
:107A20000020E9F74EFFE9F7FBFD9620E9F71AFE83
:107A3000E9F700FEB6211420E9F760FFE9F7F0FD51
:107A40005020E9F702FEE9F7F5FD69460020E9F765
:107A500038FFE9F7E5FD9620E9F704FEE9F7EAFDCE
:107A600069460020E9F72DFFE9F7DAFD9620E9F7EE
:107A7000F9FDE9F7DFFD01213C20E9F73FFFE9F7D8
:107A8000CFFD5020E9F7E1FD00BFE9F7D3FD6946DE
:107A90003C20E9F716FFE9F7C3FD9620E9F7E2FD80
:107AA000601CC4B29DF8000000F0020008B90A2C66
:107AB000EBDB0A2C01D1012038BD9DF8000000F05D
:107AC000040008B10120F7E70020F5E710B500F049
:107AD0008DF80C48EDF791FF0B48EDF78EFF0B4842
:107AE000EDF78BFF002201210648ECF76DFE002226
:107AF00001210548ECF768FE002201210348ECF75C
:107B000063FE10BDD0490024704A0024104B0024AD
:107B100001490860704700005C02002410B5042190
:107B20001A48F2F763FA49F63F4018490968C862F3
:107B300016480068C06A4008144909688863FA203A
:107B4000ECF72EFE46F65F5010490968C8620F48F0
:107B50000068C06A40080D4909688863FA20ECF79C
:107B60001FFE45F2072009490968C86207480068F6
:107B7000C06A40080549096888634FF49670ECF7BD
:107B80000FFE002001490968886310BDFC4D0024E8
:107B900030B502460C464FF6FF710AB9084630BDB3
:107BA00009E012F8013B81EA0300C0B2054D35F847
:107BB000100080EA2121201EA4F10104F1D1084621
:107BC000EDE7000082EF010830B50246FF2005E036
:107BD00012F8014B84EA0003034CE05C0C1EA1F197
:107BE0000101F5D130BD000082EE010800B589B079
:107BF00000200190029002200390012004900020B8
:107C00000590069001A91548ECF7B1FE0120034646
:107C10000222114600901148ECF7FDFE01221146A8
:107C20000E48ECF76EFE01A90D48ECF7A0FE01200E
:107C300003460222114600900948ECF7ECFE01A928
:107C40000848ECF794FE01200346022211460090FA
:107C50000448ECF7E0FE09B000BD0000D049002464
:107C6000704A0024104B002410B5044604B910BD1E
:107C7000207B012803D1204600F044FB1AE0207B42
:107C8000022803D1204600F09FF913E0207B03284F
:107C900003D1204600F064FC0CE0207B042803D1D3
:107CA000204600F0F3FA05E0207B052802D12046AB
:107CB00000F03AFB207B10B9204600F041FD00BFE8
:107CC000D5E7000010B5044604B910BD0D48C07AD0
:107CD000012802D1042020730CE00A48C07A03284E
:107CE00002D10420207305E00648C07A022801D1A1
:107CF0000420207301F09AFF08B10120207300BF17
:107D0000E3E700005A12012410B52DED048B84B076
:107D10009FED6C0AB0EE408A9FED6A0AB0EE409A81
:107D20009FED680AF0EE408A0020009001900290DA
:107D300003906548D0ED7A1AB0EE611AD0ED791A49
:107D4000F0EE610AD0ED781AB0EE610A684600F0F4
:107D5000CFFC5D48007B052802D05B48007BD0B992
:107D6000002012E0694601EB800191ED000ABDEEB2
:107D7000C00A10EE101A0AB200EB8003524910310B
:107D800001EB83010A82411CC8B20428EADB04B07B
:107D9000BDEC048B10BD002025E0694601EB80019D
:107DA00091ED000A00EB80024749103101EB82019E
:107DB00081ED030A00EB80024349103101EB82019F
:107DC00091ED030AB7EEC00AB0EEC00BB7EEC00BE0
:107DD000F0EE408AB4EEE88AF1EE10FA01D2B0EE8D
:107DE000688A411CC8B20428D7DB9FED380AB4EE7C
:107DF000C08AF1EE10FA1DDD9FED340AC0EE080ACC
:107E0000B0EE609A002013E000EB80022E491031A2
:107E100001EB820191ED030A20EE090A00EB8002DA
:107E20002949103101EB820181ED030A411CC8B2DE
:107E30000428E9DB00241DE004EB84022249103110
:107E400001EB820191ED031AF0EE410A04EB84028A
:107E50001D49103101EB820191ED021AB0EE410A89
:107E600004EB04121849603101EB8200F6F768FE5A
:107E7000601CC4B2042CDFDB1348F6F73FFF124846
:107E800002F024FF104804F0A3FC002015E000EBF2
:107E900000120D49603101EB820191ED070ABDEE40
:107EA000C00A10EE101A0AB200EB80030649103126
:107EB00001EB83010A82411CC8B20428E7DB00BF42
:107EC00065E700000000000094F30024CDCC6C4076
:107ED00000202AE000EB8002374951F82210B1F966
:107EE000021000EE101AB8EEC00ADFED340A20EEE0
:107EF000200A00EB8002304901EB820181ED020A89
:107F000000EB00122C49503101EB820191ED0B0A7C
:107F1000DFED2B0A20EE200A00EB8002264901EB60
:107F2000820181ED010A411CC8B20428D2DB22483B
:107F3000103890ED060AD0ED0B0A30EE600AD0ED55
:107F4000100A30EE600AD0ED150A30EE200AF5EE88
:107F5000000A20EE200A80ED750A90ED060AD0EDA9
:107F60000B0A30EE200AD0ED100A30EE600AD0ED98
:107F7000150A30EE600AF5EE000A20EE200A80EDC8
:107F8000760A90ED060AB1EE400AD0ED0B0A30EE0B
:107F9000600AD0ED100A30EE600AD0ED150A30EE1E
:107FA000600AF5EE000A20EE200ADFED060A80EEF8
:107FB000201A80ED771A7047A4F300240A01DA39F9
:107FC0000000FA43CDCC4C3E10B52DED048B82B0B1
:107FD00004461CB902B0BDEC048B10BD9FED670ACE
:107FE0008DED010A9FED650A8DED000ADFED638AD4
:107FF0002246694601A800F0C3F99FED600AB0EE81
:10800000408A5F490968098801F59660C11700EB4D
:10801000D1414913A0EB413100EE101AB8EEC00A6D
:10802000DFED580A80EE201AB0EE418A9FED560A25
:10803000B4EEC08AF1EE10FA0ADD9FED530A38EE75
:10804000400ADFED520A20EE200AB0EE408A05E039
:108050009FED4E0A28EE000AB0EE408A9FED4C0AD2
:1080600038EE000AB0EE408AB7EEC80AFBF7E0FA35
:108070009DED011AB7EEC11A20EE019BB7EEC80ABA
:10808000FBF72EFC9DED001AB7EEC11A01EE009B26
:10809000B7EEC90B84ED780AB7EEC80AFBF720FCEF
:1080A0009DED011AB1EE411AB7EEC11A20EE019B07
:1080B000B7EEC80AFBF7BCFA9DED001AB7EEC11A7D
:1080C00001EE009BB7EEC90B84ED790A9FED311AE2
:1080D000DFED310AB0EE680A02F03EFE84ED7C0A64
:1080E0002068D0ED2E0A9FED2D1A70EEC10AB0EE79
:1080F000600A9FED281ADFED280A02F02DFE84EDBC
:108100007B0A94ED7C1AF0EE410A94ED7B1AB0EEF6
:10811000410A04F5B870F6F783FC84ED7A0AD4EDD1
:108120007A0AB0EE600AB2EE041AFAEE040A01F01E
:108130008BFA84ED7A0AD4ED7E1AB0EE611AD4ED92
:108140007F1AF0EE610AD4ED781AB0EE610A01F000
:108150007BFA84ED780AD4ED801AB0EE611AD4ED82
:10816000811AF0EE610AD4ED791AB0EE610A01F0DD
:108170006BFA84ED790A00BF2CE7000000000000D4
:1081800014F80024610BB6410000B44303FA8E3C9E
:10819000630A8640DB0F4940DB0F49C033F3534489
:1081A00010B501F047FB2E49086001F033FB2C4964
:1081B000486000241BE0204601F0D8FA04EB84025A
:1081C0002749103141F8220004EB0412503101EB31
:1081D00082009FED242ADFED241A9FED241ADFEDA3
:1081E000240A9FED240AF6F761FD601CC4B2042C3A
:1081F000E1DBB7EE082AF2EE011A9FED1F1ADFED60
:108200001B0AB3EE000A1D48F6F750FD1C499FED0E
:108210001D0A1A48443001F005FA1B499FED190A5E
:108220001648543001F0FEF9B1EE080A0C4880ED12
:108230007E0AB9EE080A80ED7F0AB1EE080A80EDE9
:10824000800AB9EE080A80ED810AB1EE080A80EDD5
:10825000820AB9EE080A80ED830AFFF739FE10BDE5
:1082600094F3002400007A4400409C460000000083
:10827000CDCC4C3C00A00C466F12833A04F5002490
:1082800044EA01086F12033B48EA010810B52DEDDE
:10829000028B82B004461CB902B0BDEC028B10BD4B
:1082A0009FED170A8DED010A9FED150A8DED000A6D
:1082B0009FED138A2246694601A800F061F884ED1B
:1082C0007A8A94ED7E0AB0EE401A94ED7F0AF0EEC1
:1082D000400A9DED010A01F0B7F984ED780A94EDAA
:1082E000800AB0EE401A94ED810AF0EE400A9DED4E
:1082F000000A01F0A9F984ED790A00BFCCE700007B
:108300000000000000B970479FED060A80ED780A72
:108310009FED040A80ED790A9FED020A80ED7A0A4A
:1083200000BFF0E70000000000B970471349B1F941
:10833000021001EB8101490000EE101AB8EEC00AEC
:1083400080ED780A0D49B1F90010494201EB810135
:10835000490000EE101AB8EEC00A80ED790A07490C
:10836000B1F90410494201EB8101490000EE101AF5
:10837000B8EEC00A80ED7A0A00BFD6E75A1201248F
:108380002DE9F0412DED028B05460E4614460CB149
:1083900005B11EB9BDEC028BBDE8F0810027B846DF
:1083A0009FED378ADFED368A3648B0F902000A2899
:1083B00005DC3448B0F9020010F10A0F03DA314845
:1083C000B0F9027000E000272E48B0F900000A283A
:1083D00005DC2C48B0F9000010F10A0F03DA294837
:1083E000B0F9008001E04FF0000800EE107AB8EE1E
:1083F000C00ADFED250A20EE200AB0EE408A00EE2A
:10840000108AB8EEC00ADFED210A20EE200AF0EE55
:10841000408AB0EE480A04F5DA7001F0D8F8B0EE00
:10842000680A04F5E27001F0D2F89FED190AB4EE83
:10843000C08AF1EE10FA0AD29FED160AB4EEC08A95
:10844000F1EE10FA03DD9FED0E0A84ED6E0A9FED4A
:10845000120AF4EEC08AF1EE10FA0AD29FED0F0A6A
:10846000F4EEC08AF1EE10FA03DD9FED050A84ED0B
:10847000720A85ED008AC6ED008A00BF8AE7000017
:10848000000000005A120124A69BC43B0AD7A3BBDC
:1084900090C2753D90C275BDCCCC4C3DCCCC4CBD92
:1084A00010B50248FFF7E0FB10BD000094F3002474
:1084B00010B50248FFF706FC10BD000094F300243D
:1084C00040F2651004F05AFEFFF76AFE42E0FFF743
:1084D000EFFFFFF7FDFCFFF7E3FFFFF715FC0120BF
:1084E00004F0DEF9B0B9022004F0DAF990B9032003
:1084F00004F0D6F970B9042004F0D2F950B9002084
:1085000004F0CEF960B100231A4619461846E9F77F
:10851000AFFA05E000231A4619461846E9F7A8FA0B
:108520000D480088401C0C49088008460088142823
:1085300004DB002008800120084908700748007803
:1085400028B1002005490870552004F00BF90220DD
:1085500004F014FEBBE70000BA010024BC010024B3
:1085600010B52DED048B82B004461CB902B0BDECF1
:10857000048B10BD9FED560A8DED010A9FED540A44
:108580008DED000A2246694601A8FFF7F9FE9FED2E
:10859000500AB0EE408A4F480068008800EE900A0A
:1085A000F8EE600A9FED4C1A70EEC10A9FED4B1A6F
:1085B00070EE810AB0EE600ADFED480AFBF738F989
:1085C000DFED470A80EE201AB0EE418A9FED450AA2
:1085D000B4EEC08AF1EE10FA0ADD9FED420A38EEE1
:1085E000400ADFED410A20EE200AB0EE408A05E0A5
:1085F0009FED3D0A28EE000AB0EE408AB7EEC80AA9
:10860000FBF716F89DED011AB7EEC11A20EE019B9B
:10861000B7EEC80AFBF764F99DED001AB7EEC11A70
:1086200001EE409BB7EEC90B84ED780AB7EEC80A9D
:10863000FBF756F99DED011AB7EEC11A20EE019B2A
:10864000B7EEC80AFAF7F4FF9DED001AB7EEC11AAB
:1086500001EE009BB7EEC90B84ED790A9DED010A8E
:10866000B5EEC00AF1EE10FA0BD19DED000AB5EEA1
:10867000C00AF1EE10FA04D1B1EE0A0A84ED7A0ACA
:1086800003E09FED1A0A84ED7A0AD4ED821AB0EE67
:10869000611AD4ED831AF0EE610AD4ED781AB0EEC7
:1086A000610A00F0D1FF84ED780AD4ED821AB0EEB1
:1086B000611AD4ED831AF0EE610AD4ED791AB0EEA6
:1086C000610A00F0C1FF84ED790A00BF4EE70000A7
:1086D0000000000014F800240000AF440000004631
:1086E000610BB6410000B44303FA8E3C9A99F940FD
:1086F00070EE601A9FED112A42EE411AC0ED001A89
:10870000F1EE401A71EEE01A9FED0C2A42EE411A8A
:10871000C0ED011AF1EE401A71EEA01A9FED072A82
:1087200042EE411AC0ED021A70EE201A9FED032AA4
:1087300042EE411AC0ED031A70470000CDCC4C3E0A
:1087400000B970479FED060A80ED780A9FED040A94
:1087500080ED790A9FED020A80ED7A0A00BFF0E70A
:10876000000000001248D0ED430A90ED421A30EEAE
:10877000C10AF0EEC00A9FED0F0AF4EEC00AF1EE56
:1087800010FA14DDD0ED2C0A90ED2B1A30EEC10A50
:10879000F0EEC00A9FED070AF4EEC00AF1EE10FAFF
:1087A00005DDB0F81801401C0149A1F81801704717
:1087B0004CFD00240000964310B5044604EBC400B1
:1087C000454901EB8000006804EBC401424A02EB1A
:1087D0008101486005F0B6FA04EBC4013E4A02EBA1
:1087E0008101086004EBC400114601EB8000C07CED
:1087F000C0F38010B0B104EBC40001EB8000C07C7A
:1088000020F0400004EBC40102EB8101C87404EBCA
:10881000C400114601EB8000006804EBC40102EBC8
:108820008101C86004EBC4002B4901EB8000806922
:1088300090B304EBC401284A02EB810188698047A8
:1088400058B304EBC400244901EB8000C07C20F045
:108850002000203004EBC4011F4A02EB8101C874E0
:1088600004EBC400114601EB8000C07C20F08000C6
:10887000803004EBC40102EB8101C87404EBC40036
:10888000114601EB8000006A28B304EBC40102EB3F
:108890008101086A80471EE00FE0FFE704EBC40097
:1088A0000D4901EB8000C07C20F0800004EBC40186
:1088B000094A02EB8101C8740DE004EBC4000649CB
:1088C00001EB8000C07C20F0800004EBC401024A70
:1088D00002EB8101C87410BDB0F5002410B598B04A
:1088E0000446602254496846E8F758FC00209EE0A0
:1088F00000EB40013DF8112000EBC0014F4B03EBB2
:108900008101098A62F30B0100EBC00203EB8202D2
:10891000118200EB40016A4602EB41014A8800EBFC
:10892000C00103EB8101B1F8111062F30F1100EBEC
:10893000C00203EB8202A2F8111000EB40016A466C
:1089400002EB4101097900EBC00203EB8202D27C09
:1089500061F3440200EBC00103EB8101CA74002102
:1089600000EBC00203EB8202916100EBC00203EB5B
:108970008202D16100EBC00203EB8202116200EBC4
:10898000C0011A4602EB8101C97C21F00101491C9A
:1089900000EBC00203EB8202D17400EBC0011A4667
:1089A00002EB8101C97C21F02001203100EBC002E3
:1089B00003EB8202D17400EBC0011A4602EB810185
:1089C000C97C21F04001403100EBC00203EB820280
:1089D000D17400EBC0011A4602EB8101C97C21F081
:1089E0008001803100EBC00203EB8202D1749FED65
:1089F000140A10EE101A00EBC00203EB8202516160
:108A000000EBC0011A4602EB81010C6000EBC001D3
:108A100002EB81014C6000EBC00102EB81018C6034
:108A200000EBC00102EB8101CC60411CC8B21028F0
:108A3000FFF65EAF18B010BD4CEA0108B0F5002497
:108A40000000000005F07EF9A949086008460068AA
:108A5000FFF744FF392004F091FB48E105F072F97B
:108A6000A34908601020A3490870A34890F8530256
:108A700020F04001A04880F8531290F8530220F0F3
:108A800020019D4880F85312002409E104EBC40042
:108A9000994901EB8000C07C00F0010000B9FEE0C4
:108AA00004EBC400944901EB800000689049096818
:108AB000081A04EBC401904A02EB8101098AC1F350
:108AC0000B01884260D904EBC400114601EB800021
:108AD000C07CC0F3401008BB04EBC40001EB800075
:108AE000C07C20F04000403004EBC40102EB810167
:108AF000C87404EBC400114601EB8000C07C20F078
:108B00002000203004EBC40102EB8101C8747848D6
:108B1000006804EBC40102EB8101886004EBC4002F
:108B2000754901EB8000C07CC0F3430071490978AE
:108B300001EBC101704A02EB8101C97CC1F3430121
:108B4000884201DD6B490C706B4890F8530220F0AD
:108B500040004030684981F85302084690F85302BB
:108B600020F02000203081F8530204EBC40001EB18
:108B70008000C069002806D004EBC4015E4A02EB05
:108B80008101C869804789E004EBC4005A4901EBC0
:108B90008000C06856490968081A04EBC401564AA7
:108BA00002EB8101B1F81110B0EB111F1BD204EBE5
:108BB000C400114601EB8000C07C20F0400004EBB3
:108BC000C40102EB8101C87404EBC400114601EB3F
:108BD0008000C07C20F02000203004EBC40102EBB8
:108BE0008101C8745AE004EBC400434901EB8000E2
:108BF000C07C20F0400004EBC4013F4A02EB81013D
:108C0000C87404EBC400114601EB8000C07CC009AD
:108C100068B104EBC40001EB8000C07C20F02000B0
:108C2000203004EBC40102EB8101C8740DE004EBB9
:108C3000C400314901EB8000C07C20F0200004EB2F
:108C4000C4012D4A02EB8101C87404EBC4002A4917
:108C500001EB8000006804EBC401274A02EB8101AC
:108C6000496888421AD904EBC400114601EB800020
:108C7000006804EBC40102EB81014968401A00EE70
:108C8000100AF8EE400A9FED1D1A81EE200A10EE40
:108C9000100A04EBC40102EB8101486100BF641CAF
:108CA000102CFFF6F3AE012003F0FAFD58B90220B4
:108CB00003F0F6FD38B9032003F0F2FD18B90420E3
:108CC00003F0EEFD10B1F4F707FE08E0002003F01A
:108CD000E7FD10B1F4F7F2FD01E0F4F7E8FD0A203A
:108CE00004F04CFA002004F0C1F805490860B5E62C
:108CF000C4010024C8010024B0F5002400007A4417
:108D0000C001002410B503F065FF03F005FE10BD9F
:108D100010B52048007B042806D103F0E5FD03F0E0
:108D200045FF03F047FF14E01A48007B022806D1F4
:108D300003F038FF03F0DCFD03F03CFF09E01548C9
:108D4000007B032805D103F02DFF03F02FFF03F074
:108D5000D3FD1148007830B903F0D2FD03F032FFA3
:108D600003F034FF14E00C480078012806D103F02A
:108D700025FF03F0C9FD03F029FF09E0064800784C
:108D8000022805D103F01AFF03F01CFF03F0C0FD19
:108D900010BD000094F300244CFD002410B52DED0F
:108DA000048B044694ED1D0AB0EE408AB3EE0E0A21
:108DB000B4EEC08AF1EE10FA03DDB3EE0E0AB0EEA7
:108DC000408ABBEE0E0AB4EEC08AF1EE10FA03D26E
:108DD000BBEE0E0AB0EE408A9FED320A28EE000A82
:108DE000DFED310A20EE200ADFED300AC0EE209AD6
:108DF000B0EE690AFAF774FCDFED2D0A9FED2D1A2B
:108E0000F0EE608A41EE008AB0EE690AFAF7C0FD22
:108E1000DFED290A9FED271AB0EE609A01EE009A65
:108E2000B2EE060A38EEC00ABDEEC00A10EE100A15
:108E300022490968098960F38C0120480068018192
:108E4000B2EE060A38EE800ABDEEC00A10EE100A35
:108E50001A490968898960F38C0118480068818182
:108E6000BDEEC90A10EE100A14490968B1F80910DC
:108E700060F34F1111480068A0F80910BDEEC90A4F
:108E800010EE100A0D490968B1F80D1060F34F118A
:108E90000A480068A0F80D1003F0A0FEBDEC048B9A
:108EA00010BD0000295CAF3FDB0F49400000344398
:108EB00000C068440000B643000007445806002480
:108EC00010B52DED028B2148807A00EE100AB8EE25
:108ED000400AB0EE408AB5EEC08AF1EE10FA03D235
:108EE0009FED1B0AB0EE408A9FED1A0AB4EEC08ACD
:108EF000F1EE10FA03DD9FED170AB0EE408AE8218B
:108F000015480068808861F38E10134909688880CD
:108F10009FED120AC8EE000A9FED111A9FED110A8B
:108F200000EE810ABDEEC00A10EE100A0A49096877
:108F3000B1F8051060F3CF1107480068A0F80510DC
:108F400003F060FEBDEC028B10BD0000181201247E
:108F5000000000000000C842540600240000F04257
:108F6000000018420000694310B518480078B0B9F5
:108F700017480068007920F03C000830144909685F
:108F8000087103F037FE13480068007920F03C00B8
:108F9000203010490968087103F030FE15E00C48D4
:108FA0000068007920F03C00203009490968087108
:108FB00003F020FE07480068007920F03C000830EC
:108FC00004490968087103F019FE10BDBD010024B1
:108FD000640600246806002410B50548007F00F0F0
:108FE000100010B103F068FC01E003F0D7FD10BDE4
:108FF0008212012410B518480078B0B117480068F3
:10900000007920F03C00083014490968087103F029
:10901000E9FD13480068007920F03C002030104939
:109020000968087103F0E2FD15E00C48006800795A
:1090300020F03C00203009490968087103F0D2FD96
:1090400007480068007920F03C00083004490968AE
:10905000087103F0CBFD10BD280700245C06002436
:1090600060060024816900EE101A816A00EE901AF1
:1090700020EE200AB5EEC00AF1EE10FA65DD816936
:1090800000EE101AB5EEC00AF1EE10FA03DD8169A8
:1090900000EE101A04E0816900EE101AB1EE400AE9
:1090A000416D00EE901AB4EEE00AF1EE10FA00D82D
:1090B0007047016D00EE101A416D00EE901A70EECF
:1090C000200A816900EE101AB5EEC00AF1EE10FA1E
:1090D00003DD816900EE101A04E0816900EE101AC8
:1090E000B1EE400AF4EEC00AF1EE10FA28DB016D91
:1090F00000EE901A816900EE101AB5EEC00AF1EE8A
:1091000010FA03DD816900EE101A04E0816900EEB7
:10911000101AB1EE400A70EEC00A416D00EE101A4E
:1091200030EE801A016D00EE101AC1EE000A016BDC
:1091300000EE101A20EE800A10EE101A016304E00F
:109140009FED030A10EE101A016300BFB0E70000A4
:109150000000000050F82C1F00EE101A416E00EEC7
:10916000901A60EE201A016B00EE101A416E00EEAC
:10917000901A30EE200A81EE801A016900EE101A72
:10918000016B00EE901A60EE201A00EE101A416E8C
:1091900000EE901A30EE200AC1EE800A31EE200A6D
:1091A00010EE101A40F82C19704710B50446D4F888
:1091B000940090BBB4F86000022817DD206901EE2E
:1091C000100AB1EE411AF0EE410AD4F8900000EE18
:1091D000100A04F16200F4F7E1FFE06800EE900A83
:1091E00020EE200A10EE100AE06257E0606900EEFF
:1091F000100A206900EE900A70EE600AE06800EE46
:10920000100A20EE801AD4F8900000EE100AC1EE89
:10921000000A10EE900AE06240E0FFE7B4F8600058
:1092200002281EDD206901EE100AB1EE411AF0EEAF
:10923000410AD4F8900000EE100A04F16200F4F73D
:10924000ADFFE06800EE900AD4F89400806801EE6B
:10925000100A70EE810A20EE200A10EE100AE06279
:109260001CE0E06800EE100AD4F89400806800EE7C
:10927000900A30EE201A606900EE100A206900EEB4
:10928000900A30EE600A21EE001AD4F8900000EE49
:10929000900A81EE200A10EE100AE06210BD000074
:1092A000816A00EE101A016B00EE901A30EE200A6F
:1092B000334981ED000A416A00EE101A816A00EE1E
:1092C000901A70EE200AC16A00EE101A30EE800A81
:1092D0002C4981ED000A91ED000AB5EEC00AF1EECD
:1092E00010FA91ED000AD1ED000AF1EE600A70FE6D
:1092F000200A016C00EE101AF4EEC00AF1EE10FA2A
:1093000011DD816900EE101A816A00EE901A20EEDC
:10931000200AB5EEC00AF1EE10FA04DD9FED1A0A3C
:1093200010EE101A0163416C00EE101A1449D1EDD1
:10933000000AB4EEE00AF1EE10FA06D29FED120A2E
:1093400010EE101A0163416C8162416C00EE101A3C
:10935000B1EE400A0A49D1ED000AB4EEE00AF1EE9E
:1093600010FA0CDD9FED080A10EE101A0163416C33
:1093700000EE101AB1EE400A10EE101A816270472A
:1093800034050024300500240000000050F8341F8C
:1093900000EE101AC16D00EE901A60EE201A416ABC
:1093A00000EE101AC16D00EE901A30EE200A81EE28
:1093B000801A416800EE101A416A00EE901A60EEC1
:1093C000201A00EE101AC16D00EE901A30EE200A3D
:1093D000C1EE800A31EE200A10EE101A40F834195E
:1093E0007047416B00EE101A016C00EE901AB4EE5B
:1093F000E00AF1EE10FA01DD016C4163416B00EE11
:10940000101A016C00EE901AF1EE600AB4EEE00A58
:10941000F1EE10FA07D2016C00EE101AB1EE400A1C
:1094200010EE101A4163704710B5416B00EE101A30
:10943000016C00EE901A9FED261A60EE810AB4EEE0
:10944000E00AF1EE10FA0BD3016800EE101AF0EE0C
:10945000C00A9FED200AF4EEC00AF1EE10FA00D225
:1094600010BD016800EE901A016901EE101A30EE8D
:10947000C10AF0EEC00A016800EE101AB0EEC01A80
:1094800080EE810ADFED140AB4EEE00AF1EE10FA84
:1094900009DD50F8994F4168631C41F100010360F8
:1094A0004160993804E00022C0F89920C0F89D205E
:1094B000D0F89920D0F89D304FF4FA740021A21A08
:1094C000994102D20122A1210A5400BFC8E700003D
:1094D0006F12833A17B7D1383333733F416A00EEC6
:1094E000101A016C00EE901AB4EEE00AF1EE10FAD8
:1094F00001DD016C4162416A00EE101A016C00EE60
:10950000901AF1EE600AB4EEE00AF1EE10FA07D21A
:10951000016C00EE101AB1EE400A10EE101A416212
:109520007047D0F89410D1B9816900EE101AC16962
:1095300000EE901A30EE200AB0EE001AC0EE010ADA
:10954000816800EE101A60EE800AD0F8901000EEEC
:10955000101A20EE800A10EE101A016320E08169D3
:1095600000EE101AC16900EE901A30EE200AF0EEFB
:10957000000A80EE201A816800EE101AD0F89410CC
:10958000496800EE901A30EE200A61EE000AD0F829
:10959000901000EE101A20EE800A10EE101A0163EF
:1095A000704782B0CDE9000121F0004001909DEDAF
:1095B000000B02B051EC100B7047F0EE400AB0EE19
:1095C000E00A7047F0EE400AB0EEE00A704710EE95
:1095D000101A0160816800EE901AC16801EE101A3D
:1095E00070EE811A816800EE901A80EEA11A41682F
:1095F00000EE901A61EE200A816801EE101AC1682F
:1096000001EE901A31EE212A01EE101AC1EE021A73
:10961000016801EE101A41EE810A10EE901A4160C5
:109620007047000010EE102AC2600A688260DFED09
:10963000050A10EE902A0260DFED020A10EE902A71
:109640004260704700000000F0EE401AF4EEE01AAD
:10965000F1EE10FA02D2B0EE600A7047F4EEC11AD1
:10966000F1EE10FA02DDB0EE410AF6E7B0EE610A63
:10967000F3E70000FDEEC00A0E48C0ED000AD0ED91
:10968000000AF8EEE00A70EE600A0B48C0ED000A2E
:10969000D0ED000AB6EE001AF4EEC10AF1EE10FAAF
:1096A00004DD04480068401C024908600148006865
:1096B00070470000DC020024E002002430B50346BD
:1096C00013B94FF6FF7030BD09E013F8014B82EA81
:1096D0000400C0B2054D35F8100080EA2222081EB1
:1096E000A1F10101F1D11046EDE7000082EC010883
:1096F00030B5034605E013F8010B80EA0204044884
:10970000025D081EA1F10101F5D1104630BD000037
:1097100081EB01080280B1F9023000EE103AB8EE98
:10972000C00ADFED0F0A20EE200A80ED010AB1F930
:10973000043000EE103AB8EEC00ADFED0A0A20EE5F
:10974000200A80ED020AB1F9063000EE103AB8EEB8
:10975000C00ADFED050A20EE200A80ED030A7047FB
:1097600017B7D1386F1283393885953B014601F020
:10977000030000EB8000024A02EB8000704700000B
:10978000D01001240146002001B93AE0012901DC92
:10979000012036E0022901DC022032E0032901DC4D
:1097A00003202EE0042901DC04202AE0052901DC45
:1097B000052026E0062901DC062022E0072901DC3D
:1097C00007201EE0082901DC08201AE00C2901DC32
:1097D000092016E0102901DC0A2012E0142901DC1E
:1097E0000B200EE0182901DC0C200AE0202901DC06
:1097F0000D2006E0302901DC0E2002E0402900DCCB
:109800000F207047004870475C11012400487047E2
:109810003411012400487047F4F8002400487047D0
:109820007011012400487047481101240048704716
:10983000201101240048704714F8002410B52DEDC4
:10984000048B0446B0EE408BB0EE419A24B99FEDF4
:10985000260ABDEC048B10BD84ED048AC4ED038A96
:1098600078EEC89A9FED211ADFED210AB0EE690A61
:1098700001F072FA84ED050A94ED000AD4ED050AB0
:1098800020EE200A84ED080A94ED090AD4ED010ABD
:1098900094ED051A00EE810A84ED090A94ED020A9E
:1098A00020EE090A84ED0A0AD4ED070AB0EE600A38
:1098B00004F12400FDF7E8FD94ED080AD4ED090A4F
:1098C00030EE200AD4ED0A0A30EE200A84ED0B0AAD
:1098D000D4ED060AB0EE600A04F12C00FDF7D4FDC9
:1098E00094ED0B0AB5E7000000000000DB0F4940D3
:1098F000DB0F49C000B970479FED090A80ED040AEB
:1099000080ED030A80ED050A9FED050A80ED0A0A45
:1099100080ED090A80ED080A80ED0B0A00BFEAE736
:109920000000000000B9704780ED000AC0ED010A98
:1099300080ED021ADFED062AC0ED052ADFED042ACC
:10994000C0ED042A80ED072AC0ED061A00BFEAE741
:109950000000000010B508B101B102B910BD214BE3
:10996000B3F904300A2B05DC1E4BB3F9043013F1B4
:109970000A0F04DA1B4B9B881B4C238002E0002358
:10998000194C2380174BB3F906300A2B05DC154B15
:10999000B3F9063013F10A0F04DA124BDB88134CCB
:1099A000238002E00023114C23800F4BB3F90030D9
:1099B00000EE103AB8EEC00ADFED0D0A20EE200AE4
:1099C00080ED000A094BB3F9003000EE103AB8EE12
:1099D000C00ADFED080A20EE200A81ED000A00BF70
:1099E000BCE700005A1201242E070024300700248F
:1099F0009C5349B79C53493710B52DED028B044653
:109A0000B0EE408A9FED1A0AF0EE408A14B9BDEC20
:109A1000028B10BD94ED310AF0EE408A78EE880A90
:109A2000B0EE600A9FED131ADFED130A01F094F90E
:109A300084ED310A94ED310AD4ED2C0AB4EEE00A3B
:109A4000F1EE10FA04DD94ED2C0A84ED310A0CE0FD
:109A500094ED310AD4ED2D0AB4EEE00AF1EE10FADD
:109A600003D294ED2D0A84ED310A00BFCFE7000048
:109A700000000000DB0F4940DB0F49C008B101B115
:109A800002B97047114B93ED040AB5EEC00AF1EE2E
:109A900010FA10D193ED010AB5EEC00AF1EE10FAFA
:109AA00009D10B4B93ED310A80ED000A93ED690A61
:109AB00081ED000A08E0054B93ED010A80ED000AF4
:109AC00093ED040A81ED000A00BFDAE7A012012439
:109AD00014F8002470B505460E4614460DB106B1C3
:109AE00004B970BD1E480078062822D2DFE800F0D5
:109AF0000321090F151B22463146284600F092FB30
:109B000018E0224631462846FFF724FF12E022469D
:109B10003146284600F088FA0CE0224631462846B5
:109B200000F044FA06E0224631462846FFF7A6FF39
:109B300000E000BF00BF0B4800780949097888425F
:109B400007D094ED680A84ED690A94ED300A84ED3B
:109B5000310A034800780349087000BFC1E70000DC
:109B60002A0700242C07002410B5044604B910BDB0
:109B7000204600F033F818480078062828D2DFE89D
:109B800000F0030A11181920002084F8A800002111
:109B900084F888111DE0022084F8A800022184F8CE
:109BA000881116E0012084F8A800012184F88811AA
:109BB0000FE000BF022084F8A800022184F8881179
:109BC00007E0012084F8A800012184F8881100E052
:109BD00000BF00BF00BFCAE72A07002410B5044633
:109BE00004B910BD0F48C07A012803D102200E49E4
:109BF00008700EE00B48C07A032803D105200A49FB
:109C0000087006E00748C07A022802D10020064901
:109C10000870002002F044FE10B1002002490870D4
:109C200000BFDEE75A1201242A0700240548007805
:109C3000012803D003480078042801D1012070478F
:109C40000020FCE72A07002405480078012802D0FC
:109C50000348007808B9012070470020FCE70000A5
:109C60002A07002410B52D48007B03281BD1B0EE35
:109C7000002AF1EE041A9FED2A1ADFED2A0ABAEE45
:109C8000040A2948FFF74EFE9FED282ADFED281A27
:109C9000B0EE001ADFED270A9FED270A2248603058
:109CA000F5F704F81AE0B0EE002AF1EE041A9FED81
:109CB0001C1ADFED1C0ABAEE040A1B48FFF732FE3D
:109CC0009FED1A2ADFED1A1AB0EE001ADFED190A1D
:109CD0009FED190A14486030F4F7E8FF1248001F9E
:109CE00090F8A80028B900200F49091FA1F8DC004E
:109CF00003E00D48001F00F069F90B48001F90F8C1
:109D0000880128B900210848001FA0F8BC1103E011
:109D10000548DC3000F05AF910BD000094F300242F
:109D2000CDCC4CBF0AD723BC18F8002400007A44DD
:109D300000007A460AD7233C00803B4610B52DED43
:109D4000028B384A92ED630ABCEEC00A10EE102A6C
:109D500091B2344AD2F8E020108801F0A7F8B1EEB1
:109D6000400A304880ED660A2F4890ED010A2D48E0
:109D700080ED680A2C4890ED030A2A4880ED6A0AB3
:109D8000024692ED2B0ABCEEC00A10EE102A91B2E8
:109D900002461268108801F089F8B1EE400A2148A5
:109DA00080ED2E0A204890ED000A1E4880ED300A12
:109DB000D0ED660AB0EE600AE6F7BCFB1A48D0EDBB
:109DC000050A60EE208A1748D0ED660AB0EE600AF8
:109DD000E6F774FB1448D0ED040A40EE608AB0EE5A
:109DE000688A1248007830B9114880ED008A012055
:109DF0000E4908700CE09FED0F0A28EE000A0C488F
:109E0000D0ED000A9FED0C1A01EE200A80ED000A49
:109E1000074890ED000A034880ED320ABDEC028B42
:109E200010BD000014F800249CFB0024D401002481
:109E3000D00100249A99193E9A99593F10B5FFF71D
:109E4000F5FC49490860FFF7E1FC4749C1F8E0002B
:109E5000002081F8A90081F8A8000021424880F87C
:109E6000891180F888119FED410A80ED2B0AB1EE2F
:109E7000040A80ED2C0AB9EE040A80ED2D0A9FED4C
:109E80003C0A80ED630A9FED3B0A80ED640A9FED7A
:109E90003A0A80ED650AB0EE002AF1EE041A9FED51
:109EA000371ADFED370ABAEE040A001DFFF73AFD54
:109EB0009FED342ADFED341AB0EE001ADFED330ADD
:109EC0009FED330A28486430F4F7F0FE9FED2D2A09
:109ED000F3EE0E1A9FED2F1ADFED2F0AB1EE040AF2
:109EE0002148E430FFF71EFD9FED2C2ADFED261AF6
:109EF0009FED2B1AF3EE020A9FED2A0A2A48F4F787
:109F0000D5FE1948001DFFF7F5FC17483430FFF760
:109F1000F1FC15486430F4F7A3FE23486038FFF7DE
:109F2000E9FC21483038FFF7E5FC1F48F4F798FEBC
:109F3000FFF704FF0C4890ED300A80ED310A90EDF8
:109F40002E0A80ED2F0A90ED320A80ED330A90ED53
:109F5000680A80ED690A90ED660A80ED670A90ED67
:109F60006A0A80ED6B0A10BD14F8002433F35344E1
:109F70000030C04596430B3FFA7EAABECDCC4CBF05
:109F80000AD723BC00007A4400007A460AD7233C53
:109F900000803B461F852B3FACC527370060EA4653
:109FA000CDCC4C3E00C0DA4558F9002408B101B1CF
:109FB00002B970479FED040A80ED000A9FED020A86
:109FC00081ED000A00BFF4E70000000010B5044670
:109FD00004B910BDD4ED321AB0EE611AD4ED311AC5
:109FE000F0EE610AD4ED301AB0EE610A201DFFF7E1
:109FF00025FC84ED330A94ED331AF0EE410A94ED1A
:10A00000321AB0EE410A04F16400F4F709FD84ED60
:10A01000360A94ED360ABDEEC00A10EE100A00B200
:10A02000A4F8DC0000BFD4E710B508B101B102B953
:10A0300010BD214BB3F904300A2B05DC1E4BB3F9DC
:10A04000043013F10A0F04DA1B4B9B881B4C23804E
:10A0500002E00023194C2380174BB3F906300A2B7A
:10A0600005DC154BB3F9063013F10A0F04DA124B75
:10A07000DB88134C238002E00023114C23800F4B1C
:10A08000B3F9003000EE103AB8EEC00ADFED0D0A69
:10A0900020EE200A80ED000A094BB3F9003000EEF3
:10A0A000103AB8EEC00ADFED080A20EE200A81ED72
:10A0B000000A00BFBCE700005A1201243207002446
:10A0C000340700249C5349B79C5349371CB59FED76
:10A0D000170A8DED010A9FED150A8DED000A14484F
:10A0E000007805280ED1134A694601A8FFF7F2FC53
:10A0F0009DED010A0F4880ED310A9DED000A80EDCB
:10A10000690A12E00B4A694601A8FFF7E3FC094817
:10A1100090ED310ADDED010A30EE200A80ED310AC2
:10A120009DED000AE030FFF767FC1CBD0000000059
:10A130002A07002414F8002410B50248FFF714FD84
:10A1400010BD000014F80024C92003F017F8FFF731
:10A1500075FE04E0012003F011F8FFF7EFFD092080
:10A1600002F09EFB0028F5D10A2002F099FB00289E
:10A17000F0D14DE0FFF7E0FFFFF7E0FDFFF7A6FFAE
:10A18000FFF770FD2348B0F8DC00404200B22249DE
:10A1900008802048B0F9BC01404200EE100AB8EE39
:10A1A000C00ADFED1E0A30EE200ABDEEC00A10EE36
:10A1B000100A00B21A490880092002F071FB18B198
:10A1C0000A2002F06DFBD0B9002002F069FB68B1F3
:10A1D00000210846E7F7ACFC0E4890ED680A80EDD8
:10A1E000690A90ED300A80ED310A0CE00C48B0F9B4
:10A1F00000100948B0F90000E7F79AFC03E00021DD
:10A200000846E7F795FC01F057FF012002F0B6FF82
:10A21000B0E7000014F80024CC01002400C0DAC527
:10A22000CE01002408B101B102B970479FED040AC4
:10A2300080ED000A9FED020A81ED000A00BFF4E7FD
:10A24000000000000B48C07A022803D101200A490F
:10A2500008700EE00748C07A032803D1022006499F
:10A26000087006E00348C07A012802D103200249A1
:10A27000087070475A12012478FE002410B500249B
:10A280004FE02B216143284A02EB810191ED251A11
:10A29000F0EE410A2B21614302EB810191ED241A7A
:10A2A000B0EE410A2B21614302EB8100F4F7B8FBC9
:10A2B0002B2060431C4901EB800080ED280A2B21F4
:10A2C0006143194A02EB810191ED281AF0EE410A2F
:10A2D0002B21614302EB810191ED271AB0EE410A77
:10A2E0002B21614302EB810101F14400F4F798FB5B
:10A2F0002B2060430C4901EB800080ED290A2B20C4
:10A30000604301EB800090ED290ABDEEC00A10EE1B
:10A31000100A02B22B20604301EB8000A0F8A820B5
:10A32000641C042CADDB10BD7CFE0024002027E063
:10A33000154901EB001191ED010AF0EE000A20EE43
:10A34000200ADFED120A20EE200A2B214143104A99
:10A3500002EB810181ED240A0B4901EB001191ED23
:10A36000020AF0EE000A20EE200ADFED080A20EED5
:10A37000200A2B21414302EB810181ED270A401C79
:10A380000428D5DB70470000E4120124DB0F4940AC
:10A390007CFE002410B5012407E0E0B2052102F0A4
:10A3A00057FA012000F09CFD641C052CF5DB002011
:10A3B0004DE0644901EB001191ED010AF0EE000A55
:10A3C00020EE200ADFED600A20EE200A2B21414317
:10A3D0005E4A02EB810181ED240A5A4901EB00112A
:10A3E00091ED010AF0EE000A20EE200ADFED560A98
:10A3F00020EE200A2B21414302EB810181ED260A48
:10A40000504901EB001191ED010AF0EE000A20EE37
:10A41000200ADFED4D0A20EE200A2B21414302EBFA
:10A42000810181ED250A474901EB001191ED020AF6
:10A43000F0EE000A20EE200ADFED430A20EE200AAB
:10A440002B21414302EB810181ED270A401C0428A6
:10A45000AFDB9FED3F2ADFED3E1A9FED3E1ADFEDA9
:10A460003D0AB2EE040A3948F4F720FC9FED382A81
:10A47000DFED391A9FED371ADFED380AB3EE040A23
:10A4800032484430F4F712FC9FED312ADFED301AE8
:10A490009FED301ADFED2F0AB2EE040A2B48AC30E4
:10A4A000F4F704FC9FED2A2ADFED2B1A9FED291A01
:10A4B000DFED2A0AB3EE040A2448F030F4F7F6FB85
:10A4C0009FED232ADFED221A9FED221ADFED210AEC
:10A4D000B2EE040A2248F4F7E9FB9FED1D2ADFEDF6
:10A4E0001E1A9FED1C1ADFED1D0AB3EE040A1C486C
:10A4F0004430F4F7DBFB9FED162ADFED151A9FEDD4
:10A50000151ADFED140AB2EE040A1548AC30F4F760
:10A51000CDFB9FED0F2ADFED101A9FED0E1ADFED38
:10A520000F0AB3EE040A0E48F030F4F7BFFB9FEDBC
:10A53000090A0C4880ED000A9FED060A0A4880EDE2
:10A54000000A10BDE4120124DB0F49407CFE002408
:10A550000000C8420000000000002042CDCCCC3DED
:10A56000D4FF002440020024440200248E48807856
:10A57000E8B38E4890ED010AF0EE000A20EE200AC2
:10A58000DFED8B0A20EE200A8A4880ED250A8748F5
:10A5900090ED010AF0EE000A20EE200ADFED840AB9
:10A5A00020EE200A834880ED270A804890ED010ABA
:10A5B000F0EE000A20EE200ADFED7D0A20EE200AF0
:10A5C0007C4880ED260A794890ED020AF0EE000AF8
:10A5D00020EE200ADFED760A20EE200A754880ED95
:10A5E000280A9FED750A754880ED000A00E004E036
:10A5F0009FED710A724880ED000A6B48C078E8B39D
:10A600006A4890ED050AF0EE000A20EE200ADFED20
:10A61000680A20EE200A674880ED500A634890EDF2
:10A62000050AF0EE000A20EE200ADFED610A20EEB6
:10A63000200A604880ED520A5C4890ED050AF0EE71
:10A64000000A20EE200ADFED5A0A20EE200A5948BF
:10A6500080ED510A554890ED060AF0EE000A20EE12
:10A66000200ADFED530A20EE200A524880ED530AFB
:10A670009FED510A514880ED000A00E004E09FED93
:10A680004E0A4F4880ED000A47480079E8B3474832
:10A6900090ED090AF0EE000A20EE200ADFED440AF0
:10A6A00020EE200A434880ED7B0A404890ED090ADD
:10A6B000F0EE000A20EE200ADFED3D0A20EE200A2F
:10A6C0003C4880ED7D0A394890ED090AF0EE000A19
:10A6D00020EE200ADFED360A20EE200A354880ED14
:10A6E0007C0A324890ED0A0AF0EE000A20EE200AB9
:10A6F000DFED2F0A20EE200A2E4880ED7E0A9FED26
:10A700002E0A2E4880ED000A00E004E09FED2A0AA0
:10A710002B4880ED000A24484079E8B3234890EDA7
:10A720000D0AF0EE000A20EE200ADFED210A20EEED
:10A73000200A204880EDA60A1C4890ED0D0AF0EE94
:10A74000000A20EE200ADFED1A0A20EE200A19483E
:10A7500080EDA80A154890ED0D0AF0EE000A20EEF3
:10A76000200ADFED130A20EE200A124880EDA70A26
:10A770000E4890ED0E0AF0EE000A20EE200ADFED02
:10A780000C0A20EE200A0B4880EDA90A9FED0A0A68
:10A790000A4880ED000A00E004E09FED070A08483F
:10A7A00080ED000A7047000018070024E41201241D
:10A7B000DB0F494078FE0024000000004002002426
:10A7C00044020024294AB2F904200A2A05DC274A57
:10A7D000B2F9042012F10A0F04DA244A9288244BB9
:10A7E0001A8002E00022224B1A80204AB2F9062089
:10A7F0000A2A05DC1D4AB2F9062012F10A0F04DA12
:10A800001A4AD2881B4B1A8002E00022194B1A8088
:10A81000194A92ED000A164AB2F9002000EE902A79
:10A82000F8EEE00A9FED151A00EE810A124A82ED59
:10A83000000A134A92ED000A0E4AB2F9002000EE17
:10A84000902AF8EEE00A9FED0D1A00EE810A0C4AFC
:10A8500082ED000A084A92ED000A80ED000A084ADB
:10A8600092ED000A81ED000A704700005A1201249F
:10A87000480200244A0200244002002482A87B37B8
:10A88000440200241CB59FED460A8DED010A9FEDA0
:10A89000440A8DED000A43480078012804D00228BC
:10A8A00038D003287AD157E0694601A8FFF78AFF1C
:10A8B0003C4890ED270ADFED3A0A30EE200ADDED44
:10A8C000010A30EE200A80ED260A90ED520ADFEDF3
:10A8D000340A30EE600ADDED010A30EE600A80EDE8
:10A8E000510A90ED7D0ADFED2E0A30EE200ADDEDF3
:10A8F000000A30EE200A80ED7C0A90EDA80ADFED18
:10A90000280A30EE600ADDED000A30EE600A80EDC4
:10A91000A70A43E0234890ED270AF0EE080A30EE3C
:10A92000600A80ED260A90ED520AF0EE080A30EE39
:10A93000200A80ED510A90ED7D0AF2EE020A30EE17
:10A94000600A80ED7C0A90EDA80AF2EE020A30EE71
:10A95000200A80EDA70A21E0124890ED270ADFEDDA
:10A96000100A30EE200A80ED260A90ED520ADFED43
:10A970000C0A30EE600A80ED510A90ED7D0ADFEDA1
:10A98000080A30EE200A80ED7C0A90EDA80ADFED7F
:10A99000040A30EE600A80EDA70A00BF00BF1CBDAC
:10A9A0000000000078FE002440F2651002F0E6FB93
:10A9B000FFF7F0FC95E0FFF745FCFFF7B7FCFFF76A
:10A9C00061FFFFF75BFCFFF7D1FD00F069FB0120A1
:10A9D00001F066FF60B1022001F062FF40B1032088
:10A9E00001F05EFF20B1042001F05AFF00285ED183
:10A9F000002001F055FF68B100F07AF800231A46F4
:10AA000019461846E8F766F800F09AF8022000F0B8
:10AA100067FA51E03348D0ED010AB0EE600AFEF764
:10AA2000D1FDF0EE080AB4EEE00AF1EE10FA35D2EC
:10AA30002C48D0ED050AB0EE600AFEF7C3FDF0EE3B
:10AA4000080AB4EEE00AF1EE10FA27D22548D0ED5C
:10AA5000090AB0EE600AFEF7B5FDF0EE080AB4EEA2
:10AA6000E00AF1EE10FA19D21E48D0ED0D0AB0EE50
:10AA7000600AFEF7A7FDF0EE080AB4EEE00AF1EE78
:10AA800010FA0BD2184CB4F9B032B4F90422B4F96C
:10AA90005811B4F9AC00E8F71DF80DE0F2F715FF16
:10AAA00000231A4619461846E8F714F804E00F4840
:10AAB0000088401C0D4908800C48008864280DDD82
:10AAC00000231A4619461846E8F704F800F038F84B
:10AAD000022000F005FA002004490880022002F05C
:10AAE0004DFB68E7E412012478FE00243C020024B8
:10AAF00000201AE09FED0E0A2B2141430D4A02EB84
:10AB0000810181ED290A00232B21414302EB8101C0
:10AB1000A1F8A8309FED060A074981ED000A9FEDD4
:10AB2000040A064981ED000A401C0428E2DB704754
:10AB3000000000007CFE00244002002444020024A7
:10AB400010B5012407E0E0B2052101F081FE0120EB
:10AB500000F0C6F9641C052CF5DB00203AE04649FC
:10AB600001EB001191ED010AF0EE000A20EE200A3F
:10AB7000DFED420A20EE200A2B214143404A02EB3E
:10AB8000810181ED240A3C4901EB001191ED010A9C
:10AB9000F0EE000A20EE200ADFED380A20EE200A4F
:10ABA0002B21414302EB810181ED250A324901EB62
:10ABB000001191ED020AF0EE000A20EE200ADFED0E
:10ABC0002F0A20EE200A2B21414302EB810181ED67
:10ABD000270A401C0428C2DB274890ED010AF0EE4A
:10ABE000000A60EE200A9FED251A9FED260A10EE5E
:10ABF000810A2348001F80ED270A1F4890ED050AAF
:10AC0000F0EE000A60EE200A9FED1C1A9FED1D0A6F
:10AC100000EE810A1A48001F80ED520A164890ED96
:10AC2000090AF0EE000A60EE200A9FED141A9FED6B
:10AC3000150A10EE810A1248001F80ED7D0A0E48A9
:10AC400090ED0D0AF0EE000A60EE200A9FED0B1A5F
:10AC50009FED0C0A00EE810A0948001F80EDA80A4A
:10AC60009FED080A084880ED000A9FED060A074894
:10AC700080ED000A10BD0000E4120124DB0F494002
:10AC80007CFE002400000000400200244402002456
:10AC9000F0EE400AF6EE001A60EEA11AB0EE611A6C
:10ACA000B0EE600A10EE100A0749A1EB600000EE5A
:10ACB000100A21EE002AF7EE081A42EE401A61EE61
:10ACC000801AB0EE610A7047865A375FF7EE000AC5
:10ACD000B0EE600A15490978012906D1F5EE000A9F
:10ACE000B0EE600A124A117006E0F7EE000AB0EE0C
:10ACF000600A00210E4A1170D0ED1F0A60EE800A32
:10AD0000C0ED1F0AD0ED300A60EE800AC0ED300AB7
:10AD1000D0ED410A60EE800AC0ED410AD0ED520A42
:10AD200060EE800AC0ED520A70470000BE010024A8
:10AD3000BD0100240A78462A0DD14A78452A0AD155
:10AD40008A79462A07D18A788270CA78C2700A79CD
:10AD500002714A790271704710B52DED048BB0EE87
:10AD6000408BB0EE419AB4EEE89AF1EE10FA04D2BC
:10AD7000B0EE480ABDEC048B10BD79EE689A78EE0F
:10AD8000680AB0EE600AF0EE690AF8F751FDB0EE1D
:10AD9000408AB5EEC08AF1EE10FA03D238EE290AE5
:10ADA000B0EE408A38EE280AE4E70000EAF75AFFDE
:10ADB000F4F706FBF2F744FFF2F796FDF2F70CFE0C
:10ADC000F2F74CFEF2F78EFEF2F7C6FFF2F7F6FF4F
:10ADD000F3F7A6F8F3F7DEF8F3F77EF9F3F710F9D7
:10ADE000F3F75EF8F3F71CF8F3F740F94FF4F0705F
:10ADF000E7F7C0FBFCF792FEFCF768FE192210494A
:10AE0000104801F017FF4FF480720F490F4801F00E
:10AE100011FF4FF480720E490E4801F00BFF4FF402
:10AE200080720D490D4801F005FF01F0BFF800F0F8
:10AE300067F8F2F79BFE00F079F800BFFEE700002C
:10AE400080030124484E002480010124704F002417
:10AE500099030124DC4E0024990401249850002415
:10AE600073B504460E48BDF80410A0F8051044F46C
:10AE700000400C4908604FF0804048600020886026
:10AE80000820C86000070861002048618861C86127
:10AE90000862034A0448E9F7EBFC05467CBD000064
:10AEA00036070024C0120124104B00240246501A19
:10AEB000B0F5805F03DDA0F5F850FF3805E010F530
:10AEC000805F02DA41F6FF73184400EE100AB8EE14
:10AED000C00ADFED020A20EE200A7047DB0F493A74
:10AEE00070B50546F8F718F910B16FF0050404E0E5
:10AEF000002415B1284602F041F9204670BD00003B
:10AF000010B5F8F709F910B16FF0050409E006482B
:10AF1000006820B9012004490860002401E04FF0D6
:10AF2000FF34204610BD0000FC00002470B5F8F787
:10AF3000F3F810B16FF005041FE011480068012814
:10AF400019D100BF801F0021002804DB0A07130E5F
:10AF50000C4A135406E00A07150E0B4A00F00F03C3
:10AF60001B1FD55400BF00BF02200549086002F036
:10AF700081F9002401E04FF0FF34204670BD00004D
:10AF8000FC00002400E400E018ED00E02DE9FF479C
:10AF900080468946144600200390F8F7BDF8002843
:10AFA0004ED1B8F1000F4BD0802618258246471E9F
:10AFB00044B3206808B1D4F800A0A06900B1A56925
:10AFC0002DB1382D03D8207900F0010018B10020F0
:10AFD00004B0BDE8F087606908B160698608A068C0
:10AFE00040B1E0685C2805D3206918B1606908B1F8
:10AFF000012708E0A06830B9E06820B9206910B9DD
:10B00000002700E00027012F0CD12169A0684B46E2
:10B010003246CDE9005102905146404602F024FEEE
:10B0200003900DE067B903A8B2B24B465146CDE993
:10B030000050404602F0E6FD012801D000200390B8
:10B040000398C5E74178027841EA022100EE901AA0
:10B05000B8EE601ADFED101A81EE212A0F4981ED5A
:10B06000002AC178827841EA022109B200EE101A62
:10B07000B8EEC01ADFED081A81EE212A074981EDEA
:10B08000012A0179054A11724179517281799172CF
:10B09000C179D1727047000000007A44181201246F
:10B0A00010B50848808B00F4804050B108E00023C0
:10B0B0001A4619461846E7F70DFD022002F05EF821
:10B0C000F5E710BD821201242DE9F04105460E4638
:10B0D0001948076800201949096881F85A0017487B
:10B0E0000068001D01F0ADFE681C38B936B1134888
:10B0F0000168091D124801F00FFF1AE07C190F4882
:10B1000000684460BC4207D20C480168091D0D4824
:10B11000006801F0E7FE0CE008480168091D0A48D4
:10B12000006801F0DFFE09480068844201D2074848
:10B130000460BDE8F0810000C0000024AC000024E1
:10B1400080760024B4000024B0000024DC00002439
:10B1500010B5044601F0ECFE24480068401C234969
:10B1600008602348006840B9214804600846006828
:10B1700001280DD100F0FEF90AE01E48006838B938
:10B180001B480068C06AE16A884201D81848046018
:10B1900019480068401C1849086008460068606447
:10B1A0001649E06A0968884202D91449E06A0860D1
:10B1B000E16A01EB8101124A02EB8100211D01F0DD
:10B1C000ABFE01F0DFFE0B48006868B1084800687C
:10B1D000C06AE16A884207D24FF08050094908608E
:10B1E000BFF34F8FBFF36F8F10BD0000BC00002472
:10B1F000AC000024C8000024D8000024C4000024AF
:10B20000D071002404ED00E008B501F091FE124871
:10B210000068E8B9114801F055FE114801F052FEEE
:10B220000E48104908600E480F49086000200F4B77
:10B230000F4A102100900A2002F0CEF9064908605A
:10B240000846006820B10BA10348006801F05AFFCE
:10B2500001F098FE08BD0000F00000249476002460
:10B26000A8760024E8000024EC000024BC7600242A
:10B270000C770024546D72510000000010B516E0E8
:10B2800001F056FE0C48C068C468201D01F0D9FDCD
:10B290000A480068401E0949086009480068401EC5
:10B2A0000749086001F06EFE204600F05FF8044890
:10B2B00000680028E4D110BD6C760024BC00002496
:10B2C000B800002470B504460D46206C70B1216CA6
:10B2D000E0680144E160D4E90210884201D32168AA
:10B2E000E1602846226CE168E5F713FF70BD2DE9A7
:10B2F000F04104460F4615464FF00008A66B206C3F
:10B3000048B9206800282CD1A06802F0C3FD80460F
:10B310000020A06025E07DB93946226C6068E5F721
:10B32000F8FE216C606808446060D4E9010188423D
:10B3300017D32068606014E03946226CE068E5F7B6
:10B34000E8FE216CE068411AE1602168E06888420B
:10B3500003D2216CA068411AE160022D01D106B12F
:10B36000761E701CA0634046BDE8F08110B504460F
:10B3700094F8590030B9206B01F022FE204601F00C
:10B380001FFE1AE094F85900012803D1204601F06D
:10B3900017FE12E094F85900022801D1012000E0C4
:10B3A000002050B900BF502080F31188BFF34F8FA9
:10B3B000BFF36F8F00BF00BFFEE710BD0146084A14
:10B3C000126812680AB9012200E000220A600A68C5
:10B3D00022B9034A1268D268106800E00020704762
:10B3E000E800002430B547F23053174800F0070456
:10B3F0002CB1C01D20F00700134C041B1B1B024680
:10B40000124C22600024114D6C60D018083820F0D6
:10B4100007000F4C206000240D4D2D686C600C4D12
:10B420002D682C601146441A4C60094C24680C604D
:10B43000084D4C682C60084D4C682C604FF000445F
:10B44000064D2C6030BD0000647E00240001002405
:10B4500008010024100100240C0100241C01002418
:10B4600000BFFFF70BFF064800680128F9D94FF02D
:10B47000805004490860BFF34F8FBFF36F8FF0E730
:10B48000D071002404ED00E02DE9F04106460D46A0
:10B4900017469846069C0DB9246000E02760E663D5
:10B4A00025640121204602F007F984F84C80BDE8AC
:10B4B000F0812DE9F05F82460E4690469B460A9F3A
:10B4C0000C9C4FEA8801A522206BE5F799FEA8F1B4
:10B4D0000100216B01EB800929F0070909F0070041
:10B4E00008B9012000E0002050B900BF502080F3CF
:10B4F0001188BFF34F8FBFF36F8F00BF00BFFEE710
:10B5000086B1002507E0715D04F134004155705D9E
:10B5100000B902E06D1C102DF5D300BF00214320BF
:10B52000015502E0002084F83400382F00D337277B
:10B53000E762E76400202065201D01F0D0FC04F1E3
:10B54000180001F0CCFC2461C7F13800A0616462EE
:10B550000020606584F8580084F85A005A46514625
:10B56000484600F07DFB20600B9808B10B98046002
:10B57000BDE8F09F10B5002407E004EB84010F4AFA
:10B5800002EB810001F09EFC641C382CF5D30C48C2
:10B5900001F098FC0B4801F095FC0B4801F092FC7F
:10B5A0000A4801F08FFC0A4801F08CFC0448094964
:10B5B000086004480849086010BD0000D0710024EC
:10B5C0003076002444760024587600246C760024DB
:10B5D00080760024B0000024B400002410B5014699
:10B5E000164800E0006803688B42FBD302464368BC
:10B5F00013448B4204D143684C68234443600146A2
:10B600000A464B6813440468A34211D10C4C0368EA
:10B610002468A34208D04B680468646823444B60E4
:10B6200003681B680B6005E0054B1B680B6001E0BD
:10B6300003680B60884200D0016010BD0001002447
:10B64000080100242DE9F04104460D4616461F4628
:10B650004FF0000865602461B5420CD8F01BA16969
:10B66000884202D34FF0010811E0211D094800680B
:10B6700001F038FC0BE0BE4204D2BD4202D34FF0D1
:10B68000010804E0211D0448006801F02BFC40463D
:10B69000BDE8F081EC000024E800002470B5054608
:10B6A00001F046FCA86B08B9012400E0002401F079
:10B6B00069FC204670BD70B5054601F039FCA86BE9
:10B6C000E96B884201D1012400E0002401F05AFC1A
:10B6D000204670BDF8B505460F461A480068C06898
:10B6E000C468201D01F0ADFB94F8280000F00400B0
:10B6F000E8B1A06941192B463A462046FFF7A2FF60
:10B70000D8B1002003462A4601460090204602F0A8
:10B710001DFD064656B900BF502080F31188BFF3C7
:10B720004F8FBFF36F8F00BF00BFFEE705E094F8B7
:10B73000280020F0010084F828002046216A88476C
:10B74000F8BD0000E8000024F0B587B0A0E0039841
:10B75000002811DA04AE56B900BF502080F31188DA
:10B76000BFF34F8FBFF36F8F00BF00BFFEE7D6E977
:10B770000020B168904700BF03980028E6DB059CD5
:10B78000606908B9012000E0002010B9201D01F017
:10B7900058FB02A800F0DEF8054603980A2875D287
:10B7A000DFE800F009050739416306083A4200BFA7
:10B7B00000BF00BF00BF94F8280040F0010084F8EB
:10B7C00028000498A269811803462A462046FFF7FC
:10B7D00039FFF8B12046216A884794F8280000F024
:10B7E0000400B8B1002000900498A1694218002319
:10B7F0001946204602F0AAFC074657B900BF502060
:10B8000080F31188BFF34F8FBFF36F8F00BF00BF6E
:10B81000FEE700BF3BE000BF94F8280020F00100E5
:10B8200084F8280033E000BF94F8280040F00100BD
:10B8300084F828000498A061A06908B1012000E004
:10B84000002050B900BF502080F31188BFF34F8F04
:10B85000BFF36F8F00BF00BFFEE7A06941192B4601
:10B860002A462046FFF7EEFE11E094F8280000F08B
:10B87000020018B9204601F0A3FB05E094F8280067
:10B8800020F0010084F8280001E0FFE700BF00BFBE
:10B89000002203A90448006802F0ACF800287FF4F5
:10B8A00056AF07B0F0BD0000F0000024F8B5054623
:10B8B0000C4601F03BFD684600F04CF80646009847
:10B8C00020BB44B9B54206D802F082FB3146284677
:10B8D000FFF700FF1CE03CB10E480068006808B9A3
:10B8E000012000E000200446A91B22460A48006807
:10B8F00001F01EFC02F06CFB50B94FF0805007497C
:10B900000860BFF34F8FBFF36F8F01E002F060FB61
:10B91000F8BD0000EC000024F000002404ED00E07D
:10B920000A490968096809B9012100E0002121B12B
:10B930004FF0FF31064A116006E004490968C96802
:10B94000C868034A4168116070470000B0000024D5
:10B95000DC00002470B5044602F0F4F905460748FF
:10B960000068854204D200F00BF80120206001E05D
:10B970000020206001480560284670BDF8000024C2
:10B980002DE9F84334E025480068C068056823487D
:10B990000068C068C468201D01F053FA2046216A7F
:10B9A000884794F8280000F0040008B3A0694619FD
:10B9B000AE4207D966602461211D1848006801F075
:10B9C00091FA15E0002003462A46014600902046E1
:10B9D00002F0BCFB074657B900BF502080F3118826
:10B9E000BFF34F8FBFF36F8F00BF00BFFEE700BFF5
:10B9F0000A480068006808B9012000E0002000281B
:10BA0000C1D00648D0F800800548006803490860A6
:10BA10000348C0F80080BDE8F8830000E800002477
:10BA2000EC0000240246002101E0521C491C107861
:10BA3000A528FAD0890888B2704700000E4800682F
:10BA4000401C08B9012000E0002050B900BF502080
:10BA500080F31188BFF34F8FBFF36F8F00BF00BF1C
:10BA6000FEE700BF502080F31188BFF34F8FBFF374
:10BA70006F8F00BF00BFFEE72001002408B500BFA4
:10BA80006846FFF79BFC044620460099FFF70EFF2F
:10BA9000FFF75AFEF4E770B5044601F049FA94F94D
:10BAA000455010E0606A08B9012000E0002038B974
:10BAB00004F1240002F040FA18B101F099FB00E013
:10BAC00003E0681E45B2002DECDC00BFFF2084F8C7
:10BAD000450001F057FA01F02BFA94F9445010E0B8
:10BAE000206908B9012000E0002048B904F11000E5
:10BAF00002F022FA08B101F07BFB681E45B200E0BB
:10BB000001E0002DECDC00BFFF2084F8440001F0D0
:10BB100039FA70BD2DE9F04104464FF0000801F0FC
:10BB200005FC4948006808B9FFF75CFC4748006815
:10BB30002040002870D1D4B1083404F00700B0B11F
:10BB400004F00700C0F10800044404F0070008B93D
:10BB5000012000E0002050B900BF502080F3118880
:10BB6000BFF34F8FBFF36F8F00BF00BFFEE7002C06
:10BB700052D03748006884424ED8364E3046056869
:10BB800001E02E462D686868A04202D2286800288D
:10BB9000F7D12D48006885423ED0306800F1080892
:10BBA000286830606868001B102819D92F1907F021
:10BBB000070008B9012000E0002050B900BF502064
:10BBC00080F31188BFF34F8FBFF36F8F00BF00BFAB
:10BBD000FEE76868001B78606C603846FFF7FEFC83
:10BBE0001B4968680968081A19490860084600680E
:10BBF00019490968884203D2154800681649086047
:10BC00001249686809680843686000202860134882
:10BC10000068401C1149086002F0DAF908F00700DA
:10BC200008B9012000E0002050B900BF502080F387
:10BC30001188BFF34F8FBFF36F8F00BF00BFFEE7C8
:10BC40004046BDE8F0810000080100241C010024EA
:10BC50000C01002400010024100100241401002420
:10BC6000001F4FF080730360001F21F00103036089
:10BC7000001F054B036014380260001F6FF00203C1
:10BC800003602038704700003DBA01082DE9F041FB
:10BC90000446AF48F3F750FA07460FB9BDE8F08104
:10BCA000AB484079AA49897940EA0126A8484078FA
:10BCB000A749897840EA0125A6F201200D287AD209
:10BCC000DFE800F007476A7A799DAFBEE179F9793C
:10BCD000F7000D2D3CD19E48C07920709C48007A19
:10BCE00060709B48407A9A49897A40EA01206080D6
:10BCF0009748C07A9649097B40EA0120A080944881
:10BD0000407B9349897B40EA0120E0809048C07BDA
:10BD10008F49097C40EA012020818D48407C8C4974
:10BD2000897C40EA012060818948C07C217B60F3E6
:10BD3000000121738648C07C4008217B60F34101EB
:10BD400021738348C07C8008217B60F382012173CA
:10BD5000FBE00E2D1FD17E48C01D0188A1844288C2
:10BD6000E284C21FD2F80B20A262C11FC97BC21F8E
:10BD7000127C41EA0222A285C11F497CC21F927C2B
:10BD800041EA0222E285C11FC97CC21F127D41EA3D
:10BD90000222228600BFD8E00C2D0BD16C48D0F8CF
:10BDA000070060636A49D1F80B10A1636849D1F8B4
:10BDB0000F10E163C9E0C5E0082D1FD16448C079C8
:10BDC00084F840006248007A6149497A40EA0121DA
:10BDD000422001535E48817A442001555C48C17A73
:10BDE000452001555A48007B5949497B40EA0121C9
:10BDF000462001535648817B48200155A5E0012D7E
:10BE00000ED15348C07914F84A1F60F30301217022
:10BE10004F48C0790109207861F3071004F84A09F6
:10BE200093E0072D0BD14A48C07920744848017A25
:10BE30006174417AA1740146D1F80A10616184E00D
:10BE4000082D1FD14248C0794149097A40EA0120B2
:10BE5000A4F84C003E48407A3D49897A40EA0121E5
:10BE60004E2001533A48C07A3949097B40EA012102
:10BE7000502001533648407B3549897B40EA0121F7
:10BE80005220015361E0052D12D13148C07930496B
:10BE9000097A40EA01202E49497A40EA01402C49BA
:10BEA000897A40EA016060652948C17A58200155C5
:10BEB0004BE02CE0FFE7282D28D12548D0F80700DB
:10BEC000E0652349D1F80B1021662149D1F80F1004
:10BED00061661F49D1F81310A1661D49D1F81710EA
:10BEE000E1661B49D1F81B1021671949D1F81F10D1
:10BEF00061671749D1F82310A1671549D1F82710B8
:10BF0000E1671349D1F82B10C4F880101DE0062D0D
:10BF100017D10F48C0790E49097A40EA01200C492F
:10BF2000497A40EA01400A49897A40EA0160C4F846
:10BF300084000748C07A0649097B40EA012188202D
:10BF4000015302E00348068000BF00BF00BFA5E622
:10BF50004CFC00242C02002470B505460C462046FB
:10BF6000FFF794FE70BD0000002400BF00BF0D4924
:10BF70002046FFF7F1FF00F049FEFDF72DF8FCF732
:10BF8000C7FEFCF7BFFEFDF735F800F0E7FCFCF755
:10BF900097FFFCF7E9FF0448FCF700FF022001F0DF
:10BFA000EDF8E4E7C0FB002424FA002410B50248B1
:10BFB000FBF7AEFD10BD0000BDBF010810B5044683
:10BFC00004B910BD2078617840EA0120C0F30A006E
:10BFD000384908806078C010A17840EA4110C0F369
:10BFE0000A0034494880A0788011E17840EA810055
:10BFF000217940EA8120C0F30A002E498880207907
:10C000004010617940EAC110C0F30A002949C88094
:10C010006079C0F3011088726079001181082548A9
:10C02000C172A079E17940EA012000B221498881FA
:10C03000207A617A40EA012001B21E48C181A07ACB
:10C04000E17A40EA012001B21A480182217B817421
:10C05000617BC174A07BE17B40EA012015498882A5
:10C06000207C617C40EA012000B212490881084628
:10C070000088A0F5806000B2088008464088A0F5DE
:10C08000806000B2488008468088A0F5806000B2D9
:10C0900088800846C088A0F5806000B2C880084645
:10C0A0000089A0F5806000B208810020FCF784FBC5
:10C0B00000BF86E75A12012410B52DED088BC6B0DB
:10C0C000002447222146641C06A8425456222146D9
:10C0D000641C425401222146641C4254914890ED54
:10C0E000001AF6EE001A21EE211AB7EEC11AB0EED0
:10C0F000410BF7F79DFAB7EEC00BF0EE408A894886
:10C1000090ED001AF6EE001A21EE211AB7EEC11AD0
:10C11000B0EE410BF7F7E4FBB7EEC00BB0EE409A80
:10C12000804890ED021AF6EE001A21EE211AB7EEC1
:10C13000C11AB0EE410BF7F77BFAB7EEC00BF0EE89
:10C14000409A784890ED021AF6EE001A21EE211A74
:10C15000B7EEC11AB0EE410BF7F7C2FBB7EEC00B5A
:10C16000B0EE40AA6F4890ED011AF6EE001A21EEEB
:10C17000211AB7EEC11AB0EE410BF7F759FAB7EE34
:10C18000C00BF0EE40AA674890ED011AF6EE001AD7
:10C1900021EE211AB7EEC11AB0EE410BF7F7A0FB62
:10C1A000B7EEC00BB0EE40BA28EEA90A20EE2A0A7C
:10C1B00069EE0A0A00EE8B0A8DED020A28EEA90A42
:10C1C00020EE0B0A69EE0A0A00EEEA0A8DED030A78
:10C1D00028EE8A0A20EE2A0A69EE290A00EE8B0A66
:10C1E0008DED040A29EE290A20EE2A0A68EE8A0A51
:10C1F00000EECB0A8DED050A9DED021A21EE011A23
:10C20000DDED031A9DED032A01EE821ADDED041A1D
:10C210009DED042A01EE821ADDED051A9DED052A39
:10C2200001EE821AB7EEC11AB0EE410BF7F77AFCB5
:10C23000B7EEC00BB0EE408A9FED3B0AB4EEC08A69
:10C24000F1EE10FA17DD9DED020AC0EE080ACDED01
:10C25000020A9DED030AC0EE080ACDED030A9DED2A
:10C26000040AC0EE080ACDED040A9DED050AC0EEF1
:10C27000080ACDED050A06A8204402990160201D98
:10C2800084B206A8204403990160201D84B206A848
:10C29000204404990160201D84B206A82044059919
:10C2A0000160201D84B206A820441E49096801606F
:10C2B000201D84B206A820441A4989690160201D06
:10C2C00084B2184890ED010AB1EE400A8DED010AE2
:10C2D00006A8204401990160201D84B206A82044CC
:10C2E0001049C9690160201D84B206A801190F48D0
:10C2F00040690860201D84B206A8204400210988F6
:10C300000180A01C84B247222046611C8CB206A981
:10C310000A54214606A8E5F7DBFC46B0BDEC088BC5
:10C3200010BD00009CFB0024BD378635C0FB0024F7
:10C3300010B54A480078A0B99FED490A474880EDFA
:10C34000140A9FED470A80ED440A9FED450A80EDEF
:10C350002D0A9FED440A80ED330A9FED420A80EDDD
:10C360001C0A3E48007801281ED19FED3D0A3B483B
:10C3700080ED140A90ED2C0ADFED3B0AB4EEE00AE2
:10C38000F1EE10FA07D29FED390A80ED330A9FEDE6
:10C39000370A80ED1C0A9FED360A304880ED440ACA
:10C3A0009FED340A80ED2D0A2C480078022805D133
:10C3B0009FED310A294880ED140A04E09FED280A18
:10C3C000264880ED140A2548406890ED040A234869
:10C3D00080ED150A90ED141AF0EE410A90ED131A53
:10C3E000B0EE410A0830F2F71BFB1C4890ED090A39
:10C3F000BDEEC00A10EE100A01B21848A0F85C1099
:10C4000090ED441AF0EE410A90ED431AB0EE410A65
:10C41000C030F2F705FB114890ED370ABDEEC00AB7
:10C4200010EE100A01B20D48A0F8141190ED2D1A6B
:10C43000F0EE410A90ED2C1AB0EE410A6430F2F7AA
:10C44000EFFA064890ED200ABDEEC00A10EE100A81
:10C4500001B20248A0F8B81010BD00004CFD002445
:10C460000000000000007A440000008000C0DA45AF
:10C4700000E0AB4500E0ABC500401C4510B51548D9
:10C480004068B0F9020000EE100AB8EEC00A114888
:10C4900080ED130A90ED430A80ED420A90ED2C0ADC
:10C4A00080ED2B0AD0F8BC00B0F9020000EE100AB3
:10C4B000B8EEC00A074880ED430A006EB0F90200EA
:10C4C00000EE100AB8EEC00A024880ED2C0AFCF714
:10C4D00049F910BD4CFD002410B500203949087001
:10C4E000FDF7A0F937494860FDF78CF93549C1F8E7
:10C4F000BC00FDF793F9334908669FED332ADFED61
:10C50000331A9FED331ADFED330AB2EE0E0A01F152
:10C510000800F2F7CBFB9FED2C2ADFED2F1A9FEDE1
:10C520002F1ADFED2E0AB3EE0E0A2648C030F2F7BE
:10C53000BDFB9FED252ADFED281A9FED281ADFEDC0
:10C54000270AB3EE0E0A1F486430F2F7AFFBFFF77D
:10C5500095FF00211B4880F85E10406890ED040AAA
:10C56000184880ED150AA0F85C1090ED150A80EDD2
:10C57000160A9FED1A0A80ED130A9FED180A80ED46
:10C58000140A9FED160A80ED410A9FED140A80ED12
:10C59000430A9FED120A80ED440AA0F814119FEDA2
:10C5A0000F0A80ED2A0A9FED0D0A80ED2C0A9FEDFF
:10C5B0000B0A80ED2D0AA0F8B81000200149A1F85F
:10C5C000180110BD4CFD00240080BB4500803B4697
:10C5D000CDCCCC3E0AD7233C00C0DA450000000099
:10C5E00010B50E2000F05CF990B91C48C08D0A30DF
:10C5F0001A49098988420BDD19480078022803D0BE
:10C6000017480078012806D100201649087002E07A
:10C610000020144908701448807A012803D10220B0
:10C620000F49087012E01048807A032803D10120D6
:10C630000B4908700AE00C48807A022803D10020D8
:10C640000749087002E0002005490870FDF7FCFA70
:10C6500010B100200249087010BD0000C0FB00248A
:10C660004CFD0024340200245A1201244FF4967029
:10C6700000F084FDFFF730FF4AE0FFF7B1FFFFF75E
:10C68000FDFEFFF755FE2348B0F81401224908804B
:10C690002048B0F8B800214908801E48B0F85C0076
:10C6A0001F4908800C2000F0FBF810BB0D2000F0A3
:10C6B000F7F8F0B9002000F0F3F860B10021084667
:10C6C000E5F708FA0020E5F787FA124890ED150A19
:10C6D00080ED160A19E01148B0F900100E48B0F9C3
:10C6E0000000E5F7F7F90E48B0F90000E5F774FA35
:10C6F0000BE000210846E5F7EDF90020E5F76CFABC
:10C70000044890ED150A80ED160A052000F036FD6C
:10C71000B3E700004CFD00242E0200243002002468
:10C720003202002410B500EE100A2DED028BB1EE9E
:10C73000C08A18EE100A20F00040C0F1FF40C00F80
:10C740000AD010EE100A20F00040C0F1FF40C00FE8
:10C7500004BF0120E4F726FE18EE100ABDEC028BA0
:10C7600010BD000070B50446FF2015490860002088
:10C77000486088600820C86012490C7000EE104ABA
:10C78000B8EE400ADFED100A20EE200ABCEEC00A27
:10C7900010EE100AC0B2642190FBF1F201FB12000E
:10C7A0000849487000208870C87008714871887105
:10C7B000C8710A4602490548E8F75AF8054670BDAF
:10C7C000F4110124100700240000C842104B00247B
:10C7D0001C4991ED010AF2EE000AB4EEE00AF1EE16
:10C7E00010FA08DC91ED000AF2EE040AB4EEE00A59
:10C7F000F1EE10FA24D29FED140A144981ED000ADB
:10C8000090ED1F0AD1ED000A20EE200A80ED1F0AEC
:10C8100090ED300AD1ED000A20EE200A80ED300ABA
:10C8200090ED410AD1ED000A20EE200A80ED410A88
:10C8300090ED520AD1ED000A20EE200A80ED520A56
:10C840007047000018120124CDCC4C3F480700244B
:10C8500070B504460D460F48A0F8035044F400405C
:10C860000D4908604FF08040486000208860052036
:10C87000FCF788FF0849C8604FF0004008610020BD
:10C8800048618861C8610862024A0448E7F7F0FF1E
:10C89000064670BD3D070024C0120124104B002441
:10C8A000014601EBC100034A02EB8000C07CC0F3EB
:10C8B00040107047B0F5002410B5F7F7A5FF10BD84
:10C8C00010B5F7F7DDFC10BD10B5F7F77BFD10BD17
:10C8D00010B5F7F7FFFD10BD10B5F7F783FE10BDDB
:10C8E00010B5F7F709FF10BD10B5F8F72FF810BD18
:10C8F00010B5F8F7CDF810BD10B5F8F76BF910BD0D
:10C9000010B5F8F709FA10BD10B5F8F7A7FA10BD81
:10C9100010B5F8F745FB10BD10B5F8F7E3FB10BDF7
:10C9200010B5F8F781FC10BD10B5F8F735FDF9F733
:10C930001DF8F9F74BFEFAF719F8FAF79DF8FAF730
:10C9400025F9FAF7ABF9FAF72FFAFAF7B3FAFAF78B
:10C9500037FBF9F70DFBF9F793FB10BD10B529482C
:10C96000007F00F0200000284AD0FFF7DDFF012003
:10C97000FEF7B6FAFFF7A0FF0120FEF7B1FAFFF7C6
:10C98000B3FF0120FEF7ACFAFFF7B2FF0120FEF77C
:10C99000A7FAFFF7B1FF0120FEF7A2FAFFF7B0FFF9
:10C9A0000120FEF79DFAFFF7AFFF0120FEF798FA8E
:10C9B000FFF7AEFF0120FEF793FAFFF7ADFF01206E
:10C9C000FEF78EFAFFF7ACFF0120FEF789FAFFF7BA
:10C9D00077FF0120FEF784FAFFF776FF0120FEF7CC
:10C9E0007FFAFFF775FF0120FEF77AFAFFF774FF71
:10C9F0000120FEF775FAFFF773FF0120FEF770FACA
:10CA000010BD00008212012410B50446A52020703C
:10CA10001520A4F8010012480078E0701048007852
:10CA2000401C0F49087004212046FBF7CDF8641D17
:10CA300004F8010C40F20130208040F201106080C7
:10CA400008480088A0800748008800F58070E080D2
:10CA5000641F1C212046FBF79BF8A08310BD00003B
:10CA60006C0600247006002410B50446A520207032
:10CA70005120A4F8010012480078E07010480078B6
:10CA8000401C0F49087004212046FBF79DF8641DE7
:10CA900004F8010C40F20130208040F20310608065
:10CAA00008480088A0800748008800F58070E08072
:10CAB000641F58212046FBF76BF8A4F8580010BDFE
:10CAC0006C0600247006002410B50446A5202070D2
:10CAD0006F20A4F8010012480078E0701048007838
:10CAE000401C0F49087004212046FBF76DF8641DB7
:10CAF00004F8010C40F2013020804FF48270608015
:10CB000008480088A0800748008800F58070E08011
:10CB1000641F76212046FBF73BF8A4F8760010BD91
:10CB20006C0600247006002410B50446A520207071
:10CB30003320A4F8010017480078E0701548007809
:10CB4000401C1449087004212046FBF73DF8641D81
:10CB500004F8010C40F2013020804FF488706080AE
:10CB60000D480088A0800C48008800F58070E080A7
:10CB7000641F04F11C00E4F7ADFA618A60F3CF1181
:10CB800004F10D0061823A212046FBF701F860872D
:10CB900010BD00006C0600247006002410B5FAF7E2
:10CBA00097FA10BD10B5FAF7B9FA10BD10B5FAF73B
:10CBB000DBFA10BD10B5FAF7FDFA10BD10B5FAF7A3
:10CBC0001FFB10BD10B5FAF741FB10BD10B5FAF709
:10CBD00063FB10BD10B5FAF785FB10BD10B5FAF771
:10CBE000A7FB10BD10B5FAF7C9FB10BD10B5FAF7D9
:10CBF000DDFB10BD10B5FAF7F1FB10BD10B5FAF76B
:10CC000005FC10BD10B5FAF719FC10BD02480078FC
:10CC10000249086070470000C0FB00247006002431
:10CC200070B504460D461646324629462046EEF7B4
:10CC3000F7F970BD70B504460D4616462046EDF76F
:10CC4000CBFB324629462046EDF7C2FA002878D1C0
:10CC5000D4F8800000684249884267D0D4F8800048
:10CC600000683F491831884260D0D4F880000068DD
:10CC70003B493031884259D0D4F8800000683849A7
:10CC80004831884252D0D4F880000068344960317D
:10CC900088424BD0D4F8800000683149783188420E
:10CCA00044D0D4F8800000682D49903188423DD0AE
:10CCB000D4F8800000682A49A831884236D0D4F8D8
:10CCC000800000682749884230D0D4F8800000688E
:10CCD00024491831884229D0D4F8800000682149BD
:10CCE0003031884222D0D4F8800000681D49483194
:10CCF00088421BD0D4F8800000681A49603188420D
:10CD000014D0D4F8800000681649783188420DD0DC
:10CD1000D4F88000006813499031884206D0D4F8D6
:10CD2000800000680F49A83188420BD1D4F88000F8
:10CD30000068006820F00800D4F8801009680860D6
:10CD40000AE00BE0D4F880000068006820F00400DE
:10CD5000D4F8801009680860012070BD0020FCE74D
:10CD600010000240100402402DE9F04104460E4636
:10CD70001746002514492068884200D1134D1449F4
:10CD80002068884201D1134D0AE013492068884287
:10CD900001D1124D04E012492068884200D1114DA2
:10CDA00085B1287870B1002028703A463146204677
:10CDB000EEF736F910B90120BDE8F08101202870A6
:10CDC0000020F9E70020F7E7001001405502002499
:10CDD000004400405602002400780040570200241E
:10CDE000001C01405802002470B504460D4620780E
:10CDF00056281FD1607847281CD1E07E562819D1CB
:10CE0000E41C14F8010CA870206868606068A860D1
:10CE1000A068E860E068286195ED040AB1EE400A78
:10CE200085ED040A206968616069E41EA8610F202D
:10CE3000FBF7C2FC70BD10B504462046FEF76AFE43
:10CE400010BD01460A69D1E901309860D1E90103BA
:10CE500058605068884201D188685060002008619D
:10CE60001068401E10601068704700002DE9F04106
:10CE7000044614B90648006800E0204607463D6BAA
:10CE80002846FEF7CFFD06463046BDE8F08100009B
:10CE9000AC000024034B0360034B0B608023136042
:10CEA00070470000AC77002408780024034B03602F
:10CEB000034B0B604FF4807313607047087A0024B3
:10CEC000647A002400F1080141604FF0FF31816075
:10CED00000F10801C160016100210160704700217B
:10CEE0000161704710B502460B685C1C0CB91069F3
:10CEF00007E002F1080000E04068446824689C42B2
:10CF0000FAD944684C604C68A160886041600A614D
:10CF10001468641C146010BD42684A6093688B609A
:10CF2000936859609160086103685B1C03607047F7
:10CF300000BF502080F31188BFF34F8FBFF36F8F76
:10CF400000BF0E480068401C0C4908600846006895
:10CF5000012812D10A480068C0B208B9012000E0D7
:10CF6000002050B900BF502080F31188BFF34F8FCD
:10CF7000BFF36F8F00BF00BFFEE7704720010024A2
:10CF800004ED00E00D48006850B900BF502080F368
:10CF90001188BFF34F8FBFF36F8F00BF00BFFEE755
:10CFA00006480068401E054908600846006820B928
:10CFB000002080F3118800BF00BF704720010024CB
:10CFC00070B506463546002E44D0083D2C46224911
:10CFD00060680968084008B1012000E0002050B9ED
:10CFE00000BF502080F31188BFF34F8FBFF36F8FC6
:10CFF00000BF00BFFEE7206808B9012000E0002064
:10D0000050B900BF502080F31188BFF34F8FBFF39A
:10D010006F8F00BF00BFFEE70F49606809680840D6
:10D02000C0B12068B0B90C49606809688843606085
:10D0300000F07CF9094960680968084407490860FC
:10D040002046FEF7CBFA06480068401C04490860F9
:10D0500000F0BEFF70BD00001C0100240C01002484
:10D060001801002400204FF0E02108618861064883
:10D0700000684FF47A71B0FBF1F0401E4FF0E021F0
:10D080004861072008617047A400002470B5E3F7E9
:10D09000EDF90446102C16D304F1E02090F8F0537B
:10D0A00015480078854201DB012000E0002050B9DE
:10D0B00000BF502080F31188BFF34F8FBFF36F8FF5
:10D0C00000BF00BFFEE70D48006800F4E0600C49B7
:10D0D0000968884201D8012000E0002050B900BF53
:10D0E000502080F31188BFF34F8FBFF36F8F00BFC5
:10D0F00000BFFEE770BD0000240100240CED00E03D
:10D1000028010024024600200BE0084B53F8303081
:10D1100033B9064B43F8301003EBC0035A6002E00A
:10D12000401C0828F1D300BF704700009071002414
:10D130002DE9F04105460E4617462C46FFF7F8FE4E
:10D1400094F94400401C10B9002084F8440094F97C
:10D150004500401C10B9002084F84500FFF712FF7D
:10D16000A06B28B93A46314604F1240000F062F879
:10D170002046FEF790FCBDE8F081000070B5044643
:10D180000025D4B11248006808B9012000E0002051
:10D1900050B900BF502080F31188BFF34F8FBFF309
:10D1A0006F8F00BF00BFFEE700F0C0F800212046EF
:10D1B000FDF78AFF00F00CFF05463DB94FF08050A7
:10D1C00004490860BFF34F8FBFF36F8F70BD00003D
:10D1D000E400002404ED00E003490968016003490C
:10D1E0000968416070470000D4000024C00000249A
:10D1F0000120014908607047D000002470B5044642
:10D200000D4654B900BF502080F31188BFF34F8FF3
:10D21000BFF36F8F00BF00BFFEE7054801681831FC
:10D220002046FFF75FFE01212846FDF74DFF70BD48
:10D23000AC00002470B505460E46144655B900BF33
:10D24000502080F31188BFF34F8FBFF36F8F00BF63
:10D2500000BFFEE70648016818312846FFF75CFE6C
:10D260000CB14FF0FF3621463046FDF72DFF70BD63
:10D27000AC00002410B586B000200590049003AAED
:10D2800004A905A8FFF706FE0022DDE904101346F5
:10D29000CDE9002102901EA11F48039A00F0E4FC92
:10D2A0001E4908600846006808B1012400E0002417
:10D2B000012C02D100F00EFF0446012C15D100BF55
:10D2C000502080F31188BFF34F8FBFF36F8F00BFE3
:10D2D0004FF0FF3012490860012012490860002019
:10D2E0001149086000F0AAF810E0601C08B10120A4
:10D2F00000E0002050B900BF502080F31188BFF338
:10D300004F8FBFF36F8F00BF00BFFEE706B010BDA9
:10D3100049444C450000000061B40108E0000024CD
:10D32000DC000024C8000024C0000024024800687B
:10D33000401C014908607047E40000241E48006852
:10D3400018B101201D49086034E000201B49086025
:10D350001B4801680CE051B900BF502080F31188D0
:10D36000BFF34F8FBFF36F8F00BF00BFFEE7491EB3
:10D3700001EB8100134A52F8200008B9012000E0B7
:10D3800000200028E7D101EB81020E4B03EB820065
:10D3900042685268426000F108024368934202D139
:10D3A0004268526842604268D268074B1A6004487B
:10D3B000016000BF70470000E4000024D00000249A
:10D3C000C4000024D0710024AC00002470B50546D0
:10D3D0000C4600260DB1022C01D8002070BDA11E04
:10D3E000094802882846FCF769F90646F1B2A01EF2
:10D3F000285C814206D1601E285CB0EB162F01D15B
:10D400000120EBE70020E9E72C06002470B5054673
:10D410000C4600260DB1022C01D8002070BD611E03
:10D42000FF222846FCF764F90646601E285CB042DD
:10D4300001D10120F2E70020F0E700001CB55248BE
:10D4400000685249884201D0012000E0002050B914
:10D4500000BF502080F31188BFF34F8FBFF36F8F51
:10D4600000BF00BFFEE7484800684849491E88429F
:10D4700001D0012000E0002050B900BF502080F30F
:10D480001188BFF34F8FBFF36F8F00BF00BFFEE760
:10D490003F49084600780190FF200A461070084670
:10D4A000007800909DF8000000F0F0009DF800204A
:10D4B000904201D1012000E0002050B900BF50206F
:10D4C00080F31188BFF34F8FBFF36F8F00BF00BF92
:10D4D000FEE79DF8000000F050002E4A1070072073
:10D4E0002D4A106009E02C480068401E2A4A10604E
:10D4F0009DF800004006000E00909DF8000000F02E
:10D5000080008028EFD024480068C0F1070004287C
:10D5100001D1012000E0002050B900BF502080F36D
:10D520001188BFF34F8FBFF36F8F00BF00BFFEE7BF
:10D53000194800680002184A10601046008800F47C
:10D54000E0601060124A019810700F4820300068A7
:10D5500040F470000C49203108600846006840F033
:10D5600070400860FFF77EFD00200C490860E2F77C
:10D5700045FF0B48006840F0404009490860E2F769
:10D5800029FF00201CBD000000ED00E071C20F412A
:10D5900000E400E0240100242801002420010024EC
:10D5A00034EF00E010B500BF502080F31188BFF3C6
:10D5B0004F8FBFF36F8F00BF00F0CAFB18B14FF061
:10D5C00080500449086000BF002080F3118800BF2C
:10D5D00010BD000004ED00E02DE9F84380460E4642
:10D5E00017461D46DDF82090B8F1000F01D001204C
:10D5F00000E0002050B900BF502080F31188BFF335
:10D600004F8FBFF36F8F00BF00BFFEE70DB101204A
:10D6100000E0002050B900BF502080F31188BFF314
:10D620004F8FBFF36F8F00BF00BFFEE707B10EB192
:10D63000012000E0002050B900BF502080F3118885
:10D64000BFF34F8FBFF36F8F00BF00BFFEE707B977
:10D650000EB9012000E0002050B900BF502080F337
:10D660001188BFF34F8FBFF36F8F00BF00BFFEE77E
:10D67000502000900098502801D1012000E00020A7
:10D6800050B900BF502080F31188BFF34F8FBFF314
:10D690006F8F00BF00BFFEE700BF2C464CB10120DA
:10D6A00084F846004B463A46314640460094FDF722
:10D6B000EBFE2046BDE8F88370B505460E462C46C5
:10D6C00054B900BF502080F31188BFF34F8FBFF3D0
:10D6D0006F8F00BF00BFFEE7FFF72AFCD4E90F12EF
:10D6E000206801FB0200A0600020A0632068606049
:10D6F000E06B401E226C216800FB0211E160FF20FC
:10D7000084F8440084F845009EB9206908B90120D6
:10D7100000E00020A8B904F1100000F00DFC80B179
:10D720004FF0805009490860BFF34F8FBFF36F8FF0
:10D7300007E004F11000FFF7C5FB04F12400FFF738
:10D74000C1FBFFF71FFC012070BD000004ED00E0ED
:10D750002DE9FF4383B0064688461D464FF0000979
:10D76000344654B900BF502080F31188BFF34F8F67
:10D77000BFF36F8F00BF00BFFEE7B8F1000F01D10C
:10D78000206C08B9012000E0002050B900BF5020F3
:10D7900080F31188BFF34F8FBFF36F8F00BF00BFBF
:10D7A000FEE7022D02D1E06B012801D1012000E04B
:10D7B000002050B900BF502080F31188BFF34F8F75
:10D7C000BFF36F8F00BF00BFFEE700F0ABFA08B9F0
:10D7D000059808B9012000E0002050B900BF502092
:10D7E00080F31188BFF34F8FBFF36F8F00BF00BF6F
:10D7F000FEE700BFFFF79CFBA06BE16B884201D303
:10D80000022D28D12A4641462046FDF770FD0746E5
:10D81000606A08B9012000E0002068B904F1240022
:10D8200000F08AFB88B14FF0805032490860BFF3A6
:10D830004F8FBFF36F8F08E03FB14FF080502D49FD
:10D840000860BFF34F8FBFF36F8FFFF79BFB012083
:10D8500007B0BDE8F083059818B9FFF793FB0020E7
:10D86000F6E7B9F1000F04D101A8FFF7B5FC4FF0BE
:10D870000109FFF787FBFFF759FDFFF759FB94F903
:10D880004400401C10B9002084F8440094F945007D
:10D89000401C10B9002084F84500FFF773FB05A970
:10D8A00001A800F05BF9F0B92046FDF704FFA0B134
:10D8B00004F110000599FFF7A1FC2046FEF7EBF8F4
:10D8C00000F086FB002895D14FF080500949086090
:10D8D000BFF34F8FBFF36F8F8CE72046FEF7DBF867
:10D8E00000F076FB86E72046FEF7D5F800F070FBE7
:10D8F0000020ADE704ED00E02DE9F84F07468A4629
:10D9000090461E463C4654B900BF502080F3118813
:10D91000BFF34F8FBFF36F8F00BF00BFFEE7BAF1B9
:10D92000000F01D1206C08B9012000E0002050B99F
:10D9300000BF502080F31188BFF34F8FBFF36F8F6C
:10D9400000BF00BFFEE7022E02D1E06B012801D12B
:10D95000012000E0002050B900BF502080F3118862
:10D96000BFF34F8FBFF36F8F00BF00BFFEE7FFF71E
:10D970008DFB00BF5021EFF3118081F31188BFF3BD
:10D980004F8FBFF36F8F00BF0546A06BE16B8842DE
:10D9900001D3022E25D194F945B0A06B00903246F8
:10D9A00051462046FDF7A3FC0BF1010088B9606ADF
:10D9B00008B9012000E0002050B904F1240000F073
:10D9C000BBFA28B1B8F1000F02D00120C8F800005E
:10D9D00004E00BF1010040B284F845004FF001096A
:10D9E00001E04FF0000900BF85F3118800BF4846F1
:10D9F000BDE8F88F2DE9F74183B005460E464FF09C
:10DA000000082C4654B900BF502080F31188BFF3A2
:10DA10004F8FBFF36F8F00BF00BFFEE70EB9206CC2
:10DA200008B9012000E0002050B900BF502080F369
:10DA30001188BFF34F8FBFF36F8F00BF00BFFEE7AA
:10DA400000F070F908B9059808B9012000E000203D
:10DA500050B900BF502080F31188BFF34F8FBFF340
:10DA60006F8F00BF00BFFEE700BFFFF761FAA76B33
:10DA7000F7B131462046FDF725FC781EA0632069EA
:10DA800008B9012000E0002060B904F1100000F0A6
:10DA900053FA38B14FF080502F490860BFF34F8FD1
:10DAA000BFF36F8FFFF76EFA012006B0BDE8F0817B
:10DAB000059818B9FFF766FA0020F6E7B8F1000FED
:10DAC00004D101A8FFF788FB4FF00108FFF75AFACD
:10DAD000FFF72CFCFFF72CFA94F94400401C10B916
:10DAE000002084F8440094F94500401C10B900203F
:10DAF00084F84500FFF746FA05A901A800F02EF8C2
:10DB0000F0B92046FDF7CAFDA0B104F12400059943
:10DB1000FFF774FB2046FDF7BEFF00F059FA00281E
:10DB2000A3D14FF080500C490860BFF34F8FBFF373
:10DB30006F8F9AE72046FDF7AEFF00F049FA94E7B1
:10DB40002046FDF7A8FF00F043FA2046FDF7A6FDAA
:10DB500000288AD00020A8E704ED00E070B5064652
:10DB60000C4656B900BF502080F31188BFF34F8F89
:10DB7000BFF36F8F00BF00BFFEE754B900BF502056
:10DB800080F31188BFF34F8FBFF36F8F00BF00BFCB
:10DB9000FEE7FFF7CDF9184802687068131A1748B6
:10DBA000006890F85A0030B100201449096881F8E3
:10DBB0005A0001251CE02068401C08B9002517E028
:10DBC0000F4930680968884204D07068904201D8D3
:10DBD00001250DE02068984207D92068C01A20600E
:10DBE0003046FFF7F9FA002502E000202060012509
:10DBF000FFF7C8F9284670BDC0000024AC0000241F
:10DC0000D40000242DE9FF4F85B080468946174691
:10DC1000DDE912ABB800FDF77DFF064656B15C208A
:10DC2000FDF778FF04460CB1266304E03046FFF7A9
:10DC3000C7F900E000248CB1002084F85900CDE938
:10DC400000ABCDE902403A4649464046089BFDF705
:10DC500030FC2046FDF77CFA012501E04FF0FF354E
:10DC6000284609B0BDE8F08F2DE9F04F85B0074692
:10DC7000884691469A46DDE90EB6109C0EB1012009
:10DC800000E0002050B900BF502080F31188BFF39E
:10DC90004F8FBFF36F8F00BF00BFFEE70CB10120B5
:10DCA00000E0002050B900BF502080F31188BFF37E
:10DCB0004F8FBFF36F8F00BF00BFFEE75C20039064
:10DCC00003985C2801D1012000E0002050B900BF7A
:10DCD000502080F31188BFF34F8FBFF36F8F00BFC9
:10DCE00000BFFEE700BFB4B1AEB125462C462E639F
:10DCF000022085F85900002004A953464A46CDE980
:10DD000000B1CDE9025041463846FDF7D2FB284626
:10DD1000FDF71EFA01E000200490049805B0BDE86C
:10DD2000F08F00000549096809B9012005E00449A0
:10DD3000096809B9022000E000207047C8000024EB
:10DD4000E40000240149086870470000C000002476
:10DD50002DE9F0414FF000084348006800287BD1CE
:10DD600042480068451C4148056015BB40480068B2
:10DD7000006808B9012000E0002050B900BF502021
:10DD800080F31188BFF34F8FBFF36F8F00BF00BFC9
:10DD9000FEE7374807683748006835490860354866
:10DDA000076035480068401C33490860FDF7B8FD3E
:10DDB00000BF3248006885423BD300BF2C48006852
:10DDC000006808B9012000E0002020B14FF0FF30CA
:10DDD0002A4908602CE026480068C068C468666864
:10DDE000B54202D22548066022E0201DFFF729F83F
:10DDF000A06A18B104F11800FFF723F82049E06A7F
:10DE00000968884202D91E49E06A0860E16A01EBAC
:10DE100081011C4A02EB8100211DFFF77DF81A49A0
:10DE2000E06A0968C96A8842C8D34FF00108C5E7AB
:10DE300000BF15480068C06A00EB8000114951F826
:10DE40002000012801D94FF001081048006808B1EE
:10DE50004FF0010805E0FFE70D480068401C0C4941
:10DE600008604046BDE8F081E4000024C0000024C2
:10DE7000B0000024B4000024D4000024DC000024FE
:10DE8000C4000024D0710024AC000024D000002481
:10DE9000CC00002470B505462C460026002D43D04A
:10DEA00022480068844201D1012000E0002050B9DE
:10DEB00000BF502080F31188BFF34F8FBFF36F8FE7
:10DEC00000BF00BFFEE7206D50B900BF502080F3B7
:10DED0001188BFF34F8FBFF36F8F00BF00BFFEE706
:10DEE000206D401E2065E16CE06A88421CD0206DE8
:10DEF000D0B9201DFEF7A5FFE06CE062E06AC0F13A
:10DF00003800A0610A49E06A0968884202D90849D4
:10DF1000E06A0860E16A01EB8101064A02EB8100D8
:10DF2000211DFEF7F9FF0126304670BDAC0000242C
:10DF3000C4000024D071002470B50646F068C4689F
:10DF400054B900BF502080F31188BFF34F8FBFF347
:10DF50006F8F00BF00BFFEE704F11800FEF771FFEE
:10DF600015480068A0B9201DFEF76BFF1349E06A51
:10DF70000968884202D91149E06A0860E16A01EB48
:10DF800081010F4A02EB8100211DFEF7C5FF04E06D
:10DF900004F118010B48FEF7BFFF0B49E06A09685E
:10DFA000C96A884204D9012501200849086000E0B7
:10DFB0000025284670BD0000E4000024C4000024B1
:10DFC000D071002458760024AC000024D000002436
:10DFD00070B5002400263648006850B900BF5020B4
:10DFE00080F31188BFF34F8FBFF36F8F00BF00BF67
:10DFF000FEE7FEF79DFF2E480068401E2C49086092
:10E000000846006800284ED12A48006800284AD0F7
:10E0100023E02948C068C46804F11800FEF711FF26
:10E02000201DFEF70EFF2549E06A0968884202D9E3
:10E030002249E06A0860E16A01EB8101204A02EBB3
:10E040008100211DFEF768FF1E49E06A0968C96A60
:10E05000884202D301201C4908601748006808B9AB
:10E06000012000E000200028D3D00CB1FDF758FCBF
:10E070001648056865B100BFFFF76AFE10B10120C0
:10E08000114908606D1E002DF6D100200F4908606F
:10E090000D48006838B1012630070D490860BFF30C
:10E0A0004F8FBFF36F8FFEF76DFF304670BD0000DE
:10E0B000E4000024BC00002458760024C40000249E
:10E0C000D0710024AC000024D0000024CC00002437
:10E0D00004ED00E010B586B00024FDF795F8164871
:10E0E0000068D0B100200590049003AA04A905A8F7
:10E0F000FEF7DCFE0222DDE904100023CDE9002159
:10E1000002900EA10F48039AFFF7AEFD0E4908607A
:10E110000846006800B1012400BF54B900BF502078
:10E1200080F31188BFF34F8FBFF36F8F00BF00BF25
:10E13000FEE7204606B010BDF0000024546D7220AA
:10E14000537663007DBA0108F40000242DE9FF47EF
:10E1500004460D4616461F46DDF830804FF0000994
:10E1600054B900BF502080F31188BFF34F8FBFF325
:10E170006F8F00BF00BFFEE71448006810B3009522
:10E1800001960294062D15DAFFF7CCFD022808D17E
:10E190000023424669460D480068FFF7D9FA8146D8
:10E1A00010E000231A46694608480068FFF7D0FAD5
:10E1B000814607E000233A46694604480068FFF7B5
:10E1C0009BFB8146484604B0BDE8F087F000002480
:10E1D0001CF0700F08BF0A460FB4F1EE101A0CF0D5
:10E1E000405030EA814318BF4CF0804C4FEA4C035A
:10E1F00010EA814F4FEAD36323EA112318BF23F0BB
:10E20000100341EA030101F0E073E1EE101A4CEA59
:10E21000030C0CF00F030A2B1DBF082B0CF070032E
:10E220004CEAC30C4FF4003304BF33EA0C034CF444
:10E23000400C1CF0005F14D11CF0805F0BD11CF06F
:10E24000804F31D11CF0006F12D111F4807F0FBCD0
:10E2500062D000F0D9BA11F4806F0FBC2BD000F05F
:10E26000D3BA11F4006F0FBC08BF704700F0CCBAEE
:10E2700011F4007F0FBC40F0C7821CF0400F1EBF9E
:10E280004FF0004040F0010070471CF0100F14BF29
:10E2900081EA030242400CF00F000A2808BF4FF049
:10E2A000FF324FF0000326E011F4805F0FBC08BF7F
:10E2B000704700F0A9BAF1EE103A2CF0805C1CF027
:10E2C000800F14BF01F0004200F0004212420CBF68
:10E2D00012EA336F12EAF35F0DD31CF0100F1DBF6B
:10E2E00030A003C81143314808BF104313F4805FC6
:10E2F00040F08A8270471CF0100F02F000421DBFF0
:10E300000FF2940003C81143254808BF104313F4CB
:10E31000805F40F0798270471CF0400F40F0288009
:10E320001CF4404F1BD01CF4004F1CBF1946104674
:10E330000CF4807218BF8CEA520C1CF0800F0CBFDA
:10E3400040F4800041F400218CEADC0313F0100F4C
:10E350001CBF2CF00F0C4CF0080C00F0FCB91CF0AA
:10E36000100F1ABF12A393E80300134800F0F3B98B
:10E370001CF0800F14BF01F0004200F000421CF0BE
:10E38000100F1BBF0AA393E803000B48114308BFFB
:10E39000104300F0E0B900BF000000000000F07F73
:10E3A0000000807FFFFFFFFFFFFFEF7FFFFF7F7F0A
:10E3B000000000000000F87F0000C07F0EF1020E98
:10E3C0002EF0030E4FEA40025EF8084B12F1807205
:10E3D00018BFB2F5000F22D3244207D44FEA4103FD
:10E3E00013F1807318BFB3F5000F18D34FEA400C38
:10E3F0001CF5000F16D2244204D44FEA410C1CF540
:10E40000000F0FD2002A10D14FEAD07C002B0CEB6A
:10E410004C0C0CF1020C08BF4CEBD17C07E04FF028
:10E42000090C04E04FF0080C01E04FEAD17C0CEB42
:10E430004C0324FA03F404F00704B4F1040C06D2EC
:10E440000EEB840CBDE810404CF0010C6047DFE897
:10E450000CF01F2013025EF804CC1B2B08D1002AFD
:10E4600088BFB2F5000F34BF4CF4804C4CF4004C24
:10E47000BDE81040FFF7ACBE002A88BFB2F1807F34
:10E4800028BF084610BD4FF00040A0F5800010BD29
:10E490000846420018BFD2F1807284BF5EF8042C97
:10E4A00022F08062BDE8104000F23681704710B45F
:10E4B00012F47F0F4FEA00204FEA012110D1B0FA89
:10E4C00080F400FA04F0A2EB044213F47F0F02F58B
:10E4D000803218BF41F0004100D010BC18BF604727
:10E4E00040F00040B1FA81F401FA04F1A3EB0443D7
:10E4F00010BC03F5803360474FF00000E1EE100AD6
:10E50000704700004FF07F4C3CEA410318BF3CEAE3
:10E51000400200F06B804FF47F0C10F0004F0CEACB
:10E52000D11318BF43F005031CEAD01218BF13EA39
:10E530000C0F00F063804FF0004C4CEA00204CEAD6
:10E540000121A3F580339A4210DDB0F1004F23F092
:10E55000020306D3401A43F00203BCBF404283F0DB
:10E5600001034FEA4000A2F58032ECE74FEA224C6B
:10E57000BCEB234F08DB884206D325D0A0EB41003B
:10E58000C0F1000083F00103400026D220D416D051
:10E59000B0FA80FC0CF1010C00FA0CF0A2EB0C427A
:10E5A000D2F1000C1BDB02F540024FEAC21242EA34
:10E5B00050204FF0050240EAC37000F02EB84FEA39
:10E5C000437000F00040704713F0020FDCD0D5E735
:10E5D000B2F580324FEA4000E2DD002AE0DD4FEA8A
:10E5E000C21242EA502040EAC370704710B5FFF7EC
:10E5F000E5FE00BFEDFFFF3E0500000431F0004CDA
:10E6000007D030F0004C08BF7047AFF2C90CFFF7DD
:10E610004EBF5FF81CC0FFF7DBBDF1EE101A11F022
:10E62000807F1CBF00F00040704711F4006F40F085
:10E630008E8000F0004343EAD05323F48073C3F18B
:10E64000C10323F00041172941D8C3F1200310FA78
:10E6500003F1C3F1200320F07F4040F4000020FAD2
:10E6600003F003F0004340EA030019D00B46F1EE3B
:10E67000101A41F00801E1EE101A11F4400F1CD1FC
:10E68000590009D318BF401C06D17FEAE27398BF36
:10E69000401C38BF20F0010042F0804CFFF798BDCD
:10E6A00012F0804F08BF7047F1EE101A944641F007
:10E6B0000801E1EE101AFFF78BBD10F0004F14BFF8
:10E6C0005FEAF1535FEA316338BF401CE4E7182981
:10E6D00003EB912318BF6FF000410131F1EE101AE6
:10E6E00041F00801E1EE101A11F4400F18BF03F0D9
:10E6F0000040E2D168BF03F0004009D6400203F0B9
:10E70000004000F1010004BF12F0004F20F00100B2
:10E710004FF0804CFFF75CBDF1EE101A11F0807FD6
:10E720001CBF00F00040704711F4006F08BF704735
:10E7300000F0004120F00040B0FA80F3A3F108039C
:10E7400041F0C04100FA03F0A1EBC351084442F08C
:10E75000005C00F059B80CF00F03092B08BF08202B
:10E7600000F064800A2B32D0082B18BF704708BF16
:10E770001CF0400F31D01CF4803F23D11CF0200F3F
:10E7800011D11CF0100F0BBF02460A466FF000407B
:10E790006FF0004118BF4FF0FF3012F0004F1CBF68
:10E7A000C043C94370471CF0100F0CBF02460A4615
:10E7B00012F0004F4FF0FF304FF0FF311CBFC0434D
:10E7C000C94370474FF000004FF0000170471CF044
:10E7D000400F18BF4FF0004070471CF0100F08D0DA
:10E7E00020F0704300F07F4242EAD3014FEA4370C9
:10E7F000704700F0604021F07F4242EA000201F0E1
:10E800007F4040EA727070472DE900502DE90050BA
:10E81000E2F760FEBDE80050BDE800500CF00F03C9
:10E8200093F0090F18BF7047AFF300801CF4801FEE
:10E8300024D01CF4E02F09D010F0080F02D1D0F141
:10E84000020070476FEACC31490070474FF06041D9
:10E8500011EA407028BF40F04050F1EE103A23F02A
:10E86000704343EA0003E1EE103AEFF3008222F036
:10E87000704242EA000282F3008870471CEA0040BE
:10E8800018BF012070470000E0FA010800000000F6
:10E890000000000000000000000000000008000070
:10E8A000180000000000000000000000F4FA010859
:10E8B000000000004C0F00245C0000004C07002406
:10E8C0000008000018000000000000000000000028
:10E8D000FCFA010800000000A81700245C000000FA
:10E8E000A80F00240008000028000000000000001D
:10E8F00000000000C8FA01080000000004280024FD
:10E900005C00000004180024001000001800000043
:10E910000000000000000000ECFA01080000000008
:10E92000603000245C000000602800240008000023
:10E9300018000000000000000000000004FB0108B7
:10E9400000000000BC3800245C000000BC30002443
:10E950000008000018000000000000000000000097
:10E96000D4FA010800000000184100245C000000F7
:10E970001839002400080000180000000000000002
:10E9800000000000CCFA01080000000074490024D7
:10E990005C00000074410024000800001800000022
:10E9A000000000000000000000061016000610160F
:10E9B0000001020304050607080C1014182030405B
:10E9C0000000000000000000000000000000000047
:10E9D0000000000001000000020000000300000031
:10E9E000040000000000000005000000000000001E
:10E9F0000000000000000000060000000000000011
:10EA000000000000000000000700000001000200FC
:10EA10000400060008000A000C001000200040005E
:10EA20008000000101010103070100000804020445
:10EA300008010101000000000102030401020304B7
:10EA400006070809ABAA2A3EABAAAA3E1E00280068
:10EA50000F000A000A000B000A000A000A000A0060
:10EA60000A0009000A000A000800020003000E0064
:10EA7000020003000D000A000A000C000A000A0050
:10EA800010000A000A001100020003000700050040
:10EA9000050007002800C8000700640064000500A6
:10EAA000640028000F000000000000000000803F0C
:10EAB0000000000000000000000000000000803F97
:10EAC0000000000000000000000000000000803F87
:10EAD0000000000000000000C3F51C4140AC037DB5
:10EAE00004014103057C00026D0D026D0902000066
:10EAF0000000803F00000000000000000000000057
:10EB00000000000000000000000000000000803F46
:10EB100000000000000000000000000000000000F5
:10EB200000000000000000000000803F0000000026
:10EB300000000000000000000000000000000000D5
:10EB4000000000000000803F000000000000000006
:10EB500000000000000000000000000000000000B5
:10EB60000000803F000000000000000000000000E6
:10EB70000000000000000000000000000000803FD6
:10EB8000FF005EBCE2613FDD83C29C7E20A3FD1FCF
:10EB9000419DC3217FFCA2401E5F01E3BD3E608218
:10EBA000DC237D9FC1421CFEA0E1BF5D0380DE3CF3
:10EBB00062BEE0025CDF81633D7C22C09E1D43A1FA
:10EBC000FF4618FAA427799BC584DA3866E5BB5955
:10EBD00007DB856739BAE406581947A5FB7826C4D0
:10EBE0009A653BD987045AB8E6A7F91B45C6987AB7
:10EBF00024F8A6441A99C7257B3A6486D85B05E7B2
:10EC0000B98CD2306EEDB3510F4E10F2AC2F719320
:10EC1000CD114FADF3702ECC92D38D6F31B2EC0E7F
:10EC200050AFF1134DCE90722C6D33D18F0C52B08A
:10EC3000EE326C8ED0530DEFB1F0AE4C1291CF2D61
:10EC400073CA947628ABF517490856B4EA6937D5E4
:10EC50008B5709EBB536688AD495CB2977F4AA4847
:10EC600016E9B7550B88D6346A2B7597C94A14F63E
:10EC7000A8742AC896154BA9F7B6E80A54D7896B29
:10EC800035000000891112239B322446AD573665AA
:10EC9000BF74488CC19D5AAFD3BE6CCAE5DB7EE918
:10ECA000F7F88110080193331A22A5562C47B7753F
:10ECB0003E64C99C408DDBBF52AEEDDA64CBFFF9F8
:10ECC00076E802218B30100299132667AF76344420
:10ECD000BD554AADC3BC588ED19F6EEBE7FA7CC8D8
:10ECE000F5D983310A2091121803A7772E66B554FF
:10ECF0003C45CBBD42ACD99E508FEFFB66EAFDD8B8
:10ED000074C904428D5316619F702004A9153227DF
:10ED1000BB364CCEC5DF5EEDD7FC6888E1997AAB97
:10ED2000F3BA85520C4397711E60A1142805B337BE
:10ED30003A26CDDE44CFDFFD56ECE9986089FBBB77
:10ED400072AA06638F7214409D512225AB3430069F
:10ED5000B9174EEFC7FE5CCCD5DD6AA9E3B8788A57
:10ED6000F19B87730E6295501C41A3352A24B1167E
:10ED70003807CFFF46EEDDDC54CDEBB962A8F99A37
:10ED8000708B088481951AA793B62CC2A5D33EE157
:10ED9000B7F04008C919522BDB3A644EED5F766D2F
:10EDA000FF7C899400859BB712A6ADD224C3BFF126
:10EDB00036E0C1184809D33B5A2AE55E6C4FF77D0F
:10EDC0007E6C0AA583B4188691972EE3A7F23CC007
:10EDD000B5D14229CB38500AD91B666FEF7E744CEF
:10EDE000FD5D8BB502A499961087AFF326E2BDD0E6
:10EDF00034C1C3394A28D11A580BE77F6E6EF55CCF
:10EE00007C4D0CC685D71EE597F42880A1913AA3C6
:10EE1000B3B2444ACD5B5669DF78600CE91D722FAE
:10EE2000FB3E8DD604C79FF516E4A9902081BBB3A5
:10EE300032A2C55A4C4BD7795E68E11C680DF33F8E
:10EE40007A2E0EE787F61CC495D52AA1A3B0388286
:10EE5000B193466BCF7A5448DD59622DEB3C700E6E
:10EE6000F91F8FF706E69DD414C5ABB122A0B99265
:10EE70003083C77B4E6AD5585C49E33D6A2CF11E4E
:10EE8000780F005EBCE2613FDD83C29C7E20A3FD63
:10EE90001F419DC3217FFCA2401E5F01E3BD3E6078
:10EEA00082DC237D9FC1421CFEA0E1BF5D0380DEAA
:10EEB0003C62BEE0025CDF81633D7C22C09E1D435C
:10EEC000A1FF4618FAA427799BC584DA3866E5BB0A
:10EED0005907DB856739BAE406581947A5FB782638
:10EEE000C49A653BD987045AB8E6A7F91B45C6986A
:10EEF0007A24F8A6441A99C7257B3A6486D85B051C
:10EF0000E7B98CD2306EEDB3510F4E10F2AC2F71C9
:10EF100093CD114FADF3702ECC92D38D6F31B2ECF7
:10EF20000E50AFF1134DCE90722C6D33D18F0C5229
:10EF3000B0EE326C8ED0530DEFB1F0AE4C1291CFDB
:10EF40002D73CA947628ABF517490856B4EA693789
:10EF5000D58B5709EBB536688AD495CB2977F4AAB7
:10EF60004816E9B7550B88D6346A2B7597C94A14E9
:10EF7000F6A8742AC896154BA9F7B6E80A54D7899B
:10EF80006B350000891112239B322446AD5736653C
:10EF9000BF74488CC19D5AAFD3BE6CCAE5DB7EE915
:10EFA000F7F88110080193331A22A5562C47B7753C
:10EFB0003E64C99C408DDBBF52AEEDDA64CBFFF9F5
:10EFC00076E802218B30100299132667AF7634441D
:10EFD000BD554AADC3BC588ED19F6EEBE7FA7CC8D5
:10EFE000F5D983310A2091121803A7772E66B554FC
:10EFF0003C45CBBD42ACD99E508FEFFB66EAFDD8B5
:10F0000074C904428D5316619F702004A9153227DC
:10F01000BB364CCEC5DF5EEDD7FC6888E1997AAB94
:10F02000F3BA85520C4397711E60A1142805B337BB
:10F030003A26CDDE44CFDFFD56ECE9986089FBBB74
:10F0400072AA06638F7214409D512225AB3430069C
:10F05000B9174EEFC7FE5CCCD5DD6AA9E3B8788A54
:10F06000F19B87730E6295501C41A3352A24B1167B
:10F070003807CFFF46EEDDDC54CDEBB962A8F99A34
:10F08000708B088481951AA793B62CC2A5D33EE154
:10F09000B7F04008C919522BDB3A644EED5F766D2C
:10F0A000FF7C899400859BB712A6ADD224C3BFF123
:10F0B00036E0C1184809D33B5A2AE55E6C4FF77D0C
:10F0C0007E6C0AA583B4188691972EE3A7F23CC004
:10F0D000B5D14229CB38500AD91B666FEF7E744CEC
:10F0E000FD5D8BB502A499961087AFF326E2BDD0E3
:10F0F00034C1C3394A28D11A580BE77F6E6EF55CCC
:10F100007C4D0CC685D71EE597F42880A1913AA3C3
:10F11000B3B2444ACD5B5669DF78600CE91D722FAB
:10F12000FB3E8DD604C79FF516E4A9902081BBB3A2
:10F1300032A2C55A4C4BD7795E68E11C680DF33F8B
:10F140007A2E0EE787F61CC495D52AA1A3B0388283
:10F15000B193466BCF7A5448DD59622DEB3C700E6B
:10F16000F91F8FF706E69DD414C5ABB122A0B99262
:10F170003083C77B4E6AD5585C49E33D6A2CF11E4B
:10F18000780F000000000000920E493CB10AC93C13
:10F190002BC3163D2EFB483D752B7B3D04A9963DA8
:10F1A00080B6AF3D36BDC83D2FBCE13D73B2FA3DE0
:10F1B00087CF093E8340163EB5AB223EA2102F3EBC
:10F1C000CF6E3B3EC2C5473E0115543E135C603EC8
:10F1D0007F9A6C3ECCCF783EC07D823E938E883E37
:10F1E000229A8E3E32A0943E86A09A3EE59AA03E98
:10F1F000128FA63ED47CAC3EEF63B23E2A44B83EAA
:10F20000491DBE3E15EFC33E53B9C93ECA7BCF3E32
:10F210004136D53E80E8DA3E4F92E03E7533E63E19
:10F22000BBCBEB3EEA5AF13ECBE0F63E275DFC3E1F
:10F23000E4E7003F3D9C033F824B063F9BF5083FC0
:10F240006B9A0B3FDA390E3FCDD3103F2A68133F3C
:10F25000D9F6153FC07F183FC6021B3FD17F1D3F27
:10F26000CBF61F3F9967223F25D2243F5636273FD2
:10F270001594293F4AEB2B3FDE3B2E3FBB85303FA9
:10F28000C9C8323FF304353F233A373F4268393F1C
:10F290003B8F3B3FF9AE3D3F67C73F3F70D8413F93
:10F2A00001E2433F03E4453F65DE473F12D1493F5A
:10F2B000F8BB4B3F029F4D3F207A4F3F3D4D513FA2
:10F2C0004918533F31DB543FE595563F5348583F6B
:10F2D0006AF2593F1A945B3F532D5D3F05BE5E3F76
:10F2E0002146603F97C5613F5A3C633F59AA643F3E
:10F2F000880F663FD86B673F3CBF683FA7096A3FEE
:10F300000C4B6B3F5E836C3F93B26D3F9ED86E3F5C
:10F3100073F56F3F0809713F5213723F4714733FF3
:10F32000DD0B743F0BFA743FC6DE753F07BA763FBC
:10F33000C58B773FF853783F9812793F9DC7793F47
:10F3400002737A3FBE147B3FCDAC7B3F283B7C3FB2
:10F35000C9BF7C3FAC3A7D3FCCAB7D3F23137E3FA2
:10F36000B0707E3F6DC47E3F580E7F3F6D4E7F3F35
:10F37000AB847F3F0FB17F3F97D37F3F43EC7F3F0D
:10F3800011FB7F3F0000803F11FB7F3F43EC7F3F3D
:10F3900097D37F3F0FB17F3FAB847F3F6D4E7F3F61
:10F3A000580E7F3F6DC47E3FB0707E3F23137E3F7B
:10F3B000CCAB7D3FAC3A7D3FC9BF7C3F283B7C3F17
:10F3C000CDAC7B3FBE147B3F02737A3F9DC7793F34
:10F3D0009812793FF853783FC58B773F07BA763F4D
:10F3E000C6DE753F0BFA743FDD0B743F4714733F65
:10F3F0005213723F0809713F73F56F3F9ED86E3FFD
:10F4000093B26D3F5E836C3F0C4B6B3FA7096A3F25
:10F410003CBF683FD86B673F880F663F59AA643F7F
:10F420005A3C633F97C5613F2146603F05BE5E3F42
:10F43000532D5D3F1A945B3F6AF2593F5348583F42
:10F44000E595563F31DB543F4918533F3D4D513F01
:10F45000207A4F3F029F4D3FF8BB4B3F12D1493FAF
:10F4600065DE473F03E4453F01E2433F70D8413F3B
:10F4700067C73F3FF9AE3D3F3B8F3B3F4268393F57
:10F48000233A373FF304353FC9C8323FBB85303F8D
:10F49000DE3B2E3F4AEB2B3F1594293F5636273F44
:10F4A00025D2243F9967223FCBF61F3FD17F1D3FD6
:10F4B000C6021B3FC07F183FD9F6153F2A68133F8D
:10F4C000CDD3103FDA390E3F6B9A0B3F9BF5083FC7
:10F4D000824B063F3D9C033FE4E7003F275DFC3E37
:10F4E000CBE0F63EEA5AF13EBBCBEB3E7533E63E4F
:10F4F0004F92E03E80E8DA3E4136D53ECA7BCF3EB1
:10F5000053B9C93E15EFC33E491DBE3E2A44B83E1D
:10F51000EF63B23ED47CAC3E128FA63EE59AA03E8D
:10F5200086A09A3E32A0943E229A8E3E938E883ECA
:10F53000C07D823ECCCF783E7F9A6C3E135C603EAD
:10F540000115543EC2C5473ECF6E3B3EA2102F3E32
:10F55000B5AB223E8340163E87CF093E73B2FA3DDB
:10F560002FBCE13D36BDC83D80B6AF3D04A9963DF8
:10F57000752B7B3D2EFB483D2BC3163DB10AC93C84
:10F58000920E493C00000000920E49BCB10AC9BC71
:10F590002BC316BD2EFB48BD752B7BBD04A996BDA4
:10F5A00080B6AFBD36BDC8BD2FBCE1BD73B2FABDDC
:10F5B00087CF09BE834016BEB5AB22BEA2102FBEB8
:10F5C000CF6E3BBEC2C547BE011554BE135C60BEC4
:10F5D0007F9A6CBECCCF78BEC07D82BE938E88BE33
:10F5E000229A8EBE32A094BE86A09ABEE59AA0BE94
:10F5F000128FA6BED47CACBEEF63B2BE2A44B8BEA6
:10F60000491DBEBE15EFC3BE53B9C9BECA7BCFBE2E
:10F610004136D5BE80E8DABE4F92E0BE7533E6BE15
:10F62000BBCBEBBEEA5AF1BECBE0F6BE275DFCBE1B
:10F63000E4E700BF3D9C03BF824B06BF9BF508BFBC
:10F640006B9A0BBFDA390EBFCDD310BF2A6813BF38
:10F65000D9F615BFC07F18BFC6021BBFD17F1DBF23
:10F66000CBF61FBF996722BF25D224BF563627BFCE
:10F67000159429BF4AEB2BBFDE3B2EBFBB8530BFA5
:10F68000C9C832BFF30435BF233A37BF426839BF18
:10F690003B8F3BBFF9AE3DBF67C73FBF70D841BF8F
:10F6A00001E243BF03E445BF65DE47BF12D149BF56
:10F6B000F8BB4BBF029F4DBF207A4FBF3D4D51BF9E
:10F6C000491853BF31DB54BFE59556BF534858BF67
:10F6D0006AF259BF1A945BBF532D5DBF05BE5EBF72
:10F6E000214660BF97C561BF5A3C63BF59AA64BF3A
:10F6F000880F66BFD86B67BF3CBF68BFA7096ABFEA
:10F700000C4B6BBF5E836CBF93B26DBF9ED86EBF58
:10F7100073F56FBF080971BF521372BF471473BFEF
:10F72000DD0B74BF0BFA74BFC6DE75BF07BA76BFB8
:10F73000C58B77BFF85378BF981279BF9DC779BF43
:10F7400002737ABFBE147BBFCDAC7BBF283B7CBFAE
:10F75000C9BF7CBFAC3A7DBFCCAB7DBF23137EBF9E
:10F76000B0707EBF6DC47EBF580E7FBF6D4E7FBF31
:10F77000AB847FBF0FB17FBF97D37FBF43EC7FBF09
:10F7800011FB7FBF000080BF11FB7FBF43EC7FBF39
:10F7900097D37FBF0FB17FBFAB847FBF6D4E7FBF5D
:10F7A000580E7FBF6DC47EBFB0707EBF23137EBF77
:10F7B000CCAB7DBFAC3A7DBFC9BF7CBF283B7CBF13
:10F7C000CDAC7BBFBE147BBF02737ABF9DC779BF30
:10F7D000981279BFF85378BFC58B77BF07BA76BF49
:10F7E000C6DE75BF0BFA74BFDD0B74BF471473BF61
:10F7F000521372BF080971BF73F56FBF9ED86EBFF9
:10F8000093B26DBF5E836CBF0C4B6BBFA7096ABF21
:10F810003CBF68BFD86B67BF880F66BF59AA64BF7B
:10F820005A3C63BF97C561BF214660BF05BE5EBF3E
:10F83000532D5DBF1A945BBF6AF259BF534858BF3E
:10F84000E59556BF31DB54BF491853BF3D4D51BFFD
:10F85000207A4FBF029F4DBFF8BB4BBF12D149BFAB
:10F8600065DE47BF03E445BF01E243BF70D841BF37
:10F8700067C73FBFF9AE3DBF3B8F3BBF426839BF53
:10F88000233A37BFF30435BFC9C832BFBB8530BF89
:10F89000DE3B2EBF4AEB2BBF159429BF563627BF40
:10F8A00025D224BF996722BFCBF61FBFD17F1DBFD2
:10F8B000C6021BBFC07F18BFD9F615BF2A6813BF89
:10F8C000CDD310BFDA390EBF6B9A0BBF9BF508BFC3
:10F8D000824B06BF3D9C03BFE4E700BF275DFCBE33
:10F8E000CBE0F6BEEA5AF1BEBBCBEBBE7533E6BE4B
:10F8F0004F92E0BE80E8DABE4136D5BECA7BCFBEAD
:10F9000053B9C9BE15EFC3BE491DBEBE2A44B8BE19
:10F91000EF63B2BED47CACBE128FA6BEE59AA0BE89
:10F9200086A09ABE32A094BE229A8EBE938E88BEC6
:10F93000C07D82BECCCF78BE7F9A6CBE135C60BEA9
:10F94000011554BEC2C547BECF6E3BBEA2102FBE2E
:10F95000B5AB22BE834016BE87CF09BE73B2FABDD7
:10F960002FBCE1BD36BDC8BD80B6AFBD04A996BDF4
:10F97000752B7BBD2EFB48BD2BC316BDB10AC9BC80
:10F98000920E49BC000000804C5555555555A53F79
:10F990007751C1166CC156BF9015CB19A001FA3E24
:10F9A000AD529C804F7E92BEC4B1B4BD9EEE213E4E
:10F9B000D43888BEE9FAA8BD00004054FB21F93FC5
:10F9C0003163621A61B4D03D0000601A61B4D03D69
:10F9D0007370032E8A19A33B0000002E8A19A33BE3
:10F9E000C14920259A837B390000000000000000F7
:10F9F0006E83F9A22915444ED15727FCC0DD34F59A
:10FA0000999562DB4190433CAB6351FE61C5BBDE1F
:10FA10003A6E24B7E0D24D42EA2E49061C92D10933
:10FA20001CEB1DFE3EA729B1F53582E88444BB2EB0
:10FA300026709CE9417E5FB439D69139F4395383FD
:10FA40008B5F849C3B28F9BDFF97F81F0F9805DE5C
:10FA50008B112FEF1F6D0A5ACF7E366DB709CB275A
:10FA6000663F464F2DEA5F9EC7BA27757BF1E5EBEF
:10FA7000F739073DEA92528AB15FFB6B085D8D1F33
:10FA8000000000006E83F9A22915444ED15727FCCF
:10FA9000C0DD34F5999562DB4190433CAB6351FE88
:10FAA000A6F810111111813FD561C119A0012ABF1B
:10FAB0007DFEB157E31DC73EEB9C2B8AE6E55ABE9F
:10FAC0007CD5CF5A3AD9E53D494E530072656665FB
:10FAD00072656500686F697374696E670000000085
:10FAE00064656661756C745461736B0067696D62FF
:10FAF000616C0000636861737369730064657465A9
:10FB00006374000073686F6F740000002CFB0108C1
:10FB1000000000244C0700000803000848FD01080D
:10FB20004C0700243C1201006403000801241E3D20
:10FB300013010885041A95041AC1041E0114010852
:10FB400009081A4D044113120114020202164083DF
:10FB500004405726020102030114050F0C1C010783
:10FB6000101721071A040309041A0313791C1B0830
:10FB700075041A31041A9D041AC504413210194B38
:10FB8000213C90D0030401731AAA01C1130A06296B
:10FB9000D32A40982D050A0108023C4F0C01B01AE7
:10FBA000D50C4FF5060108B9071079E01D090108C9
:10FBB00035041AC1041A2504140902431302011D55
:10FBC000C0320904E11A020B1305241610010524A2
:10FBD0000110090104240202052406170107058209
:10FBE0000308151009040133020A2E07050102401B
:10FBF000072A81070430810182036920421A01012A
:10FC0000014F100DE7416B3A58A08B3A7D04017CFF
:10FC1000160240AB03411009055308065804070FAC
:10FC2000160810820911160A15800B1605120C18F9
:10FC3000010D4B4040041159040B14803F1C29183E
:10FC4000691C39080911347924091118A914092AE1
:10FC500030290439847995C918A904092AC4691C72
:10FC6000094AC4A9A8E918E91CE9C46930E9D069BE
:10FC700018691C0912E409169CA988A9040120A985
:10FC800090E980A984A970A9E0011F08081250C357
:10FC900047CDCCCC3D0409531C110B1AC8421C01A2
:10FCA0004463FFFF1E1D0B01243B041A59041A77FD
:10FCB000041A95041AB3041AD1041AEF041E0D0C89
:10FCC00001242B041A49041A85041AC1041AFD04DC
:10FCD000811E390D012448041A57041A66041A7546
:10FCE000041A84041A93041AB1041AC0041ACF0423
:10FCF0001ADE041AED041AFC041E0B0E012429045A
:10FD00001A38041A47041A56041A83041ABF041A2C
:10FD1000FB041E370F012473041AAF041AEB041EF0
:10FD20002710012463041A72041A81041A90041A19
:10FD30009F041AAE041ABD04013E12012409051CD9
:08FD40006405B4022B803F04AE
:04000005080002CD20
:00000001FF
